Date,Location,precipitation_mm,soil_moisture,temp_2m,sea_level_pressure
2019-01-01,Quetta,0.0,0.07687985153241575,279.492933430019,102225.5999297274
2019-01-02,Quetta,1.6897390275716373,0.07487129794136495,279.02253080668066,102409.33080919932
2019-01-03,Quetta,6.220360225843204,0.06566237179411197,281.5553351138113,102186.93725031939
2019-01-04,Quetta,0.15272834154775639,0.05964991431423103,280.8773004224474,101813.69738208049
2019-01-05,Quetta,0.0,0.05478221083147695,276.0026224317663,102272.30850617545
2019-01-06,Quetta,0.0,0.04894994639321387,277.25765452500303,102189.33326607746
2019-01-07,Quetta,8.32572085099488,0.043942083459493436,278.541418445897,101878.46055685688
2019-01-08,Quetta,0.0,0.03962149343322723,280.2341581453562,101935.69984667798
2019-01-09,Quetta,0.0,0.03541148294582071,280.51913097188776,101931.04476309623
2019-01-10,Quetta,0.0,0.04798132582864324,282.02533110614814,101510.68903668015
2019-01-11,Quetta,0.0,0.054162735535569106,279.56345657422287,101878.72301400127
2019-01-12,Quetta,0.0,0.048718895530375714,274.9848791151245,102246.13857485089
2019-01-13,Quetta,0.0,0.04322157884172118,276.305975281273,102363.82034550677
2019-01-14,Quetta,2.630854357860766,0.03813477686763418,280.6779544302197,102115.98519670994
2019-01-15,Quetta,5.358923807493465,0.03352729786532228,283.99089153417606,101795.40670038328
2019-01-16,Quetta,0.0,0.030166650541393256,283.1928152982248,101860.84756814307
2019-01-17,Quetta,0.0,0.02771581635699905,282.78571368991356,101789.963430313
2019-01-18,Quetta,10.001864019894313,0.03988877360892524,282.4492508798023,101650.5834385647
2019-01-19,Quetta,2.9524508165947614,0.10696411680863839,280.52665891730743,101697.37700170357
2019-01-20,Quetta,2.8572774778354706,0.19766015786599325,276.7576066852333,101830.06393579641
2019-01-21,Quetta,0.0,0.20069737949403843,272.40647699276985,101907.21294905238
2019-01-22,Quetta,0.0,0.18663538883518993,271.8164992010235,101928.70046874997
2019-01-23,Quetta,0.0,0.17476634675978514,273.05141418179767,102170.0804916418
2019-01-24,Quetta,0.0,0.16333064801174427,273.86454885457863,102398.56014453787
2019-01-25,Quetta,0.0,0.1512156709089392,273.6164515163113,102281.53504125851
2019-01-26,Quetta,0.0,0.14504658759147995,274.6036165772698,102341.812067451
2019-01-27,Quetta,0.0,0.1407139589568556,276.04136527113985,102474.74485466353
2019-01-28,Quetta,0.0,0.1296021078392432,277.48488703955707,102432.83334593267
2019-01-29,Quetta,17.00156720351523,0.11781299188149234,280.998263424641,101887.31412425468
2019-01-30,Quetta,11.243003859463089,0.26614780244063696,277.36629843296475,101754.24068675467
2019-01-31,Quetta,0.0,0.2918096404154146,274.84927320416426,102019.2865286946
2019-02-01,Quetta,0.0,0.265149424226361,275.4025198790567,102154.73650127767
2019-02-02,Quetta,0.0,0.24517820801266463,277.9973719086612,102011.55729903108
2019-02-03,Quetta,6.889929815825246,0.22641009868511341,278.7548488741285,102073.56936435263
2019-02-04,Quetta,15.643571304275797,0.23777751281409026,277.83642538686945,102116.18411094548
2019-02-05,Quetta,0.0,0.3060413953920848,274.8548066356166,102339.17157421207
2019-02-06,Quetta,0.0,0.2779771408609609,270.4572953531241,102131.0193268207
2019-02-07,Quetta,0.0,0.25684321596837734,270.93574829586805,101935.1781186116
2019-02-08,Quetta,0.0,0.24465979864758425,273.9107398265467,102220.25931723803
2019-02-09,Quetta,2.0155639498887714,0.23308265129318967,277.67683083139457,102082.62207463793
2019-02-10,Quetta,2.2410634785007164,0.21705731480179832,279.68511214932687,101926.17777177382
2019-02-11,Quetta,19.896443072063956,0.22619245510761996,278.83636525723284,102065.7137063458
2019-02-12,Quetta,26.260160656137796,0.2731062281801914,279.3000195087214,102051.88382240201
2019-02-13,Quetta,0.1249261391426879,0.31613552925330807,276.8025378174485,102252.6496704642
2019-02-14,Quetta,0.0,0.2950884859647215,274.86234936642165,102267.69719202512
2019-02-15,Quetta,0.0,0.2649052906632084,275.5580489418249,102280.2926477321
2019-02-16,Quetta,0.8858079582909707,0.2464503292926397,279.31252594392737,101884.5302837521
2019-02-17,Quetta,0.0,0.31324832181914297,279.63888600658663,101349.91599233387
2019-02-18,Quetta,0.0,0.35700807747957314,276.13480247523523,101239.78915699525
2019-02-19,Quetta,13.156692594661418,0.32436976348859625,277.7972377239877,101269.91281090288
2019-02-20,Quetta,0.0,0.392736249985443,276.8646035838085,101708.86255004257
2019-02-21,Quetta,0.0,0.3630250675606499,272.8815115255499,102498.7325865098
2019-02-22,Quetta,0.0,0.34317820742345545,275.09572512456043,102191.69231686537
2019-02-23,Quetta,0.0,0.3250744736566927,278.1110234792039,101837.35670224657
2019-02-24,Quetta,0.0,0.3051060871641992,277.0995060023793,101665.41876251063
2019-02-25,Quetta,0.0,0.28660719475645996,276.53102507448807,101421.22563298552
2019-02-26,Quetta,0.0,0.27206066612490565,275.97577054761894,101341.8585367866
2019-02-27,Quetta,0.0,0.2581842368979942,275.9043526281978,101481.7171707304
2019-02-28,Quetta,0.0,0.269530138993791,276.7683958344511,101402.86007240198
2019-03-01,Quetta,35.75020213450443,0.3877626672297427,276.855479730826,101271.40221837732
2019-03-02,Quetta,20.010455408534963,0.41801269184656237,275.277210782737,101249.25171209539
2019-03-03,Quetta,0.0,0.39699237823486305,275.8121435922064,101429.98939389906
2019-03-04,Quetta,0.0,0.38163623272594166,277.0987173981371,101480.25308693567
2019-03-05,Quetta,0.0,0.36841627535801047,277.48301822816154,101422.10481979343
2019-03-06,Quetta,0.0,0.3556831482037571,278.72129749391235,101485.13412318993
2019-03-07,Quetta,0.0,0.35055772977414157,277.1216373567509,101465.02912798124
2019-03-08,Quetta,0.0,0.34410265875431295,278.38815680396084,101806.32178050467
2019-03-09,Quetta,0.0,0.32573985100334013,278.0537145470574,101787.13134316442
2019-03-10,Quetta,13.55927955341501,0.3800413915015698,276.319109603258,101588.93461216992
2019-03-11,Quetta,0.0,0.3752971709390583,275.0735126414341,101917.94737409495
2019-03-12,Quetta,4.685448392838797,0.3563436593310796,277.0202771204482,101960.34346997442
2019-03-13,Quetta,18.189431233056766,0.35663854056363203,277.1684717957531,101903.60567131596
2019-03-14,Quetta,0.0,0.3393898862224622,277.98278565215617,102162.79412531937
2019-03-15,Quetta,0.5457454258335509,0.31727271986034733,280.7914054816447,102101.32390678235
2019-03-16,Quetta,0.0,0.33945369165909034,281.00414043983204,101947.65732857748
2019-03-17,Quetta,4.8765621099520775,0.32343272714436166,282.9018374890702,101760.41159683773
2019-03-18,Quetta,11.934997424332,0.3630418785047555,282.5269147483222,101476.93583022786
2019-03-19,Quetta,0.0,0.36743945412578916,281.56276135571886,101290.77100724021
2019-03-20,Quetta,0.0,0.3310647854867271,280.8860294284418,101490.74569074743
2019-03-21,Quetta,1.5292140659319275,0.31042454285759724,281.6380915887107,101762.2464440481
2019-03-22,Quetta,5.862861571466293,0.31572217574111444,283.1689897928233,101856.43206372441
2019-03-23,Quetta,8.767317428637604,0.3264000882566282,283.71257281938614,101856.97007186964
2019-03-24,Quetta,8.459603928853543,0.33001536120751035,283.09028501134793,101801.63625053235
2019-03-25,Quetta,1.0604200518801423,0.3108423478247291,284.4165008004667,101868.21021773847
2019-03-26,Quetta,2.6488031198625053,0.28284791815355403,288.50137635611713,101839.26386179724
2019-03-27,Quetta,1.4421959321706015,0.25605959355594193,290.0310127163856,101781.70468191011
2019-03-28,Quetta,6.643943791308231,0.23374198120741044,288.8682656530218,101663.25106154173
2019-03-29,Quetta,2.942750730741978,0.21245810920849625,287.1574597693489,101597.5505978492
2019-03-30,Quetta,0.0,0.19040007489977187,285.9478736085043,101718.4135056431
2019-03-31,Quetta,4.791177591270238,0.17081881385036388,287.99545967400985,101708.40681111583
2019-04-01,Quetta,1.0445086971945816,0.15178338076295259,289.37628583657863,101660.36634050251
2019-04-02,Quetta,7.220779543564712,0.13415468541957107,290.795874209125,101586.25658698891
2019-04-03,Quetta,1.3461587087462257,0.11800196838812133,292.3301484567966,101391.74287638412
2019-04-04,Quetta,2.3339951383194277,0.10310894476020285,292.79833643218416,101414.10120208681
2019-04-05,Quetta,0.0,0.08933934596774926,292.0297767351055,101546.6731247338
2019-04-06,Quetta,0.0,0.0767696974806864,292.2270486344486,101441.13575516392
2019-04-07,Quetta,1.1995157897533304,0.067395347473907,291.48724816876324,101274.47395336458
2019-04-08,Quetta,0.0,0.05847831409807441,291.27041248163397,101100.09145469547
2019-04-09,Quetta,0.0,0.057686539216179625,289.3103102595748,101283.20966327723
2019-04-10,Quetta,1.1171245347011636,0.05867444024852298,290.50637215449143,101404.27961110519
2019-04-11,Quetta,0.48625753051783793,0.0995838424795261,288.9712995481298,101437.49134981896
2019-04-12,Quetta,9.377782099868408,0.17722296459711387,287.54281122418877,101446.33610679297
2019-04-13,Quetta,14.430627197934978,0.2297499041798302,287.1787560429483,101539.63309518737
2019-04-14,Quetta,17.68217901369579,0.2527898303654166,286.8272886275595,101551.64703683984
2019-04-15,Quetta,5.190279432699667,0.3218561227290485,283.9950071950259,101235.34853572186
2019-04-16,Quetta,5.0420974850695215,0.36949518926166625,282.5645136162638,101107.53289608174
2019-04-17,Quetta,0.0,0.3425209213724737,284.4982269427043,101465.15786626915
2019-04-18,Quetta,0.0,0.3054422329150433,286.6144487665838,101702.52046874998
2019-04-19,Quetta,0.0,0.2686786000015109,289.2278625597026,101397.45700196973
2019-04-20,Quetta,0.0,0.23479500731035488,290.9541100030103,101041.70433427382
2019-04-21,Quetta,1.236569830434374E-4,0.20513106327176003,291.373059789992,101022.46069713583
2019-04-22,Quetta,2.3716080850937574E-7,0.177185596637195,292.3546146943041,101121.53832756598
2019-04-23,Quetta,4.05966809171225,0.15554210112624223,293.43657318877706,101173.0540901831
2019-04-24,Quetta,0.5178703473251967,0.14264681712664504,292.3198458273529,101320.01498243185
2019-04-25,Quetta,8.581323584142756E-8,0.13009794240645023,290.31761345147925,101488.04138974659
2019-04-26,Quetta,0.0,0.1128232878165649,290.4772686247691,101532.72230009583
2019-04-27,Quetta,0.0,0.0961451297697189,291.3412540147248,101492.76061035987
2019-04-28,Quetta,0.0,0.08227167700313148,290.8816430982929,101406.09707596885
2019-04-29,Quetta,0.0,0.08000773863654324,290.9979070412386,101040.71205068141
2019-04-30,Quetta,0.0,0.07300809306762626,289.31321269090034,101136.8017368505
2019-05-01,Quetta,0.0,0.061883967679579946,290.19344099838685,101075.21314842417
2019-05-02,Quetta,0.0,0.05320046212035509,289.9358762007395,101131.1836246273
2019-05-03,Quetta,0.0,0.04648392988699931,290.8866647430283,101281.48675867761
2019-05-04,Quetta,0.0,0.04099282651919656,292.11109222399097,101461.05829642247
2019-05-05,Quetta,0.0,0.036789814257472825,293.0642943583824,101407.66722290247
2019-05-06,Quetta,0.0,0.033720037231791865,294.7220485682924,101117.39564043864
2019-05-07,Quetta,0.0,0.031510394874585755,294.99923579006435,100994.00487835391
2019-05-08,Quetta,0.0,0.030727268589416185,294.58266605626346,101086.39139693357
2019-05-09,Quetta,0.0,0.02961311981530435,295.2520663634107,100931.05233629681
2019-05-10,Quetta,0.0,0.028661555409905323,295.5781173157572,100889.17347982324
2019-05-11,Quetta,0.0,0.02794612007206098,296.14958807430224,101017.34204881813
2019-05-12,Quetta,0.0,0.029977389416323667,295.20506865337325,101044.68874866908
2019-05-13,Quetta,0.0,0.029686514135790685,295.6482258386302,100836.69143180363
2019-05-14,Quetta,0.09070637968979661,0.0290081205265147,295.13659428944715,100845.47092711877
2019-05-15,Quetta,4.692551522279312,0.0635840579828439,290.97581130504875,101117.4440388096
2019-05-16,Quetta,7.266258947885826,0.11375973484314413,290.23082790979146,101200.53378007878
2019-05-17,Quetta,0.0,0.11888590139533105,292.0924343037647,101102.36018127124
2019-05-18,Quetta,0.0665772987386843,0.08792059439681316,292.5647930983589,101154.80880669718
2019-05-19,Quetta,0.008942282236414426,0.0697171935948507,293.1697758577034,101190.02658113286
2019-05-20,Quetta,0.0,0.06072238698999421,293.77883526353133,101350.06817903533
2019-05-21,Quetta,1.6933563362232054,0.061245613553048854,292.3256204663806,101365.20799936116
2019-05-22,Quetta,0.013707387297076299,0.09682666074545923,291.63475234647404,101140.83892089009
2019-05-23,Quetta,0.0,0.122644169627097,290.9672904783265,101113.82573786199
2019-05-24,Quetta,0.0,0.10218381319582152,291.19685861712054,101277.71380802806
2019-05-25,Quetta,0.0,0.07400913366331831,293.432519959813,101181.14177810901
2019-05-26,Quetta,0.0,0.053242765618345324,295.20228831991426,100948.50921874998
2019-05-27,Quetta,0.0,0.039911812192536714,296.1274480824249,100943.5715121912
2019-05-28,Quetta,0.0,0.03186813033892986,297.0686665843765,100913.58498988496
2019-05-29,Quetta,0.0,0.027748212689773937,297.6750239644436,100857.2450644165
2019-05-30,Quetta,0.0,0.025916221137753534,297.511480406805,100850.80303183557
2019-05-31,Quetta,0.0,0.025152919429191994,297.73857606037575,100865.52109907365
2019-06-01,Quetta,0.0,0.024693510736815298,298.60420062488083,100910.10024914819
2019-06-02,Quetta,0.0,0.024386684541198623,298.95927979260784,100885.78663170782
2019-06-03,Quetta,0.0,0.02432494562637528,297.04802354373965,100914.31432682065
2019-06-04,Quetta,0.0,0.02433236102093897,295.4054826585031,100930.32002794932
2019-06-05,Quetta,0.0,0.024395359500709545,294.7709275390694,100942.74860732537
2019-06-06,Quetta,0.0,0.0241581011008025,296.39785193079905,100945.65795437602
2019-06-07,Quetta,0.0,0.02376672722005763,297.68134263259054,100960.27435769804
2019-06-08,Quetta,0.0,0.023537084654202036,299.2079121618149,100830.5843049936
2019-06-09,Quetta,0.0,0.023419114133974538,299.88319781678683,100611.69846917586
2019-06-10,Quetta,0.0,0.023364058326144976,299.67840275601446,100380.49738846885
2019-06-11,Quetta,0.11629623096810694,0.023494311781649825,296.57073668714366,100405.15091168012
2019-06-12,Quetta,0.9594540449804299,0.023439625117807214,297.20658470062835,100489.96930792164
2019-06-13,Quetta,0.061716038700565204,0.023382220552564694,297.0151614461763,100581.53027017672
2019-06-14,Quetta,0.0,0.023320893716026886,297.8008366405305,100502.00368238926
2019-06-15,Quetta,0.019402953062517467,0.02330295567076562,298.5670440572881,100394.49308613714
2019-06-16,Quetta,0.0,0.023249926894717016,297.46077332899023,100453.68640119248
2019-06-17,Quetta,0.0,0.023185441787780373,298.0982395710205,100261.65379045995
2019-06-18,Quetta,0.0,0.024548765829109018,296.8514991091759,100233.73577566014
2019-06-19,Quetta,0.0,0.02975834952099359,296.1013612987422,100435.71434199317
2019-06-20,Quetta,0.0,0.02969325380254917,296.8248910006035,100484.61963053659
2019-06-21,Quetta,0.0,0.03295516896288478,297.7123880271324,100567.59551080702
2019-06-22,Quetta,0.0,0.038605305608330184,297.5390068725293,100558.49579376064
2019-06-23,Quetta,0.0,0.05020482177561073,297.30477424222977,100481.0100146401
2019-06-24,Quetta,0.0,0.07261016925852924,295.5399558359002,100745.67710019165
2019-06-25,Quetta,0.0,0.06629017972323381,296.70785689571153,100822.86651591779
2019-06-26,Quetta,0.0,0.05449656963619165,297.40488712161294,100509.71376517248
2019-06-27,Quetta,0.0,0.045535097615005356,297.55911164902733,100233.78375479126
2019-06-28,Quetta,0.0,0.03450948835434659,298.5421880572792,100133.57530531302
2019-06-29,Quetta,0.0,0.02736641012491794,299.6074676883231,100035.21199025765
2019-06-30,Quetta,0.0,0.024273005587888124,299.21003644350793,100067.16298871377
2019-07-01,Quetta,0.8216894904027805,0.052471016315761315,297.75781148803304,100248.46665726148
2019-07-02,Quetta,0.0,0.062928929586156,298.52796902731825,100377.42305951873
2019-07-03,Quetta,0.0,0.04445157509781569,300.1297918554737,100295.64656755749
2019-07-04,Quetta,0.0,0.030857173804868552,300.58457278605283,100100.76728705279
2019-07-05,Quetta,0.0,0.024823285849645434,300.0390509697796,99834.42666631173
2019-07-06,Quetta,0.0,0.023280538789661402,299.616942735333,99795.5058541844
2019-07-07,Quetta,0.0,0.0234956684578284,299.668261492511,99965.72077406304
2019-07-08,Quetta,0.0,0.02286943194136437,301.73632865927414,99933.17942238074
2019-07-09,Quetta,0.21434104881254123,0.02256699416395077,301.7576855029874,99749.08985785773
2019-07-10,Quetta,0.0,0.022535306788655163,301.5448809087905,99755.03607165671
2019-07-11,Quetta,0.0,0.022608269794903848,302.12550786093647,99845.75005722955
2019-07-12,Quetta,0.0,0.022784026978301567,301.9242054021988,100011.47585445059
2019-07-13,Quetta,0.0,0.023856657592496156,301.5978640348487,100031.50303795781
2019-07-14,Quetta,0.0,0.02337599984493395,301.4347439968579,99848.77958608388
2019-07-15,Quetta,0.0,0.022890413989403394,301.18231617872846,99760.2200396614
2019-07-16,Quetta,0.0,0.0268033566060627,299.0158646968602,100123.16005696336
2019-07-17,Quetta,0.9626130153901327,0.03069845592752224,299.1833255788182,100317.1566026938
2019-07-18,Quetta,0.0,0.03201926756148851,299.60307612837755,100281.81954668864
2019-07-19,Quetta,0.3952621810602775,0.042315002779335115,298.38683598983556,100427.64357910985
2019-07-20,Quetta,0.07299092681078934,0.05924991943428686,298.18860301730973,100576.36620900761
2019-07-21,Quetta,0.3937554745454804,0.06467598121725388,298.4235159102899,100544.5497854557
2019-07-22,Quetta,5.515887423211507,0.07779467799865271,298.2682609513915,100463.94456718481
2019-07-23,Quetta,0.016276758444167073,0.09331339032997939,298.4177284243321,100398.7549433028
2019-07-24,Quetta,0.0,0.08127489981361571,301.0738208127819,100135.12618664815
2019-07-25,Quetta,0.0,0.05743642296864182,300.7632408975214,99999.42556218056
2019-07-26,Quetta,0.0,0.05434201088363245,298.4945320341683,100037.4867727853
2019-07-27,Quetta,0.0,0.055978104495514824,298.46879137947894,100080.15049430364
2019-07-28,Quetta,0.0,0.04936922213084854,298.42918082068826,100371.87848408216
2019-07-29,Quetta,1.4301686864634384,0.06970222403825788,297.49907675934253,100503.87977480832
2019-07-30,Quetta,0.08600726779112416,0.07910890439503035,297.6882906369715,100423.23285375847
2019-07-31,Quetta,0.0,0.06646551326078018,300.31593044343856,100220.51095107535
2019-08-01,Quetta,0.0,0.05611356192593684,300.3029145165289,100101.81878220825
2019-08-02,Quetta,0.0,0.055517691201205144,298.53282254918224,100127.73659257875
2019-08-03,Quetta,4.490993752918211,0.057023582913400366,298.6653194898858,100185.41182309408
2019-08-04,Quetta,0.0,0.055261534691398446,299.7117803900921,100096.24338213375
2019-08-05,Quetta,0.0,0.046756157146672604,300.46977696546,99889.0013045677
2019-08-06,Quetta,0.0,0.0386012691993865,300.88597493762535,99822.53586855832
2019-08-07,Quetta,3.252109205909644,0.03858957703312575,299.16749473628073,99918.74718989561
2019-08-08,Quetta,0.0,0.05819358851678121,298.12840199610775,100044.33922593699
2019-08-09,Quetta,0.23747820084708307,0.12112807911272283,297.3248331833535,100212.97868025977
2019-08-10,Quetta,0.36673076057352844,0.16019098642534454,297.0834575885294,100219.91182921633
2019-08-11,Quetta,0.06259045524735263,0.15819124047421776,296.26336114371105,100345.24487436116
2019-08-12,Quetta,0.3595634072826098,0.14703231127000824,296.7407120502652,100431.55853944844
2019-08-13,Quetta,0.0,0.13815033459379072,298.2380185823804,100393.70279067288
2019-08-14,Quetta,0.0,0.12575409953665956,298.4614930032776,100518.12846651401
2019-08-15,Quetta,0.0,0.10230194917123203,298.2569678875968,100581.38372977002
2019-08-16,Quetta,0.0,0.08168169085509665,297.80551329452976,100385.65546715287
2019-08-17,Quetta,0.0,0.06496401178640512,296.23681654787674,100428.19632533003
2019-08-18,Quetta,0.0,0.05437218401257387,296.1276339901907,100654.15087095398
2019-08-19,Quetta,0.0,0.04730793127074012,295.5064774901752,100887.08782926957
2019-08-20,Quetta,0.0,0.04781685434370681,295.55638667902156,100908.92031223376
2019-08-21,Quetta,0.0,0.04306346336594359,296.65192019378605,100690.46545064947
2019-08-22,Quetta,0.0,0.03671348368153525,296.2604287695897,100694.49694553873
2019-08-23,Quetta,0.0,0.03379396268551081,296.94290278480764,100730.05371273421
2019-08-24,Quetta,0.0,0.03049451649290534,297.4362335565533,100718.24153694631
2019-08-25,Quetta,0.0,0.027552776867391576,296.7394767417667,100735.4577986584
2019-08-26,Quetta,0.0,0.025953787154328223,296.71492539738887,100784.9790108603
2019-08-27,Quetta,0.0,0.025503238307556433,297.0673348988192,100734.19116269163
2019-08-28,Quetta,0.0,0.02490707913019115,297.3276888334937,100828.95155291737
2019-08-29,Quetta,0.0,0.027136477373460022,296.83020093234416,100872.32782421207
2019-08-30,Quetta,0.0,0.03151536167107949,297.3148938761616,100575.53228306003
2019-08-31,Quetta,0.0,0.03197539343067625,297.72971433878894,100444.41595027682
2019-09-01,Quetta,0.0,0.029303146440288246,297.5520785418046,100535.31465209751
2019-09-02,Quetta,0.0,0.060881181854473346,296.14158203124964,100710.33153188882
2019-09-03,Quetta,0.0,0.06930558377406186,297.0872621810713,100550.88988793652
2019-09-04,Quetta,0.0,0.04976830503603464,297.29100097084364,100454.12027842843
2019-09-05,Quetta,0.0,0.036822238664340035,297.6056801531572,100463.58173472104
2019-09-06,Quetta,0.0,0.029067714502701774,297.7007209302998,100417.15247098595
2019-09-07,Quetta,0.0,0.025266767628554367,296.4508230884558,100479.93623589222
2019-09-08,Quetta,0.0,0.02390770850974953,296.18620600698733,100722.06860732536
2019-09-09,Quetta,0.0,0.023281020446638694,297.9894905079935,100638.14282474444
2019-09-10,Quetta,0.0,0.02286222255345029,298.6297680670128,100628.95356154168
2019-09-11,Quetta,0.0,0.022762073211409974,298.23803119886867,100830.98671049828
2019-09-12,Quetta,0.0,0.022731247143201152,297.6642347483335,100870.61121406515
2019-09-13,Quetta,0.0,0.022739339348675516,297.60152412735135,100907.2472250319
2019-09-14,Quetta,0.0,0.02267726122689882,298.3399041237688,100940.52518153746
2019-09-15,Quetta,0.0,0.02269091918616047,296.93107473712394,101092.25913410344
2019-09-16,Quetta,0.0,0.022713313906927938,295.1503109715213,101009.19999041737
2019-09-17,Quetta,0.0,0.022695118992386857,295.5692414619839,100975.15980515326
2019-09-18,Quetta,0.0,0.02268669901755235,296.17909642468095,101221.22458794717
2019-09-19,Quetta,0.0,0.022679366610525414,295.96332999074014,101230.00245448253
2019-09-20,Quetta,0.0,0.02272872814327936,294.6384820369044,101144.14092339225
2019-09-21,Quetta,0.0,0.022749694919532028,294.8590477572458,101120.7203652044
2019-09-22,Quetta,0.0,0.022698044091852315,295.3129477364987,101244.77551746162
2019-09-23,Quetta,0.0,0.02296165050396114,295.2896186420063,101366.1756029067
2019-09-24,Quetta,0.0,0.022995101933043383,295.11263771624675,101360.4399560796
2019-09-25,Quetta,0.0,0.022962879936915783,294.79869182619154,101514.14182735304
2019-09-26,Quetta,0.0,0.02346571008702829,295.1709152106869,101585.1958057389
2019-09-27,Quetta,0.0,0.02317399615797382,295.88011286110014,101381.00941732322
2019-09-28,Quetta,0.0,0.02340419242897877,295.6954024791989,101123.0724645975
2019-09-29,Quetta,0.0,0.02910028216109095,294.20602381947214,101234.49067504254
2019-09-30,Quetta,0.0,0.03556925917132071,294.7493727942343,101132.5942645336
2019-10-01,Quetta,0.0,0.03152119711811467,294.9082113187792,101126.26063990628
2019-10-02,Quetta,0.0,0.03203817078364562,293.491491163515,101300.91091673762
2019-10-03,Quetta,0.0,0.03535576956303266,292.8150842050335,101267.73473967204
2019-10-04,Quetta,0.0,0.04013790704661101,290.73672654528286,101352.50017860945
2019-10-05,Quetta,4.45684186304245,0.08479157243649572,289.07776933881246,101507.44107804511
2019-10-06,Quetta,0.0,0.20309208940877482,286.8470128268102,101619.13238713796
2019-10-07,Quetta,0.0,0.17695928180441117,289.1449384340356,101821.02815667586
2019-10-08,Quetta,0.0,0.14205475447057397,291.3180534176933,101688.12352108177
2019-10-09,Quetta,0.0,0.11184963696386117,291.6842657563849,101513.96553556217
2019-10-10,Quetta,0.0,0.08968563296455072,290.6071035685151,101517.93820858173
2019-10-11,Quetta,0.0,0.07282518296943068,290.317557291987,101451.46482964224
2019-10-12,Quetta,0.0,0.06162080321780396,289.9921921647617,101651.1082141716
2019-10-13,Quetta,0.0,0.05159130189582616,290.8877550601469,101760.3878668015
2019-10-14,Quetta,0.0,0.042322951668301224,290.98600237025886,101827.91917216778
2019-10-15,Quetta,0.0,0.03561943628245086,290.6511550661136,101898.24713346467
2019-10-16,Quetta,0.0,0.03121574118081852,290.42633102477623,101889.77782075167
2019-10-17,Quetta,0.0,0.028458647416573512,289.3435471613469,101844.60304594332
2019-10-18,Quetta,0.0,0.026846892548040673,287.7319320049643,101846.98038916095
2019-10-19,Quetta,0.0,0.025996493025979544,287.8203426172623,102005.61108656302
2019-10-20,Quetta,0.0,0.025721784891694972,288.4819922183467,101930.32824637988
2019-10-21,Quetta,0.0,0.02519133349564314,289.05154688681876,101716.0027603279
2019-10-22,Quetta,0.0,0.024831036530320833,288.994543738032,101534.18931883518
2019-10-23,Quetta,0.0,0.024662517783724393,286.95076826984797,101570.1028191546
2019-10-24,Quetta,0.0,0.02450106840117421,286.33761325552405,101689.72366961242
2019-10-25,Quetta,0.0,0.0243262418869339,286.843943215088,101752.42927251916
2019-10-26,Quetta,0.0,0.02419779333995188,287.4197630901869,101775.55723088795
2019-10-27,Quetta,0.0,0.024054403873684044,288.97590501723545,101697.87249334538
2019-10-28,Quetta,0.0,0.024689612813729698,289.55319092689354,101694.0110165566
2019-10-29,Quetta,0.0,0.02527667494540455,289.2922634850868,101730.59497710814
2019-10-30,Quetta,0.0,0.025323418569050356,289.20825899443645,101651.0145658539
2019-10-31,Quetta,0.5769080896271961,0.03272885345857569,288.3783557303503,101609.2530046848
2019-11-01,Quetta,0.0,0.048062471198060876,287.1509329203703,101640.5348054195
2019-11-02,Quetta,0.0,0.054455032088687495,286.3515406837873,101785.83372790673
2019-11-03,Quetta,0.0,0.051246790650349844,286.61100659411045,101997.52974499574
2019-11-04,Quetta,0.0,0.04291922149571557,286.7788256582492,102017.08179168438
2019-11-05,Quetta,0.0,0.04184929715036873,285.08279388232756,101691.84798285774
2019-11-06,Quetta,0.0,0.04670966861601377,280.222281850742,101529.87686248934
2019-11-07,Quetta,0.0,0.04126532680808243,279.69646053004436,101683.65791444846
2019-11-08,Quetta,0.0,0.0361108399303984,281.4477829880634,101987.21153188884
2019-11-09,Quetta,0.0,0.032194775089088454,282.4976745549581,102012.64173631812
2019-11-10,Quetta,0.0,0.029307428605850304,283.3757453179779,101920.17760354556
2019-11-11,Quetta,0.7248174890027946,0.04518394470214844,281.28854336779216,101856.17444287693
2019-11-12,Quetta,0.8848698933161099,0.07035302226615181,280.42375145820654,101898.38419825381
2019-11-13,Quetta,0.2710573479446885,0.08658319582660251,282.1211028664982,102037.1682714012
2019-11-14,Quetta,3.1693573427444006,0.14366206418784216,281.5241989904746,102022.90896401188
2019-11-15,Quetta,1.2778577931512154,0.20292985377834297,280.4976545957082,101951.0215020762
2019-11-16,Quetta,0.0,0.1938148507416619,280.8567663431247,102111.78388468907
2019-11-17,Quetta,0.0,0.17070343028409174,282.19840652262195,102303.85432282792
2019-11-18,Quetta,0.0,0.15084646416685235,282.3158369245209,102119.84287691649
2019-11-19,Quetta,0.0,0.13323578080150758,283.0786183490571,101811.64050495099
2019-11-20,Quetta,0.5286438099407865,0.11916610442664664,283.8411159899665,101612.20697588372
2019-11-21,Quetta,25.69329620166369,0.14701527159570082,282.724963704704,101834.83054141821
2019-11-22,Quetta,0.0,0.3044051554093369,280.64364134893043,102176.5452225298
2019-11-23,Quetta,1.6901499742543673,0.2788569925753384,278.81164133885324,102327.59815268312
2019-11-24,Quetta,0.0,0.2519878206139324,278.36092465034045,102159.84287771507
2019-11-25,Quetta,0.0,0.23232150661072082,277.6877749180184,102109.05680313031
2019-11-26,Quetta,0.0,0.2153088871285969,277.6108348640212,102132.63126437394
2019-11-27,Quetta,0.0,0.2006791783624721,275.930762104682,102306.17035801747
2019-11-28,Quetta,0.0,0.1874537891992312,276.76514033614865,102298.05753726572
2019-11-29,Quetta,0.0,0.17474348233952433,278.4700554214207,102212.32816519377
2019-11-30,Quetta,0.0,0.16278693401156868,279.73295868240507,102066.93705227849
2019-12-01,Quetta,0.0,0.15074021631313408,280.0732954820052,102129.19207144374
2019-12-02,Quetta,0.0,0.13922757631266128,280.4595134493359,102126.59443728704
2019-12-03,Quetta,0.0,0.1284884156373872,281.34429822264315,101977.28040992333
2019-12-04,Quetta,0.0,0.11848217263944696,281.2534754569525,102060.92427278533
2019-12-05,Quetta,0.0,0.10910476519938278,281.0427913145446,102310.50742813028
2019-12-06,Quetta,0.0,0.1005246560889032,281.3106257502886,102389.78150154384
2019-12-07,Quetta,0.0,0.09265318929573675,281.2465891533614,102289.56166897358
2019-12-08,Quetta,1.8561878460066887,0.08724936457671341,281.5940318296605,102127.9725393952
2019-12-09,Quetta,0.0,0.08211491421770463,282.70757145380713,101978.24788330494
2019-12-10,Quetta,0.004133059681984999,0.08691436373327752,282.3051921536446,101733.04438697826
2019-12-11,Quetta,30.88394195790591,0.09245403304958397,279.89586675120773,101526.1605765545
2019-12-12,Quetta,0.0,0.12892496274723908,277.38184751840976,101513.6522202406
2019-12-13,Quetta,0.0,0.1523872404948748,275.316497014407,101926.1880901299
2019-12-14,Quetta,0.0,0.14542238364363172,276.87268299806817,102175.14855382238
2019-12-15,Quetta,0.0,0.13934253018935377,277.24872601120825,102224.16565294929
2019-12-16,Quetta,0.0,0.13349880491448407,278.0066756382453,102330.45907820485
2019-12-17,Quetta,0.0,0.12675430133219542,279.6884487131304,102297.66741056215
2019-12-18,Quetta,0.0,0.12101523614349456,281.1027696642205,102182.1544324957
2019-12-19,Quetta,0.0,0.12266001719226226,279.35585778998336,102162.0109385647
2019-12-20,Quetta,0.0,0.12934438587385852,275.52010646163717,102250.8054793973
2019-12-21,Quetta,0.0,0.12054771280369933,275.78698070428635,102314.8162579855
2019-12-22,Quetta,0.0,0.11218134778795565,277.3106652811233,102213.00413090926
2019-12-23,Quetta,0.0,0.10435412808211933,277.2113841234128,101950.80759130108
2019-12-24,Quetta,0.0,0.09707933565623918,277.14688821661537,102166.40712388203
2019-12-25,Quetta,0.0,0.09041661387610878,277.3855896720474,102267.71123083471
2019-12-26,Quetta,0.0,0.08429293821509211,279.17685769617776,101966.30257373294
2019-12-27,Quetta,0.0,0.07850485529295764,280.46211688585953,101759.18471491695
2019-12-28,Quetta,0.0,0.07332396928049634,279.5766973024334,101772.01557415887
2019-12-29,Quetta,0.0,0.06881819223017262,279.7120749304283,101849.93201927171
2019-12-30,Quetta,0.0,0.06461533309789227,278.9036463274026,101869.49015438667
2019-12-31,Quetta,0.0,0.06110164436543952,277.5483769745965,101857.24353918224
2020-01-01,Quetta,0.0,0.06509190123437274,276.07234954855653,102123.65759316439
2020-01-02,Quetta,0.170991734061168,0.11091001180272969,275.71790245151453,102323.23075862433
2020-01-03,Quetta,0.0,0.16412011852188593,277.60556178671845,102079.90283326234
2020-01-04,Quetta,1.8508595568967228,0.18795316186024327,277.9942145999298,101890.58955547269
2020-01-05,Quetta,37.043290806206564,0.33260539033750053,278.31783314143314,101651.5080901299
2020-01-06,Quetta,32.860565001473105,0.4003646321813875,276.76504793568927,101868.08788303875
2020-01-07,Quetta,0.0,0.3724511076901733,273.89703486874197,102138.63536413967
2020-01-08,Quetta,0.0,0.3525353558749925,271.66950807704626,102290.38487542588
2020-01-09,Quetta,0.0,0.343585181249806,274.0150807029639,102026.91159284492
2020-01-10,Quetta,0.0,0.33814650300008064,274.2992685991902,102134.90390864562
2020-01-11,Quetta,1.7013068415074775,0.37808054614784625,275.2230585729285,102021.8999302598
2020-01-12,Quetta,1.3376265871545117,0.39300253407241653,272.21143620583643,101874.79113420991
2020-01-13,Quetta,0.0,0.37428951176779296,268.121755855935,102010.7987901938
2020-01-14,Quetta,0.0,0.3643576542184406,266.70349656234447,102125.3851756814
2020-01-15,Quetta,0.0,0.3614512057848642,266.721437142939,102515.63832996167
2020-01-16,Quetta,0.0,0.3608669689553221,266.83779211067036,102598.8879431963
2020-01-17,Quetta,0.0,0.3592015153667183,267.08639189018845,102657.12479903108
2020-01-18,Quetta,0.0,0.36117175204587343,267.73986361458657,102445.8053521614
2020-01-19,Quetta,0.07813927948576424,0.37117381224234214,273.27485329753074,101978.7375649489
2020-01-20,Quetta,2.638237409250496,0.39244731664792976,274.7954034543402,101879.34307761923
2020-01-21,Quetta,0.0,0.3983993413731294,273.8531819381148,102199.37930579211
2020-01-22,Quetta,0.0,0.3882611187962494,273.8557086763048,102488.06151192504
2020-01-23,Quetta,0.0,0.3815063767701235,275.4059969668628,102221.0804583688
2020-01-24,Quetta,2.5215994714837664,0.3940633004149002,276.99129297116764,101913.34158512561
2020-01-25,Quetta,0.0,0.4057666951861319,277.0789886982802,101897.50748988496
2020-01-26,Quetta,0.4578318713267779,0.38703570697877565,275.9271389254514,101576.75953337943
2020-01-27,Quetta,3.085189347730178,0.3872924521130501,273.74160061279,101694.26999148208
2020-01-28,Quetta,0.0,0.375736493203262,272.80340080690115,101868.97547327509
2020-01-29,Quetta,0.0,0.3657250110944652,272.4215874735512,102261.2050162372
2020-01-30,Quetta,0.0,0.3559060885133151,274.0570293498864,101938.48060982749
2020-01-31,Quetta,0.0,0.3495379173153167,274.05671762131755,101956.91445618609
2020-02-01,Quetta,0.0,0.3410754633680924,274.55516718212965,102058.50005882664
2020-02-02,Quetta,0.0,0.3305399079677534,275.4282230418788,102046.94897279596
2020-02-03,Quetta,5.7726946765925655,0.3646063688842496,275.43532295365685,101968.31956425679
2020-02-04,Quetta,0.0,0.37554484647353337,273.32546257053707,102137.64114565587
2020-02-05,Quetta,0.0,0.36378191179473673,275.29040477793814,102044.78213586033
2020-02-06,Quetta,0.0,0.3526399183300392,275.5712010288182,102085.7328769165
2020-02-07,Quetta,0.0,0.34312380884399085,276.61592791343384,102219.85069793438
2020-02-08,Quetta,0.0,0.33307961311751894,278.19890530839166,102229.1361701448
2020-02-09,Quetta,0.0,0.3224276826545502,278.70669837717713,102080.85504445272
2020-02-10,Quetta,4.6987850736068895,0.31807823939326135,279.48081498981674,101881.50098807493
2020-02-11,Quetta,6.988474075343375,0.36768671870840897,279.67805577695685,102020.29242733175
2020-02-12,Quetta,0.0,0.396732614962368,280.7285811207308,102143.0315459966
2020-02-13,Quetta,0.0,0.38618906724053575,277.42318636554666,102470.93646693994
2020-02-14,Quetta,0.0,0.360065542239482,279.75196763735636,102143.5653439097
2020-02-15,Quetta,0.0,0.342583591866263,280.85406276830685,102174.69188458263
2020-02-16,Quetta,0.0,0.32878516919094336,279.92343999040605,102447.51975138414
2020-02-17,Quetta,0.8103885540807876,0.31713495448392454,282.2779984497467,102309.17588373079
2020-02-18,Quetta,0.0,0.30469060337861675,282.0201426531278,102016.7917831665
2020-02-19,Quetta,0.2925115569243032,0.29357061742450064,277.3008273085812,101810.26351123296
2020-02-20,Quetta,1.2795301793178055,0.2838905915450401,278.55029998515016,101857.50200622868
2020-02-21,Quetta,0.0,0.274160130710374,281.2579386082596,102047.67039821122
2020-02-22,Quetta,0.0,0.2656761499564123,282.0669301220506,102251.45795331133
2020-02-23,Quetta,0.0,0.25634055861690236,282.3798952606735,102019.99167243397
2020-02-24,Quetta,1.4176308962027497,0.24760587073807544,282.6280629826839,101840.60980195906
2020-02-25,Quetta,0.0,0.2358724077041684,283.24978637777645,101824.11081292586
2020-02-26,Quetta,0.0,0.22462720742082115,285.9080162008045,101598.978875905
2020-02-27,Quetta,2.5237803387195124,0.22386680921460322,285.35459129359475,101412.20559891393
2020-02-28,Quetta,0.0,0.2213232094777163,280.4627866426776,101569.98158965076
2020-02-29,Quetta,0.0,0.20774738948633564,280.53579038161814,101567.75136099869
2020-03-01,Quetta,0.0,0.1980940555916937,282.0213893661631,101673.82448573252
2020-03-02,Quetta,0.0,0.18599260521909847,283.08196378739274,101538.3576493292
2020-03-03,Quetta,0.0,0.1848826291302535,282.40840567078124,101278.16749653958
2020-03-04,Quetta,0.0,0.188497497519602,281.6063792013917,101126.01104770014
2020-03-05,Quetta,0.010959283416072186,0.20596495739375242,276.6445373029562,101331.10369090714
2020-03-06,Quetta,0.0,0.20688122870094858,278.9932525683722,101336.97440294932
2020-03-07,Quetta,0.0,0.1936673592952486,279.2598030852404,101590.32279945695
2020-03-08,Quetta,0.0,0.1777528459764488,279.2909728524308,101792.28452219971
2020-03-09,Quetta,0.0,0.17589133401813326,279.9244003697511,101621.38352054937
2020-03-10,Quetta,0.01329433668614246,0.2139469758899695,277.3177068389944,101470.71194660348
2020-03-11,Quetta,0.007050044435049442,0.2439996713944825,275.8171476734778,101304.45138202724
2020-03-12,Quetta,0.009399073924076006,0.23254655388523943,276.8571565621766,101512.82737515967
2020-03-13,Quetta,0.0,0.217791438343713,280.3940618615309,101917.00156276616
2020-03-14,Quetta,0.0,0.19716571285804516,282.8572354470836,101840.54420943353
2020-03-15,Quetta,26.775329389100996,0.17989517887771841,282.77474096178,101856.02932389264
2020-03-16,Quetta,0.0,0.1683754219648718,284.27245852455763,101887.92918813883
2020-03-17,Quetta,0.0,0.1581174829451622,285.1884212848291,101966.86220160773
2020-03-18,Quetta,0.07984300707633489,0.1445332773567124,286.01350188125895,101814.48935689947
2020-03-19,Quetta,0.0,0.13041228814804715,286.6985708132499,101336.59280557919
2020-03-20,Quetta,0.015806753883166855,0.13781967542172838,285.3514791243648,101238.49972476574
2020-03-21,Quetta,0.0,0.1286182774203126,286.3466170687573,101440.69130536624
2020-03-22,Quetta,10.10664474181869,0.18048002759683263,284.65657588549317,101557.41586536414
2020-03-23,Quetta,2.6906246269460024,0.3001238631768905,283.704195648921,101308.68332676744
2020-03-24,Quetta,0.0,0.28202183868044245,283.08089374379756,101222.48085232108
2020-03-25,Quetta,0.0,0.25683426468701315,282.49408612733794,101405.93361930367
2020-03-26,Quetta,19.083903926998826,0.24485071443279358,282.74835916895006,101581.75426080708
2020-03-27,Quetta,0.08720079730682113,0.23149907685625887,282.9739811307958,101594.38499174824
2020-03-28,Quetta,0.0,0.2107822647831236,282.871338340807,101772.73517807707
2020-03-29,Quetta,0.15276339319739266,0.20246353372533765,284.6109827276227,101637.80700383306
2020-03-30,Quetta,22.254295228912635,0.26164992543122506,284.05343776254466,101510.46672008092
2020-03-31,Quetta,0.0,0.28538849401176136,284.22393323336155,101419.53270948675
2020-04-01,Quetta,0.0,0.2537204236188169,285.0083898168905,101698.65713319845
2020-04-02,Quetta,0.0,0.22391684298756293,285.06087075228584,101685.90269830705
2020-04-03,Quetta,0.016167820633168517,0.20021116623886592,286.7968911094165,101608.62600857111
2020-04-04,Quetta,0.7005799509110199,0.19734870468737498,286.3702664762079,101683.32234534709
2020-04-05,Quetta,0.0,0.180754285874115,287.89475736003914,101650.71108656301
2020-04-06,Quetta,0.02773440286288675,0.16489675193669626,287.69370699226675,101572.63332091141
2020-04-07,Quetta,0.0,0.14947718185433467,286.5588470384898,101552.34898184621
2020-04-08,Quetta,0.0,0.13270815514083076,288.3179132487323,101562.85292642673
2020-04-09,Quetta,3.382529449381657,0.12220147851513978,288.4946425963991,101598.94591647145
2020-04-10,Quetta,18.890707756997777,0.11292163517446695,288.9675410018219,101850.98000106469
2020-04-11,Quetta,1.7060752232842387,0.10744593226591474,290.8763576394493,101851.13558826658
2020-04-12,Quetta,0.03692946304048346,0.10100388875134889,292.0211196795435,101602.30032767249
2020-04-13,Quetta,0.0,0.09006463975272751,292.1592168275313,101308.47024142885
2020-04-14,Quetta,4.531576343744332,0.09472262346223288,288.6017016205578,101447.81419213155
2020-04-15,Quetta,0.0,0.08918622755043078,287.8996330720901,101745.39358975722
2020-04-16,Quetta,0.3669332068945317,0.09418854056536502,287.86558699487074,101381.84899275978
2020-04-17,Quetta,0.0,0.1996529081042419,284.4560663802295,101359.81652816222
2020-04-18,Quetta,0.13570723527131737,0.21116517181223188,285.52745496278703,101565.68484827511
2020-04-19,Quetta,0.0,0.18230012099760476,286.98250106165983,101418.3839890332
2020-04-20,Quetta,0.0,0.1614432906238007,287.5291881573407,101426.18394484663
2020-04-21,Quetta,0.0,0.1321572385979672,289.92073779771687,101443.42750798549
2020-04-22,Quetta,0.4558149937592332,0.11754853126746834,289.45062917177563,101301.51572614991
2020-04-23,Quetta,0.0,0.1163232945014914,289.4740488388348,101211.5924981367
2020-04-24,Quetta,0.0,0.0980195365962083,291.1753465296121,101026.364916152
2020-04-25,Quetta,0.0,0.07889933001785238,292.59940268629714,101102.27501224443
2020-04-26,Quetta,0.0,0.06213477005273498,293.56767265129207,101198.58984188667
2020-04-27,Quetta,0.0,0.05427286643050465,293.52186149042586,101255.0649709859
2020-04-28,Quetta,0.0,0.05473770986423782,292.95850451147174,101408.69185610092
2020-04-29,Quetta,0.0,0.05667809241065783,292.76622732982395,101321.43259209963
2020-04-30,Quetta,0.0,0.06455132468731009,293.40706215554616,101350.94752741692
2020-05-01,Quetta,0.03555124633763067,0.062286567579677765,292.5771892011253,101346.80486744035
2020-05-02,Quetta,0.7404470276873195,0.05344645983789674,292.36739953070867,101174.02136632237
2020-05-03,Quetta,0.0,0.04566133868484451,293.0077743656343,101226.64145788968
2020-05-04,Quetta,0.021952707682192017,0.03993809428694298,293.60124041715994,101324.2733493931
2020-05-05,Quetta,0.0,0.034600528866509564,293.5144557846735,101335.67583635006
2020-05-06,Quetta,0.0,0.030935189931112383,294.2308443115163,101199.81454881815
2020-05-07,Quetta,0.0,0.029124606412490078,294.72122983465704,101071.33432895012
2020-05-08,Quetta,0.0,0.028330993695667956,295.64007400148745,100944.54025926317
2020-05-09,Quetta,0.0,0.027162802553799662,296.40886301862713,101120.97079189734
2020-05-10,Quetta,0.0,0.026151017487421414,295.8878515407077,101181.3317597423
2020-05-11,Quetta,0.0,0.02575305371173468,296.4757671308545,101017.95416790884
2020-05-12,Quetta,4.471982313250357,0.05365554287513503,292.6935388025893,101139.12004445272
2020-05-13,Quetta,7.9591417227814905,0.11686655669507479,290.74266488161356,101094.95852640546
2020-05-14,Quetta,0.0,0.13738950071925135,291.42962621022735,101202.87015412054
2020-05-15,Quetta,0.0,0.0975320936481361,291.44251089040824,101293.88182682067
2020-05-16,Quetta,0.0,0.06729243582314491,291.5601439817949,101236.15837521292
2020-05-17,Quetta,0.0,0.048165151584155165,292.07283357419857,101107.33960764475
2020-05-18,Quetta,0.0,0.03641526299671039,292.9074983352237,100997.33863420993
2020-05-19,Quetta,0.0,0.029876132598998288,293.80998373877503,101025.59326208473
2020-05-20,Quetta,0.0,0.027068893891853903,294.578551490996,101023.20527869464
2020-05-21,Quetta,0.1545293731157377,0.026082670979713733,294.1021622334036,101154.81202512773
2020-05-22,Quetta,0.857934069298398,0.02560531852327919,294.0722183400402,101025.59454642245
2020-05-23,Quetta,0.0,0.02508731300488307,295.5686152075745,100998.93556404384
2020-05-24,Quetta,0.0,0.024553545984877974,297.46082516658873,101047.05254897784
2020-05-25,Quetta,4.3821375567620304E-5,0.02431056631890839,298.21421025264794,101023.65897359452
2020-05-26,Quetta,0.0,0.024262917544068688,297.61690600285266,100953.56993984242
2020-05-27,Quetta,0.0,0.0242278275064688,297.02008226159614,100683.10860679302
2020-05-28,Quetta,0.0,0.024258997373997924,297.13794626945406,100439.28652257237
2020-05-29,Quetta,0.0,0.02471087733566051,296.2275726599538,100579.24510700595
2020-05-30,Quetta,0.0,0.028603216947851243,295.03076777317943,100793.87487542586
2020-05-31,Quetta,0.0,0.029883371490703817,294.82547166316346,100897.80283485945
2020-06-01,Quetta,0.43489110947924525,0.02785755036162893,295.3316945904674,100898.00585338584
2020-06-02,Quetta,0.12504914409130352,0.030059705297761412,294.89894249976203,100791.48166498083
2020-06-03,Quetta,0.6098708075676436,0.030179663706340294,294.9101772821742,100680.24318728702
2020-06-04,Quetta,0.0211561296339965,0.028905246654469318,295.3236422817439,100624.40628220823
2020-06-05,Quetta,0.016091042911884526,0.028106042319302665,296.02264197111765,100554.34922673552
2020-06-06,Quetta,0.0,0.027559108506678674,296.80207112331277,100498.18641849441
2020-06-07,Quetta,0.0,0.028633288546491224,296.4047362905196,100520.27920916735
2020-06-08,Quetta,0.0,0.027916190576851213,298.75773938137326,100500.77187526617
2020-06-09,Quetta,0.0,0.024942899224163796,298.9672319253447,100693.4144194527
2020-06-10,Quetta,0.0,0.023552476968499884,298.5929002369539,100645.91866588582
2020-06-11,Quetta,0.0,0.023288384502005818,297.7343555531457,100491.3890052704
2020-06-12,Quetta,0.15123619569541674,0.023243546883942114,297.78233324595675,100367.58083368822
2020-06-13,Quetta,0.36606890062863406,0.023300038109713827,297.8222228107529,100450.65254072614
2020-06-14,Quetta,0.0,0.023179823243435215,299.177085822353,100631.08286334109
2020-06-15,Quetta,0.0,0.02307906627925804,301.155905425956,100396.00483123932
2020-06-16,Quetta,0.0,0.02299113872036344,301.7157407143899,100161.78035003194
2020-06-17,Quetta,0.0,0.02294798021895989,302.07382756343134,99998.4325031942
2020-06-18,Quetta,0.0,0.022971242095583322,301.1798488303272,100085.67154919077
2020-06-19,Quetta,0.0,0.02295800966677647,299.69218968769957,100260.63329615627
2020-06-20,Quetta,0.0,0.022900970931218362,299.2170018059956,100372.06194607107
2020-06-21,Quetta,0.0,0.022878923995599088,299.2741903638864,100360.94359215288
2020-06-22,Quetta,0.0,0.022831733655956643,299.91574694458546,100291.63469788116
2020-06-23,Quetta,0.0,0.022899583884763958,300.2921851676407,100509.11035216138
2020-06-24,Quetta,0.0,0.02349805193960093,300.43171722931976,100537.24475298123
2020-06-25,Quetta,0.0,0.02417129843699397,299.01931350924633,100417.88733895864
2020-06-26,Quetta,0.0,0.025434954923232268,299.8180024493953,100275.24298764902
2020-06-27,Quetta,0.0,0.023041916543417907,301.4944957964938,100229.45022066646
2020-06-28,Quetta,0.0,0.022772013476326815,301.683299786916,100216.04520017034
2020-06-29,Quetta,0.0,0.022969001843670688,300.492033812194,100352.3238016397
2020-06-30,Quetta,0.4949392424754836,0.07786493763877611,297.5323603377158,100573.93576554512
2020-07-01,Quetta,1.2594111178152807,0.11243605079195979,298.61196206724816,100562.64149169506
2020-07-02,Quetta,0.0,0.07742178746342056,300.31827500342763,100309.86835258728
2020-07-03,Quetta,0.0,0.04944552643064877,300.7454707421775,100135.34857751276
2020-07-04,Quetta,0.0,0.03302829029748277,301.35603935687965,99931.10859721035
2020-07-05,Quetta,0.0,0.02989035908029134,297.81239119040674,100016.02422700166
2020-07-06,Quetta,0.0,0.055050499334990524,295.4917066789635,100298.4782357325
2020-07-07,Quetta,0.0,0.05289682532358684,297.08415507631224,100482.44697375424
2020-07-08,Quetta,0.5596080798063,0.04128528016592413,297.631664984344,100571.13390199104
2020-07-09,Quetta,0.0,0.032715704147278216,298.9970653017509,100246.89849952084
2020-07-10,Quetta,0.0,0.02586881582334863,298.5111514215508,100125.58385833687
2020-07-11,Quetta,0.0,0.023344259874039527,299.0433644683682,99912.6653188884
2020-07-12,Quetta,0.0,0.023037492642681536,298.4665065847262,100072.94100990202
2020-07-13,Quetta,0.9310050908629692,0.0568140706631488,296.82371121776436,100325.26223860732
2020-07-14,Quetta,0.0,0.0730440641681556,297.972893461133,100421.22952326442
2020-07-15,Quetta,0.0,0.04959073698703432,298.95103043884916,100334.04257879045
2020-07-16,Quetta,0.3226105091673856,0.055922786857782646,298.25341138164924,100285.0114906303
2020-07-17,Quetta,0.7133954348454878,0.06728435852120099,297.7805174043082,100439.50579003403
2020-07-18,Quetta,1.0268739913678622,0.051772339499721105,297.60205232112264,100601.76073200592
2020-07-19,Quetta,0.6440792670292586,0.039292534758325726,299.57633282485426,100340.38245395014
2020-07-20,Quetta,0.09987528516598412,0.028971515224441614,299.49950699861984,99915.62798791523
2020-07-21,Quetta,0.0,0.04762875240137464,297.1177651023539,100210.71562420143
2020-07-22,Quetta,0.0,0.057921910564849334,297.03572063773146,100557.43275686754
2020-07-23,Quetta,0.0,0.04103222389372827,298.962915111804,100413.6095025021
2020-07-24,Quetta,0.17410066390971707,0.036355271065932365,298.2411841317671,100691.37059918017
2020-07-25,Quetta,0.2851137543455705,0.03801773879285702,297.4609179223065,100935.37217498934
2020-07-26,Quetta,0.6869639370429249,0.05259554183327432,297.0724913264054,100901.43751836669
2020-07-27,Quetta,0.0,0.05602345780172783,298.47647206355765,100658.33784257878
2020-07-28,Quetta,0.0,0.03917303051750881,299.9838661457258,100408.7816215928
2020-07-29,Quetta,0.0,0.028084917539632284,300.3465850260364,100286.58694633728
2020-07-30,Quetta,0.0,0.031761336751718,299.1922796480526,100472.66413756387
2020-07-31,Quetta,0.0,0.0481932754559925,298.193452940361,100469.6247681537
2020-08-01,Quetta,0.0,0.047238826199325214,298.2448216258388,100458.26865949744
2020-08-02,Quetta,0.0,0.037936036447311666,299.71892703856224,100326.31755776188
2020-08-03,Quetta,0.0,0.02906996766523095,298.9354866081554,99887.77059465498
2020-08-04,Quetta,0.0,0.025569075000076217,297.95810537824576,99798.7876647679
2020-08-05,Quetta,0.0,0.02375036249371971,298.97439399376964,99972.93610306643
2020-08-06,Quetta,0.0,0.024378546303744197,298.9147949653724,100275.29828524274
2020-08-07,Quetta,5.206970254794092,0.13242671030749664,296.7785984206973,100419.45093537054
2020-08-08,Quetta,0.9449539805595877,0.2785349454776866,294.23483884127967,100387.44001570484
2020-08-09,Quetta,0.44546752175033794,0.28733417627961716,295.0627405958807,100282.03009582622
2020-08-10,Quetta,0.008794201651058164,0.2462780481194449,296.75445650233905,100257.29302890759
2020-08-11,Quetta,0.16356277881732786,0.20542932567780567,296.86384352714873,100324.06815241692
2020-08-12,Quetta,0.0,0.16164431938591636,298.3810282252852,100180.80726283003
2020-08-13,Quetta,0.0,0.12307867677288928,299.9943159521688,99967.90929088584
2020-08-14,Quetta,0.0,0.09759426437542557,299.432613529463,99999.36724313245
2020-08-15,Quetta,0.0,0.08202169770344214,299.0464979982998,100064.39880190587
2020-08-16,Quetta,0.0,0.0710633294247958,299.5686778874913,100135.65101176531
2020-08-17,Quetta,0.0,0.06198341685895686,299.2839304860001,100146.65052757664
2020-08-18,Quetta,0.04790870200633189,0.052401402293112645,299.72282060661064,100159.99027124148
2020-08-19,Quetta,0.0,0.044432465739036246,299.7659320221294,100042.15298392247
2020-08-20,Quetta,0.16292577390979457,0.0501768895917694,297.4419050071323,100302.95420064947
2020-08-21,Quetta,0.0,0.06057067045767419,296.29061274799824,100698.85172380747
2020-08-22,Quetta,0.0,0.059631037606494366,297.0254633441775,100652.26330334325
2020-08-23,Quetta,0.0,0.052357987442319814,297.5187797822364,100481.17718004686
2020-08-24,Quetta,0.0032453889863048335,0.04563299635064527,297.9521103358877,100422.23071550253
2020-08-25,Quetta,1.9406953214339948,0.0709554463418487,297.1346064990518,100545.95428236797
2020-08-26,Quetta,5.1577905993648425,0.16211425499642604,295.58668937340826,100675.12671262774
2020-08-27,Quetta,0.0,0.18537079505118906,295.89624742615143,100615.50041790883
2020-08-28,Quetta,0.0,0.1491363523657657,295.06436996212994,100564.89631601359
2020-08-29,Quetta,0.0,0.12020937369940699,294.2533584981179,100619.7743579642
2020-08-30,Quetta,0.0,0.09863990976484166,295.07251498220717,100589.93849952082
2020-08-31,Quetta,0.0,0.08267927541304963,295.37764049072945,100591.6092743824
2020-09-01,Quetta,0.0,0.06991448817775703,294.9791459184394,100922.53221198889
2020-09-02,Quetta,0.0,0.05872125410072372,294.26900001019,101215.85178183556
2020-09-03,Quetta,0.0,0.04978239071362397,294.18396122479135,101226.87020788967
2020-09-04,Quetta,0.0,0.043385043038623276,294.63996815943,101109.3084343058
2020-09-05,Quetta,0.0,0.0383884538458803,295.6320132642981,100938.25733310259
2020-09-06,Quetta,0.0,0.03407099782845163,295.3737148576485,100876.73750771933
2020-09-07,Quetta,0.0,0.030997444837354636,294.8355190571271,100963.41402683135
2020-09-08,Quetta,0.0,0.028855238182852013,295.26423911415816,100999.45358123936
2020-09-09,Quetta,0.0,0.027333946249689458,295.37436943639057,100986.15247764051
2020-09-10,Quetta,0.0,0.026302538172620606,295.0553175154712,100798.53505243818
2020-09-11,Quetta,0.0,0.025582898912749293,294.5440050674692,100814.5870554727
2020-09-12,Quetta,0.0,0.02523888942668683,294.8691975176247,101074.30006867545
2020-09-13,Quetta,0.0,0.024908380979573708,295.22706047569284,101051.2256763735
2020-09-14,Quetta,0.0,0.024559211276052782,295.39915085107464,100949.17943010006
2020-09-15,Quetta,0.0,0.024933074699891415,294.4134880881279,100960.77808720185
2020-09-16,Quetta,0.001176824478315129,0.024869263371170274,294.6770435135261,100998.2932312074
2020-09-17,Quetta,0.0829739418612896,0.024401465832408615,294.0268246031484,101039.06344867968
2020-09-18,Quetta,0.051258101580342046,0.024214465386619744,293.8122203235094,100922.00308267672
2020-09-19,Quetta,0.044522624072528334,0.023980665472270003,294.56685814579674,100836.01748562606
2020-09-20,Quetta,0.11503231862083739,0.023776181972141902,295.27622086814677,100838.05090023419
2020-09-21,Quetta,0.0,0.023680687925478453,295.4673947438157,100792.20540726146
2020-09-22,Quetta,0.0,0.02361260948636055,294.49454883192004,100793.01185343908
2020-09-23,Quetta,0.0,0.023654624834986714,292.6876776276411,100851.58418627552
2020-09-24,Quetta,0.0,0.023653814910420772,292.4167770020954,101032.30370927381
2020-09-25,Quetta,0.0,0.023703113319791212,291.8378939769079,100926.28789501701
2020-09-26,Quetta,0.0,0.02372053377063759,291.538972170915,100883.32440853915
2020-09-27,Quetta,0.0,0.023664153173252794,292.0002132231212,101066.7255100085
2020-09-28,Quetta,0.0,0.023589356794471026,292.4060497488858,101156.85430419503
2020-09-29,Quetta,0.0,0.023569771064268743,292.39294457565035,101206.14846518313
2020-09-30,Quetta,0.0,0.02372043616117774,289.58956718327846,101427.35896986796
2020-10-01,Quetta,0.0,0.023811825606580628,289.46770888913954,101450.54814735943
2020-10-02,Quetta,0.0,0.023830411652148546,290.42368149388574,101412.34373615842
2020-10-03,Quetta,0.0,0.023711785809821806,291.23166359926904,101342.87447242331
2020-10-04,Quetta,0.0,0.023560530290489906,291.6281365196058,101412.37568675465
2020-10-05,Quetta,0.0,0.02345352162020507,291.65552064097363,101368.97391370316
2020-10-06,Quetta,0.0,0.023422497495340384,291.641206796701,101396.36872071975
2020-10-07,Quetta,0.0,0.023415448168744305,291.7638257600176,101557.40053982112
2020-10-08,Quetta,0.0,0.02341176034644676,291.11047407731866,101586.29513575381
2020-10-09,Quetta,0.0,0.023388532565981737,291.1733966226053,101584.9301131282
2020-10-10,Quetta,0.0,0.023389113587049655,290.6917270589351,101628.0123152683
2020-10-11,Quetta,0.0,0.02353169720122789,287.5643343277456,101633.5805595187
2020-10-12,Quetta,0.0,0.0237734200750001,283.8327503774492,101546.17750479131
2020-10-13,Quetta,0.0,0.023911026971439018,285.70624900007715,101446.67491774913
2020-10-14,Quetta,0.0,0.02378299648148441,287.6657481160724,101529.71067530877
2020-10-15,Quetta,0.0,0.023668524846646152,287.5416166497249,101550.75767142247
2020-10-16,Quetta,0.0,0.02363162493990064,287.35356609169014,101493.35318489136
2020-10-17,Quetta,0.0,0.02363343500400523,286.8698190484814,101590.28143553023
2020-10-18,Quetta,0.0,0.02368994212976441,286.293907921275,101627.52925175679
2020-10-19,Quetta,0.0,0.0237585962827337,286.1205796005533,101533.94633438029
2020-10-20,Quetta,0.0,0.023770134019824595,286.4208320365963,101434.36209619886
2020-10-21,Quetta,0.0,0.023730668777907735,286.9725388957884,101548.98863128191
2020-10-22,Quetta,0.0,0.02370690412375143,287.3363568329254,101461.44070645231
2020-10-23,Quetta,0.0,0.023815184576412546,284.8100097302292,101464.98445059624
2020-10-24,Quetta,0.0,0.023949399295007542,284.5012670795328,101538.48636525766
2020-10-25,Quetta,0.0,0.024011559646147207,284.91714439032495,101823.04025500425
2020-10-26,Quetta,0.03973943977075703,0.023930880272002606,286.68271272857515,101903.28389027892
2020-10-27,Quetta,1.3348633290758734,0.023780188335741474,287.13663531076463,101715.66638362434
2020-10-28,Quetta,0.0,0.02379791725500952,286.0862496877189,101752.68513096249
2020-10-29,Quetta,0.0,0.023807675168298993,285.58442865595896,101885.71790779385
2020-10-30,Quetta,0.4251329450301661,0.023829802362029365,285.12309776687397,101973.75818382662
2020-10-31,Quetta,0.39234053197061375,0.02384293583832566,284.96365978988297,102005.20355195907
2020-11-01,Quetta,0.0,0.023842888918199162,285.0335423900946,102060.19850857109
2020-11-02,Quetta,0.0,0.023846475058560475,285.19696540399275,102105.56761366055
2020-11-03,Quetta,0.0,0.02382158722409058,286.03656430064115,101956.666918388
2020-11-04,Quetta,0.0,0.023802330389678102,286.28801511522977,101723.84501330918
2020-11-05,Quetta,0.0,0.02376961527731799,286.47992416849735,101791.23560077723
2020-11-06,Quetta,0.0,0.023749424481107593,286.7442723618118,102129.81148051532
2020-11-07,Quetta,0.0,0.023702859873124496,287.2296583166347,102192.04542642673
2020-11-08,Quetta,0.0,0.023640745164046965,287.31396978756294,102126.38523929937
2020-11-09,Quetta,0.0,0.023651476247550263,286.82455473363154,102005.15151192501
2020-11-10,Quetta,0.0,0.023725526864930752,285.7547779174664,101972.14473541308
2020-11-11,Quetta,0.0,0.023818030825803936,285.7404089058264,102111.64029599658
2020-11-12,Quetta,0.0,0.02384048568058392,286.0202830105056,102140.70232378619
2020-11-13,Quetta,0.0,0.024325973645047263,286.37705627909327,101934.84888921422
2020-11-14,Quetta,6.159086834356771,0.09635354208309904,281.6482263333063,101788.7764472423
2020-11-15,Quetta,0.0,0.1558015470271893,276.92733552177816,102133.11580919931
2020-11-16,Quetta,0.0,0.13973817414820422,278.8717241743218,102134.55731872865
2020-11-17,Quetta,0.0,0.1241243167251161,278.20494160541136,102058.75589331341
2020-11-18,Quetta,0.0,0.10973596673604775,279.0789400736489,101866.2864227534
2020-11-19,Quetta,0.0,0.09712235008296062,276.9989559078703,102135.58007586242
2020-11-20,Quetta,0.0,0.08640852499793426,276.9311788644524,102356.6333041418
2020-11-21,Quetta,0.0,0.07637823736308856,278.452380282929,102174.25736238285
2020-11-22,Quetta,0.0,0.06659738491909664,282.0176978997355,101684.2077020336
2020-11-23,Quetta,0.20177949589399502,0.059621653407896706,280.93551579975235,101718.9161296848
2020-11-24,Quetta,2.04759883788822,0.1066545484283984,279.3186307475809,101826.34848594548
2020-11-25,Quetta,0.0,0.1260871680983762,276.9433124679573,102211.6608938458
2020-11-26,Quetta,0.0,0.11345168950407424,279.0312081608943,102421.08179860518
2020-11-27,Quetta,1.1850103808424133,0.10038480125050324,282.33408573417097,102529.66605302384
2020-11-28,Quetta,0.0,0.08766688135115683,283.8169690700015,102425.27374920143
2020-11-29,Quetta,0.0,0.07556896268204484,285.103731012339,102189.26360120314
2020-11-30,Quetta,0.0,0.06529839935389382,286.0362213650323,101999.95667562819
2020-12-01,Quetta,0.0,0.05600625880261427,285.7848940085173,102065.30021268096
2020-12-02,Quetta,0.0,0.04776532205108347,285.99046436407303,102005.6245879472
2020-12-03,Quetta,0.0,0.04114850901528422,285.5407622173251,101855.31634183346
2020-12-04,Quetta,5.141419689561886,0.03636364500878687,283.7121783984918,101774.07106127554
2020-12-05,Quetta,3.5219656198069416,0.03346916354697647,282.0792506686831,101866.57187606473
2020-12-06,Quetta,0.0,0.031406917972770475,282.7705583733772,101984.82898876703
2020-12-07,Quetta,6.716365362895203,0.034790722090435745,284.5269839375725,101892.49171981469
2020-12-08,Quetta,0.0,0.12949393253445554,280.9373916450511,102096.40190774061
2020-12-09,Quetta,0.0,0.13410431774687448,278.6850046184914,102032.94016530023
2020-12-10,Quetta,0.0,0.12211032237064293,278.43957097384384,101923.08143686112
2020-12-11,Quetta,9.593321454764627,0.11387471545087818,276.1495675318218,102047.64807815159
2020-12-12,Quetta,0.0,0.10530449868873182,274.7237009526978,102200.75018845823
2020-12-13,Quetta,0.0,0.09636438143381947,274.7788721616397,102073.4341950596
2020-12-14,Quetta,0.0,0.0882658712245198,271.01422365577406,102503.54961988924
2020-12-15,Quetta,0.0,0.08113938227084332,271.5572470200647,102681.85702486159
2020-12-16,Quetta,2.02615129248247,0.07447433491175583,274.26241934495226,102603.63857777894
2020-12-17,Quetta,0.0,0.06797101767614169,277.61893738026913,102298.89633624358
2020-12-18,Quetta,2.24511566610515,0.06188229354520468,279.69787121705076,102093.83585045779
2020-12-19,Quetta,3.13672695601819,0.05607723422378115,281.2073727660471,102102.52268313456
2020-12-20,Quetta,0.0,0.050695568086882976,281.40456697202956,102189.66483629684
2020-12-21,Quetta,0.0,0.04648710778326825,277.8584240861727,102237.39546608814
2020-12-22,Quetta,0.0,0.0433008129633265,276.98644389878734,102096.75237622442
2020-12-23,Quetta,0.0,0.040581350266967284,276.77796936966615,101967.7435397146
2020-12-24,Quetta,3.031057983939448,0.03800301930364186,278.5723540810926,101723.47063564732
2020-12-25,Quetta,4.406634537990901,0.03559961181415337,277.78834151233883,101707.05013575383
2020-12-26,Quetta,13.625831402448819,0.03690741034815895,275.2469332132768,102151.55974126913
2020-12-27,Quetta,0.0,0.03727256729411913,270.3662902406152,102548.60210471676
2020-12-28,Quetta,0.0,0.03636333887987278,272.1125747296809,102438.01148796844
2020-12-29,Quetta,0.0,0.03520330295855182,273.848052132567,102297.13220027678
2020-12-30,Quetta,0.0,0.03390057649888615,275.7951346049182,102192.8924028428
2020-12-31,Quetta,0.0,0.03253010186060529,276.800357288315,102058.49154227
2021-01-01,Quetta,0.0,0.03134154662566045,276.04308454298007,101986.38616535348
2021-01-02,Quetta,0.0,0.03038710722525239,276.3795518068208,101972.53009635858
2021-01-03,Quetta,0.0,0.02962282374662003,276.0896251916317,101801.23136259579
2021-01-04,Quetta,6.501652323285804,0.029059876155474184,276.4716410515269,101864.51175761281
2021-01-05,Quetta,0.0,0.028792754178152753,274.92922289387457,102109.07073173973
2021-01-06,Quetta,0.0,0.028629948682638802,274.39822492422957,102260.51467552167
2021-01-07,Quetta,0.0,0.028532274019846766,271.0298097462956,102408.32362249786
2021-01-08,Quetta,3.4964594278221837,0.028697928494177766,271.3053138229051,102361.26889986155
2021-01-09,Quetta,0.0,0.028620156976460483,274.6543722770295,102229.870611957
2021-01-10,Quetta,0.0,0.028295919211461806,275.8806383696364,102106.94789395227
2021-01-11,Quetta,0.0,0.027895988819614036,277.3552349714444,102189.02250159708
2021-01-12,Quetta,0.0,0.02741458050166256,278.8061567996021,102214.53317983387
2021-01-13,Quetta,0.0,0.02694168307441394,279.9409793075657,101973.63283139902
2021-01-14,Quetta,0.0,0.026475170271969328,281.6028336075582,101629.81926639691
2021-01-15,Quetta,0.0,0.026076900778948614,281.0222876648956,101628.59633358175
2021-01-16,Quetta,0.4024554845624725,0.0256756191264493,282.5565258679452,101466.86163436965
2021-01-17,Quetta,0.0,0.02533717896842199,281.02384320485965,101394.89881654597
2021-01-18,Quetta,0.0,0.02513002637162392,280.70117353293136,101586.7562169932
2021-01-19,Quetta,0.0,0.025019824035055326,282.7669349538705,101673.69350670783
2021-01-20,Quetta,0.0,0.02496281372018323,282.3843308207366,101821.04347503193
2021-01-21,Quetta,3.643024675265284,0.0247430922916029,284.7446288900032,101321.78107059195
2021-01-22,Quetta,0.0,0.024666677818319972,277.8984295509594,101866.55501570484
2021-01-23,Quetta,0.0,0.025038279761379918,271.7897694015284,102558.74154573037
2021-01-24,Quetta,0.0,0.02529565149379819,275.45258327351996,102253.49124920144
2021-01-25,Quetta,0.0,0.025325773760109426,276.6014521558633,102168.0964608177
2021-01-26,Quetta,0.0,0.025332428078161332,276.84665512812813,102047.45990390755
2021-01-27,Quetta,0.0,0.025312535742478635,277.2903424587389,102017.94555179936
2021-01-28,Quetta,1.9262438645679658,0.025298808507794725,277.0300683392291,102189.43219149274
2021-01-29,Quetta,0.0,0.025199209578263337,278.9555959192695,102076.56500292802
2021-01-30,Quetta,3.086305896557575,0.0249418436512901,282.28348686551857,101693.05494117331
2021-01-31,Quetta,0.0,0.025249017523744446,283.8919324130782,101616.01677943992
2021-02-01,Quetta,0.0,0.025222689072426457,281.67952663926354,101955.29727241267
2021-02-02,Quetta,0.0,0.024897052108530687,280.54883264037977,101952.52012643736
2021-02-03,Quetta,3.5225188359288175,0.024882302898903058,277.8237354091835,101976.71919958475
2021-02-04,Quetta,0.12721957296082267,0.024920267259986598,278.1160145215752,102172.15736477851
2021-02-05,Quetta,0.0,0.024793640452985533,279.1264905658572,102157.69430525976
2021-02-06,Quetta,0.0,0.024490843041250456,282.81850012199214,101988.61338346463
2021-02-07,Quetta,0.0,0.023981480639066147,285.4911296302495,101868.66544612432
2021-02-08,Quetta,0.42206028364789133,0.023660089058472583,285.78855243009167,101892.44231979341
2021-02-09,Quetta,0.12300345422462058,0.023601521714582557,282.6576104975043,101990.44107990841
2021-02-10,Quetta,0.0,0.023634945047910347,283.2269254975806,101918.15538623295
2021-02-11,Quetta,0.4118263860374333,0.0234813362871091,284.5433690690968,101678.68494995737
2021-02-12,Quetta,0.0,0.023385753425801754,284.7487279445077,101601.32575809199
2021-02-13,Quetta,0.0,0.02325605711972151,285.19909015150796,101631.77610067077
2021-02-14,Quetta,0.0,0.02317458870328333,284.8109437752094,101674.99403135646
2021-02-15,Quetta,0.0,0.02320092581944462,283.5653750407161,101627.37117706556
2021-02-16,Quetta,3.862534325752388,0.02321511285403857,283.15829788324953,101700.2506031729
2021-02-17,Quetta,0.0,0.02320687637892316,283.32502997381596,101755.7123751597
2021-02-18,Quetta,0.0,0.023169426016344526,283.9779808871926,101902.1001812713
2021-02-19,Quetta,0.0,0.02308296374743937,285.21795427230296,102035.9592134263
2021-02-20,Quetta,0.0,0.023048631450386613,285.95639812705616,102010.51317557493
2021-02-21,Quetta,0.6203089337048374,0.023934808045473363,286.7046620883106,101923.57017168864
2021-02-22,Quetta,0.0,0.0253186682420045,286.2533463032605,101849.36088133517
2021-02-23,Quetta,0.0,0.025577467052453208,285.43856961191256,101645.61099419717
2021-02-24,Quetta,0.0,0.0242198569987187,286.5775229736623,101309.2236799936
2021-02-25,Quetta,0.1705673923849856,0.02439106078529684,286.37099632085585,101404.25996885645
2021-02-26,Quetta,0.0,0.02808035480644404,278.96936908602777,101678.33840609026
2021-02-27,Quetta,0.0,0.02680015176213108,277.20291048170145,101735.28969601786
2021-02-28,Quetta,0.0,0.025647365975149786,279.2573950694405,101728.30806191437
2021-03-01,Quetta,0.0,0.024544416012782923,282.59125811809156,101955.76887856686
2021-03-02,Quetta,0.0,0.02368672080096841,286.00598697803144,101841.0954466567
2021-03-03,Quetta,0.0,0.02330739893742679,286.17097659850236,101686.26843749998
2021-03-04,Quetta,0.0,0.023114345492049417,286.73756219217285,101779.12032714006
2021-03-05,Quetta,0.0,0.022909552592028953,287.6917458457881,101733.26776937817
2021-03-06,Quetta,0.0,0.025740894683716573,289.2408950790933,101202.7951972423
2021-03-07,Quetta,0.0,0.025836754755023367,285.6531273058447,101404.08830014903
2021-03-08,Quetta,0.0,0.024159094416777036,284.7359317039996,101628.10617866265
2021-03-09,Quetta,0.0,0.026306298346359665,285.2540091211429,101555.58036733388
2021-03-10,Quetta,0.0,0.031571417380164536,286.18734591504074,101452.80285801747
2021-03-11,Quetta,4.204983863180702,0.062030021910096024,284.7237663354391,101473.66504684836
2021-03-12,Quetta,0.2816893547438275,0.07931649001737266,284.9907481407674,101813.77726575808
2021-03-13,Quetta,2.0210627313366936,0.08610640690991445,284.4833585229426,101885.12277310474
2021-03-14,Quetta,0.5633367143497758,0.09301639021830689,285.785048442496,101678.84936382023
2021-03-15,Quetta,2.2204333478222504,0.08068575733971142,286.9944220230217,101592.45636445913
2021-03-16,Quetta,0.0,0.06641571460834345,287.40879819827717,101604.16103492334
2021-03-17,Quetta,0.0,0.05186169560966946,287.93128745508517,101502.06611717418
2021-03-18,Quetta,0.0,0.041213920328983994,288.00110133511686,101453.15353518949
2021-03-19,Quetta,0.05518849651492636,0.04097111240020874,287.89817667950814,101491.69791870737
2021-03-20,Quetta,6.4319245393028455,0.07491156730240277,286.948777792225,101227.3841655132
2021-03-21,Quetta,8.95832672088272,0.10532907944115505,286.50524392313747,101098.02472396717
2021-03-22,Quetta,5.292794451104313,0.22369251725620853,281.7898658585645,101333.94850936963
2021-03-23,Quetta,0.0,0.23480004650161476,283.69531635182614,101629.17645070268
2021-03-24,Quetta,14.773947864837904,0.19254920877156642,285.8948209338645,101798.93268286837
2021-03-25,Quetta,0.0,0.15412789749327468,289.54230529390907,101674.38815507875
2021-03-26,Quetta,0.0,0.11676188597281084,291.9430332638741,101559.27635221463
2021-03-27,Quetta,0.0,0.08325448702845228,293.1840964135034,101323.75473354985
2021-03-28,Quetta,0.0,0.05652273031881352,294.0186499237892,100890.36867200807
2021-03-29,Quetta,0.0,0.03934805792614114,288.90259280545405,101272.08337201872
2021-03-30,Quetta,0.0,0.030915126984665024,285.3318865342064,101483.96994862649
2021-03-31,Quetta,0.0,0.0272519669324278,285.33430152832375,101591.58493638203
2021-04-01,Quetta,0.0,0.025343094651906203,287.5741229379752,101470.13339357961
2021-04-02,Quetta,0.0,0.024312442344132632,289.5641662093362,101310.98207623509
2021-04-03,Quetta,0.0,0.023645123942611868,291.64796688051666,101224.3463905451
2021-04-04,Quetta,0.15321865191451528,0.025027981833393494,292.66434478907047,101094.67057708689
2021-04-05,Quetta,1.381197506077651,0.033245492986086624,290.54667861851834,101230.05588878834
2021-04-06,Quetta,0.0,0.03920814585645111,287.19989147933615,101376.60896507664
2021-04-07,Quetta,0.0,0.030622100591794925,288.02421756837555,101653.58340396079
2021-04-08,Quetta,0.0,0.02592761861269342,289.34191925382413,101385.6639658752
2021-04-09,Quetta,0.0,0.02386023142877997,289.6867624241029,101335.69793946973
2021-04-10,Quetta,0.0,0.02348981154364391,290.8570872653094,101498.52536653534
2021-04-11,Quetta,0.0,0.02336824316385453,292.6416070907132,101506.71316412902
2021-04-12,Quetta,0.0,0.02293111505459683,292.7911151934506,101559.12578683982
2021-04-13,Quetta,0.0,0.024476651739221204,291.83979828665053,101483.93184518737
2021-04-14,Quetta,9.801819941871615,0.03857221955402812,290.92312891412627,101347.96239166307
2021-04-15,Quetta,2.6303068103822778,0.0648752120677075,287.89064249332216,101346.64152975933
2021-04-16,Quetta,0.0,0.0732483608975863,288.29615136947507,101271.04527070906
2021-04-17,Quetta,0.0,0.05431030331925193,290.3725265582212,101414.7338924084
2021-04-18,Quetta,0.0,0.03876920963267856,291.71072784341493,101537.87059731683
2021-04-19,Quetta,2.3779027108967394,0.03331782423860983,290.14975516718386,101222.01389560263
2021-04-20,Quetta,0.0,0.038113456240842995,289.315114177247,101005.77565561113
2021-04-21,Quetta,0.0,0.03037857384928106,290.7603479946638,101266.94464464438
2021-04-22,Quetta,0.0,0.02493549931800751,292.90441528103696,101164.12035295993
2021-04-23,Quetta,0.0,0.023191462510827574,292.1033206184121,101263.75212281728
2021-04-24,Quetta,0.0,0.022695673975600624,291.77696558994035,101441.69690401402
2021-04-25,Quetta,0.0,0.022470936404243923,293.9429832792955,101402.07741056214
2021-04-26,Quetta,0.0,0.02226549745350653,295.47565509789644,101199.15920011708
2021-04-27,Quetta,0.0,0.022809652017639945,295.51243478648274,101243.40491349014
2021-04-28,Quetta,6.483514525658836,0.03148354573117138,294.6223461835644,101361.35454642247
2021-04-29,Quetta,0.3083201174922858,0.04446503879129039,293.15525851027115,101359.32103705275
2021-04-30,Quetta,0.057498252615205664,0.050053328146384767,292.78530590986685,101217.11285961454
2021-05-01,Quetta,0.13084043522303512,0.04236224380831091,292.8557903044146,101184.46455680364
2021-05-02,Quetta,11.127185455343385,0.037049973036740624,291.6117037728617,101194.62533831982
2021-05-03,Quetta,2.2508764311645866,0.05514186874294333,290.6923488026435,101123.29251011497
2021-05-04,Quetta,0.0,0.06499813833675352,290.94391270860086,101104.10719016184
2021-05-05,Quetta,0.0,0.048451054609343104,291.4359226376274,101227.75436807919
2021-05-06,Quetta,0.17476797015337964,0.041223400187451735,290.5670108900878,101364.12925335391
2021-05-07,Quetta,0.0,0.02998848570131021,292.78667580491367,101410.29788649909
2021-05-08,Quetta,0.0,0.0239752964754121,294.4559924410851,101161.52485732538
2021-05-09,Quetta,0.0,0.02236232586437703,295.4295720857601,100894.60310184195
2021-05-10,Quetta,0.0,0.022078469973406557,295.7406060619884,100789.46363074957
2021-05-11,Quetta,0.9656639849063281,0.022077963946557477,295.29991712675246,100846.17091727
2021-05-12,Quetta,0.0,0.02207337485058344,293.9648547056112,100631.29247551107
2021-05-13,Quetta,0.0,0.022009139529417215,294.81673290536435,100560.24731819629
2021-05-14,Quetta,0.0,0.02319330836073503,293.80735936656026,100637.93566679087
2021-05-15,Quetta,0.0,0.023677642601312096,293.43474159751946,100837.44208049405
2021-05-16,Quetta,0.0,0.026514455350131753,293.4577827844397,101111.20704482538
2021-05-17,Quetta,0.07581166385182732,0.02805962735316344,294.5852505686392,101097.00541870734
2021-05-18,Quetta,0.0,0.02437257607507135,294.8919778454947,100847.59692743824
2021-05-19,Quetta,0.0,0.022383811448122688,295.542681321334,100655.55906196761
2021-05-20,Quetta,0.0,0.021981526211809533,296.8916599324372,100659.72728811752
2021-05-21,Quetta,0.0,0.02186191885935725,296.18582713164506,100756.0305028215
2021-05-22,Quetta,0.0,0.02216731737040445,294.7947679498643,100706.78234641183
2021-05-23,Quetta,0.0,0.02282713028465329,294.29425584484375,100917.86422753405
2021-05-24,Quetta,0.02760151175867759,0.02228182117347348,296.631666997187,101016.0790739459
2021-05-25,Quetta,0.0,0.021897755589829045,297.9080818276779,100745.80579828576
2021-05-26,Quetta,0.0,0.021706083060529405,298.49023323150055,100585.9649004472
2021-05-27,Quetta,0.0,0.021598091580392553,298.8821783037418,100538.4916152044
2021-05-28,Quetta,0.0,0.021508855435199713,299.26934350502717,100674.22403348594
2021-05-29,Quetta,0.0,0.021484973090809215,298.28714540073224,100847.95404173767
2021-05-30,Quetta,0.0,0.02143079591975299,298.9322097778754,100703.98080893309
2021-05-31,Quetta,0.0,0.021328180758266674,300.294477584163,100345.84390917797
2021-06-01,Quetta,0.0,0.021207756029483195,299.22985121250963,100473.42226469338
2021-06-02,Quetta,0.0,0.021150580302752398,298.2366761447488,100633.03861797272
2021-06-03,Quetta,0.0,0.02283452512187622,297.89992903948234,100853.7438282581
2021-06-04,Quetta,0.0,0.023202674471472295,297.8755685506252,100863.14370501487
2021-06-05,Quetta,0.0,0.02368421934735429,297.6569168460376,100726.7735237436
2021-06-06,Quetta,0.0,0.024741013985611654,298.10077779727646,100757.41572428656
2021-06-07,Quetta,0.0,0.02274155928153058,300.7453694962563,100525.24994623079
2021-06-08,Quetta,0.0,0.02083032903720005,303.14958708737646,100299.28625638841
2021-06-09,Quetta,0.0,0.020430981377726715,304.09131195952136,100100.86471970822
2021-06-10,Quetta,0.0,0.02018654270377908,303.6614012740403,99975.24406249999
2021-06-11,Quetta,0.0,0.02007461929104669,303.2794035338921,99916.68994197188
2021-06-12,Quetta,0.0,0.02130134625843748,302.1284301449344,100039.84579083261
2021-06-13,Quetta,0.0,0.0205552283638516,301.01458331609047,100091.2713711137
2021-06-14,Quetta,0.0,0.019572163050584925,300.59012369172143,100027.16769032153
2021-06-15,Quetta,0.0,0.01942131451894314,299.32064488871805,99833.99076368184
2021-06-16,Quetta,0.0,0.01997105340129066,297.4124994691485,99992.38129179087
2021-06-17,Quetta,0.0,0.032533168240340846,294.90564851200907,100334.7511650873
2021-06-18,Quetta,0.0,0.03242305723122068,295.5583125993164,100464.6627044293
2021-06-19,Quetta,0.0,0.0243927193446162,297.10210260034887,100385.74117493608
2021-06-20,Quetta,0.0,0.021143754464127255,297.48871693192507,100372.66677092205
2021-06-21,Quetta,0.0,0.022787018060548805,295.70045964480954,100672.64048924617
2021-06-22,Quetta,0.0,0.021256069636087675,298.11596664264096,100677.38442504256
2021-06-23,Quetta,0.0,0.019907195715657845,299.17701112897714,100631.7262976469
2021-06-24,Quetta,0.0,0.01961992425176653,299.3900208711813,100486.96497551103
2021-06-25,Quetta,0.0,0.019496076346662207,298.4279505759242,100332.5571153641
2021-06-26,Quetta,0.0,0.019548545742089068,296.7322241258162,100598.64454589009
2021-06-27,Quetta,0.0,0.01985067333977442,297.17738922296786,100938.02025873083
2021-06-28,Quetta,0.0,0.019550666809082025,298.2248621958055,100852.43644324953
2021-06-29,Quetta,0.0,0.019230265533429915,299.55278099376324,100631.53816199955
2021-06-30,Quetta,0.0,0.019130983412231913,299.6751973513809,100368.7102616588
2021-07-01,Quetta,0.0,0.019013844803610284,300.3789500904244,99976.7271321337
2021-07-02,Quetta,0.0,0.01889020507136642,299.90503139944207,100054.46919958472
2021-07-03,Quetta,0.0,0.021441925087819915,298.5709883135872,100325.80702432923
2021-07-04,Quetta,0.0,0.02615458787943004,297.5614945246075,100587.4691234561
2021-07-05,Quetta,0.0,0.05154875361601239,296.8497518626727,100710.36401139265
2021-07-06,Quetta,0.0,0.054999766179203366,297.7685111283793,100576.72408858598
2021-07-07,Quetta,0.0,0.035151477794224784,300.1209500526717,100428.6149872231
2021-07-08,Quetta,0.0,0.023847614940359536,301.0455128965966,100262.39186967633
2021-07-09,Quetta,0.010349922691943087,0.02225072647346006,299.2191058838306,100285.41649994675
2021-07-10,Quetta,2.0427078885723415,0.028973646515949674,299.2756339884753,100392.54752395653
2021-07-11,Quetta,0.0,0.029832430486987745,300.16658749322045,100410.7657759263
2021-07-12,Quetta,0.0,0.025943981779359533,299.88698074804375,100404.44256415035
2021-07-13,Quetta,0.6679624907446475,0.030068986124778457,297.9317189765421,100526.87828364562
2021-07-14,Quetta,1.48887204683619,0.03218979386563061,297.9053409011035,100533.75923525337
2021-07-15,Quetta,18.082110308934713,0.04649579155925728,297.02891571079607,100728.61238048338
2021-07-16,Quetta,0.09193122553459829,0.04956855702440823,297.3034944131605,100871.36973195271
2021-07-17,Quetta,1.7956107835753403,0.0333660581719801,299.91030100214266,100633.55084619885
2021-07-18,Quetta,0.0,0.024372143851025145,301.7354432592005,100169.13048285773
2021-07-19,Quetta,0.0,0.022489519828696743,301.6218694387736,99841.39383358177
2021-07-20,Quetta,0.0,0.02305784001261046,298.63248411677876,99952.90766423549
2021-07-21,Quetta,0.0,0.022214226232612076,297.33621635735955,99998.84510461029
2021-07-22,Quetta,0.0,0.02380380092189772,297.06230434575826,100039.91720480195
2021-07-23,Quetta,0.0,0.025948489534117016,297.26672637644833,100245.01623243181
2021-07-24,Quetta,0.0,0.02405965355564965,298.9885028197479,100318.81892887563
2021-07-25,Quetta,0.0,0.021649385351541695,301.3559656119141,100120.27438458258
2021-07-26,Quetta,0.0,0.0210482836392439,302.510188019215,99859.70736451233
2021-07-27,Quetta,0.0,0.02076380762710008,302.0317908208741,99578.10600165035
2021-07-28,Quetta,0.0,0.02058032710060756,301.72409604698026,99678.60892541522
2021-07-29,Quetta,0.0,0.020433821063499287,300.76179658953663,99965.33879684837
2021-07-30,Quetta,0.0,0.02029744338339394,300.04600908490625,100139.86841993182
2021-07-31,Quetta,0.0,0.020305715795946956,298.9007921315702,100319.29178742546
2021-08-01,Quetta,0.0,0.02032126847483229,298.8544386395483,100161.1662380217
2021-08-02,Quetta,0.0,0.020067519773345706,298.9467000981449,100222.26276086028
2021-08-03,Quetta,0.0,0.020214139818129775,298.62750035304936,100389.55336429937
2021-08-04,Quetta,0.0,0.019994944692131877,298.67490077173096,100403.72081851577
2021-08-05,Quetta,0.0,0.02058812402988414,298.1624433684903,100333.11788090927
2021-08-06,Quetta,0.0,0.020768888106338017,298.1441682574019,100396.11634609239
2021-08-07,Quetta,0.0,0.022809759440034848,297.8370631190771,100573.04430206558
2021-08-08,Quetta,0.0,0.024026951440554445,297.8965993497157,100673.34110386495
2021-08-09,Quetta,0.0,0.02152033758732083,297.9416569399467,100667.34142115628
2021-08-10,Quetta,0.0,0.020652238563134664,298.72453587000774,100473.97437393526
2021-08-11,Quetta,0.0,0.019897416833447576,299.94769986557185,100465.57542057068
2021-08-12,Quetta,0.0,0.01953813744566102,300.32153280584174,100611.99930100082
2021-08-13,Quetta,0.0,0.01933008387845594,300.3241770985748,100412.16838985303
2021-08-14,Quetta,0.0,0.019151182180098137,298.9239800668398,100126.18025926317
2021-08-15,Quetta,0.0,0.030078792604514643,296.4682347527177,100397.10909311112
2021-08-16,Quetta,0.15030829062453727,0.05403145746234327,295.2285347291166,100924.75987515968
2021-08-17,Quetta,0.0,0.050819902522939005,295.98337322150616,100832.75151245737
2021-08-18,Quetta,0.0,0.034353248167281664,296.4874916640309,100612.70502981258
2021-08-19,Quetta,0.0,0.024606302923129954,297.81448329780414,100550.46084327085
2021-08-20,Quetta,0.0,0.020778974677134084,298.0771467697344,100708.64726070057
2021-08-21,Quetta,0.0,0.020041270150439692,296.64051994787286,100959.09480435475
2021-08-22,Quetta,0.1708567572614809,0.01995353157177761,297.024419896669,100897.65647652256
2021-08-23,Quetta,0.0,0.019550822451329906,298.24143963416833,100706.73307655449
2021-08-24,Quetta,0.0,0.01939051856106481,298.2133261496148,100590.97966966566
2021-08-25,Quetta,0.0,0.019295923405245986,297.4752624618296,100381.24316066863
2021-08-26,Quetta,0.0,0.01918049265890213,298.2004823329219,100166.68672646928
2021-08-27,Quetta,0.0,0.019030365172196074,297.9603201019703,100284.74594335601
2021-08-28,Quetta,0.0,0.019762428734263253,296.6156737330714,100372.79340768738
2021-08-29,Quetta,0.0,0.021601549914315094,295.5049915857871,100590.78726096674
2021-08-30,Quetta,0.0,0.02710351271361266,295.3079299598359,100934.31599153533
2021-08-31,Quetta,0.42775680345408545,0.03474866603870813,295.07324487290816,101111.22044931857
2021-09-01,Quetta,0.0,0.048276544491856144,294.41087164212183,101111.26314043869
2021-09-02,Quetta,0.0,0.047175847258776306,294.84935223130407,100881.0040175149
2021-09-03,Quetta,0.0,0.03835155980956615,294.8378413151532,100711.64840768736
2021-09-04,Quetta,0.0,0.029583227947176622,295.8854532364645,100711.87137803447
2021-09-05,Quetta,0.0,0.02351734258856439,297.3194757021157,100691.30758917163
2021-09-06,Quetta,0.0,0.020821645391183703,297.5960036874886,100821.9594708262
2021-09-07,Quetta,0.0,0.01959638141759885,297.9449346129695,100860.91468616902
2021-09-08,Quetta,0.0,0.019141516287444597,298.0038809928049,100699.22594335605
2021-09-09,Quetta,0.0,0.022906671423319046,296.7190432127088,100708.36967898208
2021-09-10,Quetta,0.0,0.024331527917917182,296.4924326648092,100675.08839198253
2021-09-11,Quetta,0.0,0.021602017772529427,296.1889782389045,100696.2155515332
2021-09-12,Quetta,0.0,0.02037387185039877,295.7252396287109,100648.73121805793
2021-09-13,Quetta,0.0,0.01933542269999707,296.0699434913143,100690.04045038331
2021-09-14,Quetta,0.0,0.0190871043857832,295.91016826592795,100919.16645815587
2021-09-15,Quetta,0.0,0.019490283877249794,295.7838293599567,101020.79322428662
2021-09-16,Quetta,0.005510078764043024,0.019104583475956657,297.57007335184096,100767.94037079427
2021-09-17,Quetta,0.0,0.018570213621140592,297.2990638124203,100703.49344867968
2021-09-18,Quetta,0.0,0.018413707640007236,296.67101569232597,100916.53518473166
2021-09-19,Quetta,0.0,0.01850154670918956,296.6778763086424,101065.08088027041
2021-09-20,Quetta,0.0,0.01845753430914026,296.47064649370674,100951.69212148635
2021-09-21,Quetta,0.0,0.018353729962896432,295.6567735050077,100786.368181431
2021-09-22,Quetta,0.0,0.019178033013156986,294.5463974367275,100776.1703787798
2021-09-23,Quetta,0.0,0.0645089694602052,293.34190618416443,101032.50095879468
2021-09-24,Quetta,0.0,0.08728459949049334,293.16713756147544,101198.98837814094
2021-09-25,Quetta,0.0,0.07373407247999321,294.2072547656548,101057.14955094758
2021-09-26,Quetta,0.0,0.05496809544040697,294.7590787719257,100970.25055872016
2021-09-27,Quetta,0.0,0.04117748020048642,294.3375782217862,101053.43254924398
2021-09-28,Quetta,0.0,0.03516978437693397,293.88917835480396,101168.28225564308
2021-09-29,Quetta,0.0,0.03127616007175043,294.56027545025614,101233.64576873931
2021-09-30,Quetta,0.0,0.02620573527971363,294.48864559474714,101306.02682362647
2021-10-01,Quetta,0.0,0.022896942775537853,294.16405650054907,101303.69659257877
2021-10-02,Quetta,0.0,0.024020052340679166,294.2968064113967,101241.85931431002
2021-10-03,Quetta,0.0,0.022558860952105464,293.3289735134456,101141.73815028743
2021-10-04,Quetta,0.0,0.020163744504583084,291.52661145068913,101096.08259582624
2021-10-05,Quetta,0.0,0.019400402742783342,292.45566027314726,101314.15918920355
2021-10-06,Quetta,0.0,0.01918599450947004,293.200844633242,101408.02323360306
2021-10-07,Quetta,0.0,0.019100323947297788,293.5173279484453,101294.48731580062
2021-10-08,Quetta,0.0,0.019070453892913054,294.22116781816385,101185.78438884152
2021-10-09,Quetta,0.0,0.019079579944166487,292.4831902084477,101351.00106021081
2021-10-10,Quetta,0.0,0.01916301018943981,288.0923681799194,101518.6887175255
2021-10-11,Quetta,0.0,0.019258349308704927,286.42759812610126,101499.4467879578
2021-10-12,Quetta,0.0,0.0193045148140053,287.4174698956482,101534.75722636284
2021-10-13,Quetta,0.0,0.019332709217667245,287.7841401460072,101570.96783113285
2021-10-14,Quetta,0.0,0.019353863587777496,289.0367846745105,101477.59529493186
2021-10-15,Quetta,0.0,0.01935464548157537,289.8292705388583,101144.34622311541
2021-10-16,Quetta,0.0,0.019357670659981008,289.6546970207995,101087.27743265544
2021-10-17,Quetta,0.0,0.019391637820536798,288.60667489098915,101233.9388178769
2021-10-18,Quetta,0.0,0.019445625708090983,287.42428402975975,101338.76874547488
2021-10-19,Quetta,0.0,0.01949224306330769,288.8743131267802,101537.4386746699
2021-10-20,Quetta,0.0,0.019478099179633425,291.6858969734878,101596.68427571331
2021-10-21,Quetta,0.0,0.0194598373075157,292.21431383755714,101410.53270895442
2021-10-22,Quetta,0.0,0.0195333945270562,286.3610477092686,101661.99503699953
2021-10-23,Quetta,0.0,0.019675008696903216,284.32857579531816,101675.50951953787
2021-10-24,Quetta,0.0,0.019728615028082427,285.38040371263924,101721.66312153959
2021-10-25,Quetta,0.0,0.019845729830047065,285.7128651035269,101830.42159923336
2021-10-26,Quetta,0.0,0.02010389303091505,287.01763387360546,101743.24377395654
2021-10-27,Quetta,0.0,0.02007882841197962,286.4617677410238,101970.3739371273
2021-10-28,Quetta,0.0,0.020075679261328333,286.79530660192773,102037.74981526831
2021-10-29,Quetta,0.0,0.020097082312441478,287.48646918851887,102316.40500718694
2021-10-30,Quetta,0.0,0.02016048827813064,286.75014251020144,102404.9482857751
2021-10-31,Quetta,0.0,0.020209210540407568,286.63271738662144,102041.16557841777
2021-11-01,Quetta,0.0,0.020267435752959615,285.30360213514246,101771.7997705494
2021-11-02,Quetta,0.0,0.020329679286595046,285.09520534292255,101903.19231021078
2021-11-03,Quetta,0.0,0.020377059126360585,285.0285605919409,101955.95484428236
2021-11-04,Quetta,0.0,0.020402026114174073,285.9470534832946,101771.31089171633
2021-11-05,Quetta,0.0,0.02042438985812671,286.8589298120051,101748.01654839222
2021-11-06,Quetta,0.3745659583106357,0.02199860745570255,286.4089727860318,101746.19069127976
2021-11-07,Quetta,0.0,0.022217036522903744,286.0986431891698,101756.56456132879
2021-11-08,Quetta,0.0,0.021404291983695957,286.5790643367735,101933.19320458897
2021-11-09,Quetta,0.0,0.021004750881595834,285.74935370012554,102060.8763575383
2021-11-10,Quetta,0.0,0.020895694167284977,283.7174081799984,102041.60878380535
2021-11-11,Quetta,0.0,0.020906370445654396,283.3676058629396,102003.13718616906
2021-11-12,Quetta,0.0,0.020908548570640513,283.00109480013566,102058.11036999573
2021-11-13,Quetta,0.0,0.020904825330795986,283.59193587390314,101887.94070991267
2021-11-14,Quetta,0.0,0.020940084852730943,282.36510900758446,101905.25741349017
2021-11-15,Quetta,0.0,0.021006424647715193,282.30333180576474,101779.95121246803
2021-11-16,Quetta,0.0,0.021022997806858852,283.44672420997773,101605.08236877127
2021-11-17,Quetta,0.0,0.02103252978435908,283.9143421955529,101795.39260301321
2021-11-18,Quetta,0.0,0.021101941677875508,280.5080969904173,101980.13576634366
2021-11-19,Quetta,0.0,0.021198711189473637,280.41148058560384,101666.41267807706
2021-11-20,Quetta,0.9571469289886888,0.021242226985690955,281.21893598943177,101676.02423631813
2021-11-21,Quetta,0.0,0.021271366160542763,281.89997349779657,102033.48258251701
2021-11-22,Quetta,0.0,0.0212951264389532,283.2507162371174,102114.57869064096
2021-11-23,Quetta,0.0,0.02128165767654514,284.7717286165271,101766.6635969442
2021-11-24,Quetta,0.0,0.021292430004702576,285.2047558995799,101697.72202832196
2021-11-25,Quetta,0.0,0.02133636810372052,283.5338965402198,101996.22967658646
2021-11-26,Quetta,0.0,0.021414185653417916,281.9391105387576,102010.59812553233
2021-11-27,Quetta,0.0,0.02148856120242239,281.58841622421386,101954.49620607964
2021-11-28,Quetta,0.0,0.021525315994704593,282.4895963205038,102085.13112462734
2021-11-29,Quetta,0.4875834537486607,0.021540430319167064,283.1216453116835,102127.96023983175
2021-11-30,Quetta,0.0,0.021563004228894095,283.41438680277275,101989.05839278107
2021-12-01,Quetta,0.0,0.02159246231330382,282.9652041728654,101966.6782357325
2021-12-02,Quetta,0.0,0.02163039013041074,282.4029977374533,101984.06636339438
2021-12-03,Quetta,0.0,0.021687112079297577,282.30390491531085,101946.8793915034
2021-12-04,Quetta,0.0,0.02306728815775169,281.8883387217394,101853.13884635859
2021-12-05,Quetta,0.0,0.02533089977309893,279.7030095386669,102064.29328683983
2021-12-06,Quetta,0.0,0.024441401900248644,280.2912466766428,102125.83786094547
2021-12-07,Quetta,0.0,0.02369695367764369,280.94178383675046,102103.38568968269
2021-12-08,Quetta,0.0,0.023222500564427883,280.4914511162121,102237.77456505534
2021-12-09,Quetta,0.0,0.022933526328854224,280.8507652563889,102352.09575196974
2021-12-10,Quetta,0.8848635256148277,0.022710721905701267,281.7992262374211,102296.54744756174
2021-12-11,Quetta,0.0,0.022563732413660713,281.55872527023394,102116.51282687389
2021-12-12,Quetta,0.0,0.022481137914186426,280.2620328333701,102090.49338798974
2021-12-13,Quetta,0.0,0.022506559134748156,277.15771779217954,102168.99581638628
2021-12-14,Quetta,1.067959237196173,0.02265155816064647,274.9232572768045,102333.74102906726
2021-12-15,Quetta,0.13105022562017227,0.022806951424264543,273.0291508603028,102438.89214038542
2021-12-16,Quetta,0.0,0.02291446586145317,273.2716705928371,102576.88450543012
2021-12-17,Quetta,0.0,0.022918801294139396,276.5200497349873,102373.41197002768
2021-12-18,Quetta,3.239155828095781,0.022859047559903877,279.16817339098355,102219.38534124783
2021-12-19,Quetta,0.0,0.02273503816378245,282.3256635446889,102050.23140491906
2021-12-20,Quetta,0.0,0.022609805963311528,283.4197682294787,101975.37697402042
2021-12-21,Quetta,0.0,0.022517870697766652,284.1651337160352,101795.48464890331
2021-12-22,Quetta,0.0,0.022398334808609546,286.1528142660249,101332.52241721677
2021-12-23,Quetta,0.0,0.022321048413806846,283.5386774429415,101522.26867626703
2021-12-24,Quetta,0.0,0.022306534064757,280.9982915661026,101653.0596039182
2021-12-25,Quetta,4.503682663282299,0.0346388230765157,280.8929924957434,101652.47778561543
2021-12-26,Quetta,0.0,0.07400743496411225,280.32637165063096,101934.52118638202
2021-12-27,Quetta,0.0,0.066256823824049,278.09133826810876,102113.9820671848
2021-12-28,Quetta,0.0,0.05945505329589148,276.4297299642739,102212.92675814521
2021-12-29,Quetta,4.265632963099308,0.05322360377227768,277.1304633643663,102168.5453436435
2021-12-30,Quetta,5.1776331568007965,0.05295882741136348,277.87327694019376,102329.96584486794
2021-12-31,Quetta,0.0,0.09075384286233874,277.6660428423558,102405.44226123295
2022-01-01,Quetta,0.0,0.1218369695694861,279.3958802391194,102181.91809039607
2022-01-02,Quetta,11.486859756027817,0.12130321920764231,278.99785863652136,102090.78414794503
2022-01-03,Quetta,22.098362600336284,0.17382646821697348,278.1096853667588,101876.2247332836
2022-01-04,Quetta,17.330063068903282,0.29511908308610785,278.0651457818727,101595.33144511285
2022-01-05,Quetta,0.0,0.3231302757414818,275.8583482431891,101636.39186648212
2022-01-06,Quetta,6.583272522531538,0.3167782475798051,274.942475055129,101656.99096385218
2022-01-07,Quetta,0.17821813261691713,0.3323221338370659,273.5953009573023,101755.72760833688
2022-01-08,Quetta,0.0,0.31545621964012177,272.60879040918974,102037.26119995737
2022-01-09,Quetta,0.0,0.30320480658614013,271.04028741748806,102206.16273477425
2022-01-10,Quetta,0.0,0.2965032090117212,272.87839496718715,102207.59751464009
2022-01-11,Quetta,0.2156523206083697,0.2901554737600123,273.4596899239029,102253.67819474018
2022-01-12,Quetta,0.1102585688563384,0.283519769481202,274.86093888602846,102035.43306830278
2022-01-13,Quetta,0.0,0.27423895359851597,275.53722001716403,101991.66082916313
2022-01-14,Quetta,0.0,0.26373549979630684,275.8745139920582,101981.4219226469
2022-01-15,Quetta,18.632320023655282,0.2541130917888686,276.1391433839294,102010.03355834748
2022-01-16,Quetta,21.602564426955002,0.24946540310462723,277.60198875799813,102041.8654945698
2022-01-17,Quetta,0.0,0.26633140875899214,279.3467784946143,102089.47052065587
2022-01-18,Quetta,0.0,0.3018882227241822,281.9563982942003,101916.90657447829
2022-01-19,Quetta,0.0,0.36032977050573284,280.15078243950944,101635.47104583686
2022-01-20,Quetta,0.0,0.326101185237055,277.49731167335676,101411.41328497657
2022-01-21,Quetta,0.3437413031400976,0.3177991886561327,276.83130970111694,100965.89050202297
2022-01-22,Quetta,0.0,0.319013163421995,270.6276498317774,101658.67612196547
2022-01-23,Quetta,0.0,0.30991694496410366,270.3854869885421,102020.24656675893
2022-01-24,Quetta,0.0,0.3053349881927647,271.8554926573424,102058.84374334538
2022-01-25,Quetta,0.0,0.2979816363982892,273.47172742008513,102022.8479583688
2022-01-26,Quetta,0.24475301895271567,0.28808292839487815,274.07933387635023,102121.64488846889
2022-01-27,Quetta,0.0,0.27685453056409065,276.5062887550713,101975.88800761281
2022-01-28,Quetta,0.0,0.2632333132707551,281.8380125814997,101592.75127581986
2022-01-29,Quetta,0.0,0.2485010603515346,281.5553874128125,101782.90546103062
2022-01-30,Quetta,0.19509289795129828,0.23401011972248664,280.6379068090645,101510.78627954639
2022-01-31,Quetta,0.0,0.2196706693866996,279.074986087251,101665.79519830705
2022-02-01,Quetta,0.0,0.206807884961485,280.8519930399475,101576.29060849658
2022-02-02,Quetta,1.090050825804624,0.19622790010052596,278.19948325266023,101449.06936035989
2022-02-03,Quetta,0.0,0.1860738791531287,275.406203164269,101827.102290247
2022-02-04,Quetta,2.1308403084022216,0.17591641533855426,277.919197216738,101504.18635301318
2022-02-05,Quetta,0.0,0.16576459216367512,280.44036034514176,101156.23635647357
2022-02-06,Quetta,0.0,0.16760031445062945,279.72157857787676,101438.7576059412
2022-02-07,Quetta,0.0,0.1601666898147956,278.05417893088577,101732.61545703787
2022-02-08,Quetta,2.843223045046934,0.1587823834221582,277.2548550911964,101644.81607218907
2022-02-09,Quetta,0.0,0.1535369558296441,276.958313129908,102051.44425175678
2022-02-10,Quetta,0.0,0.14256589940432327,278.10784815886274,102198.91596651402
2022-02-11,Quetta,0.0,0.13198112240844934,280.28426864333755,101902.64548259157
2022-02-12,Quetta,0.0,0.12109655862230932,281.3514406347412,101592.68548738287
2022-02-13,Quetta,0.0,0.11089071757951822,281.46489243736454,101336.93125133088
2022-02-14,Quetta,0.507526193501799,0.10251896853341352,280.6173339345086,101589.19108123932
2022-02-15,Quetta,0.0,0.09415566521839008,279.8055715305515,101733.66159470823
2022-02-16,Quetta,0.0,0.08656154519925395,278.9547560779025,101496.41580494035
2022-02-17,Quetta,2.5241721752027018,0.07959540246360211,278.9264591290261,101378.04553343268
2022-02-18,Quetta,0.0,0.07319217989486697,279.7362461923645,101673.69431830282
2022-02-19,Quetta,0.0,0.0669445301902896,281.6495578276305,101876.72926479981
2022-02-20,Quetta,0.0,0.060619923333293156,282.9415702086778,101665.22348062177
2022-02-21,Quetta,0.0,0.0542189060321658,285.91811104137076,100922.23999920143
2022-02-22,Quetta,1.581692566928506,0.06699131016295315,280.2111527109224,101287.5657040566
2022-02-23,Quetta,0.0,0.06343921514074614,280.3875725671959,101869.7402041631
2022-02-24,Quetta,0.0,0.056401974073125145,282.44650653672335,101933.64102826873
2022-02-25,Quetta,0.0,0.050554739666689115,281.63313185107523,101776.09188351786
2022-02-26,Quetta,0.0,0.0457591141414263,280.820662322166,101948.85095267248
2022-02-27,Quetta,0.0,0.04208687303013453,282.93102499360197,101966.71368691437
2022-02-28,Quetta,0.18723503250888904,0.047499811691292824,283.57790073942795,101838.2824978705
2022-03-01,Quetta,4.5507952461453876,0.05374055183319666,283.1223496326921,101864.82410136286
2022-03-02,Quetta,0.5566556095467717,0.06467075575352528,282.53249838045423,101899.10776991055
2022-03-03,Quetta,0.5332049382240646,0.058590721442305434,283.04533114752263,101984.62345586666
2022-03-04,Quetta,0.0,0.04889677525378975,284.367393183494,101903.76392435048
2022-03-05,Quetta,14.052608592961064,0.05086482234870351,285.4042396239974,101608.75874973382
2022-03-06,Quetta,12.771001361590228,0.09821796259102941,282.99798389436955,101446.04927251916
2022-03-07,Quetta,10.824415665988822,0.1067360909075848,283.5832793607175,101718.05339916951
2022-03-08,Quetta,3.7242298963244567,0.11930326285245799,283.388906011067,101702.63119569846
2022-03-09,Quetta,1.842040519795588,0.13078636115278328,284.68905903674903,101672.44711057282
2022-03-10,Quetta,0.0,0.11867327643009437,285.9592212125483,101738.03426586451
2022-03-11,Quetta,0.0,0.10153871762623916,288.42202673119766,101710.0272870528
2022-03-12,Quetta,0.0,0.08329381283137818,290.83550494543346,101539.72610253406
2022-03-13,Quetta,0.0,0.06742666000808116,291.8775878694396,101569.09061594972
2022-03-14,Quetta,0.04355196156737345,0.053856807819217006,293.17031712771944,101577.29629631598
2022-03-15,Quetta,0.21294326863459465,0.04291858621106643,292.8379386396692,101423.18020496167
2022-03-16,Quetta,0.0,0.03502939574086211,293.35294370522337,101246.78158805365
2022-03-17,Quetta,0.0,0.029965583502332437,293.4001836671239,101139.44193702086
2022-03-18,Quetta,0.3442549958139708,0.027175557159822415,291.1869530860946,101172.99543760647
2022-03-19,Quetta,0.0,0.025738918102985744,289.25000735458906,101167.17568915035
2022-03-20,Quetta,0.0,0.02509740594433898,288.19953080042455,101341.130794293
2022-03-21,Quetta,0.23853300702226624,0.024593881783601845,289.76572496829033,101362.97744277043
2022-03-22,Quetta,0.0,0.0242256677292884,289.8330201424855,101214.94792429727
2022-03-23,Quetta,0.0,0.024143586080227306,290.2634452830222,101167.57520549401
2022-03-24,Quetta,0.0,0.024122101146344894,289.3729585488368,101320.54773690371
2022-03-25,Quetta,0.06890062587224643,0.02401769452850497,289.28578478776893,101460.97308374144
2022-03-26,Quetta,0.40061470678352207,0.02379169802040216,291.5925633678188,101438.72930020226
2022-03-27,Quetta,0.0,0.02362358088929296,292.2229120593526,101411.99518020652
2022-03-28,Quetta,0.0,0.02350640051612658,292.0908590500251,101306.64201687605
2022-03-29,Quetta,0.0,0.023472527000864822,289.7092747652227,101487.79441545995
2022-03-30,Quetta,0.0,0.023558521368231448,286.6468176478787,101734.43827299829
2022-03-31,Quetta,0.0,0.023469085021834025,289.20033079031435,101708.06883784072
2022-04-01,Quetta,0.0,0.023322496343782712,290.5137816531923,101606.91939629469
2022-04-02,Quetta,0.0,0.023272703171859456,291.01151722281446,101590.41417642674
2022-04-03,Quetta,0.0,0.023179926939947505,290.3382774258145,101561.23745261921
2022-04-04,Quetta,0.0,0.0230763655775721,291.61286666948087,101536.18546608812
2022-04-05,Quetta,0.0,0.02294530607501868,292.83635199287414,101645.93228598803
2022-04-06,Quetta,0.0,0.022811023099120534,294.0992092282039,101610.43433826658
2022-04-07,Quetta,0.0036481236030539614,0.022831096161772476,294.52268378331934,101538.07805525979
2022-04-08,Quetta,0.0,0.02263933230502438,294.9522018840731,101215.5984036946
2022-04-09,Quetta,0.0,0.022556540420419588,295.6296051007195,101217.19881761073
2022-04-10,Quetta,0.0,0.02245502996146847,295.6521208010252,101043.2867634689
2022-04-11,Quetta,0.0,0.022414143793559913,295.18335412523135,100811.66348860727
2022-04-12,Quetta,0.0,0.022489494159098417,294.5699891985796,100728.7103125
2022-04-13,Quetta,0.0,0.02253358699055573,293.1973065610991,100989.47158778746
2022-04-14,Quetta,0.0,0.02256788085902841,292.97135261050437,101025.42093696758
2022-04-15,Quetta,0.0,0.022535185697469963,294.2147539245152,100908.27544319634
2022-04-16,Quetta,0.0,0.022423568370327336,295.0638073527278,100727.69596305364
2022-04-17,Quetta,4.0072173674061915,0.02949857110668491,294.3346253444361,100860.72143020651
2022-04-18,Quetta,3.223561777483665,0.03914166216008165,292.6521342305364,101205.67476841989
2022-04-19,Quetta,2.2433234758961946,0.04505561822114644,291.7703285961594,101458.17868877765
2022-04-20,Quetta,0.0,0.03431794607930394,290.6145969752192,101338.30155238499
2022-04-21,Quetta,0.0,0.02729684754977639,290.80750221421414,101193.33250798545
2022-04-22,Quetta,0.0,0.02391735663947431,292.1907154012631,101252.23850058559
2022-04-23,Quetta,0.0,0.02382105353472922,292.9248053238028,101289.56619915884
2022-04-24,Quetta,0.9685117781263801,0.02498126117158249,294.3136210013222,101176.21547593696
2022-04-25,Quetta,0.0,0.023423060623506842,294.9442613422972,101105.41346305363
2022-04-26,Quetta,0.0,0.022426668261344422,295.69655673683945,101113.53197961028
2022-04-27,Quetta,0.016021688670884604,0.02214819653070764,296.83497245013075,100998.96113394374
2022-04-28,Quetta,0.2852560579959537,0.022150202853513146,297.27771582777257,101054.78569633729
2022-04-29,Quetta,0.0,0.022186672594112673,297.5296279822311,101110.4557059199
2022-04-30,Quetta,0.0,0.022152284278847967,297.7153271042901,100795.64797327509
2022-05-01,Quetta,0.0,0.022024709213057533,298.4361578722667,100465.25056963367
2022-05-02,Quetta,0.01790516538961173,0.022571684811888322,296.7202420471555,100306.31552890755
2022-05-03,Quetta,0.0,0.024155008964820177,294.6170357802397,100535.49814922272
2022-05-04,Quetta,0.0,0.024040015186524263,294.01154808720275,101056.0318531729
2022-05-05,Quetta,0.0,0.02271862004034767,294.9317988903125,101150.84644245097
2022-05-06,Quetta,0.0,0.022265780252329944,296.1038624806706,101124.40840928444
2022-05-07,Quetta,0.0,0.022046617901101833,297.7984553930747,101079.83688271929
2022-05-08,Quetta,0.0,0.021972070159998747,298.8091256974676,100793.13742254044
2022-05-09,Quetta,0.02562506471013291,0.02191208074202528,298.5521710676444,100675.2449148211
2022-05-10,Quetta,0.0,0.021875714437992723,298.3290831955014,100761.56149622017
2022-05-11,Quetta,0.0,0.021893149619072683,298.5529824057063,100839.39773504043
2022-05-12,Quetta,0.0,0.021919690250741152,298.17917577415346,100792.40053343268
2022-05-13,Quetta,0.0,0.02189369634902321,298.7392806194506,100504.23622471251
2022-05-14,Quetta,0.0,0.021865220836182316,298.350874825239,100459.67985572826
2022-05-15,Quetta,0.0,0.021934175117661638,294.5755440915493,100805.37620022357
2022-05-16,Quetta,0.0,0.02194125650417797,296.0600250377146,100614.72145336455
2022-05-17,Quetta,0.0,0.0218810723438512,297.2624091056203,100580.200727747
2022-05-18,Quetta,0.0,0.021792985676771414,298.81215505670355,100721.67614272783
2022-05-19,Quetta,0.0,0.021764363793064977,299.72747025727534,100700.98453178235
2022-05-20,Quetta,0.0,0.021835150927186762,296.642778019166,100611.435345773
2022-05-21,Quetta,0.0,0.02190118056410486,296.08825981971944,100485.14077991906
2022-05-22,Quetta,0.0,0.021895388397961967,296.4589328034122,100205.58414155662
2022-05-23,Quetta,0.0,0.021934660717142628,293.94426940081826,100355.3399784391
2022-05-24,Quetta,0.0,0.021873064728909628,294.9945849039659,100754.366511925
2022-05-25,Quetta,0.0,0.021779687286844845,297.56536352986166,100827.22708635005
2022-05-26,Quetta,0.0,0.021683307519898627,300.14903039116666,100510.9375737329
2022-05-27,Quetta,0.0,0.021661322711205907,299.23721998415044,100518.3987462734
2022-05-28,Quetta,0.0,0.021713690987911368,296.6653289453528,100652.10988287904
2022-05-29,Quetta,0.0,0.0217846635063557,294.6792046377864,100692.44901565158
2022-05-30,Quetta,0.0,0.021813409492280385,295.07873707422,100734.05873269803
2022-05-31,Quetta,0.0,0.021805235122429364,295.3426469027998,100741.5062766184
2022-06-01,Quetta,0.0,0.021786863163477447,295.2031426229914,100839.1653274063
2022-06-02,Quetta,0.0,0.021758897186747197,295.14071723322803,100831.47865231051
2022-06-03,Quetta,0.0,0.021684854454374125,296.873741029331,100613.54181084962
2022-06-04,Quetta,0.0,0.021615337239687296,297.62250093424336,100551.1177539395
2022-06-05,Quetta,0.0,0.021540284814785853,297.5298158181845,100565.49216514053
2022-06-06,Quetta,0.0,0.021454554530181098,297.6151117909054,100552.62955254469
2022-06-07,Quetta,0.0,0.021374772335574548,298.1243755409029,100523.4415872551
2022-06-08,Quetta,0.0,0.02129863045826208,298.99409186935657,100435.9934904706
2022-06-09,Quetta,0.0,0.021207096678231816,299.63976775382184,100201.91629844546
2022-06-10,Quetta,0.0,0.021106792452117377,300.126177220082,100204.38720107533
2022-06-11,Quetta,0.0,0.021049568765478886,299.94590769839755,100239.84908299615
2022-06-12,Quetta,0.0,0.02299954325011479,299.0096936301601,100429.88479477211
2022-06-13,Quetta,0.0,0.02541524896832907,298.61843241035774,100704.75735732535
2022-06-14,Quetta,0.0,0.023167203787305947,299.046489861752,100588.0869905238
2022-06-15,Quetta,0.0,0.021108520481817963,300.1220610555011,100264.37224020442
2022-06-16,Quetta,0.16136167819667258,0.02063184234515163,300.59719117177076,100099.12560902892
2022-06-17,Quetta,0.3399638085237353,0.020996332466433076,299.37801687397683,100106.02218004681
2022-06-18,Quetta,0.14693414710754021,0.027811603795256816,297.00456063105435,100294.51869010858
2022-06-19,Quetta,0.07970180461119723,0.025607496215023142,297.32658473164867,100281.36531383087
2022-06-20,Quetta,0.46857802360691436,0.023836275259924496,296.6155205686656,100024.90672700168
2022-06-21,Quetta,0.0,0.026172513425654843,293.64843426978973,99964.11462867333
2022-06-22,Quetta,0.0,0.04506463221431389,292.08236587901337,100754.85822242331
2022-06-23,Quetta,0.0,0.047477683544429695,295.5677804623916,101006.37179354767
2022-06-24,Quetta,0.0,0.03362090176306685,298.84509699954145,100611.46626810048
2022-06-25,Quetta,0.0,0.025811974971149558,299.9521125188648,100226.31318382666
2022-06-26,Quetta,0.0,0.022445180764054808,299.0385419004006,100420.05376357536
2022-06-27,Quetta,0.0,0.02116369748914328,300.0058573526255,100538.78920437604
2022-06-28,Quetta,0.0,0.02056489241522595,301.74265654365144,100243.07779093909
2022-06-29,Quetta,0.0,0.0202312980708177,302.67927576570884,99853.21101123295
2022-06-30,Quetta,0.0,0.019910519982792307,302.48565775744,99827.50444633729
2022-07-01,Quetta,0.0872084330903204,0.019680527660536653,300.8240369803468,100050.03548179299
2022-07-02,Quetta,0.0,0.02022361257142603,300.04583518570365,100014.72381255322
2022-07-03,Quetta,1.519179359505895,0.02968147763063255,298.7631741384996,100156.48041844125
2022-07-04,Quetta,3.313390854781896,0.10321279864768827,297.4614742663337,100291.1381329855
2022-07-05,Quetta,3.807146655664329,0.200061375121377,296.5325243303167,100337.50496885649
2022-07-06,Quetta,9.503954853353548,0.20147057372423002,296.1069574113682,100631.07748136707
2022-07-07,Quetta,0.0,0.1757348010243508,295.5427347489316,100831.7467019804
2022-07-08,Quetta,0.037641466374697834,0.14602880998878986,296.5329690062194,100503.29857937606
2022-07-09,Quetta,4.662142071922958,0.12408237617574981,296.88703954819044,100194.98913862862
2022-07-10,Quetta,0.2515507734207725,0.1075450001705241,296.20772586326416,100389.4922969016
2022-07-11,Quetta,1.1609081503500118,0.10110710819900753,296.6567697418229,100476.89666418229
2022-07-12,Quetta,0.21883809475110777,0.08560290406469187,297.796022708856,100355.6781758411
2022-07-13,Quetta,2.8516500883796962,0.06490461294248932,298.1538790055232,100095.55198679726
2022-07-14,Quetta,0.46249817406907795,0.0646723043559831,296.5208053137862,100180.24912185901
2022-07-15,Quetta,0.0,0.06958053441564849,295.427816889826,100521.2082490417
2022-07-16,Quetta,0.0,0.05810506769772757,296.44697030261835,100493.71989299404
2022-07-17,Quetta,0.10552276052445729,0.05761228263547375,295.3757277467157,100699.15605887986
2022-07-18,Quetta,0.0,0.0742872636741972,296.27658925261704,100614.34778907581
2022-07-19,Quetta,5.201477977567475,0.08891332681581152,298.65885529972485,100360.82351629045
2022-07-20,Quetta,0.0,0.07120862699787021,300.5131894336376,100111.73515438668
2022-07-21,Quetta,4.015015932510415,0.05579477161795225,300.22729240053565,100199.30496832407
2022-07-22,Quetta,0.8766489691222545,0.06789652541169787,298.563987899815,100501.10589437817
2022-07-23,Quetta,1.091177941205351,0.1111814747149128,296.2611650046889,100501.23888788329
2022-07-24,Quetta,4.5417471950342545,0.1918908591543931,295.14295508333265,100518.18682895017
2022-07-25,Quetta,0.0,0.22788330437715998,294.1188639776955,100704.8817948786
2022-07-26,Quetta,0.8268257779766385,0.2547297564045668,293.8925022268214,100941.41797300894
2022-07-27,Quetta,7.49475728965902,0.2827063475028821,294.9750458650948,100874.29837707621
2022-07-28,Quetta,4.862257032284743,0.36757779110026323,294.522060875359,100945.44267940796
2022-07-29,Quetta,4.11966029603802,0.35981450385765745,294.984334390392,100828.92695565375
2022-07-30,Quetta,0.30841544457554204,0.31570872307365283,295.9921555774175,100565.55024701872
2022-07-31,Quetta,0.6664799866318903,0.26902938535171517,296.1777146792479,100256.26077273209
2022-08-01,Quetta,0.0,0.22821017138054916,295.47027332503035,100409.1675513735
2022-08-02,Quetta,0.0,0.19533846329315913,295.5277912764628,100424.30261791949
2022-08-03,Quetta,0.0,0.1680872283666935,295.463639794414,100600.54909444205
2022-08-04,Quetta,0.0,0.1440043595946017,296.3533018823348,100604.90318702087
2022-08-05,Quetta,0.0,0.1279639745665706,296.77578040925033,100416.77343324102
2022-08-06,Quetta,0.0,0.11670403235206407,296.33656736158383,100299.98184864776
2022-08-07,Quetta,0.0,0.10373644432921353,297.48609449443984,100242.7200125106
2022-08-08,Quetta,0.0,0.0913726000376955,297.9767474065864,100289.53264773208
2022-08-09,Quetta,3.157514878765281,0.09175277439184579,296.8541584996617,100353.69395256598
2022-08-10,Quetta,0.0,0.0955176072605355,297.08623112021627,100207.37628699957
2022-08-11,Quetta,10.837437967206183,0.09008473179138629,297.09739685626124,100304.69879312179
2022-08-12,Quetta,2.940419118051025,0.08358867675590628,295.8225793345252,100462.33688245314
2022-08-13,Quetta,1.1808293727390602,0.08673695082829662,295.9590060098573,100364.6319841354
2022-08-14,Quetta,0.06292618298246262,0.2316016698357463,293.63576294122936,100490.39361956979
2022-08-15,Quetta,0.0,0.31695681812951365,293.4702210978172,100755.40240523849
2022-08-16,Quetta,0.24800750019196954,0.29298991799557633,293.79333388433054,100715.05116455493
2022-08-17,Quetta,0.35279010377913145,0.341162482981381,293.8747401314279,100418.22611744035
2022-08-18,Quetta,4.583478961405192,0.4030270452894721,292.6233080064729,100343.69901006174
2022-08-19,Quetta,0.44226308437181694,0.3993351118920676,292.9076625965213,100414.4504288224
2022-08-20,Quetta,3.689000770663889,0.38539556872634834,293.03853693990806,100479.88629365417
2022-08-21,Quetta,11.626044115492187,0.39588554373659396,292.02562568993807,100534.49518393313
2022-08-22,Quetta,0.0,0.36434305874479583,292.51075933977404,100534.83810024483
2022-08-23,Quetta,0.0,0.3444867848402258,292.9284443419767,100718.9709239246
2022-08-24,Quetta,0.0,0.3846893576774187,293.0253100173493,100668.55550495101
2022-08-25,Quetta,1.7788646771757526,0.42975091759824136,291.13133982986045,100685.02632133727
2022-08-26,Quetta,4.522449057390579,0.4250849696846593,290.4183701768104,100860.55801054086
2022-08-27,Quetta,0.0,0.3952404139408802,292.1507951994879,100853.04101549186
2022-08-28,Quetta,0.0,0.36743335557078693,292.63579563260026,100840.1113327832
2022-08-29,Quetta,0.0,0.3448394914677979,293.2320117650636,101141.46992254046
2022-08-30,Quetta,0.0,0.32519553373511173,293.3558459350483,101246.94767115627
2022-08-31,Quetta,0.0,0.30505213005850085,293.79587830425993,101041.6005563245
2022-09-01,Quetta,0.0,0.2846376842994841,293.7936850961212,101046.69743318779
2022-09-02,Quetta,0.0,0.2661314174602279,294.2772558860625,101121.02812153961
2022-09-03,Quetta,0.0,0.24654093417980538,294.41510489269376,100870.53718643526
2022-09-04,Quetta,0.0,0.22670302298446746,293.63475649793037,100645.0917695911
2022-09-05,Quetta,0.0,0.2105334601762417,293.04691980911053,100791.31301852639
2022-09-06,Quetta,0.0,0.1988213642993343,292.5638271383777,101047.11960019164
2022-09-07,Quetta,0.0,0.1837240169509982,292.95714495648576,101242.97382825807
2022-09-08,Quetta,0.0,0.1661382202720317,294.0898374495324,101250.50554700807
2022-09-09,Quetta,0.0,0.14917094738086734,294.91026630897704,101126.47449504895
2022-09-10,Quetta,0.0,0.1322096571957503,295.03065825982793,100959.64087441437
2022-09-11,Quetta,0.0,0.11874476788600408,294.25200058667906,100788.2815159178
2022-09-12,Quetta,0.0,0.11101011907695574,293.6032245421532,100785.43292243399
2022-09-13,Quetta,0.0,0.10109558434732792,294.416399642927,100869.7313492866
2022-09-14,Quetta,0.0,0.08920223903276918,294.0742061968516,100936.25269990414
2022-09-15,Quetta,0.0,0.07876013138969809,294.1838187963866,100787.02617174188
2022-09-16,Quetta,0.0,0.06974335199861888,294.69646309665757,100435.89448067502
2022-09-17,Quetta,0.0,0.062385017832594106,293.9222243599836,100623.76746592844
2022-09-18,Quetta,0.0,0.05825039535947036,293.30863534428056,101071.39043574315
2022-09-19,Quetta,0.0,0.05373565559018942,294.30186917367286,101052.05434172695
2022-09-20,Quetta,0.0,0.04899731221759543,294.06473090774546,100997.80397306214
2022-09-21,Quetta,0.0,0.04545645454402406,294.3530005783523,101026.04021906943
2022-09-22,Quetta,0.0,0.04246620087241801,294.198128023857,101032.20878779811
2022-09-23,Quetta,0.0,0.040259088367849895,293.68553132684826,100885.90584619888
2022-09-24,Quetta,0.0,0.03859698618900226,293.3908616637752,100736.69473248508
2022-09-25,Quetta,0.0,0.03729398451225116,293.2182303537935,100810.42497684197
2022-09-26,Quetta,0.03016232352331143,0.03677823131156195,292.51115628508387,101222.85567078363
2022-09-27,Quetta,0.009455272979721796,0.036202163891248015,293.17663024473416,101091.5602089544
2022-09-28,Quetta,0.00789665569078488,0.03501538876171207,292.8887354981718,101009.19056963369
2022-09-29,Quetta,0.5414328119590295,0.034268402606502726,292.65282093162915,101049.50268499786
2022-09-30,Quetta,0.008810376679632666,0.03377130214901286,293.22933128434903,101089.00369782791
2022-10-01,Quetta,0.0,0.03322127927642597,293.59357397275505,100956.48907793863
2022-10-02,Quetta,0.0,0.03269944872793863,292.72668669948115,101046.21855408857
2022-10-03,Quetta,0.0,0.032662101823589085,291.75952629873535,101346.15325889051
2022-10-04,Quetta,0.0,0.03246205197214607,291.3929930515062,101518.74098940585
2022-10-05,Quetta,0.0,0.03218643580560721,291.74796642964134,101311.18982032579
2022-10-06,Quetta,0.0,0.03195670760943765,291.4248968857652,101210.38230329001
2022-10-07,Quetta,0.0,0.03180958740823589,290.6062215633706,101383.05492813028
2022-10-08,Quetta,0.0,0.03182900376241361,289.91915537659213,101530.71191013628
2022-10-09,Quetta,0.0,0.03201756695601696,288.7594202825577,101595.98164980832
2022-10-10,Quetta,0.0,0.03218508302860811,288.09560043122684,101651.20650633516
2022-10-11,Quetta,0.0,0.03239506025601354,287.4581059217046,101497.61614059839
2022-10-12,Quetta,0.0,0.03241732318451432,287.84401647668494,101583.10230675038
2022-10-13,Quetta,0.0,0.03223706515657165,288.5635339819469,101686.60489166311
2022-10-14,Quetta,0.0,0.03191969781081693,288.968328133994,101701.43487090073
2022-10-15,Quetta,0.0,0.0316458534964237,289.4369563117991,101664.08275633515
2022-10-16,Quetta,0.0,0.03130052946698321,290.0257219180919,101818.64052704426
2022-10-17,Quetta,0.0,0.031092128981114218,290.40641420077344,101792.38018978918
2022-10-18,Quetta,0.0,0.030880659949298853,290.24104528930764,101610.38828337942
2022-10-19,Quetta,0.0,0.03084342919717384,289.78295719447846,101567.81448786196
2022-10-20,Quetta,0.0,0.03098054310735281,287.9486655670809,101778.37710658007
2022-10-21,Quetta,0.0,0.03113386198582125,288.24767494751876,102114.88435556856
2022-10-22,Quetta,0.0,0.031066680552944554,288.5328977359772,102168.16292722529
2022-10-23,Quetta,0.0,0.030913563002110355,288.3904245440055,101989.29746859026
2022-10-24,Quetta,0.0,0.030896794255791185,288.6567604557104,101630.12322854555
2022-10-25,Quetta,0.0,0.03099241851338737,289.0107558882635,101611.81273530664
2022-10-26,Quetta,0.0,0.030815624884757597,289.57926759792394,101874.77374840288
2022-10-27,Quetta,0.0,0.03072367499728963,287.78857324417186,101938.88537345611
2022-10-28,Quetta,0.0,0.030676607980029507,287.90722693105914,101876.44401112647
2022-10-29,Quetta,0.0,0.030319445456786966,289.52773623356563,101798.85439656087
2022-10-30,Quetta,0.0,0.029925478578358474,290.32877056830154,101778.11332783214
2022-10-31,Quetta,0.0,0.02993928539962812,289.3533523702542,101832.96808267671
2022-11-01,Quetta,0.0,0.029946096529681714,289.20939642148556,101854.33461642885
2022-11-02,Quetta,0.0,0.029979223438720004,290.48260258940513,101676.41353731896
2022-11-03,Quetta,0.7194261456673148,0.0297106244305465,289.9299335339363,101594.17854157794
2022-11-04,Quetta,0.0,0.02964626522378308,289.3866644006802,101688.35601841987
2022-11-05,Quetta,0.03188732961982843,0.03074553360253961,287.3391654897641,101840.79083049402
2022-11-06,Quetta,0.2233315336643329,0.04614779446898094,285.5893474317177,101828.27548259156
2022-11-07,Quetta,0.0,0.06725873103404434,284.3983349877553,101847.03401086028
2022-11-08,Quetta,0.0,0.07903913013776682,283.9678299844404,101913.3071856367
2022-11-09,Quetta,0.0,0.08808478745867213,284.3758072382478,101996.6903103705
2022-11-10,Quetta,0.0,0.08420930163823763,284.4082640852921,102261.93996007234
2022-11-11,Quetta,0.0,0.07406542707071727,284.5110435866224,102328.36814948889
2022-11-12,Quetta,0.0,0.06533458659893945,284.962189756282,102175.80587334963
2022-11-13,Quetta,0.7896660456909229,0.07593298988407274,283.31988463428326,101857.13700196975
2022-11-14,Quetta,0.0,0.08087400259855176,279.88803155100777,102079.67862063457
2022-11-15,Quetta,0.0,0.07265681479614887,281.77319970355677,101988.8522066652
2022-11-16,Quetta,0.0,0.06511211581557795,282.6551702315046,101989.49754525126
2022-11-17,Quetta,0.0,0.05870843390183717,282.3006613566859,102045.00381574746
2022-11-18,Quetta,0.0,0.05352179599309222,284.85844068432993,101785.65646614139
2022-11-19,Quetta,0.0,0.04906766853570802,284.3572319429776,101980.74193675468
2022-11-20,Quetta,0.0,0.04559053004024922,282.5226633855852,102051.73212388202
2022-11-21,Quetta,0.0,0.043072335277342874,281.67502057830967,102098.26180259789
2022-11-22,Quetta,0.0,0.04124595724405857,281.2411186683997,102141.474311382
2022-11-23,Quetta,0.0,0.0397267643042006,282.9603898516192,102015.29790752767
2022-11-24,Quetta,0.0,0.0380633574165721,283.749010668857,101841.85436382025
2022-11-25,Quetta,0.0,0.036749786905508536,283.3102206233305,101988.32209193993
2022-11-26,Quetta,0.0,0.03582925704444831,282.67252119476996,101885.42150314095
2022-11-27,Quetta,0.21363225484422357,0.035081976977753934,283.0733141700793,101586.3571867014
2022-11-28,Quetta,0.0,0.034610064786513496,283.2271817170403,101748.2809931324
2022-11-29,Quetta,0.0,0.03426489951866452,283.04193483602853,102017.9886544399
2022-11-30,Quetta,0.0,0.033959061895020654,283.256876128119,102111.25214278107
2022-12-01,Quetta,0.0,0.033663900961326244,283.4191182870339,101835.59275660133
2022-12-02,Quetta,0.0,0.03361255173517993,281.1107105405896,101781.16214730617
2022-12-03,Quetta,0.0,0.03382508818904222,280.08546547893496,101967.05937846038
2022-12-04,Quetta,0.0,0.03405843473712802,280.1067087012077,101990.56025074531
2022-12-05,Quetta,0.0,0.03419174413123231,280.73854744559725,102135.44346624783
2022-12-06,Quetta,0.0,0.03436235389947753,280.5988871654227,102178.55574984026
2022-12-07,Quetta,0.45085099960307645,0.03439064775387852,281.7530469781984,102042.0170224659
2022-12-08,Quetta,2.5399740773936954,0.03430750043740128,281.6514239363747,101964.37482698035
2022-12-09,Quetta,0.0,0.034513824046978156,279.6719648309435,101944.82816013624
2022-12-10,Quetta,0.0,0.03480162415295957,279.23754905756994,101991.22503087731
2022-12-11,Quetta,2.1455058721870537,0.04001106682451927,279.9017997190614,101999.13330680366
2022-12-12,Quetta,0.0,0.04669960868961091,278.5058214824703,102113.3638232006
2022-12-13,Quetta,0.0,0.0448835570483232,278.4833252421459,102247.2647601682
2022-12-14,Quetta,0.0,0.042781344581097114,279.7440906163335,102166.85146135006
2022-12-15,Quetta,0.0,0.040907250685423766,280.6557993649811,101964.14613367758
2022-12-16,Quetta,1.73720346824477,0.03928233327004529,281.08846493198394,101808.78364246164
2022-12-17,Quetta,0.0,0.03793133210892164,281.9327269026991,101843.0446989459
2022-12-18,Quetta,0.0,0.03703948593356268,279.8501368263675,101996.06493292162
2022-12-19,Quetta,0.0,0.03660700519135023,277.93873917028884,101969.84922913114
2022-12-20,Quetta,0.0,0.03660850587722454,276.7215599091254,101953.96222503192
2022-12-21,Quetta,2.631153574753457,0.03663565605895752,277.0445269757191,101996.73309039605
2022-12-22,Quetta,0.0,0.036584809956937796,276.59752263724977,101894.30292136924
2022-12-23,Quetta,0.0,0.03682312334484161,274.6021990506693,102051.88551905873
2022-12-24,Quetta,0.6010479488405295,0.03700637507614663,276.55418645326915,101979.31250292798
2022-12-25,Quetta,0.0,0.03807678051525595,278.312755114519,101763.36314203576
2022-12-26,Quetta,0.0,0.03730514955276934,278.56809253963394,101979.53986823889
2022-12-27,Quetta,0.0,0.04402591789804486,280.0466804943701,102024.14492333896
2022-12-28,Quetta,6.106371153972826,0.059256728614750766,281.745941033783,101910.41968004683
2022-12-29,Quetta,0.0,0.14154555358106885,277.1709708548378,102245.51477321124
2022-12-30,Quetta,0.0,0.1391590321598778,275.7852897590322,102830.22679966988
2022-12-31,Quetta,0.0,0.12941279255890295,276.05733535073415,102677.95678928873
2023-01-01,Quetta,0.0,0.11995784094494748,275.5262811087802,102501.84953124997
2023-01-02,Quetta,6.329418160927559,0.11135936812877927,274.670001783138,102677.54570139477
2023-01-03,Quetta,0.0,0.10382319667541062,274.5461751255292,102837.8079844548
2023-01-04,Quetta,0.0,0.09687718661653258,276.2387051303219,102565.20584540033
2023-01-05,Quetta,0.23585933535834183,0.08969462809002172,278.16153465639235,102392.63352959964
2023-01-06,Quetta,0.1946991486687473,0.08234873074689147,278.9762260146739,102308.51729317503
2023-01-07,Quetta,1.105551747398441,0.08960873289178674,279.3354932294386,102164.7181431005
2023-01-08,Quetta,0.0,0.18851828794463116,279.3873406073046,102042.31610093695
2023-01-09,Quetta,0.0,0.20919903139442567,279.42455965933505,102188.8097737436
2023-01-10,Quetta,4.03052761466174,0.19857466650577768,280.22135598333784,101896.29984721036
2023-01-11,Quetta,8.738453464134386,0.33961671828140505,273.8983145100877,102179.13033911839
2023-01-12,Quetta,0.0,0.2976404231221482,267.8741018268645,102649.49607405237
2023-01-13,Quetta,0.0,0.27453538527480575,266.79388216914424,102889.39232378617
2023-01-14,Quetta,0.0,0.259350737398961,269.7896048075879,102716.94768686114
2023-01-15,Quetta,0.0,0.24610053422571485,270.81280492116485,102415.20574238712
2023-01-16,Quetta,0.0,0.2339628477166958,273.66986711280043,102151.83340502552
2023-01-17,Quetta,0.0,0.22284737911365157,275.58615802073905,102068.61831665246
2023-01-18,Quetta,14.552436554241014,0.26882908649433745,274.6327899690679,102091.52472529812
2023-01-19,Quetta,0.0,0.3235207485218471,274.46905172470383,102155.14225644164
2023-01-20,Quetta,0.0,0.3230748497498841,272.30764908213837,102351.10351655661
2023-01-21,Quetta,5.774654162356557,0.3102530015753724,270.73710851566426,102485.37386951662
2023-01-22,Quetta,0.0,0.2995044249231879,269.4858603794718,102510.90059412265
2023-01-23,Quetta,0.0,0.29006006974107096,269.1299064137567,102494.39313405025
2023-01-24,Quetta,2.402510546273226,0.2803802010418678,268.6702311287595,102455.00432336025
2023-01-25,Quetta,0.0,0.272502135472295,268.6294789324994,102591.05250798549
2023-01-26,Quetta,0.0,0.26739889687533286,271.05410882753773,102518.1517381814
2023-01-27,Quetta,0.0,0.26259879442049217,275.15648910297193,102204.77157820482
2023-01-28,Quetta,9.122095968841082,0.2647029307645396,276.22206616429287,101771.8288679195
2023-01-29,Quetta,0.04619222306311637,0.2955277567597564,272.56646645229154,101816.46067717206
2023-01-30,Quetta,0.0,0.3058611944221353,272.45647388261114,102273.25502688458
2023-01-31,Quetta,0.0,0.3052180164690249,275.63528564206183,102215.78198839439
2023-02-01,Quetta,0.0,0.2985503996373033,277.8559186621541,102007.1074997338
2023-02-02,Quetta,0.0,0.28650887924185675,279.48839398515696,101850.63322268952
2023-02-03,Quetta,0.0,0.2927595534749765,281.2462599478467,101858.21466247868
2023-02-04,Quetta,0.0,0.2766884639898121,280.0420550681377,101742.21163011072
2023-02-05,Quetta,0.11941235975268749,0.2638260413867923,280.37596302814467,101374.1506729131
2023-02-06,Quetta,0.0,0.2484826449600559,278.7202542974241,101909.42120474871
2023-02-07,Quetta,1.0113023949319295,0.2323274520579419,280.47036792670633,101640.28187712947
2023-02-08,Quetta,9.759822348614156,0.22680856621312784,283.00887568294536,101355.31333581769
2023-02-09,Quetta,1.3214345218132058,0.25644515124726613,281.2203953314828,101242.90894298337
2023-02-10,Quetta,0.0,0.23880887977647772,277.2802344842637,101741.70617759792
2023-02-11,Quetta,0.0,0.22058192316474448,274.61906177401625,102414.74059651828
2023-02-12,Quetta,0.0,0.20628431561722937,276.9462779633557,102501.77497338156
2023-02-13,Quetta,0.0,0.1922681354217268,284.22871265318224,102018.39756601358
2023-02-14,Quetta,0.0,0.1774425885245449,286.4260231599043,101925.1031124893
2023-02-15,Quetta,0.07519909114610193,0.1620819027460413,288.46400313351944,101730.15258171847
2023-02-16,Quetta,1.00944402435163,0.14643210489596928,289.16180769275337,101832.20254551744
2023-02-17,Quetta,0.0,0.13227895690120792,288.26488599306066,102010.58565667583
2023-02-18,Quetta,0.0,0.11931077678795222,287.60644014743053,101866.65254338796
2023-02-19,Quetta,0.2570456567411731,0.10803826881768273,286.4025596291553,101660.83167882237
2023-02-20,Quetta,0.0,0.0990217156873245,283.05532770324714,101713.09553928876
2023-02-21,Quetta,0.08977098176589002,0.09134021854346477,282.19409421310985,101708.14510620738
2023-02-22,Quetta,0.0,0.08331624775701862,284.48734308878574,101499.63369223804
2023-02-23,Quetta,0.0,0.07601410577136086,283.85936642345143,101640.06626490624
2023-02-24,Quetta,0.0,0.07250732560512489,284.40590542794905,101729.08386153103
2023-02-25,Quetta,0.06752588461367397,0.0683260543883896,285.4422534259836,102006.5215034071
2023-02-26,Quetta,0.0,0.061853252456379064,286.17903234729846,102181.49707703364
2023-02-27,Quetta,0.0,0.05619975623456275,285.594656966132,102090.18346944201
2023-02-28,Quetta,0.2498248938604351,0.058650918903166684,283.20177347728026,102015.19971119033
2023-03-01,Quetta,2.3989519366210725,0.08689430096012704,282.2434973263671,102198.74097130536
2023-03-02,Quetta,0.0,0.12743457072841233,282.2792851550195,102355.55817530876
2023-03-03,Quetta,6.748205757206098,0.22962545538950477,281.59143544536636,102430.16444367544
2023-03-04,Quetta,0.0,0.264273908551209,282.55777059486815,102356.87250319417
2023-03-05,Quetta,0.0,0.239940618724054,283.6681939199903,102262.64073972529
2023-03-06,Quetta,0.12679582836274594,0.21483701180626472,284.2546193347608,102008.44879338797
2023-03-07,Quetta,0.0,0.19024606253056947,284.5025749291889,101979.36657501063
2023-03-08,Quetta,0.0,0.16251169872987972,285.177616119688,102045.3534135434
2023-03-09,Quetta,0.0,0.13703846779281192,285.7999456400658,101992.98014666734
2023-03-10,Quetta,0.0,0.11441348760930872,287.2832203856276,101871.9588144165
2023-03-11,Quetta,4.012928643965841,0.09777257991879586,287.4338932308127,101779.32872364775
2023-03-12,Quetta,0.0,0.10520384286493817,286.60339544531314,101855.28757160349
2023-03-13,Quetta,0.0,0.10527023675020676,287.3140869538341,101760.1380336989
2023-03-14,Quetta,1.2788198338009833,0.08825146737388417,288.00666053356076,101429.22200383304
2023-03-15,Quetta,0.1170729489302107,0.07515658992180288,287.9016884637301,101183.15386259578
2023-03-16,Quetta,0.926891699730842,0.08410965552863445,285.54763018376855,101315.05169931857
2023-03-17,Quetta,0.07053576896706472,0.09808799022304135,285.0370012754042,101425.14642568142
2023-03-18,Quetta,12.16751142211017,0.15374702702727525,283.7096809609027,101376.42858922483
2023-03-19,Quetta,0.0,0.1796308020527291,285.52038125197873,101154.5015239033
2023-03-20,Quetta,0.0,0.1492520320097335,285.8064661692545,100934.08850990204
2023-03-21,Quetta,3.3089210263305864,0.14242830654493033,284.6942569107497,101033.58619782793
2023-03-22,Quetta,20.069165636514274,0.18127620523724608,282.24132696854673,101164.43219601788
2023-03-23,Quetta,37.56099077656889,0.26169856687217563,281.84504655074437,101021.4097505856
2023-03-24,Quetta,0.0,0.33476024010315464,279.55676836658233,101148.74021188242
2023-03-25,Quetta,0.0,0.30236480398790055,281.3188138208167,101527.27556058342
2023-03-26,Quetta,0.0,0.2676100894119982,283.2710392670248,101593.72935423763
2023-03-27,Quetta,0.0,0.23415719075070254,284.94118957679797,101369.41168893737
2023-03-28,Quetta,0.03933232825700021,0.22243090532639692,284.9418551074259,101241.80252182709
2023-03-29,Quetta,0.09243812739747548,0.32391967502661134,282.48492578864983,101173.42103572188
2023-03-30,Quetta,0.0,0.3579123063875422,282.21317016436905,101206.40414767887
2023-03-31,Quetta,0.0,0.3390138684586324,283.34052635166864,101145.05952486154
2023-04-01,Quetta,0.0,0.31193130055589446,284.66026149695625,101087.72353998081
2023-04-02,Quetta,0.0,0.2982000754950468,284.86133875676273,100943.4577390332
2023-04-03,Quetta,0.0,0.272935577513886,285.35821996850217,100961.99051879258
2023-04-04,Quetta,0.0,0.240551264457984,284.72634524140136,101371.2263793654
2023-04-05,Quetta,0.0,0.22333501322982938,284.98003956978295,101395.48599233388
2023-04-06,Quetta,0.0,0.20102330248441144,284.8246205523446,101687.83351815374
2023-04-07,Quetta,0.0,0.1815730056242804,285.86082729588736,101915.84842818353
2023-04-08,Quetta,0.0,0.16358967468590976,287.75344219799115,101954.29884635858
2023-04-09,Quetta,0.0,0.14618361298161966,288.4093751523279,101950.95490097954
2023-04-10,Quetta,0.0,0.13087926246170817,289.1342044617601,101789.6045458901
2023-04-11,Quetta,0.5116921238436203,0.11773722937268181,289.63796957619263,101732.7066436861
2023-04-12,Quetta,0.00826512512194034,0.10419059660270899,290.71986303599147,101688.71740550468
2023-04-13,Quetta,0.0,0.08940643033271879,291.8014114580906,101566.85318915032
2023-04-14,Quetta,0.0,0.0764371468816407,292.2286832069684,101367.91123456132
2023-04-15,Quetta,3.0261173746736123,0.07206583990284421,291.40626695662195,101305.81842259367
2023-04-16,Quetta,0.0,0.08073891899113213,290.8529806230014,101167.69931058347
2023-04-17,Quetta,1.6397985885415407,0.11255584069099833,288.7327802608474,101338.46795943355
2023-04-18,Quetta,1.8320378670781796,0.12611978133384094,287.45016673446037,101576.79122790668
2023-04-19,Quetta,0.0,0.1009454461378783,286.0975315708332,101287.43682974872
2023-04-20,Quetta,0.0,0.07964184738843703,286.461820716663,100924.57627661839
2023-04-21,Quetta,0.0,0.06398081764858059,288.23833030692015,100945.34382612859
2023-04-22,Quetta,0.0,0.05224686897186854,289.76386608502855,101079.90191918651
2023-04-23,Quetta,0.0,0.0432897894846858,291.07571162278515,101168.48869383516
2023-04-24,Quetta,0.0,0.0373830743515647,290.76898752319767,101318.7991191972
2023-04-25,Quetta,0.0,0.04271310673052448,290.61972112791,101388.9242517568
2023-04-26,Quetta,7.180131966454408,0.04508057780051895,290.15040951994706,101227.14798312391
2023-04-27,Quetta,0.13271453474002556,0.04302921035220718,290.2027723062613,101118.97794505961
2023-04-28,Quetta,0.5174100621595495,0.044822396945032754,288.8585865123431,101246.59028907579
2023-04-29,Quetta,6.00635440135124,0.08118640808677345,287.0676230983099,101158.54189922275
2023-04-30,Quetta,2.543359308998263,0.098531832502756,288.1529838978358,100919.71222609663
2023-05-01,Quetta,1.5606543872791008,0.09754534117543236,289.05353455711935,100895.95222875848
2023-05-02,Quetta,0.0,0.08976339781033865,289.7503700533621,101068.90597210391
2023-05-03,Quetta,0.0,0.0710428086496902,290.38677153670204,101172.73531649272
2023-05-04,Quetta,0.0,0.0608344571418481,291.32315756945593,101164.53506894167
2023-05-05,Quetta,1.198679937975167,0.08749614362483801,290.4778049380178,101203.02795384366
2023-05-06,Quetta,0.0,0.09216956921154501,290.33125993640897,101234.77723275124
2023-05-07,Quetta,0.0,0.06676092553991682,289.9989833870344,101173.57272439307
2023-05-08,Quetta,0.0,0.0492157944652724,291.08563879638024,101157.63928343268
2023-05-09,Quetta,0.0,0.037929993022374965,293.25261109927783,101320.32289661409
2023-05-10,Quetta,0.0,0.0307952607266948,295.4586078801499,101196.35479956343
2023-05-11,Quetta,0.0,0.02722044992961372,296.9316531891528,101129.52163783005
2023-05-12,Quetta,0.0,0.02551558826539679,297.2710417910069,101143.70136712096
2023-05-13,Quetta,0.0,0.02556665722718637,296.2487023020303,101130.41606659924
2023-05-14,Quetta,0.0,0.025130961004947133,295.6331386956516,100795.97809838157
2023-05-15,Quetta,4.763436683121897,0.03170128871607956,294.7203992830846,100709.49849419716
2023-05-16,Quetta,0.0,0.03362444421095576,295.1527138459068,100862.82318835176
2023-05-17,Quetta,0.6762498706528436,0.04336035822143206,294.4276358451601,101001.46121433133
2023-05-18,Quetta,0.0,0.040243559733904685,294.54154292221966,101460.62353678659
2023-05-19,Quetta,0.0,0.02959107316129253,296.4761999577573,101234.47861477853
2023-05-20,Quetta,0.0,0.02522991414370689,298.18375854851774,100975.50484827509
2023-05-21,Quetta,0.0,0.02387071929013166,299.076723927157,100979.77281356472
2023-05-22,Quetta,0.01982800566561177,0.02369753584680335,298.37893063087625,101085.1199017781
2023-05-23,Quetta,0.0,0.026980888587652744,297.557722542723,101087.20916285133
2023-05-24,Quetta,0.0,0.026821728824959885,297.2952271498634,100811.01791977214
2023-05-25,Quetta,0.0,0.024211097058757066,297.41915418868587,100722.48388309195
2023-05-26,Quetta,0.0,0.023552024901962485,297.2509070385698,100729.29781462943
2023-05-27,Quetta,0.0,0.023671136192135494,297.0839107852223,100762.35341886707
2023-05-28,Quetta,0.3059481562707046,0.027138651014389753,295.08761196285974,100903.64924190797
2023-05-29,Quetta,2.1756728908597305,0.0653595136634874,292.4816940743026,101111.08506202084
2023-05-30,Quetta,0.5187611417429207,0.10879271133050261,291.7043725546079,101164.37063857535
2023-05-31,Quetta,0.0,0.09787174597441774,293.1598087085941,100725.20039608177
2023-06-01,Quetta,0.0,0.08275997131538283,293.2922993554586,100741.920551267
2023-06-02,Quetta,0.0,0.06434445131508754,294.3661000222632,100783.7233328897
2023-06-03,Quetta,0.0,0.053289033455445244,295.248906151134,100799.46192557494
2023-06-04,Quetta,0.0,0.048080243398221194,294.9365873144646,100957.87948839436
2023-06-05,Quetta,0.0,0.041348282133294105,295.9944290674526,100805.16692637351
2023-06-06,Quetta,0.0,0.03326961396026177,296.96962055689346,100734.02733496593
2023-06-07,Quetta,0.0,0.029394062806908743,297.1859282976331,100753.68639240842
2023-06-08,Quetta,0.0,0.027181918411211557,297.8147351503561,100714.4394279706
2023-06-09,Quetta,0.0,0.024977779550893527,299.64691087375127,100474.72334167373
2023-06-10,Quetta,0.0,0.023655666240841592,299.2175028478305,100404.65896534282
2023-06-11,Quetta,0.0,0.023176853216757217,298.38432053205855,100432.42784603918
2023-06-12,Quetta,0.0,0.023028934788527904,298.017482452609,100353.93692051746
2023-06-13,Quetta,0.0,0.02411689138764482,297.1187481431239,100392.46051932493
2023-06-14,Quetta,0.0,0.026164107444542232,297.0821426268126,100356.48574664607
2023-06-15,Quetta,0.0,0.028864634100650273,295.8661578032078,100374.05071523637
2023-06-16,Quetta,0.0,0.031006154326266154,296.43138219440203,100407.12936169078
2023-06-17,Quetta,0.0,0.029700550185490057,297.8375131001167,100442.81095480196
2023-06-18,Quetta,0.0,0.026536637933872977,299.22982669633194,100442.9580531303
2023-06-19,Quetta,0.0,0.02533943143776369,300.4126894973935,100387.82880243823
2023-06-20,Quetta,0.0,0.023730460929978908,300.63159799557394,100318.91659311116
2023-06-21,Quetta,0.0,0.02287964738004252,300.60832970692314,100411.12525926316
2023-06-22,Quetta,0.0,0.022587758637774354,301.4925784683011,100403.5923743611
2023-06-23,Quetta,0.0,0.022561219240846038,302.02129158695874,100335.93994223807
2023-06-24,Quetta,0.20748431691522287,0.025454503199649346,301.4152383785474,100227.66726336241
2023-06-25,Quetta,0.39831768178858573,0.028351971259650544,300.461525108385,100188.10675122443
2023-06-26,Quetta,0.0,0.04556912709744665,298.5760369893842,100349.00399488922
2023-06-27,Quetta,0.0,0.05360853163780377,298.3169369859494,100451.6026357538
2023-06-28,Quetta,0.0,0.04893275452093402,298.42514879333913,100539.9520474872
2023-06-29,Quetta,0.0,0.05204603079298148,298.32664098870674,100413.92690055362
2023-06-30,Quetta,0.0,0.04950543203792538,298.7408827584228,100222.34092818355
2023-07-01,Quetta,0.0,0.04229533059565878,298.8747093702377,100384.64595719759
2023-07-02,Quetta,0.0,0.03802721403729568,299.52604223625,100485.03817903534
2023-07-03,Quetta,0.0,0.03168971393678356,301.2266767326148,100312.94741455495
2023-07-04,Quetta,0.0,0.027574435466395913,301.9053444419916,99966.62878007874
2023-07-05,Quetta,0.0,0.02647753906683244,298.41494996733155,100082.24536307495
2023-07-06,Quetta,0.0,0.03043051364948507,296.83842908821345,100424.00304913752
2023-07-07,Quetta,0.0,0.053974787307557275,295.6088749397188,100554.95240603703
2023-07-08,Quetta,0.0,0.07180350416834419,294.84140342465446,100588.48195379046
2023-07-09,Quetta,0.0,0.06056365000666843,296.51482091644846,100506.86897678874
2023-07-10,Quetta,0.0,0.07573746672006984,295.7966322741708,100608.04590475935
2023-07-11,Quetta,0.0,0.06360102695202972,297.8244992679333,100563.21603332623
2023-07-12,Quetta,0.0,0.04344703903934753,299.4467727389055,100389.43619410132
2023-07-13,Quetta,0.0,0.03219277433344478,299.2589491274139,100375.65257027258
2023-07-14,Quetta,0.0,0.026995806436793206,298.7818038902301,100504.30126996379
2023-07-15,Quetta,0.0,0.02446943243006155,299.5855736256672,100351.2423285775
2023-07-16,Quetta,0.0,0.02374821207457006,299.28729254636465,100400.9520227321
2023-07-17,Quetta,0.0,0.02317838626582131,299.25084527106094,100390.79414821122
2023-07-18,Quetta,0.0,0.022793888544779078,300.4088783317882,100271.3444029493
2023-07-19,Quetta,9.688522626244836,0.02330392359874927,300.24098360164567,100221.27995874148
2023-07-20,Quetta,1.7052655461780863,0.031081104744299756,298.6257962642238,100434.08910083049
2023-07-21,Quetta,1.6978472884631435,0.04374602277193603,298.3550170927031,100574.27285748508
2023-07-22,Quetta,7.011232398031516,0.07155121718259919,297.8030847571752,100740.24198706342
2023-07-23,Quetta,0.0,0.14099952201691612,296.23967401174167,100815.21205733604
2023-07-24,Quetta,0.0,0.14173411764115662,295.4137719765121,100621.99495315157
2023-07-25,Quetta,0.0296518011271852,0.1615278499848053,294.63768874259887,100706.76025314094
2023-07-26,Quetta,0.016412925517132575,0.20883571172017756,295.32507476126443,100753.57189656093
2023-07-27,Quetta,2.6339096788247156,0.20227989931122808,297.11877484704496,100578.21536919718
2023-07-28,Quetta,0.13707598291426334,0.1673062533238338,297.2490527474155,100289.52126597104
2023-07-29,Quetta,0.0,0.1464239233992844,296.6241809758756,100252.16818222955
2023-07-30,Quetta,0.0,0.13562024832990335,295.94347042159563,100317.17103545569
2023-07-31,Quetta,0.0,0.12017810754380655,297.45953842089415,100275.71323360306
2023-08-01,Quetta,0.0,0.09833533205273885,299.97961370261265,100086.79838772357
2023-08-02,Quetta,0.0,0.07777395208338178,300.6012858426441,100070.68204775338
2023-08-03,Quetta,0.0,0.06416462308503496,299.6147446758781,100163.07512617118
2023-08-04,Quetta,0.0,0.055390556439427335,299.00900206783,100390.24788783006
2023-08-05,Quetta,0.0,0.047607083837800414,300.08199066863943,100511.10456265968
2023-08-06,Quetta,0.0,0.04047953006153011,300.4663164551889,100197.6768230941
2023-08-07,Quetta,0.0,0.03460001718585017,299.6004475703071,99964.9309675788
2023-08-08,Quetta,0.0,0.030725511077586254,298.5729384511226,100203.69405318357
2023-08-09,Quetta,0.0,0.02803844378253129,298.79372980363644,100539.83435982747
2023-08-10,Quetta,0.0,0.026271752764189027,298.76600486447774,100671.16309092846
2023-08-11,Quetta,0.0,0.025926930862418075,298.68250255153634,100674.33918361367
2023-08-12,Quetta,0.0,0.024935690854368815,300.30627176998536,100465.11207383942
2023-08-13,Quetta,0.0,0.023926578588881038,300.26229228208734,100307.45938538117
2023-08-14,Quetta,0.0,0.02353561386203712,299.1450888795434,100552.03923126063
2023-08-15,Quetta,0.0,0.024162857103320702,298.07181172797107,100791.59485306639
2023-08-16,Quetta,0.0,0.02419238513467799,297.8883482371239,100846.41342765113
2023-08-17,Quetta,0.0,0.023331759039615128,297.50439112137406,100840.43024462307
2023-08-18,Quetta,0.0,0.023081864265472214,297.73265792335474,100767.05825942286
2023-08-19,Quetta,0.0,0.023024177551269506,297.8221329078044,100811.68157740627
2023-08-20,Quetta,0.0,0.022988568121299773,297.9842109864305,100837.85231127549
2023-08-21,Quetta,0.04275168385578785,0.022882725197371258,299.3452636382553,100709.50751570486
2023-08-22,Quetta,0.0,0.022711374346740126,299.78850005852235,100510.64213373083
2023-08-23,Quetta,0.0,0.022706121133850888,298.77080898083443,100272.33232618183
2023-08-24,Quetta,0.0,0.022697707007785593,298.2795296009069,100125.93807522357
2023-08-25,Quetta,0.0,0.023200032755707138,296.7746478388024,100202.81754711454
2023-08-26,Quetta,0.048415273864590117,0.025241492973817198,295.5775036516683,100479.74345027683
2023-08-27,Quetta,0.0,0.02487263319371843,298.2070306312436,100477.58238660559
2023-08-28,Quetta,0.0,0.02319410327345996,298.8977501767279,100439.99022811968
2023-08-29,Quetta,0.0,0.022803758624465136,296.79871521082737,100770.12106287263
2023-08-30,Quetta,0.0,0.022729712621113715,297.0883843219936,100939.65185956132
2023-08-31,Quetta,0.0,0.02264738419731524,297.6461016827509,100987.72711935689
2023-09-01,Quetta,0.0,0.023081257228212308,298.0861284773922,100916.34832596892
2023-09-02,Quetta,0.0,0.023231009332244198,299.355674599816,100719.9424347849
2023-09-03,Quetta,0.0,0.022783828726686703,298.6875111312908,100619.3436911733
2023-09-04,Quetta,0.0,0.022588177517961862,297.29905484071185,100651.65487941862
2023-09-05,Quetta,0.0,0.023361023984667526,296.9216251978529,100804.01465475936
2023-09-06,Quetta,0.0,0.023409158640595618,296.50054660816613,100932.10458288967
2023-09-07,Quetta,0.0,0.02513627164408539,296.36077415344994,100914.36489299404
2023-09-08,Quetta,0.0,0.024778555805611346,297.0596149671601,100860.2045961989
2023-09-09,Quetta,0.0,0.02314898302986971,298.2115609600842,100731.45617573464
2023-09-10,Quetta,0.0,0.02251505419044992,298.5325332763343,100587.42609215288
2023-09-11,Quetta,0.0,0.02236628517787742,299.1558637889577,100597.40688165458
2023-09-12,Quetta,0.0,0.022298566633026266,299.5570343782682,100588.67629365415
2023-09-13,Quetta,0.0,0.022297639343157743,298.2121088532895,100614.04659444209
2023-09-14,Quetta,0.0,0.02241192418563644,297.1204283575764,100782.76469468694
2023-09-15,Quetta,0.0,0.022736483957874438,296.96609554539845,100881.78478039816
2023-09-16,Quetta,0.0,0.02288461194533912,297.06943286724606,100820.54524834963
2023-09-17,Quetta,0.0,0.022580897251629536,296.7919793397899,100651.66054754044
2023-09-18,Quetta,0.0,0.023517856630393554,296.4394546806424,100712.21542190165
2023-09-19,Quetta,0.0,0.02534835369190256,295.8934052207727,100981.93785775128
2023-09-20,Quetta,0.0,0.024716593207858087,296.2154991735647,101035.20415779382
2023-09-21,Quetta,0.0,0.0230930622757192,296.21958561149387,101003.58606074317
2023-09-22,Quetta,0.0,0.02260281031541969,294.6065942580801,101048.91279785984
2023-09-23,Quetta,0.0,0.0224763179434625,293.18155468699746,101139.95811621592
2023-09-24,Quetta,0.0,0.02248330884735263,291.79905450603223,101141.84434252555
2023-09-25,Quetta,0.0,0.022503611398379548,292.12059331500734,101129.46289608176
2023-09-26,Quetta,0.0,0.022528672291432357,292.46852910299054,101360.06570139481
2023-09-27,Quetta,0.0,0.02252927939367863,292.1293668681312,101421.88317637348
2023-09-28,Quetta,0.0,0.022566453477728437,292.04270885157763,101326.85646214861
2023-09-29,Quetta,0.0,0.022700450752080645,289.25297659467253,101399.99379951022
2023-09-30,Quetta,0.0,0.022742944898285836,289.37313480682616,101458.87539421847
2023-10-01,Quetta,0.0,0.022721612942211998,289.77112116352794,101330.94711110517
2023-10-02,Quetta,0.0,0.022719314180944923,290.40170496531744,101410.28352800252
2023-10-03,Quetta,0.0,0.022653348577218867,292.76920156137686,101500.4106561435
2023-10-04,Quetta,0.0,0.022578391335621128,294.1644494838162,101513.87185636711
2023-10-05,Quetta,0.0,0.02252481663112,295.15011817715504,101318.04086642884
2023-10-06,Quetta,0.0,0.0224947092033529,295.6257180289637,101170.6325380643
2023-10-07,Quetta,0.0,0.02253094200381225,292.2715454956346,101506.07689416525
2023-10-08,Quetta,0.0,0.0226165933950187,291.07366033555166,101619.85942610732
2023-10-09,Quetta,0.0,0.022688782110869506,290.87887089024764,101558.42712547911
2023-10-10,Quetta,0.0,0.02267796914459696,292.03352842786893,101658.36084380324
2023-10-11,Quetta,0.0,0.022606290419761067,293.1681342115081,101615.27463027042
2023-10-12,Quetta,0.0,0.022512418691709862,294.0253114543267,101619.69718324105
2023-10-13,Quetta,0.0,0.022512635637724123,293.4309148724112,101650.81628034497
2023-10-14,Quetta,0.0,0.02262657670254465,290.87757427746294,101684.0949944101
2023-10-15,Quetta,0.009542801981280973,0.03153505608007892,289.4482093464005,101513.50743984239
2023-10-16,Quetta,0.0,0.037779676663746944,288.1635310569125,101406.47614326017
2023-10-17,Quetta,0.0,0.03371357865255032,287.1417551131847,101783.10791444842
2023-10-18,Quetta,0.0,0.035650913275350984,288.6435808663309,101908.89418281516
2023-10-19,Quetta,0.0,0.04041744578771468,289.5717246130662,101851.71482644802
2023-10-20,Quetta,0.0,0.04071090956021273,290.2917795207483,101866.41284284496
2023-10-21,Quetta,0.016102326444304167,0.04187720375126021,289.7865095098909,101884.70004844545
2023-10-22,Quetta,0.0,0.03798922194871356,289.56683328857065,101973.24872391394
2023-10-23,Quetta,0.0,0.03157264473355675,289.4248354771976,101877.54207037904
2023-10-24,Quetta,0.0,0.027639841191271802,288.96148904829647,101853.14280557919
2023-10-25,Quetta,0.0,0.02539897775731257,289.18453423430185,101989.42605941225
2023-10-26,Quetta,0.0,0.024128208691122026,290.27352661921293,101879.82611291522
2023-10-27,Quetta,1.6902404204422201,0.023449909441989637,290.93481028451225,101718.73026618398
2023-10-28,Quetta,0.12668083580835915,0.023281690477309488,289.92205846077064,101809.7505360945
2023-10-29,Quetta,0.0,0.023838289532723704,290.011139578486,101810.74241908002
2023-10-30,Quetta,0.0,0.024018643957048134,289.4248258908913,101877.02579402685
2023-10-31,Quetta,0.0,0.02469638519027164,289.04980379146855,101996.05899834963
2023-11-01,Quetta,0.0,0.02703445384747462,288.72604507753874,102077.35391663114
2023-11-02,Quetta,0.0,0.026948562440108566,287.72274407719834,101988.18619463374
2023-11-03,Quetta,0.0,0.025235902265281173,287.1551462437519,101715.61938138839
2023-11-04,Quetta,0.0,0.02414196222360536,287.43054943940336,101688.74553236793
2023-11-05,Quetta,0.0,0.02827641350108749,287.5884919829749,101793.91899834965
2023-11-06,Quetta,0.021646791341154492,0.04675911356954665,286.73764862948724,101969.93597849231
2023-11-07,Quetta,0.0,0.06698673074994145,285.55382175278754,101955.75624840286
2023-11-08,Quetta,0.0,0.06540059149772992,285.357942748235,101922.06576634366
2023-11-09,Quetta,0.0,0.06054543202198206,284.0324960584491,101994.70745182066
2023-11-10,Quetta,0.0,0.0511342918703598,284.1770379847927,102272.63549536839
2023-11-11,Quetta,0.0,0.043233072561408084,284.7800532322049,102385.49531196764
2023-11-12,Quetta,0.0,0.03711189059897081,284.48035903662014,102355.25733496586
2023-11-13,Quetta,0.0,0.032707065580109176,284.72965627121124,102199.88004924402
2023-11-14,Quetta,0.0,0.02953854291700353,284.75294882787904,102134.37234933984
2023-11-15,Quetta,0.0,0.02740937834636248,285.2784654968883,102087.48530185262
2023-11-16,Quetta,0.0,0.025892221016480397,285.4197861743688,102125.06831452301
2023-11-17,Quetta,0.0,0.024924980804772616,285.2510916283266,102073.1093891077
2023-11-18,Quetta,0.0,0.027804138686154646,284.74529031405854,101922.74756867545
2023-11-19,Quetta,0.0,0.02830437146283762,284.61995179422735,102016.38752661839
2023-11-20,Quetta,0.6376217616355805,0.02650818167864631,284.42435675508904,102076.33180392886
2023-11-21,Quetta,0.0,0.025354068307697878,285.4622320995081,101980.50143260222
2023-11-22,Quetta,0.0,0.024608224893685842,285.9550425903477,101767.38797167799
2023-11-23,Quetta,0.0,0.024217747564277876,283.0031944180455,101788.97963080279
2023-11-24,Quetta,7.2605945565469,0.02414738778022796,283.3082800235778,101938.46289874359
2023-11-25,Quetta,2.7004811428352764,0.026434197737235102,283.6805345698828,101994.65464624144
2023-11-26,Quetta,0.051173053380780965,0.027356062460730905,283.33353761693553,101928.27071523633
2023-11-27,Quetta,0.0,0.026302040225737903,282.45861738383655,101832.74280850723
2023-11-28,Quetta,0.0,0.02543171472673994,282.7371039908829,101834.26260833687
2023-11-29,Quetta,0.0,0.024818810024835526,283.09590666541857,101868.49420464222
2023-11-30,Quetta,0.0,0.024462111742235185,282.94594855798636,101976.47887723589
2023-12-01,Quetta,0.0,0.024301814827168956,282.4504926315212,102117.95613767034
2023-12-02,Quetta,0.0,0.024175375224107495,282.1937577118839,102087.34717392459
2023-12-03,Quetta,0.0,0.02438880523993573,281.7630709032169,102175.89669372868
2023-12-04,Quetta,0.0,0.024458455719912602,281.65379865768745,102178.3093196337
2023-12-05,Quetta,0.0,0.024311684646909727,281.9708790947106,102044.8763727108
2023-12-06,Quetta,0.0,0.02412228014034548,282.3128765905963,102039.95485093696
2023-12-07,Quetta,0.0,0.0240037157100957,282.2141764263128,101918.28539102426
2023-12-08,Quetta,0.0,0.0240004559743817,281.4183743503187,101927.14754817932
2023-12-09,Quetta,0.0,0.024040395053254816,280.7324531814687,102168.89635327937
2023-12-10,Quetta,0.0,0.02407632113992321,281.47446969625275,101939.2718715396
2023-12-11,Quetta,0.0,0.02413382706217032,280.76905547250885,101932.5804400021
2023-12-12,Quetta,0.0,0.02423513890125072,280.33136542299127,101900.47744064093
2023-12-13,Quetta,12.77124999606832,0.024268056684295793,281.5399937912066,101827.68003646717
2023-12-14,Quetta,8.976810496409867,0.02418906626140848,281.35858651247287,101751.37382399914
2023-12-15,Quetta,0.0,0.040753687393387764,279.03308637810716,101990.17905637778
2023-12-16,Quetta,0.0,0.065545284546349,277.1407763169313,102320.85222449957
2023-12-17,Quetta,0.0,0.062230905752707295,276.36894532268093,102492.43285615415
2023-12-18,Quetta,0.0,0.0562869391801478,279.4466455329402,102335.99031090288
2023-12-19,Quetta,0.0,0.050181322742226024,281.7217495621827,102241.8337316333
2023-12-20,Quetta,0.0,0.04472867732830578,282.2605563406051,102184.69644670995
2023-12-21,Quetta,0.0,0.04048301283031073,282.6404521957301,101978.88893952295
2023-12-22,Quetta,0.0,0.04278647605293788,281.6072491445981,101898.1347934412
2023-12-23,Quetta,0.0,0.03918386984656713,280.9785612707014,102169.1204836563
2023-12-24,Quetta,0.8294498176672185,0.03479842329485587,281.9480355632636,102323.21064522999
2023-12-25,Quetta,0.0,0.03133737318221985,283.90861634106614,102095.40989405876
2023-12-26,Quetta,0.0,0.02891085943669368,283.4624170179218,102176.36311887774
2023-12-27,Quetta,0.0,0.027375883138159477,282.68058397538965,102412.2089906303
2023-12-28,Quetta,0.0,0.026242265782526857,282.6442162822095,102048.27664608175
2023-12-29,Quetta,0.0,0.02546009733079848,282.4761498360576,101979.28044080065
2023-12-30,Quetta,0.0,0.02500545176777359,281.2315822522466,102089.31957623505
2023-12-31,Quetta,0.004366417678495078,0.024800267108525155,280.29082640687403,102115.1313045677
2024-01-01,Quetta,0.0,0.02465057188918954,280.1403313921746,102038.67848434838
2024-01-02,Quetta,0.0,0.026374796770432647,279.5502104742859,101893.98956958047
2024-01-03,Quetta,0.0,0.02744638565384074,279.09672580413536,101799.94095719758
2024-01-04,Quetta,0.0,0.032275170408007404,279.99565274729764,101788.54561488499
2024-01-05,Quetta,0.0,0.08509731028446887,278.9888847885261,101934.59765305577
2024-01-06,Quetta,0.0,0.08207371425249571,278.70089270895545,102058.16226256386
2024-01-07,Quetta,0.0,0.0774024841421236,278.7171398869026,102078.52214863713
2024-01-08,Quetta,0.0,0.13487627526564325,275.724477610764,102404.69705014904
2024-01-09,Quetta,0.0,0.13390023967476472,276.7216737448905,102378.57667482962
2024-01-10,Quetta,0.0,0.12450639405215343,279.5705301565748,102115.82733523208
2024-01-11,Quetta,0.0,0.1138275367654501,282.04856556014533,101875.0218811222
2024-01-12,Quetta,7.640912936436457,0.10285985401853247,281.645961381651,101684.790026086
2024-01-13,Quetta,0.0,0.09153345860790486,281.3982238321557,101713.41970080919
2024-01-14,Quetta,0.0,0.0801134328284364,282.36487456062287,101868.708640066
2024-01-15,Quetta,0.0,0.06956572827800024,282.947079490302,101743.0596752555
2024-01-16,Quetta,0.0,0.06004421504907214,282.07878215623003,101544.41186701448
2024-01-17,Quetta,0.0,0.05212347226681731,280.6246367692058,101687.29703790459
2024-01-18,Quetta,0.0,0.0457522854217408,279.98465788343555,101926.9885152257
2024-01-19,Quetta,0.0,0.04047656304588513,280.2822604143097,101918.1230848062
2024-01-20,Quetta,0.0,0.0363413614362969,279.5074723169951,102076.32925974233
2024-01-21,Quetta,0.0,0.03313077080730415,279.12994215320253,102038.77888894801
2024-01-22,Quetta,0.0,0.03079783466172315,278.06141111309995,102088.66444074744
2024-01-23,Quetta,0.0,0.029209409125618892,278.22429572573816,102163.70709646506
2024-01-24,Quetta,9.467035030774403,0.027742022352419002,281.2684789578526,101869.06484641184
2024-01-25,Quetta,0.0045430478773490724,0.02707079883599265,281.2927260557107,101724.36537452087
2024-01-26,Quetta,0.0,0.027059583452734858,281.48013650494494,101975.24553236795
2024-01-27,Quetta,8.43363374989524,0.026256988629368753,282.1662345411399,101879.09928529599
2024-01-28,Quetta,6.928599621725651,0.029097141242040814,282.6612025735868,101629.99841673765
2024-01-29,Quetta,0.0,0.032976057647237135,282.91789070142363,101833.66405717631
2024-01-30,Quetta,0.0,0.030844587556751266,281.74222978049295,101738.13370261925
2024-01-31,Quetta,0.0,0.028724188579882088,278.89188409353653,101842.48176133938
2024-02-01,Quetta,0.0,0.02728276841414373,277.1550511851356,101985.1376743505
2024-02-02,Quetta,0.0,0.09531405525272502,277.17588416433676,101878.43423099445
2024-02-03,Quetta,0.0,0.3527518700551474,278.1391265171185,101607.03053263418
2024-02-04,Quetta,0.0,0.3066224440791807,275.50937667877014,102013.67163037688
2024-02-05,Quetta,0.0,0.27867518499180505,274.76994061865906,102006.807024063
2024-02-06,Quetta,0.0,0.2651642456357956,275.6363948418673,101969.84875053233
2024-02-07,Quetta,0.0,0.2536638575287991,276.8700161693342,102380.17702432917
2024-02-08,Quetta,0.0,0.23582040699011642,278.60793227369555,102286.46126304299
2024-02-09,Quetta,0.0,0.2172086288304845,279.0001272880213,102109.18506388411
2024-02-10,Quetta,0.0,0.19919781131950173,279.4570562573441,102330.54170943354
2024-02-11,Quetta,9.66559697581718,0.1817917740933939,280.4193484525663,102282.34471678027
2024-02-12,Quetta,0.6253657400384672,0.16746095595611624,280.3881101159223,102160.76126889903
2024-02-13,Quetta,0.0,0.1523285938460065,281.2716185645689,102173.22839198254
2024-02-14,Quetta,0.0,0.13596976577524827,281.72676791471054,102257.19074398423
2024-02-15,Quetta,0.0,0.12037639854036904,282.77015431384075,102198.6989440481
2024-02-16,Quetta,0.0,0.10570296093119197,284.2133914939712,102070.41572189094
2024-02-17,Quetta,0.0,0.0915959636681734,286.34446467202997,101484.28908752128
2024-02-18,Quetta,0.0,0.09295878495363133,285.7178044776985,100833.51489432494
2024-02-19,Quetta,0.0,0.13260616722735127,278.2336342983471,101358.86100484451
2024-02-20,Quetta,0.0,0.11795190246859304,277.42103684797394,101626.1979966993
2024-02-21,Quetta,0.0,0.10509178120463089,277.35679177067067,101626.54233762773
2024-02-22,Quetta,0.0,0.09376261180940504,276.5430543180569,101945.26516157362
2024-02-23,Quetta,0.0,0.08385508535667821,277.0895916992394,101952.43467738497
2024-02-24,Quetta,0.0,0.07528890584829788,277.72347650916794,101915.26558107961
2024-02-25,Quetta,0.0,0.07509585768847483,277.1823806726303,101899.036864885
2024-02-26,Quetta,5.378471054835862,0.21429947276334751,274.5188693998941,102167.38859428237
2024-02-27,Quetta,0.0,0.32339260571386097,276.7391543560471,102104.1409470826
2024-02-28,Quetta,4.1963016878888375,0.3509299480908299,279.07081665649923,101854.66632213582
2024-02-29,Quetta,24.088640817872907,0.4108515649001614,279.49209972656695,101618.46019431426
2024-03-01,Quetta,0.07993708482186675,0.41094306633866406,275.3173502059578,101638.04737622444
2024-03-02,Quetta,0.0,0.3769422453794203,269.0996223418513,101898.78928476362
2024-03-03,Quetta,0.0,0.3610227425405752,270.48911181365946,102081.70497098591
2024-03-04,Quetta,0.0,0.35263216058751634,274.0555504839939,102072.40531516183
2024-03-05,Quetta,0.04725109608859787,0.3608128604098247,275.6867943811277,101915.59883650977
2024-03-06,Quetta,0.0939101748815793,0.3967671091186939,276.0359403663306,101851.04410295995
2024-03-07,Quetta,0.0,0.3750609522770237,277.2908860880185,102039.2924547487
2024-03-08,Quetta,0.0,0.3523052835978953,279.3595491434211,102004.9629101895
2024-03-09,Quetta,1.6850111061629076,0.33160439863318664,281.7206216036847,101858.1053958156
2024-03-10,Quetta,30.461673346166908,0.3422820951558188,280.69343570767705,101790.58369037478
2024-03-11,Quetta,0.05230027861652016,0.34710709540969853,280.4295559319793,102060.79913463586
2024-03-12,Quetta,8.554769060014662,0.35947322223756467,280.4362318910406,101835.35770922057
2024-03-13,Quetta,0.0,0.3580190446930537,277.4191267279777,102049.46184625215
2024-03-14,Quetta,0.0,0.32756135055654656,279.6220809346448,102201.95887324314
2024-03-15,Quetta,0.0,0.3048416969303647,281.13854936477367,102080.39757586241
2024-03-16,Quetta,0.0,0.2859680372473193,282.56314289064846,101942.55717392465
2024-03-17,Quetta,0.0,0.27163580587409836,283.86089081300076,101911.46132879045
2024-03-18,Quetta,0.0,0.25495970412454144,285.68034740987406,101871.29246566222
2024-03-19,Quetta,0.0,0.23588132495436043,286.3784717671158,101864.14970320484
2024-03-20,Quetta,0.8378766836786998,0.22551043909561358,287.1702336073817,101679.883204589
2024-03-21,Quetta,0.0,0.2288296879644357,287.57684126724513,101426.55903188886
2024-03-22,Quetta,0.0,0.20947424349765897,286.17374015556817,101453.52138389053
2024-03-23,Quetta,7.3565673358598795,0.19362289021463303,287.94741330668313,101220.49176293652
2024-03-24,Quetta,0.0,0.17932206562741926,287.61814304189295,101593.06264373932
2024-03-25,Quetta,16.526284477519823,0.16337273142271452,288.56348995024587,101708.92260940162
2024-03-26,Quetta,5.091812071223477,0.14993278256469936,289.95629882725854,101508.37565268311
2024-03-27,Quetta,7.055599532639145,0.15178375393609173,288.04057005934783,101684.30859614564
2024-03-28,Quetta,4.922322916748981,0.1760039130345723,286.2011037744441,101571.86186861157
2024-03-29,Quetta,1.2789885808499544,0.1951552945710528,285.6375413906133,101321.74403668013
2024-03-30,Quetta,0.0,0.17421761254435697,282.7942086317159,101795.05513415668
2024-03-31,Quetta,2.0941711265265024,0.14779966760534638,284.6274162384328,101908.10202086883
2024-04-01,Quetta,0.052405672402357516,0.12539673053020106,286.28118786111605,101491.55349872232
2024-04-02,Quetta,0.0,0.10646539613376083,286.74594847865967,101251.90493318782
2024-04-03,Quetta,0.0,0.09095629974226595,285.56453291070386,101513.41350377974
2024-04-04,Quetta,0.0,0.07824405574852737,286.9826279598498,101516.67537398849
2024-04-05,Quetta,0.0,0.06703852918322692,287.67215490372587,101478.48978864988
2024-04-06,Quetta,0.0,0.05745004927956329,288.5314571306095,101462.09546182919
2024-04-07,Quetta,0.0,0.04969499303155973,289.66677106420815,101410.7988130856
2024-04-08,Quetta,0.11719962157423286,0.043736558705145215,290.47087429152805,101399.79443568991
2024-04-09,Quetta,0.0,0.041875848071538595,290.9328877153458,101381.63689469759
2024-04-10,Quetta,0.0,0.039634338521876124,291.2064229814658,101359.30431351149
2024-04-11,Quetta,0.0014172420078651584,0.03930388953725021,290.94458695991676,101370.87112542585
2024-04-12,Quetta,15.508427329315236,0.08753746847210117,287.903807106993,101246.86568302811
2024-04-13,Quetta,7.9873531765101085,0.33565142868189307,285.2325257361006,101313.01052704426
2024-04-14,Quetta,16.77430714296929,0.3924384670051776,285.30017796336057,101445.77079030024
2024-04-15,Quetta,4.7205339114385705,0.37839680746967685,284.8328612089835,101779.1481167483
2024-04-16,Quetta,0.0,0.3344667122974645,286.28658601231217,101784.67681244672
2024-04-17,Quetta,9.312377290384527,0.39987482780356876,284.2061630164542,101456.72020123506
2024-04-18,Quetta,1.4348695393680915,0.4067633252899324,284.88000754894176,101082.89172433982
2024-04-19,Quetta,0.09829142187076287,0.38728579855317213,283.21007524021365,101049.97134263201
2024-04-20,Quetta,0.0,0.356966609619071,284.43072473299634,101267.89332144379
2024-04-21,Quetta,0.0,0.3304651120871998,285.5300766253754,101303.97638761708
2024-04-22,Quetta,0.0,0.3044303808910884,287.23792519846114,101342.36810769803
2024-04-23,Quetta,0.0,0.28014790248491733,288.2249128303762,101213.459265066
2024-04-24,Quetta,0.005819353431818634,0.26097260257996063,288.70702771963954,101195.08607644799
2024-04-25,Quetta,9.442178825527886,0.2740284932844347,288.07834470438075,101346.52591407581
2024-04-26,Quetta,17.16919226927489,0.34421655809791296,285.30505487185326,101203.93718244246
2024-04-27,Quetta,0.0,0.3593992998382029,284.54210932487354,101363.93803795784
2024-04-28,Quetta,0.0,0.32084479802579496,284.0635100419814,101424.4715121912
2024-04-29,Quetta,0.0,0.28341229877980983,282.2985928935669,101537.32485732535
2024-04-30,Quetta,0.0,0.2556473363847097,281.9589414294372,101532.23559518736
2024-05-01,Quetta,0.0,0.2320916337766545,285.5292754353615,101284.06198546635
2024-05-02,Quetta,0.7071977881150513,0.20872316740643626,289.60177622195584,101072.01848354978
2024-05-03,Quetta,7.404924696121345,0.24482078786196865,288.1618655852144,101000.6335572828
2024-05-04,Quetta,0.0,0.26064113829232016,289.57828562752223,101159.48816679088
2024-05-05,Quetta,0.0,0.22776051871685876,290.88011781080536,101115.36585125643
2024-05-06,Quetta,0.0,0.19517891809657367,292.08589734074747,101240.55027736373
2024-05-07,Quetta,0.0,0.16675657960110798,293.2558296224841,101245.32204242969
2024-05-08,Quetta,0.0,0.14201049518747666,294.6146894312202,101087.4537361584
2024-05-09,Quetta,0.0,0.1263848098633575,294.26202165788857,100980.19078817076
2024-05-10,Quetta,0.0,0.12951377296772687,293.8762364964913,101188.37542536196
2024-05-11,Quetta,0.04148326504981903,0.11799776132508873,292.37612319504376,101462.81461376701
2024-05-12,Quetta,0.0,0.09650061031690307,291.1101505931137,101500.94981819633
2024-05-13,Quetta,0.0,0.08059985653099049,292.52250256470705,101418.1709170038
2024-05-14,Quetta,0.0,0.07098919989235496,294.22628612550795,101448.3777967951
2024-05-15,Quetta,0.4397921733839953,0.06971048117902454,295.0387854500832,101464.6682410562
2024-05-16,Quetta,1.0030993229587395,0.0754167778366063,294.6704105646673,101466.19741828149
2024-05-17,Quetta,0.06913111400195543,0.0718882877971556,295.65347040331267,101219.6431066333
2024-05-18,Quetta,0.25137406619586156,0.07115746822497983,293.8914265481753,101168.99312899273
2024-05-19,Quetta,1.8099790643963984E-6,0.06216018659428119,294.66043813498567,100865.3404565055
2024-05-20,Quetta,0.0,0.04997883284924587,295.95842494962415,101007.053158273
2024-05-21,Quetta,0.0,0.04089203872983933,296.47856219372375,101033.47008384793
2024-05-22,Quetta,0.0,0.03475827353031782,297.20713738852515,100880.26147439305
2024-05-23,Quetta,0.0,0.03110055240022395,297.9705408668844,100627.8755882666
2024-05-24,Quetta,0.0,0.02944128615960418,298.6555026160634,100622.72532847097
2024-05-25,Quetta,0.0,0.028042386654491512,299.71501819565077,100772.61656462944
2024-05-26,Quetta,0.0,0.027182635362008798,299.50078639249773,100809.54475511068
2024-05-27,Quetta,0.0,0.026794281807357382,299.13374977852664,100591.64548791522
2024-05-28,Quetta,0.0,0.026463168055952977,298.2997804578255,100456.13918760649
2024-05-29,Quetta,0.0,0.026244553907698743,297.67770931289385,100503.08726975083
2024-05-30,Quetta,0.0,0.026050058914002583,297.5483787407947,100678.25865869885
2024-05-31,Quetta,0.0,0.025868148067199236,296.89973315371617,100717.31335338585
2024-06-01,Quetta,0.0,0.025371157566570955,298.1768292131484,100707.20930126698
2024-06-02,Quetta,0.0,0.024994606113379666,298.47898651027737,100799.1922537798
2024-06-03,Quetta,0.0,0.024867519463144337,299.0554734276289,100719.68848621164
2024-06-04,Quetta,0.0,0.02469669835937083,300.5220415739872,100582.40710285347
2024-06-05,Quetta,0.0,0.02612394955671356,298.81181271623984,100730.21428928875
2024-06-06,Quetta,0.0,0.026909412750122833,297.80835187271856,100969.78246459753
2024-06-07,Quetta,0.0,0.027786037221948633,296.1859882622479,100840.52933800037
2024-06-08,Quetta,0.0,0.027121392661099548,295.5933344189948,100703.3669737542
2024-06-09,Quetta,0.0,0.025358292678755008,296.3645068803013,100745.58131974019
2024-06-10,Quetta,0.0,0.02458269362961413,297.5378110267162,100756.93959619886
2024-06-11,Quetta,0.0,0.02419722035552614,298.8502327490421,100670.41587787477
2024-06-12,Quetta,0.9909224919228474,0.023999957009379923,299.2306605252944,100617.34449451657
2024-06-13,Quetta,0.0,0.023878937027523427,299.2978655881953,100468.71549829641
2024-06-14,Quetta,0.0057571334963318534,0.023885619939558202,299.19457343691244,100406.8909420251
2024-06-15,Quetta,0.0,0.0261131431540598,298.8950825422072,100497.55917323251
2024-06-16,Quetta,0.0,0.02689706500181754,300.1172403331019,100566.70758091989
2024-06-17,Quetta,0.0,0.025171302587453908,300.8178547538919,100566.22132240202
2024-06-18,Quetta,0.0,0.0238830763098193,299.9887599847153,100320.49970293867
2024-06-19,Quetta,0.0,0.0236579239740756,300.0666267728617,99974.88136499145
2024-06-20,Quetta,0.0,0.023891792384011706,299.017502920052,99968.98844521928
2024-06-21,Quetta,0.0,0.05584667695374196,295.2405463094023,100393.9841740311
2024-06-22,Quetta,0.0,0.08116227108263822,295.35702844488685,100475.81024968058
2024-06-23,Quetta,0.0,0.08477442115900667,296.65393879298523,100522.88443036629
2024-06-24,Quetta,0.0,0.06498028005137486,298.42588201905136,100332.13375905025
2024-06-25,Quetta,0.0,0.04597391196775677,298.057153441447,100196.60897226358
2024-06-26,Quetta,0.0,0.0373785253521531,298.4259943845226,100261.95545224656
2024-06-27,Quetta,0.0,0.031435962809140815,299.24196057745837,100368.08174563455
2024-06-28,Quetta,0.0,0.030194762910651173,298.5959113401019,100305.34069447401
2024-06-29,Quetta,0.0,0.028403558682339337,299.6057617641107,100167.24469681641
2024-06-30,Quetta,0.0,0.025592135440754903,300.82269216958787,100028.7310391823
2024-07-01,Quetta,0.0,0.023974845015413707,301.05926608716527,99752.87550122442
2024-07-02,Quetta,0.0,0.023350146227029172,301.05692689469976,99687.75489166308
2024-07-03,Quetta,0.0,0.023171664881882235,301.49831524971876,99932.91936728066
2024-07-04,Quetta,0.2522849846759484,0.0235950653232139,302.1338090698397,100097.65946736587
2024-07-05,Quetta,0.0,0.024026248353506495,302.0024363244927,99723.9853220826
2024-07-06,Quetta,0.0,0.023789030266782897,300.36573544330565,99601.85326953788
2024-07-07,Quetta,0.0,0.02791477318178316,298.0433075143099,100178.89369117335
2024-07-08,Quetta,0.0,0.02933435887386008,298.3238131177944,100518.04796608815
2024-07-09,Quetta,0.0,0.03115195352878168,298.8931976305798,100632.34961722739
2024-07-10,Quetta,0.0,0.02931120461459052,300.12147297865107,100547.91904227
2024-07-11,Quetta,0.0,0.024533600858637435,300.1188924943443,100139.94799244037
2024-07-12,Quetta,0.0,0.023742428789891554,299.87330469074067,99829.9868268207
2024-07-13,Quetta,0.0,0.036653251734597665,297.61511924011484,100025.52797620311
2024-07-14,Quetta,0.0,0.05016960603279667,296.958897811439,100175.61591114773
2024-07-15,Quetta,0.0,0.03978771294199016,297.93264736519944,100507.25403641396
2024-07-16,Quetta,0.0,0.030794733492641658,299.4570937048039,100458.819723701
2024-07-17,Quetta,0.0,0.02537181873743943,299.9441874510262,100333.10525926316
2024-07-18,Quetta,0.0,0.02541002918007289,299.2098695692833,100194.05174669929
2024-07-19,Quetta,0.0,0.028976408261456695,298.09725324501846,100179.14306005108
2024-07-20,Quetta,0.0,0.02712168258675657,298.3863914653074,100300.99304168441
2024-07-21,Quetta,0.0,0.025019176424666598,299.3340433364855,100245.80518473164
2024-07-22,Quetta,0.0,0.02346370155468777,300.39642385852096,100193.78276964439
2024-07-23,Quetta,0.0,0.02422000211318198,300.3671974283942,100012.25723275125
2024-07-24,Quetta,0.0,0.02597328560789631,299.5232516080912,99751.0285881601
2024-07-25,Quetta,0.0,0.025430602312494187,299.25655909016757,99771.92166152045
2024-07-26,Quetta,0.0,0.02438169125194647,300.4160632573333,99896.39224180153
2024-07-27,Quetta,0.0,0.023045188019994573,301.646174971858,100004.68045410987
2024-07-28,Quetta,0.03243841320733195,0.02294591974088377,300.97888034502114,100062.71239751916
2024-07-29,Quetta,13.156916410130982,0.028895720049171934,300.0300188492831,100126.8207658113
2024-07-30,Quetta,0.0,0.045232273190621286,298.6284181426101,100413.12000585604
2024-07-31,Quetta,2.040512729267854,0.04083247514559011,300.4550333874174,100252.19755829428
2024-08-01,Quetta,3.581322137086923,0.029399571047798577,300.723092932931,99966.11904200382
2024-08-02,Quetta,0.5476422280631641,0.0689401412132042,298.4020137894307,100048.54147705493
2024-08-03,Quetta,5.163544529674405,0.13318059677565924,297.37587720872085,100245.75975404595
2024-08-04,Quetta,4.521328116860462,0.18701219234867306,296.3122588270404,100400.00423365628
2024-08-05,Quetta,3.04347748944869,0.18040658033415377,296.536551138224,100545.21333022784
2024-08-06,Quetta,4.762590490082052,0.15143221259997142,298.6409346120509,100244.07242466994
2024-08-07,Quetta,2.611805686057121,0.1289252341301315,298.85821466583445,100297.28866908002
2024-08-08,Quetta,1.933787406906358,0.11310487962730359,299.02083729355684,100466.97221731259
2024-08-09,Quetta,0.0,0.10607151365090602,299.17788242519896,100603.05613740416
2024-08-10,Quetta,0.0,0.08769470160688483,300.1505839246568,100409.49505403532
2024-08-11,Quetta,0.0,0.07537038344946999,300.111487340066,100172.40260700596
2024-08-12,Quetta,1.2367724354648912,0.10223809900235059,297.1095432535805,100538.95940933772
2024-08-13,Quetta,0.0,0.09064968661514629,298.74047627615283,100670.75526325592
2024-08-14,Quetta,0.0,0.07530097099273861,299.3311469010586,100641.70858177167
2024-08-15,Quetta,3.9474217473140567,0.0646995505008557,299.5461881084109,100430.43902283862
2024-08-16,Quetta,0.3427438588605422,0.07879879634668714,297.26821489592953,100444.98159231259
2024-08-17,Quetta,9.32882784822324,0.1763978922820645,296.7888379863281,100607.96359348382
2024-08-18,Quetta,3.721313688157973,0.30720347088754735,295.4035504177251,100812.0938157474
2024-08-19,Quetta,0.0,0.28760401427373505,296.3379088634552,100654.64388043014
2024-08-20,Quetta,0.0,0.24131177933631726,296.14698947068183,100602.27918308131
2024-08-21,Quetta,0.9862018542486725,0.20506075926763917,295.0869594252506,100779.16310663334
2024-08-22,Quetta,0.007172611489238916,0.17465867884655958,295.18102631724315,100743.39878593483
2024-08-23,Quetta,0.00136279195102378,0.1451898905609495,295.57597950742013,100795.18040087304
2024-08-24,Quetta,0.008731440793202302,0.12279680383130943,295.3973755751029,100790.30602640541
2024-08-25,Quetta,0.041512970152058605,0.10545696265043553,296.56534444277196,100615.61998083472
2024-08-26,Quetta,0.03088988862566881,0.09331475913693861,296.5186351486717,100528.39086536411
2024-08-27,Quetta,0.10788534082688098,0.09952374891013592,295.30104800430627,100694.8472867866
2024-08-28,Quetta,0.0087193056436692,0.10159161814094471,294.98768371738015,100632.2396638096
2024-08-29,Quetta,0.5751309954932233,0.11313793513803311,294.84152253202376,100577.60359987219
2024-08-30,Quetta,1.311492054265443,0.2925164718454631,292.34350850353866,100950.18260514266
2024-08-31,Quetta,0.5948431635766053,0.3688798146678397,292.8126330556871,101078.90642967417
2024-09-01,Quetta,0.10167253198371831,0.34196812130929655,293.8663690951519,100958.87801107326
2024-09-02,Quetta,0.00419864701656101,0.35280287240595376,294.6135558259737,100873.33545969972
2024-09-03,Quetta,0.0,0.3494364150663047,293.63491154321406,101001.67002342417
2024-09-04,Quetta,0.0,0.31509252748592265,294.99486553129304,100768.35152975937
2024-09-05,Quetta,0.0,0.28029500173886057,295.2132386429725,100528.30738181433
2024-09-06,Quetta,0.0,0.25338282570522125,295.22011302027374,100681.10093590288
2024-09-07,Quetta,0.0,0.22922482630801688,295.66185015122227,100823.47537957836
2024-09-08,Quetta,0.0,0.2067133711468827,295.89965504002373,100880.7374917483
2024-09-09,Quetta,0.0,0.18124130987701326,295.01480798889196,100667.34062899275
2024-09-10,Quetta,0.0,0.1601591854972773,293.50898162347903,100667.14224393098
2024-09-11,Quetta,0.10230751114300081,0.14225009367995348,294.34350224487883,100774.45627235944
2024-09-12,Quetta,0.0342184083410729,0.12367942266339678,294.38740970215173,100686.19735732533
2024-09-13,Quetta,0.001976685983746025,0.10663414508358178,293.6648622663798,100503.7779801959
2024-09-14,Quetta,0.20506452957511712,0.09263327438813723,292.7504554639787,100550.06192584109
2024-09-15,Quetta,0.0,0.08084663382448433,293.5185785627391,100779.57858682922
2024-09-16,Quetta,0.0,0.07105035832766309,294.8273915668078,100976.40043121805
2024-09-17,Quetta,0.0,0.06211082012256665,295.29599757452826,101126.21474472951
2024-09-18,Quetta,0.0,0.05398889486387602,294.7309196053656,101033.5223301746
2024-09-19,Quetta,0.0,0.04801485346502225,295.0728252884856,101111.71228093057
2024-09-20,Quetta,0.0,0.04274046155419422,296.7135405419699,101014.87527816223
2024-09-21,Quetta,0.0,0.03828614069750738,296.33612595020395,101056.84224712521
2024-09-22,Quetta,0.0,0.03514787599215923,296.90406517609335,101008.5655267781
2024-09-23,Quetta,0.0,0.03276134012234205,297.7101082955944,101002.55573919292
2024-09-24,Quetta,0.0,0.03087972098355399,298.31517616189655,100821.29090369461
2024-09-25,Quetta,0.0,0.029566437148831216,297.10454692608766,100774.25547567074
2024-09-26,Quetta,0.0,0.0289933316535668,296.848524149863,100698.61163516823
2024-09-27,Quetta,0.0,0.028565766152030412,295.9568996079382,100773.3044524595
2024-09-28,Quetta,0.0,0.028277252387892155,294.96111199122794,101064.90987728916
2024-09-29,Quetta,0.0,0.0381587065437313,293.8042787120589,101368.9529650234
2024-09-30,Quetta,0.0,0.041757633332702514,294.3550000818829,101435.47197721463
2024-10-01,Quetta,0.5477775610528974,0.035447710742333056,294.47577141709235,101297.69820645227
2024-10-02,Quetta,0.68766466676275,0.03159045009840489,294.5035913959352,101276.28014959539
2024-10-03,Quetta,0.28725467281203454,0.0293519005242022,294.2747810308747,101073.74879817927
2024-10-04,Quetta,1.1026902656315536,0.02810694768711766,294.1597389214259,100977.93202086877
2024-10-05,Quetta,0.6126815053072814,0.027318969804546074,293.8917444903466,101110.15259103489
2024-10-06,Quetta,0.0,0.03270350703727381,292.0025047507169,101600.66013841565
2024-10-07,Quetta,0.0,0.045489026664807544,290.27167766343575,101920.82106021083
2024-10-08,Quetta,0.0,0.042123337940083924,290.3217673998889,101820.11851975082
2024-10-09,Quetta,0.0,0.03570867896960037,289.8635202291512,101612.73349313243
2024-10-10,Quetta,0.0,0.03165489954951132,289.5190080441458,101531.18312233815
2024-10-11,Quetta,0.0,0.02923271937373009,290.1844949010256,101520.29531542801
2024-10-12,Quetta,0.0,0.027848503918623393,290.9117249997348,101464.59963027043
2024-10-13,Quetta,0.0,0.027148286341808513,290.93936669466115,101471.20633464649
2024-10-14,Quetta,0.0,0.026754911532123123,290.8874006762876,101608.71225484453
2024-10-15,Quetta,0.0,0.026450922292853417,291.85641268767534,101575.92473275126
2024-10-16,Quetta,0.0,0.0262226106902539,292.32483093712307,101445.81722795998
2024-10-17,Quetta,0.0,0.026189693752031007,291.9236096705232,101479.34072588371
2024-10-18,Quetta,0.0,0.026204535697144184,290.6658228551115,101570.49551559836
2024-10-19,Quetta,0.0,0.026145162977730937,290.44510183656035,101616.72832969544
2024-10-20,Quetta,0.0,0.02607045025801129,290.6003914613739,101595.72058720185
2024-10-21,Quetta,0.0,0.026027572497530863,290.2333964244837,101595.80327805578
2024-10-22,Quetta,0.0,0.026034782860239823,290.15359764658,101669.41055659068
2024-10-23,Quetta,0.0,0.02876472284684191,290.9165211405364,101751.53570512135
2024-10-24,Quetta,0.0,0.02899157502988333,291.53545270314333,101826.38366854769
2024-10-25,Quetta,0.0,0.027375834420077978,292.33408808182344,101710.44036493821
2024-10-26,Quetta,0.0,0.02661587166556031,291.845010722917,101797.0813777683
2024-10-27,Quetta,0.0,0.026264618522128524,290.97900605001894,101641.16813192077
2024-10-28,Quetta,0.0,0.026203157207222574,289.510521131967,101505.0891096145
2024-10-29,Quetta,0.0,0.026273577623513518,288.73363771732096,101576.82735865627
2024-10-30,Quetta,0.0,0.026249582744470597,288.81034085981554,101781.53423844758
2024-10-31,Quetta,0.0,0.026142354377083704,289.34119356072,101895.32770922057
2024-11-01,Quetta,0.0,0.02602011460191073,289.7672599068096,101953.81783805364
2024-11-02,Quetta,0.0,0.025937841459812597,290.58955636223214,101900.4130334327
2024-11-03,Quetta,0.5829280964885496,0.025801900357837224,291.11538576909163,101881.8826125958
2024-11-04,Quetta,0.0,0.025686653024564056,291.57758577644654,101757.32340422698
2024-11-05,Quetta,0.0,0.025510673934529264,291.55717926727215,101827.35574478279
2024-11-06,Quetta,0.0,0.025369794196800924,292.18471772119716,101932.47716620527
2024-11-07,Quetta,0.0,0.025308664442124113,291.3974070459002,101929.67761685475
2024-11-08,Quetta,0.0,0.02542887430445567,290.06036379214646,101928.85863420994
2024-11-09,Quetta,0.0,0.025590420278346647,289.0734886719651,101957.35180419504
2024-11-10,Quetta,0.0,0.025764593116807902,287.54400209612095,102072.68429966991
2024-11-11,Quetta,0.0,0.026136523890671292,285.472860696501,102062.81572189093
2024-11-12,Quetta,0.0,0.02633274011216605,285.2225338988166,101900.51824531516
2024-11-13,Quetta,0.0,0.026315885497249718,285.88893727992996,101657.76207383942
2024-11-14,Quetta,0.0,0.026294434811160478,285.77846269745083,101755.27025181001
2024-11-15,Quetta,1.868796224041732,0.026911407418714072,283.4970073793531,101933.34820405663
2024-11-16,Quetta,0.0,0.027463983604002234,282.79891607983126,101918.36253566862
2024-11-17,Quetta,1.8297158971637029,0.027495644248256228,284.09465099648804,101916.35060663329
2024-11-18,Quetta,0.0,0.027317798642662653,284.8231460102088,102017.24046981473
2024-11-19,Quetta,0.0,0.02712643848096423,285.10352108995977,102061.34084034283
2024-11-20,Quetta,0.05487382212936166,0.026899625073096605,285.8430947902401,101900.72198546634
2024-11-21,Quetta,0.0,0.026699680521161888,286.37008515205787,101814.2170884795
2024-11-22,Quetta,0.0,0.02662704357296685,286.0997567256424,101771.11370528108
2024-11-23,Quetta,0.0,0.026729390600877062,284.55284731568685,101905.17032554302
2024-11-24,Quetta,0.0,0.026877556562017537,283.5732478521414,101933.57072402042
2024-11-25,Quetta,1.838962164103883,0.026918542722217855,285.0220703816888,101943.67583608387
2024-11-26,Quetta,0.0,0.02695475349231311,285.0623846304707,101974.54601762135
2024-11-27,Quetta,0.0,0.02686215335167921,285.0893836171,101796.36210737862
2024-11-28,Quetta,0.0,0.027251705124187293,285.2483907805511,101712.119175362
2024-11-29,Quetta,7.3064703018376935,0.10450970943782353,283.5734804933927,101844.9478785136
2024-11-30,Quetta,0.0,0.13211693906161268,283.15617234428805,101796.06168441224
2024-12-01,Quetta,0.6742102334933953,0.13684115752653928,281.846652833028,101678.79238341138
2024-12-02,Quetta,0.0,0.13281379740865046,280.70222597272715,101813.68555765545
2024-12-03,Quetta,0.0,0.11971343051838923,280.2944044631535,102140.66861451234
2024-12-04,Quetta,0.0,0.10745929332432053,280.00264616784824,102135.91444846676
2024-12-05,Quetta,0.06056726767622835,0.09640491225650394,279.12222350394006,102108.30949451661
2024-12-06,Quetta,0.0,0.08700053841603335,278.00508921747235,102036.37709247229
2024-12-07,Quetta,0.0,0.07881274689604514,276.18889553431814,102018.68220613287
2024-12-08,Quetta,0.0,0.0722890654373819,273.9934265537899,102244.3517251384
2024-12-09,Quetta,0.0,0.0668784665005373,275.96928882059484,102261.92234241906
2024-12-10,Quetta,0.0,0.06186855409309173,277.62974555817624,102078.96798951236
2024-12-11,Quetta,0.0,0.05751586112564494,274.4571252922305,102419.7961413969
2024-12-12,Quetta,0.0,0.05424989181509887,275.254708486727,102297.77333076023
2024-12-13,Quetta,0.0,0.05139336113223022,278.68263398828446,102078.21645655872
2024-12-14,Quetta,0.6625706037183431,0.048410889269749166,279.68646284325405,101940.24256761072
2024-12-15,Quetta,4.427790674285953,0.04568046771281823,280.28637874072564,102056.36921848377
2024-12-16,Quetta,4.930844783458025,0.043776693891084455,275.08002760809694,102524.66722263626
2024-12-17,Quetta,0.0,0.042292160584397234,276.5668774114256,102113.61911440585
2024-12-18,Quetta,0.0,0.04093122786652427,276.6509949868597,101877.8128042483
2024-12-19,Quetta,0.0,0.039624975357185635,277.3569826459477,101812.75339118399
2024-12-20,Quetta,0.0,0.03841215277720014,277.8600428564883,102008.66856739778
2024-12-21,Quetta,0.0,0.037358732770478964,278.62707574436,101646.20193329427
2024-12-22,Quetta,0.0,0.03668012741409463,276.97797568477745,101566.68277762987
2024-12-23,Quetta,0.0,0.03607758733780799,276.01322149897345,101978.36306697188
2024-12-24,Quetta,0.3289044821688832,0.035483553429884636,276.474566249945,102142.07566652466
2024-12-25,Quetta,0.011499571873341547,0.03491776197217933,277.78105377036985,102155.21365071337
2024-12-26,Quetta,0.0,0.03437391093750692,277.1256349043925,102324.64924084327
2024-12-27,Quetta,0.0,0.033996050334802616,276.0766712970724,102499.31138149489
2024-12-28,Quetta,0.0,0.033644045927793964,277.4012985111647,102293.624467632
2024-12-29,Quetta,0.15728032013017434,0.03310574565672994,279.7695212174978,102144.40685956128
2024-12-30,Quetta,0.0,0.0323967114718782,281.2003286069474,102042.39675867754
2024-12-31,Quetta,7.894296480208074,0.04064691412523346,280.9181957779058,102064.66797407367
2025-01-01,Quetta,4.367331381753924,0.0681516191351488,282.24374141335693,101832.26408326233
2025-01-02,Quetta,0.8558223106832682,0.0651715900436306,281.1449720976881,101840.45831186113
2025-01-03,Quetta,5.211329969068199,0.07789822356935115,276.92815488703746,102118.13628513626
2025-01-04,Quetta,0.0,0.08376873614231607,271.9879059109967,102344.89448493393
2025-01-05,Quetta,0.0,0.07877312434389808,272.80852872693634,102368.60221278745
2025-01-06,Quetta,0.0,0.07423611287296257,274.56155543412376,102508.23992520227
2025-01-07,Quetta,0.0,0.06994938644071241,278.120701425174,102338.52422354129
2025-01-08,Quetta,0.0,0.06561488286396921,279.1738283822592,102120.45592099658
2025-01-09,Quetta,0.0,0.06087753421538663,280.4449464008392,101816.38863234666
2025-01-10,Quetta,4.316296453557184,0.05612094820662696,279.2138206523524,101952.81708288965
2025-01-11,Quetta,0.0,0.0521301608543244,277.4800963788788,102163.67684651827
2025-01-12,Quetta,0.0,0.04813234280483889,278.648070312188,102228.10515997656
2025-01-13,Quetta,0.0,0.04399594323733933,279.5239189381898,102001.37865337516
2025-01-14,Quetta,0.0,0.04045196407562897,278.92917911748344,101991.3667046422
2025-01-15,Quetta,0.04817664715053681,0.04291419337379329,275.86292684434807,102349.2877888096
2025-01-16,Quetta,0.0,0.04411398697549273,275.8401706113279,102390.9455733603
2025-01-17,Quetta,0.0,0.04260171269639389,275.79090615401947,102127.31326767459
2025-01-18,Quetta,0.0,0.06586789347244078,276.89084584493366,101768.59875292798
2025-01-19,Quetta,0.0,0.16976971253151918,276.79684771423507,101914.2056292589
2025-01-20,Quetta,0.0,0.29415090193740373,275.73434899238606,101921.38788303874
2025-01-21,Quetta,1.7202438447097698E-4,0.29618756131243124,276.1854970178813,101718.21119197187
2025-01-22,Quetta,7.372387703630747,0.2845742151021009,274.6995073652293,102145.95925867755
2025-01-23,Quetta,5.098503663857487E-4,0.268811505353972,273.3927388461023,102495.84111637561
2025-01-24,Quetta,4.767843222892501E-4,0.25510292009898444,276.5841430680093,102139.09545277893
2025-01-25,Quetta,0.0,0.24118425890236364,278.20831506780036,101989.19256388413
2025-01-26,Quetta,0.0,0.22578001378680534,279.19345523719414,101963.05707703362
2025-01-27,Quetta,0.0,0.20962418414868114,280.2011302857015,101729.17155770866
2025-01-28,Quetta,4.992519068791065,0.19518421136270123,281.20728559035854,101478.83457410561
2025-01-29,Quetta,0.0,0.18383011964692905,277.02128267451764,101945.7562590502
2025-01-30,Quetta,0.0,0.1708535827905328,273.4351352437769,102031.66781329851
2025-01-31,Quetta,0.0,0.1589384382682249,273.69344899642743,101860.75493265541
2025-02-01,Quetta,0.0,0.14744047415114342,274.95820067024965,102001.720794293
2025-02-02,Quetta,0.0,0.13556693270421727,276.9633212092679,101870.45414554937
2025-02-03,Quetta,0.0,0.13059214178775272,275.5399379143181,101768.02404785987
2025-02-04,Quetta,0.0,0.1243828328667142,274.94807642610124,102045.73319553878
2025-02-05,Quetta,0.0,0.11436800762308647,275.39760456893197,102127.60932841775
2025-02-06,Quetta,0.0,0.10448206912922894,277.73969367058186,102042.65296502342
2025-02-07,Quetta,0.2639142180250693,0.09437009634855184,280.4204945876528,101888.45722396717
2025-02-08,Quetta,0.018148710500563766,0.09094449083890378,280.7476779419152,101691.76830600508
2025-02-09,Quetta,2.3279285832117513,0.09607348470779932,280.6416204579238,101533.13237649061
2025-02-10,Quetta,0.287363047797036,0.141448082043866,280.5495781311346,101678.53553662688
2025-02-11,Quetta,0.0,0.12988456622096106,278.390543648689,102072.78937872658
2025-02-12,Quetta,0.0,0.11471105496494818,278.78167470569167,102282.71942051742
2025-02-13,Quetta,0.0,0.10075096444471662,281.5776378600399,101976.89963639263
2025-02-14,Quetta,0.0,0.09893867700632021,281.62983696343457,101754.93668574313
2025-02-15,Quetta,0.0,0.1076199229910318,281.82430720301693,101604.58622897144
2025-02-16,Quetta,0.0,0.09657507987945746,281.15549355978607,101743.36569367544
2025-02-17,Quetta,0.0,0.08896281221250049,281.3470322499229,101809.53442317933
2025-02-18,Quetta,0.0,0.09966786708972596,282.2811037763934,101725.65233949103
2025-02-19,Quetta,0.0,0.1788305664279121,279.22464736864833,101568.65330094761
2025-02-20,Quetta,0.0,0.1843110213314925,278.2267889988306,101814.06168414606
2025-02-21,Quetta,0.5391788902640139,0.21799704823014698,279.5189128536938,101956.99295969974
2025-02-22,Quetta,0.0,0.275147695720094,281.809254269402,101918.80450676104
2025-02-23,Quetta,0.0,0.24269992210999064,282.4485460632083,101832.21887750209
2025-02-24,Quetta,12.306312289246097,0.2751924200236694,282.2302866720517,101981.36035721889
2025-02-25,Quetta,16.546516402925295,0.32855628921794694,283.98067340398086,101768.62148158005
2025-02-26,Quetta,0.17135456830072743,0.314045125862741,282.4980775062174,101916.80558480622
2025-02-27,Quetta,18.022674617442394,0.3489389280268308,280.7902295746769,101471.6008310264
2025-02-28,Quetta,1.43440170557373,0.3264786229737437,279.481585083181,101464.25805419503
2025-03-01,Quetta,0.0,0.2908209694250953,279.85720229067084,101645.81648956556
2025-03-02,Quetta,1.3284057259925177,0.2966755312995977,280.4268761498679,101366.10455387562
2025-03-03,Quetta,0.0,0.30303788635149936,276.20137341163064,101965.56329242972
2025-03-04,Quetta,0.0,0.271756124458551,276.3331543804473,102478.372041365
2025-03-05,Quetta,0.0,0.24835122467508886,280.82168230064315,102216.4448038224
2025-03-06,Quetta,0.0,0.22522346979647062,283.0868935055492,102016.26400739992
2025-03-07,Quetta,0.0,0.20494774839540955,283.8891284417539,101837.42526165882
2025-03-08,Quetta,0.0,0.18554528419975536,284.658300107428,101558.0481428343
2025-03-09,Quetta,0.05252872739983579,0.1696038932951928,286.4801516755259,101612.09142115629
2025-03-10,Quetta,9.072680421257342,0.15709921326168821,288.58030880856006,101725.08314416524
2025-03-11,Quetta,4.531697097498878,0.14860247662363918,288.2201918697846,101756.21730408858
2025-03-12,Quetta,0.0,0.13674359661147795,285.9102735779138,101565.4650958262
2025-03-13,Quetta,0.0,0.12539085884245868,283.3392701404058,101437.9671241482
2025-03-14,Quetta,0.18611011388151563,0.11747438914934258,282.161138063525,101462.41711083897
2025-03-15,Quetta,0.0,0.12046394315651363,281.9619659070301,101666.36201687605
2025-03-16,Quetta,0.08133894858612109,0.11308487705315198,283.5470801870421,101778.76142860942
2025-03-17,Quetta,0.0,0.09753049645756946,284.86291659856107,101720.8332855089
2025-03-18,Quetta,0.819971900238089,0.08672909892058928,284.73151600302117,101570.99107059196
2025-03-19,Quetta,0.13187923574366398,0.07812037085078777,285.3201077149629,101668.3364759902
2025-03-20,Quetta,0.0,0.06958731469885997,286.4830415675669,101962.39290806005
2025-03-21,Quetta,0.0,0.060331936586586865,287.7766653725723,101987.76924110942
2025-03-22,Quetta,0.0,0.05166405659924171,289.139678664546,101704.59573786195
2025-03-23,Quetta,0.0,0.044626682049709564,289.7906714470261,101637.23063218694
2025-03-24,Quetta,0.0,0.0396769607561275,290.17348710042234,101484.05825995526
2025-03-25,Quetta,3.4593723351707655,0.045649449046804805,287.9995043795407,101114.84545517461
2025-03-26,Quetta,4.3323501351988485,0.055533053383510375,282.09656486814487,101206.41389719972
2025-03-27,Quetta,0.0,0.049881609906397506,278.56105812965234,101715.2130496699
2025-03-28,Quetta,0.0,0.04396272142660473,280.74490054843795,101908.6900306111
2025-03-29,Quetta,0.0,0.03870415015494127,284.49401796058237,101739.63555366267
2025-03-30,Quetta,0.0,0.03445489516250115,286.18988188956405,101726.46036147782
2025-03-31,Quetta,0.0,0.03140498194350631,287.63949257802426,101671.81982005958
2025-04-01,Quetta,0.0,0.029202632308344773,288.847393822223,101505.82241908008
2025-04-02,Quetta,2.974300767477773,0.02950877790218185,289.56606755206275,101380.9425577619
2025-04-03,Quetta,0.0,0.029281861794258936,290.20799109403157,101543.61166205279
2025-04-04,Quetta,0.0,0.0271223302188074,292.5257388043982,101562.61045730411
2025-04-05,Quetta,0.0,0.025816467237499616,294.819305346184,101425.2065851256
2025-04-06,Quetta,0.0,0.025129946915010772,295.5331754016605,101360.04275447186
2025-04-07,Quetta,0.0,0.024736994018208117,296.3461239208975,101373.95703045143
2025-04-08,Quetta,0.1522306831772526,0.024492433364928814,296.05263105397853,101416.03339517672
2025-04-09,Quetta,4.798345426749531,0.03040567306007328,294.37822246410735,101332.32294399488
2025-04-10,Quetta,0.0,0.02980406529926428,293.2876637968184,100870.06843057918
2025-04-11,Quetta,0.0,0.02610717968396474,293.42542291445193,100705.12999946762
2025-04-12,Quetta,0.0,0.024435592621040222,293.9449313564613,100924.97811222314
2025-04-13,Quetta,0.012916980723912303,0.023795991103666723,296.4210078353494,101205.37983603064
2025-04-14,Quetta,0.0,0.023508702743330966,297.4647584176697,101298.85361930364
2025-04-15,Quetta,0.025774187611152605,0.023295619971098237,297.3998843839128,101165.10356633304
2025-04-16,Quetta,0.0,0.023397870147722398,297.86682893699975,100938.1284617227
2025-04-17,Quetta,0.0,0.0233153552348339,297.1567160887671,100804.45412185902
2025-04-18,Quetta,0.0,0.02334345148748325,293.5617365031807,100777.38454535774
2025-04-19,Quetta,0.0,0.02369557670406967,287.7696474382268,101091.75999547484
2025-04-20,Quetta,0.0,0.024043186389201738,286.62602861901564,101332.4165526512
2025-04-21,Quetta,0.0,0.024036705541312847,288.2745130790003,101714.7898269804
2025-04-22,Quetta,0.0,0.023820225587289218,290.73377161986707,101727.28376437393
2025-04-23,Quetta,0.0,0.023606560364289434,292.4261529424907,101315.98745341777
2025-04-24,Quetta,0.0,0.02341785742842561,293.1185137018382,101067.3525258198
2025-04-25,Quetta,0.0,0.02322764061446355,293.984695935658,101101.32376144589
2025-04-26,Quetta,0.0,0.023058189509065227,295.53279363602945,101135.75232857752
2025-04-27,Quetta,0.0,0.022884433124635364,297.1828726592706,101107.54452965285
2025-04-28,Quetta,0.2315504260932363,0.022717551491871126,298.1778245808713,100905.0515720826
2025-04-29,Quetta,0.0,0.022626903583758382,298.94510029595125,100827.4558959753
2025-04-30,Quetta,0.0,0.023215567346732077,298.8560635446164,101006.35246113712
2025-05-01,Quetta,0.0,0.0229275587429586,298.18288996283275,101029.52842073038
2025-05-02,Quetta,0.0,0.023169290563181528,297.2288724889541,101018.98218829851
2025-05-03,Quetta,0.0,0.025108299212046846,295.77653994324646,100817.2165225724
2025-05-04,Quetta,0.0,0.030675073847860057,293.48911671505795,100725.49903614775
2025-05-05,Quetta,0.0,0.033491629102837935,292.51225872817446,100907.34307202935
2025-05-06,Quetta,3.434672067561615E-4,0.028952885443077104,293.8959470110085,100865.69732005958
2025-05-07,Quetta,1.7728365060519665E-4,0.02435377585623903,295.30891971317345,100746.83106313883
2025-05-08,Quetta,2.330400698920125,0.026259794478928206,295.9833840883895,100781.23602188031
2025-05-09,Quetta,0.10829096116187457,0.02766132844299974,295.68402182492906,101092.68298871376
2025-05-10,Quetta,0.0,0.02482621198889205,296.2750591833925,101115.07167296633
2025-05-11,Quetta,0.0,0.022982926290188235,296.4272741243445,100941.72302784285
2025-05-12,Quetta,0.0,0.022602052163292495,297.0717868976064,100744.71275527043
2025-05-13,Quetta,0.0,0.022528957343115035,297.7059187851948,100795.46182548977
2025-05-14,Quetta,0.0,0.022456068356290302,298.58950214323175,100877.87764214221
2025-05-15,Quetta,0.0,0.022345787126323426,299.4842289184534,100817.16990523848
2025-05-16,Quetta,0.0016976767877399208,0.022269122000785787,300.8060923905726,100615.44243159067
2025-05-17,Quetta,0.0,0.022226012997299625,301.6008259433917,100571.13248722318
2025-05-18,Quetta,0.15672997630140986,0.022249302016544723,300.5750795956836,100658.2050085179
2025-05-19,Quetta,0.0,0.02226862743319197,299.0024177747961,100729.71252102853
2025-05-20,Quetta,1.9080419871429366,0.02222243489358047,300.3815746674761,100656.06019591138
2025-05-21,Quetta,0.0,0.02218680258842438,301.31780659317616,100553.91064602854
2025-05-22,Quetta,0.0,0.022136487597975103,301.549160891202,100391.67667429727
2025-05-23,Quetta,0.0,0.022110390757918708,300.9129079284321,100269.83735998721
2025-05-24,Quetta,0.0,0.022266518128723798,300.4279158268699,100323.59319713582
2025-05-25,Quetta,0.0,0.022752627947329115,299.27618864519775,100666.33601895226
2025-05-26,Quetta,0.0,0.023778507962679062,299.54736042614053,100555.77198333686
2025-05-27,Quetta,0.0,0.024094474961444925,299.3337578219272,100390.8330765545
2025-05-28,Quetta,0.0,0.022814702213250528,297.3232821405725,100487.34763389052
2025-05-29,Quetta,0.0,0.022355886477763365,295.7810811486749,100239.77743451875
2025-05-30,Quetta,0.0,0.022315254406384766,295.4188578968381,100157.66668494459
2025-05-31,Quetta,0.0,0.022339377200177004,295.02698017547107,100417.79064922273
2025-06-01,Quetta,0.0,0.022263101494359668,296.3090284014154,100400.34113341142
2025-06-02,Quetta,0.0,0.02219583111686642,296.9040492302691,100239.38016929298
2025-06-03,Quetta,0.0,0.02217186106259954,297.4305790190554,100278.02887803449
2025-06-04,Quetta,0.0,0.02217453709114416,296.5856094082642,100547.49151485306
2025-06-05,Quetta,0.0,0.02222503586291994,296.93313655543466,100947.48760727211
2025-06-06,Quetta,0.0,0.02251026047420123,298.5598178433318,101022.81348913968
2025-06-07,Quetta,0.0,0.022345340821906822,298.6154185262719,100985.83366428874
2025-06-08,Quetta,0.0,0.022099893148618283,299.4851876807227,100888.49489485731
2025-06-09,Quetta,0.0,0.022072835399101286,299.49733520672424,100863.12516343693
2025-06-10,Quetta,0.0,0.022095728153399892,299.10567120007795,100771.0866439523
2025-06-11,Quetta,0.3789099150591448,0.022102337132659158,299.09128474541507,100780.43957357323
2025-06-12,Quetta,0.0,0.022100202331889553,298.68674301645683,100681.02887084751
2025-06-13,Quetta,0.0,0.022066225120115506,298.26117114840946,100576.96073999148
2025-06-14,Quetta,0.08947397528454229,0.02209867082083514,298.5523761030952,100401.68827965288
2025-06-15,Quetta,0.1372699071011653,0.023230826374077793,297.1230035068526,100243.2340787372
2025-06-16,Quetta,0.0,0.022608796270783157,297.82242116153674,100270.58677278533
2025-06-17,Quetta,0.0,0.02213665719062073,299.20539504407037,100275.05370847529
2025-06-18,Quetta,0.0,0.02197235055432813,302.1407466140219,100083.7107357325
2025-06-19,Quetta,0.0,0.021896269547539902,302.5074062930987,99960.6197503194
2025-06-20,Quetta,0.0,0.021828413881543402,302.009548029859,100115.14545224658
2025-06-21,Quetta,0.0,0.021832551539181184,301.9683559560259,100224.94993957624
2025-06-22,Quetta,0.0,0.022032507463722744,300.16488564334725,100113.14975617544
2025-06-23,Quetta,0.0,0.02217986224389497,299.5245705363562,100004.1085484987
2025-06-24,Quetta,0.0,0.02184582805037839,301.04063605014454,99898.12403215504
2025-06-25,Quetta,0.0,0.021796956037947016,301.6153633285341,100082.10249893524
2025-06-26,Quetta,0.0,0.02280146257096159,300.3985236663643,100309.87394404809
2025-06-27,Quetta,0.0,0.031040558844787833,298.3287775274271,100324.93562526618
2025-06-28,Quetta,3.23150644028207,0.04697397683710619,297.9350604905707,100209.48411600295
2025-06-29,Quetta,0.04516305232982212,0.04974741821462363,298.821260493645,99917.21749547486
2025-06-30,Quetta,0.0,0.03890394692797335,299.93318774169717,99904.0981364459
2025-07-01,Quetta,1.3676711511389903E-4,0.026709407500960788,301.1983020996926,100023.28319181218
2025-07-02,Quetta,2.2066752849373003E-5,0.02286777598149801,301.03929539989696,100058.94478918226
2025-07-03,Quetta,9.434004533638084E-5,0.023021035960694054,299.5239644096845,100217.09346837732
2025-07-04,Quetta,0.5120382188479503,0.02458206055450006,300.06306706898044,100222.64949105617
2025-07-05,Quetta,4.825290212074779,0.023227863864151335,301.4132906813786,100053.87317637345
2025-07-06,Quetta,17.374544537396403,0.03122198619333466,300.74792548604734,99989.70037452085
2025-07-07,Quetta,0.0,0.03833356960194818,298.9369402527686,100127.61256335175
2025-07-08,Quetta,0.0,0.03386768291241604,299.6243300623465,100156.38986477848
2025-07-09,Quetta,0.0,0.028375227720746927,300.24373151256026,100161.09941466137
2025-07-10,Quetta,0.0,0.03886588235797697,299.38708045708165,100288.19185423762
2025-07-11,Quetta,0.0,0.07935095674946928,298.57810626539595,100383.80139267458
2025-07-12,Quetta,0.0,0.07705602542979008,298.2342034442907,100529.43936302168
2025-07-13,Quetta,0.0,0.060887005972225954,297.58643461518756,100435.49431777044
2025-07-14,Quetta,0.0,0.060335699554737984,295.7292530629527,100423.31116695055
2025-07-15,Quetta,0.0,0.06005420864609942,295.9996502792558,100320.23984028958
2025-07-16,Quetta,0.0,0.04950384310062191,297.3112826802795,100319.01382053873
2025-07-17,Quetta,0.0,0.03958055259015734,297.95882567063984,100535.72730435473
2025-07-18,Quetta,0.41042368143949226,0.03267932751041999,298.6234280374714,100491.47967818353
2025-07-19,Quetta,0.14978329471672616,0.032210615180826276,298.9205339645136,100134.53486131813
2025-07-20,Quetta,5.922473108870002,0.04074190374804381,298.067182659472,100083.23372045357
2025-07-21,Quetta,3.9392570186514253,0.043529242949347687,298.73774724870395,100254.13433533853
2025-07-22,Quetta,0.0,0.03530346943531975,300.3387235821491,100095.03060902892
2025-07-23,Quetta,0.0,0.029933472177915976,300.42034137576377,99752.86389986156
2025-07-24,Quetta,0.0,0.04335336543293853,298.55522529225124,99855.29920757024
2025-07-25,Quetta,0.0,0.05069440435510274,298.5624930084246,99936.41146880326
2025-07-26,Quetta,0.0,0.04104076177541808,299.1621593734419,100054.42304195059
2025-07-27,Quetta,0.0,0.03384613147586128,299.34109569434753,100085.92206478915
2025-07-28,Quetta,0.0,0.026861707935409037,300.1482645285418,100068.81889027898
2025-07-29,Quetta,0.0,0.023330836212140854,300.8346369589652,99977.72068968268
2025-07-30,Quetta,0.0,0.024942017056466776,299.796153498687,100058.3877140119
2025-07-31,Quetta,0.0,0.02742328297205095,297.7321888674852,100261.1557671422
2025-08-01,Quetta,0.0,0.0261551396783139,298.369536490064,100311.95680366264
2025-08-02,Quetta,0.0,0.024056615293330603,299.7202221696152,100314.62981340502
2025-08-03,Quetta,0.0,0.02262524248997234,300.11720495710296,100429.6957956239
2025-08-04,Quetta,0.0,0.021907132314999352,300.6321707739063,100470.55972982323
2025-08-05,Quetta,0.0,0.021606147783442966,300.0292807862921,100397.54410801744
2025-08-06,Quetta,0.0,0.021592209906418296,299.09421230569603,100490.4680712308
2025-08-07,Quetta,0.0,0.0215746208377212,299.08022769657174,100535.82846837731
2025-08-08,Quetta,0.0,0.02155783876920544,298.9235802710565,100657.6927254578
2025-08-09,Quetta,0.0,0.02158195489106835,299.387939671782,100801.38462547913
2025-08-10,Quetta,0.0,0.021498538791151756,300.0852898758774,100687.83542296634
2025-08-11,Quetta,0.0,0.021428864482855813,300.24146915593934,100541.82343909712
2025-08-12,Quetta,0.0,0.02139090018675857,300.25739839522424,100341.44732591567
2025-08-13,Quetta,0.0,0.021380825985026303,299.91497276232496,100298.18104770013
2025-08-14,Quetta,0.1409838146895322,0.02522649718441116,298.06301725102725,100517.10195831554
2025-08-15,Quetta,0.0,0.027735707371293095,298.5107146855473,100487.9496023211
2025-08-16,Quetta,0.0,0.02433393130716718,298.6387349712623,100407.20639826446
2025-08-17,Quetta,7.623319707209245,0.026101886287864647,298.02606905770926,100531.30377022996
2025-08-18,Quetta,6.222642800478957,0.0354029798101526,297.7028765575837,100654.58225457834
2025-08-19,Quetta,0.0334708442233084,0.10351346840714955,296.3004129978419,100643.58449877554
2025-08-20,Quetta,0.0,0.11849619491204552,296.6312314047263,100601.29520096889
2025-08-21,Quetta,0.0,0.0902942328206658,297.532097012738,100557.00302917373
2025-08-22,Quetta,0.0,0.0667529393488002,298.874613522427,100238.33619889265
2025-08-23,Quetta,0.0,0.04798704209075878,298.2331347041911,100135.9570903428
2025-08-24,Quetta,0.0,0.037361244318635564,297.04818323225277,100386.67055073463
2025-08-25,Quetta,0.0,0.03224443202801281,297.19766046089705,100468.11094175895
2025-08-26,Quetta,0.0,0.028767046021304993,298.42542707405323,100528.79362542588
2025-08-27,Quetta,0.0,0.025542330961211165,298.47530573033123,100585.9621055153
2025-08-28,Quetta,0.0,0.02427483681587248,299.18041853086453,100512.09403428447
2025-08-29,Quetta,0.0,0.022393044943433117,298.6324190482684,100556.91757586239
2025-08-30,Quetta,0.0,0.02360982027330023,298.23298355414465,100686.06227374362
2025-08-31,Quetta,0.0,0.024728845079672195,298.67570877608097,100411.47863767033
2025-09-01,Quetta,0.0,0.024838336292550604,297.9727082423526,100226.56833342207
2025-09-02,Quetta,0.0,0.023736816809165208,296.6794130867086,100467.08955600511
2025-09-03,Quetta,0.0,0.023067853408804795,296.09654598927114,100729.07455600506
2025-09-04,Quetta,0.0,0.0236908480607942,296.01804380621576,100875.97849978702
2025-09-05,Quetta,0.0,0.023111740883475743,295.66962231832645,100904.16480382238
2025-09-06,Quetta,0.0,0.02303808137546,295.9138726242562,100868.84138841565
2025-09-07,Quetta,0.0,0.022381746507652216,296.5178196476294,100668.77166178661
2025-09-08,Quetta,0.0,0.029821575539549366,294.936430638588,100800.35855568566
2025-09-09,Quetta,0.032275796053356766,0.04033346983060996,293.8005990015273,101131.93825649485
2025-09-10,Quetta,0.0,0.03484231676993079,295.4457942813179,100939.44963665883
2025-09-11,Quetta,0.0,0.02701573988715739,297.24963065347237,100737.54690028743
2025-09-12,Quetta,0.0,0.02373624111697592,296.78102623388736,100889.52033139905
2025-09-13,Quetta,0.0,0.022461397083288974,298.17258887603407,100925.70274595397
2025-09-14,Quetta,0.0,0.02203040240502777,298.97878160601243,100893.4450817185
2025-09-15,Quetta,0.0,0.021935470490073834,298.4628658981797,100769.93866934626
2025-09-16,Quetta,0.0,0.021936723686361216,297.5190005044324,100833.25012324318
2025-09-17,Quetta,0.0,0.021954412357432125,295.60656183228707,100968.47194394168
2025-09-18,Quetta,0.0,0.021958957132732628,295.7619610564943,100954.86298498721
2025-09-19,Quetta,0.0,0.021956077653667184,295.73489164440144,101016.893114885
2025-09-20,Quetta,0.0,0.021961794782267036,295.3660334572908,101012.442871859
2025-09-21,Quetta,0.0,0.02194658874043817,295.6751523047237,100932.79135700592
2025-09-22,Quetta,0.0,0.021922702735151362,297.39356982446145,100956.80258837303
2025-09-23,Quetta,0.0,0.021886768850124007,297.9150659337386,100910.65326314946
2025-09-24,Quetta,0.0,0.02188384801809385,297.25172034307485,100743.37951581128
2025-09-25,Quetta,0.0,0.022053638547066583,296.84525391084213,100907.24062979128
2025-09-26,Quetta,0.0,0.022025167539944244,296.43722949585225,101191.5281098275
2025-09-27,Quetta,0.0,0.0218979441368194,296.6791398890946,101324.390159178
2025-09-28,Quetta,0.0,0.021897136053532645,296.0774353985676,101196.22885673975
2025-09-29,Quetta,0.0,0.021908211196301534,295.120359264289,100926.71381761073
2025-09-30,Quetta,0.0,0.02191743771641314,294.68902956969634,100737.27456106257
2025-10-01,Quetta,0.0,0.021917506450282634,294.38107055252465,100759.53412239137
2025-10-02,Quetta,0.0,0.022175805190962055,293.7533229557968,101121.24016530023
2025-10-03,Quetta,0.0,0.022305185035302655,293.88343847132893,101422.38432336027
2025-10-04,Quetta,0.0,0.02213053170961795,293.72923994827914,101292.38423685048
2025-10-05,Quetta,0.0,0.02209467905749657,290.3031776079895,101073.04876836672
2025-10-06,Quetta,0.0,0.022201835051779712,286.8321519322479,101249.33219814736
2025-10-07,Quetta,1.2755188963705675,0.022273169414080522,288.0707841924943,101425.47422753407
2025-10-08,Quetta,0.0,0.022278193181919002,288.1955520027244,101581.20524701873
2025-10-09,Quetta,0.0,0.02225677916977906,288.75437001303635,101648.05601389479
2025-10-10,Quetta,0.25875779448721226,0.022223326181025065,288.8909744504447,101506.45216593912
2025-10-11,Quetta,0.0,0.022223327632386318,289.25502687214873,101588.32576341562
2025-10-12,Quetta,0.0,0.022227154525418905,290.3356940443306,101588.34756255324
2025-10-13,Quetta,0.0,0.022154639534893394,291.3893596634006,101575.26015811325
2025-10-14,Quetta,0.0,0.022115555394447244,292.09001751593735,101377.00848647783
2025-10-15,Quetta,0.0,0.022124488674599225,290.9671391310683,101417.68224659283
2025-10-16,Quetta,0.0,0.02215395252112976,291.022875380248,101537.83875851786
2025-10-17,Quetta,0.0,0.022142054456529947,291.40940241084184,101700.92014879682
2025-10-18,Quetta,0.0,0.022143861054697195,290.6025277018938,101625.1026645017
2025-10-19,Quetta,0.0,0.02216041720908584,289.68529272076233,101505.90537585174
2025-10-20,Quetta,0.0,0.022223709297071848,288.87139630587916,101556.70193781941
2025-10-21,Quetta,0.0,0.022256462881336286,289.0910844643206,101802.46750771931
2025-10-22,Quetta,0.0,0.022237940738987744,290.2017230654387,101891.40529732748
2025-10-23,Quetta,0.0,0.02222599434622439,290.8760366391081,101698.20549749785
2025-10-24,Quetta,0.0,0.02221994212647177,290.64031229854226,101613.03092206131
2025-10-25,Quetta,0.0,0.022212195106692638,290.04725352354967,101542.97902736369
2025-10-26,Quetta,0.0,0.022225892187721804,289.50744281177435,101588.19547567076
2025-10-27,Quetta,0.0,0.02224820808007728,289.6430800146027,101641.27439576232
2025-10-28,Quetta,0.0,0.022281434569827237,289.26137047715105,101706.4535737862
2025-10-29,Quetta,0.0,0.022308054138218243,289.0962178212849,101593.52342099657
2025-10-30,Quetta,0.0,0.022315991524604825,289.3246937496046,101592.41926959113
2025-10-31,Quetta,0.0,0.02231069715370987,289.52753565829994,101621.06687899274
2025-11-01,Quetta,0.0,0.022322899137688656,288.25116893341556,101711.24757772568
2025-11-02,Quetta,0.0,0.02238177687792802,287.30785595011656,101711.25210311967
2025-11-03,Quetta,0.0,0.02243729064438845,286.41898743607226,101524.21280637775
2025-11-04,Quetta,0.0,0.022548675147191412,283.09952099702093,101764.29391902678
2025-11-05,Quetta,0.0,0.02266091283379056,282.7072615189475,101976.63862782152
2025-11-06,Quetta,0.0,0.02267354333759505,283.5992576508142,101921.56993425255
2025-11-07,Quetta,0.0,0.02266420114182531,283.4134304160574,102063.92654626275
2025-11-08,Quetta,0.0,0.022688866593091737,283.14140025280227,102160.6262683667
2025-11-09,Quetta,0.0,0.022727279793058584,283.0777627967688,101978.04053103703
2025-11-10,Quetta,0.0,0.022752497888031093,282.87641433005274,101890.76851070058
2025-11-11,Quetta,0.0,0.022780632201004677,282.7929502648997,102002.59470027678
2025-11-12,Quetta,0.0,0.022817308793076058,282.0532877804325,102224.16643286834
2025-11-13,Quetta,0.0,0.02282198423421363,283.1131961334247,102241.54762883301
2025-11-14,Quetta,0.0,0.02280447806640486,283.17754912840485,102134.54996140327
2025-11-15,Quetta,0.0,0.02278021286591286,284.0679872606614,102144.44717073039
2025-11-16,Quetta,0.0,0.02272126641346607,285.4901713050352,102308.01673498722
2025-11-17,Quetta,0.0,0.022666106345909424,286.3905412221428,102222.93149329213
2025-11-18,Quetta,0.0,0.022622774590963932,286.59379193363935,102061.85404493184
2025-11-19,Quetta,0.0,0.022627503234239416,284.97020377874503,102126.73458475297
2025-11-20,Quetta,0.0,0.02269358765462932,283.52865336637467,102260.85752182707
2025-11-21,Quetta,0.21782224392946778,0.02278779638009879,282.1637303326253,102393.5906596039
2025-11-22,Quetta,0.0,0.022882154379156333,281.05577964427454,102223.90382879046
2025-11-23,Quetta,0.5274113493670393,0.022968921108993196,280.6706176383056,102104.4610721891
2025-11-24,Quetta,0.5648159472184855,0.023002214621306128,281.020231957292,102126.71567344549
2025-11-25,Quetta,0.4958433450887922,0.02300734643974064,281.45772292475624,102082.36228918229
2025-11-26,Quetta,0.4415929636715877,0.02301954610587385,281.0459386570163,102042.2529144484
2025-11-27,Quetta,0.30712432876756024,0.02305469378634381,280.5508852461856,102227.48698919291
2025-11-28,Quetta,0.6749100159502108,0.023094488032361034,280.5113254437507,102144.9741538011
2025-11-29,Quetta,0.003639058071774968,0.02312013152781567,280.1765620310585,102021.71918121802
2025-11-30,Quetta,0.8240582548678426,0.0231878457619073,279.20886691035497,101959.7031795677
2025-12-01,Quetta,0.0,0.023290030324005527,278.05612996601195,101967.92421156299
2025-12-02,Quetta,0.0,0.023398784656947075,278.2512298459211,102053.544887138
2025-12-03,Quetta,0.0,0.02340718448602089,280.8843802186617,102121.78758810688
2025-12-04,Quetta,0.0,0.02326672780926697,282.84219664543866,102126.93472077297
2025-12-05,Quetta,0.34347571213769335,0.02317473654717225,282.36255025474776,102373.50139320696
2025-12-06,Quetta,0.0,0.023890148728222812,282.22418576419795,102351.17371832408
2025-12-07,Quetta,0.21487365930612484,0.024517724049626127,282.16556668200883,102384.26164395224
2025-12-08,Quetta,0.0,0.024384766534808536,281.58626253213635,102506.78661600297
2025-12-09,Quetta,0.0,0.023990446477366863,282.8313841954177,102286.56477454212
2025-12-10,Quetta,0.039533995282304744,0.023591845207495955,284.4430045130578,102142.1731297913
2025-12-11,Quetta,0.23773335695672884,0.023252318651414878,285.9697650226203,101881.08890971036
2025-12-12,Quetta,15.561871833752527,0.023073392604847368,285.5746022161495,101632.15849020438
2025-12-13,Quetta,2.9520593850657315,0.02311489378167173,283.0171829992205,101642.96878673336
2025-12-14,Quetta,0.12530738336670336,0.023327786252283354,281.7029928455427,101908.95836509793
2025-12-15,Quetta,0.0,0.02367158771712018,283.1623100110496,102035.23593430576
2025-12-16,Quetta,0.0,0.023538460934588598,282.83362177929484,101999.91195272573
2025-12-17,Quetta,25.88706533483995,0.023363360069747145,283.60452954133643,102039.76677970613
2025-12-18,Quetta,1.8732458920129513,0.023206103821493965,284.3212319562436,102127.6134524063
2025-12-19,Quetta,0.0,0.02308206097907738,284.5474088551629,101738.6684372338
2025-12-20,Quetta,1.7427791994475013,0.07816414544421252,280.9632079994508,101704.14021427807
2025-12-21,Quetta,0.32648257445639195,0.1538509944242079,278.58552239803095,102076.33167855619
2025-12-22,Quetta,0.0,0.14423468267558848,275.801375422827,102450.31331638625
2025-12-23,Quetta,0.0,0.1320491370526585,277.0022416133761,102270.50312606474
2025-12-24,Quetta,0.0,0.1199767849135304,279.6548505229179,101940.06147811965
2025-12-25,Quetta,0.0,0.1094548039866875,280.84326338049357,101776.75152789608
2025-12-26,Quetta,0.0,0.09909163798343588,279.9647040563061,101817.86450782581
2025-12-27,Quetta,0.0,0.08814366706185287,279.77591963079686,101773.44769138626
2025-12-28,Quetta,0.0,0.07775639951533718,280.2730000684695,101735.94223221888
2025-12-29,Quetta,0.0,0.06855639622876221,280.14552980096977,101638.63293867123
2025-12-30,Quetta,0.22933200595732234,0.13974963764925027,279.0247213158073,101378.12387004898
2025-12-31,Quetta,0.0,0.2270478245238563,276.48128852181367,101491.48322881173
2026-01-01,Quetta,0.0,0.2313086463672611,275.51404827865247,102019.75210578149
2026-01-02,Quetta,0.0,0.2146927276949258,278.05097220733296,101968.66464331344
2026-01-03,Quetta,0.0,0.19821504977397916,278.2545648970595,102060.90958768099
2026-01-04,Quetta,0.2320494026301057,0.18284393535832802,277.7869289890789,102219.92577432918
2026-01-05,Quetta,0.0,0.16888751509242406,275.4351511594478,102514.27279093907
2026-01-06,Quetta,0.0,0.1565883671133981,274.4939637690928,102555.9724728492
2026-01-07,Quetta,0.0,0.14493159383484608,275.1863507562708,102414.94775500426
2026-01-08,Quetta,0.0,0.13354695061808758,275.5791905656043,102347.08279439948
2026-01-09,Quetta,0.0,0.12285085066146016,275.20022025919036,102305.38238740413
2026-01-10,Quetta,0.0,0.11245967748014842,276.1649224363953,102274.18306084965
2026-01-11,Quetta,6.0150245649688685,0.10480591961905605,278.78783430867423,102335.02220054304
2026-01-12,Quetta,0.0,0.09544556502386083,280.2328750293219,102233.8240933773
2026-01-13,Quetta,0.0,0.08524990852958164,280.0461957297034,102207.12545996592
2026-01-14,Quetta,0.30444382126530345,0.07543189473885954,281.15593297959464,101900.56250984878
2026-01-15,Quetta,6.254619835791838,0.06586240351437037,282.6421564861428,101612.07586483176
2026-01-16,Quetta,0.4243011234809836,0.05727966869642349,281.12407761057705,101565.65481021078
2026-01-17,Quetta,0.0,0.05040339806213898,279.1271864943583,101659.59652629896
2026-01-18,Quetta,0.038739689529652885,0.04499362614126385,277.19869211178496,101725.21373908647
2026-01-19,Quetta,0.0,0.04066803082493741,277.30725479398905,101802.45908459325
2026-01-20,Quetta,0.12377538843496083,0.037114979550623164,277.7592662773154,101729.02229663542
2026-01-21,Quetta,0.0,0.06139952190080737,277.3600307934667,101609.7913114885
2026-01-22,Quetta,11.713967938008865,0.1386982872836769,269.70436502828153,102073.1212563884
2026-01-23,Quetta,0.0,0.13651076796107653,266.62127878512933,102497.64992227424
2026-01-24,Quetta,1.5200031719175267,0.13785016873829195,271.7559769428434,102466.42127768313
2026-01-25,Quetta,0.0,0.14994005091687204,275.4104427231933,102167.243982911
2026-01-26,Quetta,32.80044324520702,0.18533002013986843,272.62394426089134,102240.97684039608
2026-01-27,Quetta,0.0,0.22640078261384633,272.58417463762936,102502.23206132876
2026-01-28,Quetta,0.0,0.263350341294314,273.9819852305405,102421.16026964434
2026-01-29,Quetta,0.0,0.2989051763176036,275.12965120362117,102054.22363793653
2026-01-30,Quetta,0.0,0.3189797747913646,275.5609720306137,101949.59981606685
2026-01-31,Quetta,0.0,0.33374931203310365,276.45634047504467,101967.05989485729
2026-02-01,Quetta,2.3561814993609755,0.33214849278170017,277.1254213121058,102202.7354216354
2026-02-02,Quetta,0.0,0.3095912156329788,278.2906818801039,102240.62796422481
2026-02-03,Quetta,0.0,0.29034789597155497,278.7546329534682,102257.36585152257
2026-02-04,Quetta,0.0,0.27231170385686754,279.1017966750153,102299.37320166094
2026-02-05,Quetta,0.057922818916619725,0.25949529417125705,279.4938939789788,102161.5815688884
2026-02-06,Quetta,0.0,0.2438748608036247,279.8309580397512,102340.61726575806
2026-02-07,Quetta,0.0,0.22529808035768745,280.2003182049327,102106.1586302172
2026-02-08,Quetta,7.857236395304611,0.20909707473936834,281.10410710193423,101615.8045985945
2026-02-09,Quetta,2.970526185661199,0.23873419985318986,280.06740766452685,101537.23909976572
2026-02-10,Quetta,0.0,0.22679861923295755,280.55356397928824,102057.10833422058
2026-02-11,Quetta,1.9953810476078893,0.20616991496911974,281.41936934038426,102358.78971411838
2026-02-12,Quetta,0.7268512149888773,0.18723817044398372,283.06647051328684,102098.04151219122
2026-02-13,Quetta,0.0,0.16970311049505227,284.1917573584621,101923.78523291094
2026-02-14,Quetta,2.517278153681064,0.15250250938194557,283.85164549004963,101978.18666737646
2026-02-15,Quetta,0.5046489773089069,0.136185198301351,283.91029307719015,101631.77250905022
2026-02-16,Quetta,5.3372888836868775,0.16481089969442222,281.1158966044524,101433.6792498935
2026-02-17,Quetta,1.4668173753748148,0.261982758222555,279.4706162336046,101772.11378007878
2026-02-18,Quetta,0.0,0.2526335067142487,281.19141587131185,101965.63001464009
2026-02-19,Quetta,0.0,0.2274874423242036,283.50878828110456,102091.07372418014
2026-02-20,Quetta,0.0,0.20294351058951318,284.35586964140964,102185.07520176742
2026-02-21,Quetta,5.344510268702011,0.17953772809680124,283.91426725726564,101720.47548977849
2026-02-22,Quetta,0.8183147828075303,0.15868849908676008,283.0506168913529,101330.93110333261
2026-02-23,Quetta,0.09120444745383838,0.1405968666184971,283.3195176470622,101389.34054541096
2026-02-24,Quetta,0.16954842244796894,0.1241343057514388,283.37815886108126,101542.25535615417
2026-02-25,Quetta,0.0,0.10878764010098495,284.37799488923304,101517.26219974447
2026-02-26,Quetta,0.0,0.09501674186364281,285.8972012464706,101333.2156950064
2026-02-27,Quetta,0.07765267979753483,0.08305380395026045,285.6049095697962,101077.41832170995
2026-02-28,Quetta,0.0,0.07273987968830413,285.5225440374196,101235.66353785133
2026-03-01,Quetta,0.08309618561596845,0.06388322404539772,285.84591967641734,101443.72119649699
2026-03-02,Quetta,0.0,0.05621362197676685,287.1527177801351,101627.76068222955
2026-03-03,Quetta,0.0,0.04988007295815393,288.595895366333,101664.4810186861
2026-03-04,Quetta,0.0,0.04428142110032834,289.69960033886804,101712.41105861372
2026-03-05,Quetta,0.0,0.039453380721188085,290.2571170066909,101551.21623695696
2026-03-06,Quetta,0.0,0.035904167647526936,290.15217902578314,101451.31558879896
2026-03-07,Quetta,0.0,0.03360901790881011,289.8353080960498,101567.16316652467
2026-03-08,Quetta,0.3248131040576369,0.03261776369041777,290.2520012150971,101614.77260647359
2026-03-09,Quetta,5.108811058055806,0.03137411538881716,290.1694554640746,101564.45765731472
2026-03-10,Quetta,1.8436457272079567,0.03174436932054184,288.1428323182729,101848.40210178873
2026-03-11,Quetta,0.09629725987500996,0.044620433203000236,284.00968814401455,102093.64399089653
2026-03-12,Quetta,1.5598152262348126,0.04632268544965546,282.96801209137294,101952.87055898634
2026-03-13,Quetta,0.0,0.03851018412826685,285.5908633129111,101523.92313857534
2026-03-14,Quetta,0.0,0.033192131263433976,285.4554501477944,101452.18725138412
2026-03-15,Quetta,0.0,0.03036936907792616,283.9371045590368,101581.42872630962
2026-03-16,Quetta,0.023713795078674,0.02894182542045978,285.0341235461175,101283.2773016929
2026-03-17,Quetta,3.302389670441869,0.037426728676964394,286.7642246252835,101111.39298791523
2026-03-18,Quetta,0.0,0.18290528532999722,283.44614452975094,101278.57418893739
2026-03-19,Quetta,0.0,0.22955529218908732,283.92704594713393,101447.83285588796
2026-03-20,Quetta,0.0,0.1937667052113557,284.7929352458669,101270.31828337946
2026-03-21,Quetta,0.5683899670849464,0.2300702833384699,284.2721853610398,101494.55893206982
2026-03-22,Quetta,3.5462705543946966,0.30685709505444003,284.20313734605867,101648.70799590074
2026-03-23,Quetta,0.0,0.2714140067244037,285.8169243572,101593.19947348803
2026-03-24,Quetta,4.40207339372911,0.23329872807205423,286.43235336606966,101376.51303556218
2026-03-25,Quetta,33.05019709504239,0.3062791114906774,284.21600490524565,101310.5932540992
2026-03-26,Quetta,6.179457976131665,0.31396753383725284,284.78620671503506,101632.17073466779
2026-03-27,Quetta,0.0,0.27533610994337876,287.8782594161111,101338.48287665033
2026-03-28,Quetta,0.04205234737168787,0.25116360011796635,287.4725756328179,100725.21821576872
2026-03-29,Quetta,2.632741276872624,0.24777249431014398,285.82376477160824,100769.75621859026
2026-03-30,Quetta,0.0,0.22770494763245946,284.9927783306672,101042.69491588586
2026-03-31,Quetta,0.0,0.20227804800246924,284.9608450746725,101264.79893845822
2026-04-01,Quetta,11.404863811473422,0.24169553491353024,283.8182446555073,101309.65592685259
2026-04-02,Quetta,54.77499647839106,0.3215480305998246,282.4309071425049,101266.68212228488
2026-04-03,Quetta,0.0,0.3475087732621582,280.8946154524343,101174.72273876701
2026-04-04,Quetta,0.0,0.3186829555799576,281.90786730630384,101320.47866082838
2026-04-05,Quetta,0.0,0.29399729579771716,283.6390756952132,101212.32620927384
2026-04-06,Quetta,0.0,0.33656185951644496,282.4594651636734,100973.99572455279
2026-04-07,Quetta,0.0,0.33344054885509006,281.03929351585697,101056.32215928448
2026-04-08,Quetta,0.0,0.29467613605800375,282.1979894317675,101278.76839278104
2026-04-09,Quetta,0.0,0.2609397156004335,284.9192087434056,101581.69994250422
2026-04-10,Quetta,0.0,0.2562782642639607,285.70645392578746,101676.0508698893
2026-04-11,Quetta,0.27641832673366873,0.24002063465280857,285.94679345481296,101731.27590475934
2026-04-12,Quetta,0.0,0.20439138082128422,287.4611547814738,101482.28978332623
2026-04-13,Quetta,0.0,0.17766372730486907,289.5907977005513,101227.81858736157
2026-04-14,Quetta,0.0,0.15300357248890076,290.9502765234406,101291.97669133304
2026-04-15,Quetta,0.0,0.12915365852732863,291.1125176873712,101126.8391301107
2026-04-16,Quetta,0.26017480846970403,0.12908218585246672,290.7653531293636,101022.22447242332
2026-04-17,Quetta,1.89213549160673,0.13239747534280202,291.3542514926664,101207.73241588584
2026-04-18,Quetta,0.18683384940815131,0.16318664557279874,290.071526282558,101302.1920488181
2026-04-19,Quetta,0.0,0.15558579894915553,290.8434612479961,101315.12401458685
2026-04-20,Quetta,0.22483823011031137,0.12848001145422958,291.77738865793333,101204.72635274702
2026-04-21,Quetta,0.0,0.10858988703955713,292.9421113389734,101030.95519804084
2026-04-22,Quetta,2.1637424636333926,0.11766593571348243,293.0788247630407,100996.71029919074
2026-04-23,Quetta,2.9642295833990557,0.14029274751488827,293.39257975208454,101133.10656596035
2026-04-24,Quetta,0.0,0.13180055732012194,293.87682197410487,101240.25830440798
2026-04-25,Quetta,0.0,0.10730425791873098,294.83109996871457,101347.5895075596
2026-04-26,Quetta,1.8932999098808636,0.08887702560641424,295.3803058488229,101083.59797274275
2026-04-27,Quetta,0.0,0.0836134321699083,294.58583542918547,100708.74731234027
2026-04-28,Quetta,0.0,0.07503871581961927,292.7920508063347,100871.25345932705
2026-04-29,Quetta,0.0,0.06052860420309359,293.78272774466194,100808.39893952294
2026-04-30,Quetta,0.0,0.0497865012503022,295.0866910352819,100782.19851070057
2026-05-01,Quetta,0,0.04246740530729969,296.14355168968086,100692.91267994037
2026-05-02,Quetta,0,0.03719771766987532,294.1729057050332,100766.30586616266
2026-05-03,Quetta,0,0.033651412365993005,292.1374307017893,100819.93644591137
2026-05-04,Quetta,0,0.03114527757028364,292.9204093840389,100907.7527038969
2026-05-05,Quetta,0,0.029271214304831393,293.34048157890703,101269.75450250214
2026-05-06,Quetta,0,0.02786303395103961,295.64688418785323,101043.16152789604
2026-05-07,Quetta,0,0.026427481292256725,296.88586091309605,100898.56070698466
2026-05-08,Quetta,0,0.025471439329079068,296.6683467942973,101062.10974339863
2026-05-09,Quetta,0,0.024857051335973247,297.3628901914544,101076.68172726786
2026-05-10,Quetta,0,0.025543042821412988,298.67159287231215,100971.81289395224
2026-05-11,Quetta,0,0.025065952129894715,298.1067509697867,101077.22050415247
2026-05-12,Quetta,0,0.02455442507655561,297.3556486355262,100925.62349632663
2026-05-13,Quetta,0,0.024486427523749976,296.6662680580534,100726.14914714648
2026-05-14,Quetta,0,0.024956752510655673,296.1709121881727,100528.16096491693
2026-05-15,Quetta,0,0.026956297177472322,295.2023302253925,100682.38586110518
2026-05-16,Quetta,0,0.028075219608720597,296.22286448433744,100791.55021347955
2026-05-17,Quetta,0,0.026678661495904064,297.54728838299445,100826.89445538755
2026-05-18,Quetta,0,0.024327741576351262,297.89124245963654,100573.70019617758
2026-05-19,Quetta,0,0.02342443495430369,298.23973461608176,100540.90309971251
2026-05-20,Quetta,0,0.024180428669034297,298.05230533472053,100422.9501290992
2026-05-21,Quetta,0,0.024928385893233054,296.6877098324812,100715.03567637349
2026-05-22,Quetta,0,0.02432068451638249,296.75307592076786,101090.89993691439
2026-05-23,Quetta,0,0.02334629435758574,299.2624977814102,100917.50823253833
2026-05-24,Quetta,0,0.02316216957833129,298.0305754860093,101016.79767142245
2026-05-25,Quetta,0,0.02309268671974819,297.67214949153464,101064.79602028322
2026-05-26,Quetta,0,0.022947650175078348,299.9162581944722,100970.31920064948
2026-05-27,Quetta,0,0.02284603303024405,301.2433088459659,100953.01719921207
2026-05-28,Quetta,0,0.022856056759264033,299.1623739739698,101002.14284630536
2026-05-29,Quetta,0,0.02286585804009425,298.4476207794678,100788.8868978918
2026-05-30,Quetta,0,0.022708726002369874,299.0503855306356,100702.14550255533
2026-05-31,Quetta,0,0.023371284068950785,298.53318636723617,100916.4836326128
2026-06-01,Quetta,0,0.0242230648536834,299.3467582751592,100938.59517222102
2026-06-02,Quetta,0,0.02593981364313539,299.49862826653356,100877.5504567717
2026-06-03,Quetta,0,0.024675754220021315,299.9382238948892,100572.81778774488
2026-06-04,Quetta,0,0,0,100566.13074957406
2026-06-05,Quetta,0,0,0,0
2026-06-06,Quetta,0,0,0,0
2026-06-07,Quetta,0,0,0,0
2026-06-08,Quetta,0,0,0,0
2026-06-09,Quetta,0,0,0,0
2026-06-10,Quetta,0,0,0,0
2026-06-11,Quetta,0,0,0,0
2026-06-12,Quetta,0,0,0,0
2026-06-13,Quetta,0,0,0,0
2026-06-14,Quetta,0,0,0,0
2026-06-15,Quetta,0,0,0,0
2026-06-16,Quetta,0,0,0,0
2026-06-17,Quetta,0,0,0,0
2026-06-18,Quetta,0,0,0,0
2026-06-19,Quetta,0,0,0,0
2026-06-20,Quetta,0,0,0,0
2026-06-21,Quetta,0,0,0,0
2026-06-22,Quetta,0,0,0,0
2026-06-23,Quetta,0,0,0,0
2026-06-24,Quetta,0,0,0,0
2026-06-25,Quetta,0,0,0,0
2026-06-26,Quetta,0,0,0,0
2026-06-27,Quetta,0,0,0,0
2026-06-28,Quetta,0,0,0,0
2026-06-29,Quetta,0,0,0,0
2026-06-30,Quetta,0,0,0,0
2026-07-01,Quetta,0,0,0,0
2026-07-02,Quetta,0,0,0,0
2026-07-03,Quetta,0,0,0,0
2026-07-04,Quetta,0,0,0,0
2026-07-05,Quetta,0,0,0,0
2026-07-06,Quetta,0,0,0,0
2026-07-07,Quetta,0,0,0,0
2026-07-08,Quetta,0,0,0,0
2026-07-09,Quetta,0,0,0,0
2026-07-10,Quetta,0,0,0,0
2026-07-11,Quetta,0,0,0,0
2026-07-12,Quetta,0,0,0,0
2026-07-13,Quetta,0,0,0,0
2026-07-14,Quetta,0,0,0,0
2026-07-15,Quetta,0,0,0,0
2026-07-16,Quetta,0,0,0,0
2026-07-17,Quetta,0,0,0,0
2026-07-18,Quetta,0,0,0,0
2026-07-19,Quetta,0,0,0,0
2026-07-20,Quetta,0,0,0,0
2026-07-21,Quetta,0,0,0,0
2026-07-22,Quetta,0,0,0,0
2026-07-23,Quetta,0,0,0,0
2026-07-24,Quetta,0,0,0,0
2026-07-25,Quetta,0,0,0,0
2026-07-26,Quetta,0,0,0,0
2026-07-27,Quetta,0,0,0,0
2026-07-28,Quetta,0,0,0,0
2026-07-29,Quetta,0,0,0,0
2026-07-30,Quetta,0,0,0,0
2026-07-31,Quetta,0,0,0,0
2026-08-01,Quetta,0,0,0,0
2026-08-02,Quetta,0,0,0,0
2026-08-03,Quetta,0,0,0,0
2026-08-04,Quetta,0,0,0,0
2026-08-05,Quetta,0,0,0,0
2026-08-06,Quetta,0,0,0,0
2026-08-07,Quetta,0,0,0,0
2026-08-08,Quetta,0,0,0,0
2026-08-09,Quetta,0,0,0,0
2026-08-10,Quetta,0,0,0,0
2026-08-11,Quetta,0,0,0,0
2026-08-12,Quetta,0,0,0,0
2026-08-13,Quetta,0,0,0,0
2026-08-14,Quetta,0,0,0,0
2026-08-15,Quetta,0,0,0,0
2026-08-16,Quetta,0,0,0,0
2026-08-17,Quetta,0,0,0,0
2026-08-18,Quetta,0,0,0,0
2026-08-19,Quetta,0,0,0,0
2026-08-20,Quetta,0,0,0,0
2026-08-21,Quetta,0,0,0,0
2026-08-22,Quetta,0,0,0,0
2026-08-23,Quetta,0,0,0,0
2026-08-24,Quetta,0,0,0,0
2026-08-25,Quetta,0,0,0,0
2026-08-26,Quetta,0,0,0,0
2026-08-27,Quetta,0,0,0,0
2026-08-28,Quetta,0,0,0,0
2026-08-29,Quetta,0,0,0,0
2026-08-30,Quetta,0,0,0,0
2026-08-31,Quetta,0,0,0,0
2026-09-01,Quetta,0,0,0,0
2026-09-02,Quetta,0,0,0,0
2026-09-03,Quetta,0,0,0,0
2026-09-04,Quetta,0,0,0,0
2026-09-05,Quetta,0,0,0,0
2026-09-06,Quetta,0,0,0,0
2026-09-07,Quetta,0,0,0,0
2026-09-08,Quetta,0,0,0,0
2026-09-09,Quetta,0,0,0,0
2026-09-10,Quetta,0,0,0,0
2026-09-11,Quetta,0,0,0,0
2026-09-12,Quetta,0,0,0,0
2026-09-13,Quetta,0,0,0,0
2026-09-14,Quetta,0,0,0,0
2026-09-15,Quetta,0,0,0,0
2026-09-16,Quetta,0,0,0,0
2026-09-17,Quetta,0,0,0,0
2026-09-18,Quetta,0,0,0,0
2026-09-19,Quetta,0,0,0,0
2026-09-20,Quetta,0,0,0,0
2026-09-21,Quetta,0,0,0,0
2026-09-22,Quetta,0,0,0,0
2026-09-23,Quetta,0,0,0,0
2026-09-24,Quetta,0,0,0,0
2026-09-25,Quetta,0,0,0,0
2026-09-26,Quetta,0,0,0,0
2026-09-27,Quetta,0,0,0,0
2026-09-28,Quetta,0,0,0,0
2026-09-29,Quetta,0,0,0,0
2026-09-30,Quetta,0,0,0,0
2026-10-01,Quetta,0,0,0,0
2026-10-02,Quetta,0,0,0,0
2026-10-03,Quetta,0,0,0,0
2026-10-04,Quetta,0,0,0,0
2026-10-05,Quetta,0,0,0,0
2026-10-06,Quetta,0,0,0,0
2026-10-07,Quetta,0,0,0,0
2026-10-08,Quetta,0,0,0,0
2026-10-09,Quetta,0,0,0,0
2026-10-10,Quetta,0,0,0,0
2026-10-11,Quetta,0,0,0,0
2026-10-12,Quetta,0,0,0,0
2026-10-13,Quetta,0,0,0,0
2026-10-14,Quetta,0,0,0,0
2026-10-15,Quetta,0,0,0,0
2026-10-16,Quetta,0,0,0,0
2026-10-17,Quetta,0,0,0,0
2026-10-18,Quetta,0,0,0,0
2026-10-19,Quetta,0,0,0,0
2026-10-20,Quetta,0,0,0,0
2026-10-21,Quetta,0,0,0,0
2026-10-22,Quetta,0,0,0,0
2026-10-23,Quetta,0,0,0,0
2026-10-24,Quetta,0,0,0,0
2026-10-25,Quetta,0,0,0,0
2026-10-26,Quetta,0,0,0,0
2026-10-27,Quetta,0,0,0,0
2026-10-28,Quetta,0,0,0,0
2026-10-29,Quetta,0,0,0,0
2026-10-30,Quetta,0,0,0,0
2026-10-31,Quetta,0,0,0,0
2026-11-01,Quetta,0,0,0,0
2026-11-02,Quetta,0,0,0,0
2026-11-03,Quetta,0,0,0,0
2026-11-04,Quetta,0,0,0,0
2026-11-05,Quetta,0,0,0,0
2026-11-06,Quetta,0,0,0,0
2026-11-07,Quetta,0,0,0,0
2026-11-08,Quetta,0,0,0,0
2026-11-09,Quetta,0,0,0,0
2026-11-10,Quetta,0,0,0,0
2026-11-11,Quetta,0,0,0,0
2026-11-12,Quetta,0,0,0,0
2026-11-13,Quetta,0,0,0,0
2026-11-14,Quetta,0,0,0,0
2026-11-15,Quetta,0,0,0,0
2026-11-16,Quetta,0,0,0,0
2026-11-17,Quetta,0,0,0,0
2026-11-18,Quetta,0,0,0,0
2026-11-19,Quetta,0,0,0,0
2026-11-20,Quetta,0,0,0,0
2026-11-21,Quetta,0,0,0,0
2026-11-22,Quetta,0,0,0,0
2026-11-23,Quetta,0,0,0,0
2026-11-24,Quetta,0,0,0,0
2026-11-25,Quetta,0,0,0,0
2026-11-26,Quetta,0,0,0,0
2026-11-27,Quetta,0,0,0,0
2026-11-28,Quetta,0,0,0,0
2026-11-29,Quetta,0,0,0,0
2026-11-30,Quetta,0,0,0,0
2026-12-01,Quetta,0,0,0,0
2026-12-02,Quetta,0,0,0,0
2026-12-03,Quetta,0,0,0,0
2026-12-04,Quetta,0,0,0,0
2026-12-05,Quetta,0,0,0,0
2026-12-06,Quetta,0,0,0,0
2026-12-07,Quetta,0,0,0,0
2026-12-08,Quetta,0,0,0,0
2026-12-09,Quetta,0,0,0,0
2026-12-10,Quetta,0,0,0,0
2026-12-11,Quetta,0,0,0,0
2026-12-12,Quetta,0,0,0,0
2026-12-13,Quetta,0,0,0,0
2026-12-14,Quetta,0,0,0,0
2026-12-15,Quetta,0,0,0,0
2026-12-16,Quetta,0,0,0,0
2026-12-17,Quetta,0,0,0,0
2026-12-18,Quetta,0,0,0,0
2026-12-19,Quetta,0,0,0,0
2026-12-20,Quetta,0,0,0,0
2026-12-21,Quetta,0,0,0,0
2026-12-22,Quetta,0,0,0,0
2026-12-23,Quetta,0,0,0,0
2026-12-24,Quetta,0,0,0,0
2026-12-25,Quetta,0,0,0,0
2026-12-26,Quetta,0,0,0,0
2026-12-27,Quetta,0,0,0,0
2026-12-28,Quetta,0,0,0,0
2026-12-29,Quetta,0,0,0,0
2026-12-30,Quetta,0,0,0,0
