Date,Location,precipitation_mm,soil_moisture,temp_2m,sea_level_pressure
2010-01-01,Jhang,0.0,0.12351139058360358,288.4007293336403,101648.51839119743
2010-01-02,Jhang,0.0,0.1233823165448685,287.578756230673,101811.52968139092
2010-01-03,Jhang,0.0,0.13406417086628886,285.8918406330197,101917.60841255814
2010-01-04,Jhang,0.0,0.13676705177675097,285.2962615915409,101804.09411496427
2010-01-05,Jhang,0.0,0.13589921637763333,285.85606873347336,101388.81189830926
2010-01-06,Jhang,0.0,0.13514169874734194,285.29028066760094,101563.04849390355
2010-01-07,Jhang,0.0,0.13505358812076568,284.0452871162233,101880.46059597132
2010-01-08,Jhang,0.0,0.13466662849080738,284.15533589579076,101817.71300089108
2010-01-09,Jhang,0.0,0.13386431307908753,285.27240341887506,101727.13286964082
2010-01-10,Jhang,0.0,0.13299077037735973,285.955713685421,101763.24975037074
2010-01-11,Jhang,0.0,0.13218841437873866,285.6972264542475,101748.99323578484
2010-01-12,Jhang,0.2671288459676434,0.13229719449545713,284.50105323327773,101686.25337368132
2010-01-13,Jhang,0.0,0.13277061219652392,284.4920426725864,101935.49178014082
2010-01-14,Jhang,1.9497012276130994,0.13213621064502745,285.61132803345424,102352.31911543821
2010-01-15,Jhang,0.0,0.1314907126690437,286.9250824259147,102278.62708682669
2010-01-16,Jhang,0.0,0.1308674940517071,287.4864371005939,102193.50265639221
2010-01-17,Jhang,0.0,0.13025840139030648,287.42476695606086,102119.45922485371
2010-01-18,Jhang,0.0,0.129786593257736,286.31878209488247,102090.74859517723
2010-01-19,Jhang,0.0,0.129795794398229,285.2995841616153,101912.96638220861
2010-01-20,Jhang,0.0,0.12950937173679594,286.68218063676295,101980.01354528297
2010-01-21,Jhang,0.017506234013575015,0.12903744237925205,288.217947180702,101789.77974722139
2010-01-22,Jhang,0.0,0.12853095027529232,288.92723517169486,101669.49075897812
2010-01-23,Jhang,0.0,0.1280832183181985,288.49967860720153,101666.34162736146
2010-01-24,Jhang,0.8126110265415611,0.12783479414650836,288.47850520177354,101560.06685244903
2010-01-25,Jhang,0.0,0.1274413601129365,288.25507406639997,101770.72347109989
2010-01-26,Jhang,0.4070201269508054,0.12704435344632048,289.4677833286819,101747.54830984156
2010-01-27,Jhang,0.0,0.12674590343317757,289.7552931781501,101659.02053700827
2010-01-28,Jhang,3.0088482124788,0.12731482056974494,289.7351993422915,101467.59782385449
2010-01-29,Jhang,0.0,0.12878543087408786,288.1669642288894,101778.17743925686
2010-01-30,Jhang,0.0,0.1282076510926401,287.5621761385796,101867.81869596634
2010-01-31,Jhang,0.03767333139507436,0.12765863790954277,288.1980101246494,101593.92012522547
2010-02-01,Jhang,0.0,0.1283644440348028,288.3448815346245,101668.89801802808
2010-02-02,Jhang,0.0,0.1287759265318712,288.20249399975495,101713.33776469126
2010-02-03,Jhang,0.0,0.12806036060692433,289.34838380701837,101663.45650105117
2010-02-04,Jhang,0.013728730831803898,0.1274098526130066,290.0857259362133,101687.42127962896
2010-02-05,Jhang,1.5202796760505912,0.12723110382879976,290.12396000805967,101678.27133434726
2010-02-06,Jhang,2.6001802204014366,0.12937361410261572,290.3118751471492,101726.9510558158
2010-02-07,Jhang,3.8403410279854087,0.12918079529268037,290.081520239271,101514.99118819303
2010-02-08,Jhang,1.0816269489060142,0.15301860857027572,290.37525388985983,100473.53720213022
2010-02-09,Jhang,0.0,0.16818152340060055,285.61793448967967,100961.0648314528
2010-02-10,Jhang,0.0,0.16211039963710594,285.9721880113288,101885.93975271957
2010-02-11,Jhang,0.0071242884202755465,0.15690289471371158,286.80675256939486,101817.0136506117
2010-02-12,Jhang,0.0,0.15207320236707828,287.71302205046464,101769.33958345614
2010-02-13,Jhang,0.0,0.14787453793043068,288.63279228360864,101666.5449854014
2010-02-14,Jhang,0.0,0.14448505218477395,289.34775916083044,101256.033005041
2010-02-15,Jhang,0.0,0.14141963034413202,288.196353117523,101265.37855300363
2010-02-16,Jhang,0.0,0.13913952773248447,287.1085752989717,101748.5705963611
2010-02-17,Jhang,0.0,0.13699816027780187,287.91708745031417,101835.06223615135
2010-02-18,Jhang,0.0,0.1350750035398635,288.80718878752975,101527.14280504273
2010-02-19,Jhang,0.0,0.13344751772665783,290.4203899170152,101614.83514068757
2010-02-20,Jhang,0.0,0.13201837463492042,291.68538854676285,101550.70931148669
2010-02-21,Jhang,0.0,0.13070195570380685,293.39509989710706,101328.15118078841
2010-02-22,Jhang,0.5878002313649217,0.12965846593954258,293.107089461358,101115.76758411551
2010-02-23,Jhang,0.0,0.12878155193208632,293.2918916177447,101076.89173358554
2010-02-24,Jhang,0.0495686913116013,0.1278706861246514,293.29357921466607,101088.41986585324
2010-02-25,Jhang,2.146444036547634,0.1310412892410583,292.6954431523848,101283.52686226577
2010-02-26,Jhang,0.28961339232320427,0.1344580552130289,293.54229783980213,101334.7981523749
2010-02-27,Jhang,0.0,0.1326368498135469,294.45611613077523,101272.75717131094
2010-02-28,Jhang,0.8777749314399456,0.13143164250596936,294.8911959451314,101027.08419615167
2010-03-01,Jhang,0.0,0.131187888635136,295.15909846269585,101134.4117521129
2010-03-02,Jhang,0.0,0.12981724444691106,295.64538742337226,101197.31494389132
2010-03-03,Jhang,8.379387860504037,0.157179474280165,292.0387364469938,100923.18370395017
2010-03-04,Jhang,0.0,0.17612510301941248,291.8858602345448,101033.40238759306
2010-03-05,Jhang,2.198907297318679,0.16703797777473695,292.92622039163456,101236.82199960396
2010-03-06,Jhang,3.3743939698375285,0.1832907552825296,290.8436199790907,101319.76644840774
2010-03-07,Jhang,0.0,0.2098388702304461,291.62897550158226,101582.59207579878
2010-03-08,Jhang,0.0,0.19252062354422708,293.2864641107524,101482.53421474228
2010-03-09,Jhang,3.1566289742669813,0.17777466472102973,294.3006678312762,101594.1244177951
2010-03-10,Jhang,1.797214341764724,0.16562543948285158,295.6069115364835,101587.56360068597
2010-03-11,Jhang,0.0,0.15573761741664488,297.26380328674975,101585.16298182656
2010-03-12,Jhang,0.0,0.14856576204356178,297.0030717072814,101511.1403234963
2010-03-13,Jhang,0.0798523648330265,0.14330610160215188,297.38135032864267,101177.98286985156
2010-03-14,Jhang,0.24389982194179524,0.13855866420371732,298.45105663723757,100869.80953209795
2010-03-15,Jhang,0.0,0.13481181897939942,299.38328608540564,100855.7037938378
2010-03-16,Jhang,0.0,0.1320434824548506,299.4335324204709,101174.79918328048
2010-03-17,Jhang,0.0,0.12993603994936168,299.6940797357507,101550.5773645261
2010-03-18,Jhang,0.0,0.128255807557999,300.4429288147094,101623.1488335363
2010-03-19,Jhang,0.0,0.1267951681309439,301.26165452787154,101182.31723084277
2010-03-20,Jhang,0.0,0.12556735897671725,301.2522870119637,100931.35164597303
2010-03-21,Jhang,0.0,0.12455880947705122,301.78372086216143,100640.07451037913
2010-03-22,Jhang,0.0,0.12373473657194474,301.788559647431,100121.71063941947
2010-03-23,Jhang,0.0,0.12309394950514835,301.375576902277,100023.2471948308
2010-03-24,Jhang,0.0,0.12261598386394562,302.04938342126695,100402.2985499912
2010-03-25,Jhang,0.0,0.122202824874995,302.2077488952213,100450.31410468416
2010-03-26,Jhang,0.0,0.12201857617995703,301.866764324404,100493.89928381679
2010-03-27,Jhang,0.0,0.12188353755965972,300.6823547692687,100819.70511150103
2010-03-28,Jhang,0.0,0.12167728296397107,301.70504880404985,100685.06645009306
2010-03-29,Jhang,0.0,0.12312763971890622,301.68941350650584,100474.35616141849
2010-03-30,Jhang,0.0,0.12428483773685726,300.40409699355536,100339.3967480262
2010-03-31,Jhang,0.0,0.1235353803994118,300.10679447550325,100429.53611935006
2010-04-01,Jhang,0.0,0.12314411977939609,300.4578561890303,100445.94044130658
2010-04-02,Jhang,0.0,0.12302025284292978,299.1594249217426,100667.16772557213
2010-04-03,Jhang,0.0,0.12276549435029378,300.5034289763507,100923.47017483531
2010-04-04,Jhang,0.0,0.12411271563214557,300.50912596667314,100964.33752849135
2010-04-05,Jhang,0.0,0.1245501078940237,301.11894206535044,101038.27526179468
2010-04-06,Jhang,0.0,0.12362065176438951,301.3766991911672,100965.1948308841
2010-04-07,Jhang,0.0,0.12292312474551713,302.40138906506104,100978.52270599149
2010-04-08,Jhang,0.0,0.12241289050355647,303.35744492064526,101005.56523486212
2010-04-09,Jhang,0.0,0.12334720765391044,303.5161101270008,100579.4357525953
2010-04-10,Jhang,0.31180134070080706,0.12357655664636596,304.0065265035657,100154.44519453174
2010-04-11,Jhang,1.4505179065609164,0.12413671521966815,304.758250073853,100133.29426811237
2010-04-12,Jhang,0.6193479153511998,0.12425724873722845,303.5253071081505,100441.14332510359
2010-04-13,Jhang,0.0,0.12328799108655496,304.08124882579136,100588.97184771983
2010-04-14,Jhang,0.0,0.12255012383803265,305.8144524124575,100507.7770015631
2010-04-15,Jhang,0.0,0.12205032184399445,306.62603019230386,100576.93898776923
2010-04-16,Jhang,0.05250436042468835,0.12167493895256914,307.2980398767854,100463.70404215045
2010-04-17,Jhang,0.24275516340559716,0.12140745640213539,308.3023065123455,100183.84888135559
2010-04-18,Jhang,0.0,0.13870014849107373,307.19755570650426,99838.41192458886
2010-04-19,Jhang,0.0,0.1444484577360888,306.0352847404356,99813.05016389163
2010-04-20,Jhang,0.0,0.1569190077348969,303.55361057535083,99804.02752320388
2010-04-21,Jhang,1.3709304296008864,0.1600650730266131,302.47858543123414,100274.23840672296
2010-04-22,Jhang,0.0,0.14999083815208442,301.54682474456644,100674.51511389202
2010-04-23,Jhang,0.0,0.1418053274943149,302.6421149191257,100702.37565935831
2010-04-24,Jhang,0.0,0.13975712947842675,303.3585796417057,100511.88118306358
2010-04-25,Jhang,0.0,0.1338198629006811,304.93763435035754,100419.58124483889
2010-04-26,Jhang,0.5019974249744604,0.13253736491150106,307.38829510126754,100736.17249933639
2010-04-27,Jhang,0.0029849126006350796,0.13365870213079215,305.3199627646654,100780.3578896007
2010-04-28,Jhang,0.0,0.13116443352067805,305.62686593452156,100677.82704064003
2010-04-29,Jhang,2.366582974418356,0.1285569343351316,306.1266646402925,100632.32460306842
2010-04-30,Jhang,1.0756461399603372,0.1398597934234358,303.27790784421694,100776.68227174201
2010-05-01,Jhang,0.0,0.14360309427982162,304.35995503546167,100801.74342432331
2010-05-02,Jhang,0.0,0.13839825259859304,306.29981180940825,100396.02810224902
2010-05-03,Jhang,0.0,0.13249422075700035,308.34578329385846,100046.35682920304
2010-05-04,Jhang,0.0,0.12857579766531427,309.41780418605913,99904.39715538522
2010-05-05,Jhang,5.8727829652245775,0.12658904311761607,305.2695536718415,100155.33577371374
2010-05-06,Jhang,0.5292371495829428,0.14578637345296558,302.0732519588929,100374.56986853911
2010-05-07,Jhang,0.0,0.20411802123843764,302.3975766892635,100348.51052208316
2010-05-08,Jhang,0.0,0.19102426610125894,302.9462828021951,100472.57147059002
2010-05-09,Jhang,0.0,0.18059177071457772,304.2941109368648,100130.65390222115
2010-05-10,Jhang,0.0,0.17241811286769995,303.5391933068254,100128.99194866691
2010-05-11,Jhang,0.0,0.16271173844319295,304.85526022678096,100243.96160923435
2010-05-12,Jhang,0.0,0.14830007868859824,305.9444244517242,100066.44998330537
2010-05-13,Jhang,0.0,0.13882898920870027,305.43050434828683,100080.24908969588
2010-05-14,Jhang,0.0,0.13320483150133097,305.4922081677546,100012.2999656101
2010-05-15,Jhang,0.0,0.12933334049634274,306.6040933961455,100054.38548732469
2010-05-16,Jhang,0.33720477190910975,0.12642944674347392,309.05444273719945,99843.79622907111
2010-05-17,Jhang,0.0,0.12470982058585292,307.2468822830728,100056.84304903688
2010-05-18,Jhang,0.0,0.12430744286217371,305.5180663532125,100337.91772320228
2010-05-19,Jhang,0.0,0.12342835717692667,305.29632775633274,100327.75051690105
2010-05-20,Jhang,0.0,0.12254280617404587,306.82274851363496,100090.5981838156
2010-05-21,Jhang,0.0,0.1219262674234741,308.67029041541986,99954.80240397171
2010-05-22,Jhang,0.04578772002305688,0.12153962033836976,310.37118322519495,99804.56823357288
2010-05-23,Jhang,0.0,0.12131253866221632,309.4777628053999,99845.2363783537
2010-05-24,Jhang,0.0,0.12113283107140017,309.88418601450036,99598.52369371224
2010-05-25,Jhang,0.0,0.12099877787277621,310.52497417592207,99378.69859507185
2010-05-26,Jhang,0.0,0.12131109992728695,311.6531860068652,99224.68639246776
2010-05-27,Jhang,0.0,0.12125707053304591,311.1453429492361,98941.36669719446
2010-05-28,Jhang,0.0,0.12110301011364609,307.06679227246696,99507.66211655048
2010-05-29,Jhang,0.0,0.12152403918988053,305.82498747724384,100144.54066586755
2010-05-30,Jhang,0.0,0.12149491622396617,307.27089998103213,100185.42109398697
2010-05-31,Jhang,0.0,0.12118289074955677,309.40881370519054,99921.83929564523
2010-06-01,Jhang,0.0,0.12679587518733434,309.9822701170836,99941.752537634
2010-06-02,Jhang,0.0,0.14276537504709072,309.03620699378376,100136.51444373759
2010-06-03,Jhang,0.0,0.15200983001391133,307.04651418073416,100201.6356703335
2010-06-04,Jhang,0.0,0.156619959568548,305.59166583658964,100197.34338450899
2010-06-05,Jhang,0.0,0.15596580042500413,303.96717478574396,100099.04287724559
2010-06-06,Jhang,0.032786100167645375,0.15264521137263137,304.4576049753126,99988.49061546783
2010-06-07,Jhang,0.0,0.15074256623450366,302.4191714399338,100100.03941324489
2010-06-08,Jhang,0.0,0.14543389025261322,304.13030076790085,100203.75155991947
2010-06-09,Jhang,0.0,0.15637495639689644,304.14558597485694,100261.76707643077
2010-06-10,Jhang,0.0,0.15829351142884085,305.5346608810425,100281.71057701216
2010-06-11,Jhang,0.0,0.1473088544384231,307.2606482277738,100097.5156816142
2010-06-12,Jhang,0.0,0.14029829809641492,308.0231975333326,99955.0111353601
2010-06-13,Jhang,0.0,0.1356787846102258,308.1850257300388,99843.97565746227
2010-06-14,Jhang,0.0,0.1324099380066466,306.62052422313855,100022.64297936189
2010-06-15,Jhang,0.0,0.14019562551543904,303.9537408009862,100039.41458572075
2010-06-16,Jhang,0.0,0.14031835269714768,305.37758294327483,99943.22754890408
2010-06-17,Jhang,0.0,0.1354648926054859,307.14281254480505,99955.62936772175
2010-06-18,Jhang,0.0,0.13145913751713537,309.2163100472712,100025.40193652251
2010-06-19,Jhang,0.0,0.12952127576347094,310.6158279133424,99795.72175266058
2010-06-20,Jhang,0.0,0.12704367630509072,311.6165570310922,99631.65011538767
2010-06-21,Jhang,0.0,0.12464850061413132,311.71249434973333,99455.19466077811
2010-06-22,Jhang,0.0,0.12516932578722603,311.0155154464391,99361.27948626937
2010-06-23,Jhang,0.0,0.13832772741483076,309.02348062368964,99431.3492552727
2010-06-24,Jhang,8.667102196029424,0.21518933076993627,304.7979580197775,99494.64284822748
2010-06-25,Jhang,0.0,0.31496609699344796,303.7854982754516,99745.77303461735
2010-06-26,Jhang,0.0,0.258866046872645,307.3364698872966,99647.64872346762
2010-06-27,Jhang,0.0,0.2183778552746953,310.0415367782113,99502.43772356036
2010-06-28,Jhang,0.3409413645934389,0.19534603266629388,309.10978301737447,99450.62146621893
2010-06-29,Jhang,9.473932049521869,0.18369071529979475,307.93705578723166,99529.74469485196
2010-06-30,Jhang,9.524417995004278,0.17438435039400052,306.2283594050958,99669.76415803324
2010-07-01,Jhang,0.0,0.16293994311647148,307.8677898510143,99675.36979201775
2010-07-02,Jhang,0.0,0.1873255033901375,305.91844339212224,99964.3437307775
2010-07-03,Jhang,0.0,0.1695462742807762,307.959005205895,99949.47345029743
2010-07-04,Jhang,14.567637758873126,0.16171844981122166,308.12128187118685,100022.34529701665
2010-07-05,Jhang,0.0,0.16482919500580387,305.6087592378223,100080.93617759696
2010-07-06,Jhang,0.0,0.15926955322075678,305.69006309795145,100158.68312911832
2010-07-07,Jhang,0.0,0.14903107063606913,306.1157714394335,100326.098367351
2010-07-08,Jhang,0.0,0.1415097834947226,307.48194569625383,100258.7199412686
2010-07-09,Jhang,0.0,0.13490576357657572,311.0223438992346,99825.19819640236
2010-07-10,Jhang,1.299633664683684,0.131043865930693,311.68779203318996,99591.09230910204
2010-07-11,Jhang,6.22219215099465,0.14019304621144218,309.4531707568664,99423.01240246547
2010-07-12,Jhang,29.079549730412698,0.23089560413228805,304.7926044000384,99620.44628310483
2010-07-13,Jhang,3.614622956150932,0.3132117960575636,302.916503932115,100061.9985791146
2010-07-14,Jhang,0.0,0.27859456629129903,305.3222211291775,100100.25492359448
2010-07-15,Jhang,0.0,0.2389820587076942,307.0382626778324,99983.62771089982
2010-07-16,Jhang,0.0,0.20725219278949386,308.8801532084141,99728.48780318894
2010-07-17,Jhang,0.0,0.18170818408274014,309.27969624599297,99751.0774982937
2010-07-18,Jhang,0.0,0.1638465000264747,309.60263093984383,99500.41844970755
2010-07-19,Jhang,0.0,0.1502777004120868,310.9634732194294,99130.0297706571
2010-07-20,Jhang,18.947055912567482,0.1625436340345404,306.15802704607955,99559.36719592627
2010-07-21,Jhang,18.101336779185075,0.28797477012775796,302.58587666717796,99744.88318984036
2010-07-22,Jhang,0.0,0.36482544913483667,299.85347953167286,100005.11080589172
2010-07-23,Jhang,0.0,0.3426664934584016,302.7732468094304,99797.16843575146
2010-07-24,Jhang,0.0,0.2979006219274782,305.14681079757383,99480.59096221012
2010-07-25,Jhang,0.0,0.26750453385515277,306.1095741500878,99429.46126902239
2010-07-26,Jhang,1.3373843099949687,0.24585283731939303,306.28850708795113,99592.72759840863
2010-07-27,Jhang,0.0,0.29895436001285786,303.225615692327,99901.15237837686
2010-07-28,Jhang,31.018703347932913,0.3763898490569667,300.6238161337949,99917.72607614432
2010-07-29,Jhang,10.301573252347639,0.3798660308449766,302.79373054971956,99866.02396493393
2010-07-30,Jhang,0.18479179987238334,0.35395114051413995,304.1118320828655,99876.72624809353
2010-07-31,Jhang,3.9082649000100265,0.3371065202922354,304.8459576082774,99867.64674354966
2010-08-01,Jhang,0.0,0.36005719884206633,303.3777521060283,99997.21924688856
2010-08-02,Jhang,9.036824672454939,0.37257315171856886,303.34080714385067,99877.33446632001
2010-08-03,Jhang,15.925146749493821,0.40649425642838655,302.0685179061716,99815.21626002729
2010-08-04,Jhang,5.547420540008318,0.4027658956017416,303.2205616142906,99778.88766921072
2010-08-05,Jhang,7.195916268625353,0.4126234361752985,302.5307564958118,100094.57488324303
2010-08-06,Jhang,8.03639764726943,0.3960215649019832,302.61809204230804,100373.9750094269
2010-08-07,Jhang,0.8981082727350669,0.4032287109499119,302.4539181162211,100269.68481464233
2010-08-08,Jhang,18.065009447918282,0.40727730915538823,301.9921845914792,100140.52152025267
2010-08-09,Jhang,2.0233316213859855,0.40588706558688487,302.7835193578189,100027.92037353804
2010-08-10,Jhang,0.6659381793826169,0.3843564677852142,304.07537662882356,100010.8448419963
2010-08-11,Jhang,0.7516465945907442,0.4031886419710509,303.4989665295856,100011.7455082535
2010-08-12,Jhang,19.289253569062343,0.41619052364304754,302.1856385499447,100090.15052906646
2010-08-13,Jhang,0.7620065575876458,0.40711408674664074,303.1363733020696,100101.48263470495
2010-08-14,Jhang,4.438521502919527,0.40007954701758314,302.98249057690185,100051.07965542737
2010-08-15,Jhang,7.710824888080158,0.40848012121435134,302.57949380627,100216.9784236598
2010-08-16,Jhang,9.682631153272679,0.41330454028535174,302.0723014267615,100259.16743802454
2010-08-17,Jhang,0.0,0.3915037592542725,303.9669744182631,99859.70791166698
2010-08-18,Jhang,0.0,0.3832625074379206,304.88138407789364,99740.74375163263
2010-08-19,Jhang,12.323016285490484,0.3602303885922844,305.1330892330207,99996.59443542706
2010-08-20,Jhang,0.0,0.3490193626608416,303.61574745934695,100253.1228462895
2010-08-21,Jhang,0.0,0.3399933558248504,304.11647540241216,99970.92136468193
2010-08-22,Jhang,11.025972523194735,0.3269822475973318,304.58874958776795,99810.16886575629
2010-08-23,Jhang,0.0,0.3103249415601081,305.02178662145263,99734.86999819883
2010-08-24,Jhang,32.533773982379024,0.3383958243232985,302.6143585719677,99798.01219417782
2010-08-25,Jhang,0.0,0.4098705754961594,299.5076922508907,100230.41091053581
2010-08-26,Jhang,0.0,0.4024456691946588,300.2478538016325,100478.47878730741
2010-08-27,Jhang,0.0,0.3727538626887261,301.48548471813626,100256.780520598
2010-08-28,Jhang,0.0,0.35177590635482364,302.15915171573204,100148.93719823302
2010-08-29,Jhang,0.0,0.3336510990470301,302.32688388419217,100075.71351226242
2010-08-30,Jhang,0.0,0.31709403369823874,303.0287505718606,99922.28696514037
2010-08-31,Jhang,0.0,0.30149632781067315,303.650213702755,100001.32455751371
2010-09-01,Jhang,0.3348666278242908,0.28918789749550944,304.25666121003326,100173.15230885975
2010-09-02,Jhang,0.40220157317989225,0.27627104626001703,305.32573317497855,100133.21771251145
2010-09-03,Jhang,0.40220157317989225,0.265343972074894,305.19077737000293,99962.51235559415
2010-09-04,Jhang,44.73266832139597,0.2789123200903616,303.0713306963462,99945.47273432494
2010-09-05,Jhang,0.42354532872675443,0.27035643512334484,303.2157341459302,100151.80337615653
2010-09-06,Jhang,0.0,0.2566368107270326,304.8952675701675,100030.17253040837
2010-09-07,Jhang,0.0,0.24389850073396302,305.43809977288885,99884.34041371042
2010-09-08,Jhang,0.0,0.24460943904501556,303.19155548962124,100228.01446217013
2010-09-09,Jhang,0.0,0.2366535900317015,302.7144786692813,100358.86431044395
2010-09-10,Jhang,0.14948893013663933,0.22654267471311576,302.8294915675619,100157.42431889137
2010-09-11,Jhang,0.2863628755963733,0.22163110195780797,303.30738955018614,100140.8240814276
2010-09-12,Jhang,0.07241722209022292,0.22312478852981596,303.15330710277107,100227.96825785117
2010-09-13,Jhang,0.0,0.27058815926382684,301.5500779229756,100202.60534485697
2010-09-14,Jhang,0.06740255878010942,0.2696677830497125,300.86640054803735,100331.88493645501
2010-09-15,Jhang,0.0,0.25016534599941853,301.5724445107383,100312.66976289426
2010-09-16,Jhang,0.0,0.2324922635511954,302.79257540224046,100253.58288164838
2010-09-17,Jhang,0.0,0.2232075055986712,302.86295283761785,100124.09948778602
2010-09-18,Jhang,0.016816550838585274,0.24491115782517434,298.10376811321885,100529.87197811686
2010-09-19,Jhang,0.0,0.22715060274045978,299.41812576805603,100574.52547850866
2010-09-20,Jhang,0.0,0.21087503534480467,299.8750811754951,100565.2730027554
2010-09-21,Jhang,0.0,0.20101449573354882,301.0831276756479,100533.955158109
2010-09-22,Jhang,0.0,0.1923603190636639,302.73576318150094,100428.7195346995
2010-09-23,Jhang,0.0,0.18346963069186806,301.9941939700315,100589.73135522348
2010-09-24,Jhang,0.18053674792700175,0.17715778858916353,301.9728925024515,100589.17384543836
2010-09-25,Jhang,0.0,0.17146124182924216,302.65527243739945,100656.79316716308
2010-09-26,Jhang,0.0,0.16532529452728711,303.0911545543097,100777.16851000839
2010-09-27,Jhang,0.0,0.1581169377082383,303.02068126567923,100798.05846906701
2010-09-28,Jhang,0.0,0.15184417243395307,303.04801046077506,100721.72316617303
2010-09-29,Jhang,0.0,0.14685084392361558,302.9224742115939,100888.81181588946
2010-09-30,Jhang,0.0,0.14267594521765212,303.2930511660313,100838.50709363102
2010-10-01,Jhang,0.0,0.1403790331573111,303.3400163740838,100785.41407671939
2010-10-02,Jhang,0.0,0.141837675083097,303.19659244172186,100727.34749496517
2010-10-03,Jhang,0.0,0.1421477570792456,303.51475073080564,100724.76805625185
2010-10-04,Jhang,0.0,0.13843226405745926,303.4760707227479,100642.45659874358
2010-10-05,Jhang,0.0,0.135573515817616,304.0667763755162,100547.96968900613
2010-10-06,Jhang,0.0,0.13340216904340535,303.91462100378897,100573.71438385815
2010-10-07,Jhang,0.0,0.13209396518823543,303.5606532741614,100507.49624265853
2010-10-08,Jhang,0.0,0.1309589737982335,303.3481851663028,100356.93164055911
2010-10-09,Jhang,0.0,0.1294732380158693,303.049557243007,100062.42600099216
2010-10-10,Jhang,0.0,0.1287186969654777,302.34470731841554,100146.61993947811
2010-10-11,Jhang,0.0,0.13416557813883534,301.21517187587386,100657.72415995019
2010-10-12,Jhang,0.0,0.13814862982756693,301.1721559017714,100932.94929392842
2010-10-13,Jhang,0.0,0.13518675856500426,301.5868166557368,100817.03618281077
2010-10-14,Jhang,0.0,0.13281111524522055,302.06282523783915,100601.83345305704
2010-10-15,Jhang,0.0,0.13079854378542793,302.3454447863098,100667.25173634519
2010-10-16,Jhang,0.0,0.12918283695952662,302.91996659767216,100603.10043811509
2010-10-17,Jhang,0.0,0.12787485562514947,303.1036653055698,100722.50531041449
2010-10-18,Jhang,0.0,0.12719859770681047,302.6395552843474,100869.90123898261
2010-10-19,Jhang,0.0,0.12726147815273575,302.5848538784909,100868.28376735823
2010-10-20,Jhang,0.0,0.13531676065944956,301.2410114030794,100756.85125415
2010-10-21,Jhang,0.0,0.13852359448533347,301.5295920668751,100264.06197651594
2010-10-22,Jhang,0.0,0.1387230536680214,296.12649773165447,100295.71781705026
2010-10-23,Jhang,0.0,0.13761801157524087,296.21463921599747,100812.90531099375
2010-10-24,Jhang,0.0,0.13521119340096877,296.36261484921255,100923.44491804365
2010-10-25,Jhang,0.0,0.1330573883540083,296.66689690409214,101053.03497152956
2010-10-26,Jhang,0.0,0.13142594011064557,297.40325796523354,101220.26999640826
2010-10-27,Jhang,0.0,0.1300722762689685,297.3949951847237,101355.66883415772
2010-10-28,Jhang,0.0,0.12875320864611453,297.87177601987963,101272.05190760984
2010-10-29,Jhang,0.0,0.13773320257942967,297.140049065808,101320.92498377942
2010-10-30,Jhang,0.0,0.148192049858135,295.6656044377329,101656.33688703906
2010-10-31,Jhang,0.0,0.147857002824803,295.9082710761512,101539.46763693799
2010-11-01,Jhang,0.0,0.1440269494172687,296.43980951105726,101269.08905233578
2010-11-02,Jhang,0.0,0.14089842745999204,296.9290219241513,101360.70690893692
2010-11-03,Jhang,0.0,0.1382989682952703,297.15721255521873,101446.87924896357
2010-11-04,Jhang,0.0,0.13596278945809884,297.1443657495175,101303.6569709756
2010-11-05,Jhang,0.0,0.1339264676537865,296.72242884212875,101289.42136046883
2010-11-06,Jhang,0.0,0.1324592557845366,296.14799987917434,101327.20988974173
2010-11-07,Jhang,0.0,0.1311025617042478,296.19780506336025,101400.56685297572
2010-11-08,Jhang,0.0,0.12987594851356551,295.28658922212514,101564.91249020438
2010-11-09,Jhang,0.0,0.12881805200658314,295.6350555785932,101740.78332840042
2010-11-10,Jhang,0.0,0.12785251504328332,295.27178202109667,101430.88609902169
2010-11-11,Jhang,0.0,0.12709250524011442,294.82635024223725,101125.67437919206
2010-11-12,Jhang,0.0,0.12640804998920754,293.7157877528907,100950.86523944385
2010-11-13,Jhang,0.0,0.12583574536786724,293.4753578961383,101154.15929795192
2010-11-14,Jhang,0.0,0.1253510375223626,293.2340062402522,101611.61051281425
2010-11-15,Jhang,0.0,0.12493876574507061,293.1295513087417,101573.55502402542
2010-11-16,Jhang,0.0,0.1245819817260947,292.8821215265013,101384.01966067271
2010-11-17,Jhang,0.0,0.12426837259108933,292.82855117317655,101385.3306363018
2010-11-18,Jhang,0.0,0.12399163809153382,292.3186962830093,101467.28675974924
2010-11-19,Jhang,0.0,0.12375455813014824,292.1104890433415,101378.89118350596
2010-11-20,Jhang,0.0,0.12356388078283465,292.3223856035012,101127.49004037243
2010-11-21,Jhang,0.0,0.12341543284184361,292.02422899398783,100995.59307642227
2010-11-22,Jhang,0.0,0.12328096008095062,291.16350560674346,101122.40928978898
2010-11-23,Jhang,0.0,0.1231582926224171,290.78415199874746,101335.32044310766
2010-11-24,Jhang,0.0,0.12304362131913998,290.9625420968582,101349.91882388813
2010-11-25,Jhang,0.0,0.12293682751764916,291.22829508709395,101359.60763049178
2010-11-26,Jhang,0.0,0.12283397263848536,290.8977156600558,101248.01124095224
2010-11-27,Jhang,0.0,0.12272897198943099,290.1303555374807,101231.57308080397
2010-11-28,Jhang,0.0,0.12264195078042626,290.1797111130689,101450.06279334065
2010-11-29,Jhang,0.0,0.12257868445893143,290.3153816381593,101565.55660843385
2010-11-30,Jhang,0.0,0.12251650236914222,290.2238905795234,101283.34450915724
2010-12-01,Jhang,0.0,0.1224737223824335,289.88806366927173,101334.20971068283
2010-12-02,Jhang,0.0,0.12244129036261107,288.5632203923163,101607.71338297125
2010-12-03,Jhang,0.0,0.12240738907125218,288.30605272815114,101648.1939063606
2010-12-04,Jhang,0.0,0.12238528146762734,288.20388145482747,101499.92711563411
2010-12-05,Jhang,0.0,0.12238270291365257,287.96313770652523,101436.58711849905
2010-12-06,Jhang,0.0,0.12238750080395483,287.7031815430603,101536.55244899978
2010-12-07,Jhang,0.0,0.12238196105624448,287.34259620798156,101592.79055395567
2010-12-08,Jhang,0.0,0.12237470973705483,286.9002412659965,101253.43880871017
2010-12-09,Jhang,0.0,0.12234677214866096,286.41642914526375,101184.27899622715
2010-12-10,Jhang,0.0,0.12232470753200743,287.63210177111654,101056.30812885502
2010-12-11,Jhang,0.0,0.12231732363036935,288.2789961244767,100924.83395363217
2010-12-12,Jhang,0.0,0.1223140219909641,287.6495000015775,100711.51267658366
2010-12-13,Jhang,0.0,0.12231083244769377,286.55127139267563,101230.00959360988
2010-12-14,Jhang,0.0,0.12231004636042081,286.6422086607673,101505.19924916362
2010-12-15,Jhang,0.0,0.12230774525027342,287.3570505832213,101424.2118954653
2010-12-16,Jhang,0.0,0.12231223916740117,287.0549912677973,101468.0246648438
2010-12-17,Jhang,0.0,0.12227741933489594,286.6589978916338,101554.78694670781
2010-12-18,Jhang,0.0,0.12224856866980145,286.6606762238124,101658.269831832
2010-12-19,Jhang,0.0,0.12223851878306027,286.7780699013059,101976.82666882944
2010-12-20,Jhang,0.0,0.12224086924465088,286.8748517349574,101804.66305371339
2010-12-21,Jhang,0.0,0.12221539736407477,287.18415441215944,101289.46926163461
2010-12-22,Jhang,0.0,0.1222030753180329,286.5163986405732,100943.0431052824
2010-12-23,Jhang,0.0,0.1222085473923357,286.32118981586905,101239.8756056406
2010-12-24,Jhang,0.0,0.12220518911555996,286.6316534534563,101475.11779709032
2010-12-25,Jhang,0.0,0.12219479728310519,286.4851518370381,101375.22944218921
2010-12-26,Jhang,0.0,0.12219447323077189,286.0125290539813,101535.61909026459
2010-12-27,Jhang,0.0,0.12219907084378902,285.28491378393835,101663.11801749088
2010-12-28,Jhang,0.0,0.122203013880522,285.4091548509095,101670.93723588804
2010-12-29,Jhang,0.18194975234680366,0.12249402918339825,286.31529250848837,101479.69494595582
2010-12-30,Jhang,0.0,0.13093188058453128,285.86401953205353,101247.06790758025
2010-12-31,Jhang,0.0,0.13691682729942112,285.42299378995176,101441.40546582706
2011-01-01,Jhang,0.0,0.13643538155645132,285.05443334375343,101625.22964099726
2011-01-02,Jhang,0.0,0.1356082156037534,284.03947131040434,101605.56710997796
2011-01-03,Jhang,0.0,0.13498822850948622,283.34054595657716,101872.07200987347
2011-01-04,Jhang,0.0,0.13439937544708497,283.3061697336941,101854.0842772549
2011-01-05,Jhang,0.0,0.1338890851034839,281.9565567226308,101805.38788961113
2011-01-06,Jhang,0.0,0.13347990656664604,281.8382913642686,101863.87987935642
2011-01-07,Jhang,0.0,0.1331307632782469,281.97383040284217,101608.13894052923
2011-01-08,Jhang,0.0,0.13282373612142956,281.59785624891987,101534.20566974362
2011-01-09,Jhang,0.0,0.1324830439301619,282.72611632148846,101716.78808478541
2011-01-10,Jhang,0.0969242685080788,0.1318942975637379,284.01556451700975,101593.90596929876
2011-01-11,Jhang,0.0,0.13137077516176934,284.47688137741756,101340.55683489081
2011-01-12,Jhang,0.0,0.13082071372659002,286.2859985997181,101173.94551868111
2011-01-13,Jhang,0.0,0.13025060122649557,286.95617778285674,101110.76583750085
2011-01-14,Jhang,0.0,0.1354185924872682,284.85629743067574,100942.05918951596
2011-01-15,Jhang,0.0,0.13716265183080556,282.4323896861971,101603.62463108587
2011-01-16,Jhang,0.06862602511448405,0.13628780325517645,283.8258129277463,101590.55463773216
2011-01-17,Jhang,0.0,0.13538353086912125,284.44408690988183,101253.33270311607
2011-01-18,Jhang,0.0,0.13444152078666363,284.56351098252793,101409.38850947117
2011-01-19,Jhang,0.0,0.1335538652222401,286.43960978604525,101355.54879251064
2011-01-20,Jhang,0.2126385230585973,0.13537458360033766,286.8565856457394,101525.38298523918
2011-01-21,Jhang,0.0,0.1368396698002846,286.8221633031935,101638.25534912285
2011-01-22,Jhang,0.0,0.1355364527123689,287.4782533409374,101647.97064697163
2011-01-23,Jhang,0.0,0.13436414980985592,287.4261437777726,101818.92088806923
2011-01-24,Jhang,0.0,0.13337551562113517,287.31302833983557,101747.5617900839
2011-01-25,Jhang,0.0,0.13289658206591384,286.9316479560787,101788.72834281994
2011-01-26,Jhang,0.0,0.132193342087123,286.37263169990905,102184.88757441478
2011-01-27,Jhang,0.2439466610512207,0.13133734291269789,286.43010338156864,101934.74238288491
2011-01-28,Jhang,0.0,0.1305622914411012,287.4786219082294,101620.35171917651
2011-01-29,Jhang,2.5333165420496346,0.13263840621620276,285.3028212366684,101605.91664621528
2011-01-30,Jhang,0.0,0.1339315793318361,287.0571106242724,101921.47952197575
2011-01-31,Jhang,0.0,0.13290578292782743,287.3462945564237,101895.56542050409
2011-02-01,Jhang,0.0,0.13191432625657007,289.4613823707948,101702.82375912143
2011-02-02,Jhang,0.8522571629081094,0.13092720970508584,291.2082369503508,101642.39994528171
2011-02-03,Jhang,0.0223966515993597,0.1301497247551854,291.30726206486537,101604.52288452383
2011-02-04,Jhang,0.0,0.13052629075263625,290.5943415128545,101398.06351905604
2011-02-05,Jhang,0.4810032657948715,0.1314213288043707,289.1527211411287,101282.13144243565
2011-02-06,Jhang,0.0584206759111999,0.131996755424149,290.8096476580832,100810.63217262748
2011-02-07,Jhang,1.1571899319873136,0.14229412055928178,288.2590193610417,100819.17259413231
2011-02-08,Jhang,0.0,0.14143056240667007,286.7773362268942,101378.34159154967
2011-02-09,Jhang,0.0,0.13929356835130527,288.3377299155078,101238.2889155663
2011-02-10,Jhang,0.0,0.1371841021366379,289.4794211148857,101424.5941565691
2011-02-11,Jhang,1.4718686248881736,0.1385153409011208,288.62812761179504,101599.00750072677
2011-02-12,Jhang,5.121088160217787,0.13832271326106138,289.68589030181414,101300.93159500447
2011-02-13,Jhang,0.6798211244465772,0.17393501396855926,288.4236430209155,100969.52552301012
2011-02-14,Jhang,0.0,0.22943839785562678,287.10148363778677,101067.42398236586
2011-02-15,Jhang,0.0,0.21981783046176184,286.9396499869423,101138.59761477678
2011-02-16,Jhang,0.0,0.2057925053759926,287.2150950280907,101307.07585411114
2011-02-17,Jhang,0.0,0.19446710975723513,287.448316294917,101603.85649241417
2011-02-18,Jhang,0.12506614667492005,0.1881833851196133,288.0595296963695,101475.81910358874
2011-02-19,Jhang,0.0,0.18588922746124661,287.9916578192108,101665.71018518905
2011-02-20,Jhang,5.081893821694642,0.27198884665201944,285.7723742437935,101891.25111042884
2011-02-21,Jhang,0.0,0.2613750245700327,287.8382032778356,101883.67532320143
2011-02-22,Jhang,0.1282279090490961,0.23956253923240445,288.7510625793227,101590.91733901549
2011-02-23,Jhang,2.052290623665112,0.2624746883626812,287.2507447066985,101639.33460193084
2011-02-24,Jhang,1.4803522732867849,0.2717610610052802,287.0838184324974,101537.40823650105
2011-02-25,Jhang,2.2524028968801377,0.2902676095047176,287.04132933326645,101291.30183493292
2011-02-26,Jhang,0.0,0.27137838010044263,286.6658109011346,101613.01237665993
2011-02-27,Jhang,0.0,0.2674092519474415,287.878157598186,102074.13993272647
2011-02-28,Jhang,2.6845596374967635,0.2816547066060672,287.0312599785277,101907.01905582211
2011-03-01,Jhang,0.20320692387512435,0.2790164912794463,287.52335016013876,101725.4935006867
2011-03-02,Jhang,1.14185954270515,0.3072882237445584,285.92145933945204,101504.28004293198
2011-03-03,Jhang,0.0,0.2998110350856194,287.4443256605279,101418.99529548941
2011-03-04,Jhang,0.11107142253891031,0.27934127689842325,288.08891245728086,101432.3698615348
2011-03-05,Jhang,0.0,0.2570830553477759,289.6503330042008,101648.1281519642
2011-03-06,Jhang,0.2362382880934787,0.23890808533024105,290.77243956386764,101833.32402586663
2011-03-07,Jhang,0.05732015755159748,0.22404809797256273,291.9211955259878,101676.31063067715
2011-03-08,Jhang,0.0,0.2131529488567233,290.8543714133968,101267.97288389188
2011-03-09,Jhang,0.0,0.19962249567796722,292.4836925842513,101178.68911337375
2011-03-10,Jhang,0.0,0.18744370123225376,292.4666962945304,101477.130158741
2011-03-11,Jhang,0.036966352595120634,0.1767248687723569,293.78011189805494,101364.46110602606
2011-03-12,Jhang,0.03871868792107036,0.1674408845853165,294.6314245336907,101198.67304520286
2011-03-13,Jhang,0.0,0.15946450115009578,295.53705007479437,101102.3841004078
2011-03-14,Jhang,0.0,0.15254770909999102,297.74491909504997,100991.36566628888
2011-03-15,Jhang,0.0,0.1466227967120845,298.02155003086995,101151.67410691715
2011-03-16,Jhang,0.0,0.14169146698617602,299.32239691398195,100864.50813717606
2011-03-17,Jhang,4.015181287060877,0.13779130253556143,299.7871166956425,100489.88437952913
2011-03-18,Jhang,0.5225797840327374,0.1351581601644294,298.16623278600747,100240.02089591612
2011-03-19,Jhang,0.0,0.13311226478016155,296.86705756080016,99910.37465241496
2011-03-20,Jhang,0.0,0.13139579617201805,295.58787143834604,100553.621813804
2011-03-21,Jhang,0.0,0.12976112478440238,296.15891885950856,100827.61620214915
2011-03-22,Jhang,0.0,0.12823401929228395,296.9506326040443,100829.27190391277
2011-03-23,Jhang,0.0,0.12693611246679637,297.988084368514,100950.61941099082
2011-03-24,Jhang,0.0,0.12587427204448406,298.9766147294916,100947.73450771425
2011-03-25,Jhang,0.0,0.12495156210498258,300.4503047696293,100914.91390871991
2011-03-26,Jhang,0.0,0.12417009955305282,300.4534295907428,100858.61453295105
2011-03-27,Jhang,0.0,0.12417412222068586,301.07579942797315,100695.89489581926
2011-03-28,Jhang,0.0,0.12434700371188961,297.2234563341606,100572.26832589354
2011-03-29,Jhang,0.0,0.12397855563039838,296.7833620391111,100871.93667685542
2011-03-30,Jhang,0.0,0.12356499486541327,297.2883309260569,101113.18001428258
2011-03-31,Jhang,0.0,0.12498088755538979,297.6721526306471,100995.4541595921
2011-04-01,Jhang,0.0,0.1271678308428244,297.03154299203936,100881.44516108987
2011-04-02,Jhang,0.0,0.1294008620136989,296.0139198588658,101071.4694291074
2011-04-03,Jhang,0.0,0.1297947577179139,296.1152428829488,101184.98312264062
2011-04-04,Jhang,0.0,0.1279531955017187,297.02934307819373,101057.8623099868
2011-04-05,Jhang,0.0,0.12667414748485326,296.4600800177749,101242.17904657428
2011-04-06,Jhang,0.0,0.12565144652850574,296.85494258250645,101295.69677051374
2011-04-07,Jhang,0.020543196769546433,0.12474583586760163,297.2040156831886,101313.94501652606
2011-04-08,Jhang,0.01838298593124656,0.12446762748923208,298.71088590266976,101137.44499914683
2011-04-09,Jhang,4.26764381283427,0.12554269360543974,299.534038852153,101206.97237857693
2011-04-10,Jhang,0.575293163845571,0.13110444288782971,296.0086977276362,101393.133367056
2011-04-11,Jhang,1.9009212452037214,0.13788594576745322,293.8996934966713,101345.77868182064
2011-04-12,Jhang,0.0,0.1372714340690146,297.06556711631174,101113.01994822033
2011-04-13,Jhang,0.0,0.13372621481931865,299.27729039613985,101015.32292649728
2011-04-14,Jhang,0.6872712555024535,0.13104638356145765,301.7610219292661,100778.00362831359
2011-04-15,Jhang,2.472769359835294,0.161398542849195,299.3288683504875,100770.68620893234
2011-04-16,Jhang,4.340556254694356,0.25633146083354824,295.7724327426111,101046.70913242774
2011-04-17,Jhang,0.0,0.2996114828359242,295.84030445337226,100945.64007070717
2011-04-18,Jhang,0.9501098411309592,0.26440954949288537,296.09282793345056,100917.24236971872
2011-04-19,Jhang,0.0,0.23464945741153903,297.2346558334982,100888.10954826586
2011-04-20,Jhang,0.0,0.2101607449928733,298.9599870881932,100829.78893294554
2011-04-21,Jhang,0.0,0.19590875850038336,299.83104840058013,100834.1911159375
2011-04-22,Jhang,0.0,0.18180880936099067,301.0278554524205,100736.49243502256
2011-04-23,Jhang,0.0,0.1647081176794843,302.85472411738243,100530.07551679565
2011-04-24,Jhang,0.0,0.15140481170736927,304.9580156591649,100371.69890974167
2011-04-25,Jhang,0.0,0.14162756087454356,306.14854538941194,100327.84539312919
2011-04-26,Jhang,0.0,0.13474215021353822,306.84167644397826,100374.69384632319
2011-04-27,Jhang,0.0,0.13045714275914652,306.5489010546468,100263.79908953785
2011-04-28,Jhang,0.0,0.12751237141805716,306.55988587214205,100137.88846891955
2011-04-29,Jhang,0.0,0.12550330864658174,306.17971935422435,100178.93297691824
2011-04-30,Jhang,0.16272929897724286,0.12639311979546833,305.7079720084243,100372.18911074055
2011-05-01,Jhang,0.0,0.1265444423990932,306.1518955492362,100363.73940444991
2011-05-02,Jhang,0.0,0.12463469519614045,307.6910442770935,99961.5459820751
2011-05-03,Jhang,0.0,0.12344074426058446,308.2947401143632,99837.94537517065
2011-05-04,Jhang,0.0,0.12281997817210902,308.48492131154,99990.42383569555
2011-05-05,Jhang,0.19865524570040047,0.1280731878463109,306.6346956136669,100300.20789744768
2011-05-06,Jhang,0.0,0.13877713029221508,302.68260756874747,100570.3529288777
2011-05-07,Jhang,0.0,0.1364084613192358,304.0413696278094,100384.87761847384
2011-05-08,Jhang,0.0,0.1324637747309677,306.33204647602406,100033.78524248794
2011-05-09,Jhang,0.0,0.13291393605195947,306.9371812795512,99903.38883467378
2011-05-10,Jhang,0.0,0.13165764910068464,307.29839630837984,99950.36062867602
2011-05-11,Jhang,0.0,0.1282121043157206,308.40238096430966,99913.86266547158
2011-05-12,Jhang,0.0,0.12756697760059335,308.07791003664255,99973.94588733188
2011-05-13,Jhang,0.0,0.12660928856678666,307.0108817725388,100309.07714359897
2011-05-14,Jhang,0.0,0.12479965568428567,307.9823910592132,100171.71792053575
2011-05-15,Jhang,0.0,0.12335149810080245,309.5784363617908,100265.5099954392
2011-05-16,Jhang,0.0,0.12250015754832132,309.85369465311373,100463.99049986935
2011-05-17,Jhang,0.0,0.12193243811106345,310.5438288308796,100319.79814263199
2011-05-18,Jhang,0.0,0.12153215005563418,310.3514844434388,99917.23378068228
2011-05-19,Jhang,0.0,0.12504519171437647,310.9428289309028,99533.36109844244
2011-05-20,Jhang,0.16634519772938786,0.13297724396752783,309.5021160382495,99364.56636109023
2011-05-21,Jhang,2.8285110180015294,0.14298874190747077,307.7893157111543,99442.97043052092
2011-05-22,Jhang,1.2269635172696103,0.1458904833116852,305.55666109316263,100131.90729354498
2011-05-23,Jhang,0.0,0.13849766202700323,307.00207922545894,100196.26340282573
2011-05-24,Jhang,3.289919683278248,0.14741355730734113,307.55286182007666,99944.02115897478
2011-05-25,Jhang,0.0,0.17898605818807764,307.0642449405335,99962.45763412578
2011-05-26,Jhang,1.184854981402559,0.20748886842477035,306.37793399007575,100164.94696247557
2011-05-27,Jhang,0.0,0.20424053822114224,306.53084328575636,100293.45049599327
2011-05-28,Jhang,0.0,0.18644285957941334,307.0967620079571,100146.97577121742
2011-05-29,Jhang,0.0,0.1788881983049803,308.02179778692204,99942.06036498534
2011-05-30,Jhang,0.0,0.16769384452535832,308.75904809791757,99746.74304935282
2011-05-31,Jhang,0.0,0.1520659955991916,309.34162784249287,99410.14069662357
2011-06-01,Jhang,0.11386712340205415,0.15414293779848906,304.11963884097645,99896.66724685274
2011-06-02,Jhang,0.0,0.15166380023798798,304.0361437376837,100368.97450200543
2011-06-03,Jhang,0.0,0.1420612538139583,306.5667104614243,100334.9343090642
2011-06-04,Jhang,0.0,0.13700519769073632,308.6209920832197,99938.82155195663
2011-06-05,Jhang,0.0,0.13418564416133058,309.3406152890115,99768.97172790837
2011-06-06,Jhang,0.0,0.1300623274851838,309.8382354234968,99848.3983732495
2011-06-07,Jhang,0.0,0.12822781849667134,310.18875433140823,99562.2487205184
2011-06-08,Jhang,0.0,0.12673736346916178,309.5758795847883,99451.32240143331
2011-06-09,Jhang,0.0,0.12775447751213365,308.97795750584334,99409.41705489105
2011-06-10,Jhang,0.9879133604651991,0.12936039288742274,308.75434037820895,99436.09439987858
2011-06-11,Jhang,1.2941162137484747,0.13733362901632273,309.4647791719542,99448.10148350339
2011-06-12,Jhang,0.0,0.1465958132158765,308.4984051141686,99837.86664689993
2011-06-13,Jhang,0.0,0.14097787280460217,308.9503429145663,99799.48306576307
2011-06-14,Jhang,0.0,0.13580843573726492,310.3027597893215,99475.65846532784
2011-06-15,Jhang,0.0,0.13211282909700647,310.19970695474774,99326.22362988298
2011-06-16,Jhang,0.0,0.12826612091673037,310.16609625780063,99236.46771356469
2011-06-17,Jhang,11.3872935227828,0.12667503139641517,309.52303693139345,99216.21380560311
2011-06-18,Jhang,0.0,0.1277969696832831,307.38244893619,99513.04103451835
2011-06-19,Jhang,0.0,0.12750144490568122,308.31022520722235,99381.85945136337
2011-06-20,Jhang,13.424627249255904,0.13946222921194426,306.78099990780106,99638.19059482325
2011-06-21,Jhang,0.0,0.13440299477435177,308.530249327402,99611.90446704686
2011-06-22,Jhang,0.0,0.12973635631725308,310.07882789829017,99383.08412663461
2011-06-23,Jhang,0.0,0.12707312310904645,310.4263530620711,99342.3414664717
2011-06-24,Jhang,0.0,0.12519658889161056,311.50792945563427,99183.08178754551
2011-06-25,Jhang,0.0,0.12361690024039981,311.44277023287884,99069.21800348209
2011-06-26,Jhang,0.0,0.122801246545778,309.4669411407114,99290.18701153775
2011-06-27,Jhang,0.0,0.12602738981488978,308.07988298073633,99350.42011311262
2011-06-28,Jhang,0.5560290817062221,0.19444265287062568,305.45978239767186,99391.10473000014
2011-06-29,Jhang,13.087096184239982,0.3178681428851377,302.24711686438997,99569.55430673638
2011-06-30,Jhang,0.7286885041768503,0.305438849514206,304.49329532538104,99499.21446127472
2011-07-01,Jhang,0.02046217550831676,0.337554341159072,302.55807437320493,99663.35176157136
2011-07-02,Jhang,0.0,0.32184156182789786,303.18619577901865,99688.30977804062
2011-07-03,Jhang,0.3017021419827683,0.3561923535028424,302.2614728865533,99860.2672133582
2011-07-04,Jhang,0.0,0.32284124735407355,303.9786756451366,100087.28154887044
2011-07-05,Jhang,0.0,0.2901892864500687,306.2161401941327,100039.76823531081
2011-07-06,Jhang,0.0,0.26104533316474143,306.84898962497675,99976.17357395342
2011-07-07,Jhang,0.0,0.2406434997281217,305.8866034138129,99952.44072885418
2011-07-08,Jhang,0.0,0.27608663241014936,303.6866550830852,100114.12762347689
2011-07-09,Jhang,3.8486673777214877,0.3404983138553786,302.7412556212568,100000.08063314189
2011-07-10,Jhang,7.708585339170475,0.30335927004493046,304.44347718454526,99867.19289625745
2011-07-11,Jhang,0.0,0.2824102834581769,305.08283663499435,99756.63384235231
2011-07-12,Jhang,0.0,0.2598084412234827,306.68321026815727,99593.21877949206
2011-07-13,Jhang,0.0,0.23598546993704753,307.949267810713,99526.49762536236
2011-07-14,Jhang,0.0,0.22417601337741647,305.8975591703582,99556.13830460656
2011-07-15,Jhang,3.7868063891595742,0.2691151746686254,304.4592366074614,99536.50230248742
2011-07-16,Jhang,0.0,0.36187542228291997,302.5196428080264,99714.51640732966
2011-07-17,Jhang,0.0,0.34403156108355404,303.86564358600185,99669.13875989032
2011-07-18,Jhang,0.0,0.30881771107061323,304.70353854572176,99626.56421501609
2011-07-19,Jhang,0.0,0.2797772066818204,305.459082042213,99373.0571774727
2011-07-20,Jhang,0.0,0.25301746048813134,307.0633889996251,99124.12882106533
2011-07-21,Jhang,0.0,0.2287431828115055,306.9367790122306,99329.53643559986
2011-07-22,Jhang,0.0,0.20906817019323923,306.8921316121284,99436.21294954325
2011-07-23,Jhang,0.0,0.19252837180651997,307.5840169124088,99526.70506963288
2011-07-24,Jhang,0.0,0.1808137431770392,306.2320701470501,99931.83064709799
2011-07-25,Jhang,0.0,0.17447383308927097,306.02746774694765,100314.79890205266
2011-07-26,Jhang,0.0,0.19250621052275413,304.64884119585497,100334.69645479076
2011-07-27,Jhang,0.0,0.18484416631531708,306.29368813330075,99879.64823658523
2011-07-28,Jhang,15.744953003879212,0.1885016141111435,305.5938444784626,99779.23838434054
2011-07-29,Jhang,0.0,0.2980688496397368,304.2673233364636,99854.72393033346
2011-07-30,Jhang,22.44911868067014,0.2903137654472905,305.2068823912397,99717.06192306151
2011-07-31,Jhang,1.7712323044681093,0.28359008216560055,305.42250283868816,99560.84940931606
2011-08-01,Jhang,0.0,0.26627362168875746,306.88515944336615,99512.0528766347
2011-08-02,Jhang,0.0,0.231631412742039,308.2892321800119,99472.05686201298
2011-08-03,Jhang,0.0,0.20558898527455316,308.0682249736841,99519.292211041
2011-08-04,Jhang,3.8181345895695658,0.20400346128127383,306.20395026798985,99649.09315910541
2011-08-05,Jhang,0.0,0.2940704615239578,303.9516152254789,99585.62396909442
2011-08-06,Jhang,0.0,0.28328498950820974,305.12312247948205,99481.89562021806
2011-08-07,Jhang,0.0,0.2557922779736284,305.1154159985326,99516.32705538605
2011-08-08,Jhang,23.149339582236284,0.2512105421064377,303.0445289079515,99795.25691272868
2011-08-09,Jhang,0.0,0.2497978436098675,303.3782791507263,99864.50527460265
2011-08-10,Jhang,0.0,0.24870296221421118,304.9230372531016,99796.61769097163
2011-08-11,Jhang,0.0,0.23136336182498476,304.96723161040563,99713.88489090046
2011-08-12,Jhang,0.13567441988973325,0.28866060801195303,302.3426982015353,99708.17227998922
2011-08-13,Jhang,0.0,0.3283406700281625,301.22341196076337,100006.69503127207
2011-08-14,Jhang,0.0,0.2882420761444578,302.99029253825773,100174.16073674329
2011-08-15,Jhang,0.0,0.2623867524697861,303.5089927028406,99904.95279374099
2011-08-16,Jhang,0.0,0.2500619623547921,303.35481164524174,99825.59565882098
2011-08-17,Jhang,5.484880607142366,0.2547598089673532,302.7315080376484,99925.33991471528
2011-08-18,Jhang,0.0,0.23758165686356633,304.5520350467716,99966.4900943535
2011-08-19,Jhang,0.0,0.24402910051017224,304.3808214042182,100096.59372788094
2011-08-20,Jhang,0.0,0.2455343759282098,303.99428574890806,100450.4792049361
2011-08-21,Jhang,0.0,0.223343592299617,305.0164878832612,100380.22621149178
2011-08-22,Jhang,0.0,0.20195887417097727,306.9652147930715,100201.52512249736
2011-08-23,Jhang,0.0,0.18244210212292045,308.6030449657511,99875.20430573585
2011-08-24,Jhang,14.749917329914663,0.2042163575783251,304.95384085166194,100009.71921318331
2011-08-25,Jhang,0.0,0.3288263017506833,302.99217266133024,100266.67653316587
2011-08-26,Jhang,0.0,0.2905732794004164,304.62491706799614,100186.3363198435
2011-08-27,Jhang,21.615075814309723,0.27710713608081383,304.0757389697554,100082.97154937593
2011-08-28,Jhang,3.5577343788100038,0.3238473091167059,301.8105349713807,100263.66990061176
2011-08-29,Jhang,0.0,0.30024330641203395,302.91261950790334,100352.47717051042
2011-08-30,Jhang,0.10608002856550074,0.31590801319458883,303.3197316518359,100333.41040680085
2011-08-31,Jhang,6.121412975240303,0.3262602048901311,304.04456763274106,100197.13494303824
2011-09-01,Jhang,0.3929160231667062,0.3539532033744636,301.06555877921767,100194.86351336831
2011-09-02,Jhang,0.0,0.3482180062485937,302.22713336982923,100134.96840346821
2011-09-03,Jhang,0.0,0.30720844063292796,303.7898501775765,100074.1649962397
2011-09-04,Jhang,13.803714984789776,0.3037722061273626,303.6775853579637,100260.84848347599
2011-09-05,Jhang,0.0,0.2965938238062726,302.0444983278431,100271.56552425303
2011-09-06,Jhang,0.0,0.28816126706711165,302.27243467678875,100019.22050872748
2011-09-07,Jhang,0.22184410385794764,0.30101765749172094,302.207227165479,99840.88772793149
2011-09-08,Jhang,20.76079684670908,0.3011226822914816,303.06810421871694,99810.85519897657
2011-09-09,Jhang,3.744021176592742,0.36093274281660215,301.61012037959694,100223.5590444256
2011-09-10,Jhang,0.0,0.34980350696976414,302.31542148213134,100404.17207854788
2011-09-11,Jhang,0.0,0.315366111740885,303.910936830676,100157.76565870525
2011-09-12,Jhang,0.0,0.3031653742463591,303.558102316022,100217.43918368076
2011-09-13,Jhang,0.8535619153465032,0.2947594841512832,303.223326644247,100231.63886916901
2011-09-14,Jhang,13.416748768519316,0.36762817988658775,302.0529481028571,100081.14026872527
2011-09-15,Jhang,16.119983113086466,0.3954526655516501,301.1139484855617,99958.69023881198
2011-09-16,Jhang,0.0,0.4108868006988532,298.64402171985705,100197.33404421489
2011-09-17,Jhang,0.0,0.37409673084328193,300.36680972698144,100140.33327821121
2011-09-18,Jhang,0.0,0.35153918927547856,301.6248581058792,100162.0830586007
2011-09-19,Jhang,0.0,0.35416218039976255,300.5337564068367,100515.00299054776
2011-09-20,Jhang,0.0,0.3370797469307436,301.4140856141973,100554.75432664354
2011-09-21,Jhang,0.0,0.3153752946451302,301.6526122348578,100337.90527518198
2011-09-22,Jhang,0.0,0.2951413627469451,301.8170802486165,100441.0078169765
2011-09-23,Jhang,0.0,0.2772685247073662,301.6938995988473,100387.95057025012
2011-09-24,Jhang,0.0,0.2607088726400756,301.6875447900027,100390.49310070064
2011-09-25,Jhang,0.0,0.24679533641615067,302.25935558706647,100512.99629979949
2011-09-26,Jhang,0.0,0.2344319142571729,302.68945450876885,100522.3499662421
2011-09-27,Jhang,0.0,0.2224004427195518,303.1910571184548,100428.87900381077
2011-09-28,Jhang,0.0,0.20994905942408382,303.3133677107239,100455.3379945713
2011-09-29,Jhang,0.0,0.19798484612469097,303.2890275890072,100526.98549833156
2011-09-30,Jhang,0.0,0.1870737135271687,303.3049707413254,100623.69678157331
2011-10-01,Jhang,0.0,0.17738346665284332,303.68327433745225,100463.69376390346
2011-10-02,Jhang,0.0,0.16865265732774126,303.0835820688714,100393.38642764754
2011-10-03,Jhang,0.0,0.1614664971292062,302.87579069853604,100408.00826488718
2011-10-04,Jhang,0.0,0.15540007306742817,302.89313052523926,100547.64857890384
2011-10-05,Jhang,0.0,0.1501885044609159,303.2875226814859,100929.00396720905
2011-10-06,Jhang,0.0,0.1459413671996581,302.8777851401227,101057.43718032712
2011-10-07,Jhang,0.0,0.14543221159638245,300.95021929749447,101090.56582470342
2011-10-08,Jhang,0.0,0.14906111807901762,300.45687968430354,101089.88943425797
2011-10-09,Jhang,0.0,0.15289254499100235,300.9660350990879,101174.20387994415
2011-10-10,Jhang,0.0,0.14953743427198646,301.7417767318883,101247.31314619217
2011-10-11,Jhang,0.0,0.14455738350706643,302.0727092734304,101226.95613108376
2011-10-12,Jhang,0.0,0.14028126584834913,301.92435946383057,101068.60185926381
2011-10-13,Jhang,0.0,0.13750392550336302,302.02848504024547,100850.9426561078
2011-10-14,Jhang,0.0,0.13511800069006535,301.1000630263016,100887.75918783073
2011-10-15,Jhang,0.0,0.13278291019900545,300.3074301301871,100777.34748337907
2011-10-16,Jhang,0.0,0.13101029818480187,300.5851464941046,100846.89661847173
2011-10-17,Jhang,0.0,0.12953682901114427,300.0832567790444,100985.62168688272
2011-10-18,Jhang,0.0,0.12829035671830336,300.227900408581,101011.60741772769
2011-10-19,Jhang,0.0,0.12740921415147907,300.1587147545187,100733.95645444319
2011-10-20,Jhang,0.0,0.1309014261796823,299.1811730608773,100763.5076034224
2011-10-21,Jhang,0.0,0.13229637731441773,299.2902311472742,100947.39542614976
2011-10-22,Jhang,0.787141700688811,0.1306889561093803,299.3095431597348,101069.6144897662
2011-10-23,Jhang,0.0,0.13087914834250788,296.2168948063063,101384.89971329503
2011-10-24,Jhang,0.0,0.1303080661712008,296.4089023491042,101386.13727817746
2011-10-25,Jhang,0.0,0.12911858108052326,296.418203274915,101285.63893131295
2011-10-26,Jhang,0.0,0.12804800772426647,296.405752739723,101428.40322258715
2011-10-27,Jhang,0.0,0.12713085231862212,296.9893467618439,101293.03865382427
2011-10-28,Jhang,0.0,0.1263300392008332,297.1139507977934,101244.94187614802
2011-10-29,Jhang,0.0,0.12563856923051267,296.52557232169164,101240.64315210108
2011-10-30,Jhang,0.0,0.12506588910533456,296.9316559300122,100993.02908286
2011-10-31,Jhang,0.0,0.12457528165159633,296.8308831446052,101065.95626511467
2011-11-01,Jhang,0.0,0.1241420485613428,296.88197755878423,101091.9193576418
2011-11-02,Jhang,0.0,0.12386380356047379,296.91841011319923,100990.23832904293
2011-11-03,Jhang,0.0,0.12439611182650574,297.02040590101967,101004.38053028827
2011-11-04,Jhang,0.0,0.12463563983804989,296.57122725998516,101269.94581386496
2011-11-05,Jhang,0.0,0.12425652402317881,296.60483926147754,101379.4602354835
2011-11-06,Jhang,0.0,0.12387711338540057,296.36598909987003,101198.26471311593
2011-11-07,Jhang,0.0,0.12355443061363075,297.1184898292332,101218.02474489366
2011-11-08,Jhang,0.0,0.12499461974981081,296.84824387021916,101401.75884630205
2011-11-09,Jhang,0.0,0.12469934937964838,296.2576171599593,101427.13756914834
2011-11-10,Jhang,0.025261914885969433,0.12703762330665722,295.72440650512453,101344.6877591088
2011-11-11,Jhang,0.0,0.12791853274523546,295.59214126929936,101247.27878477958
2011-11-12,Jhang,0.0,0.1271122521604212,295.7115158697273,101195.84429981635
2011-11-13,Jhang,0.0,0.12637528815259766,295.9198774054068,101354.13075095214
2011-11-14,Jhang,0.0,0.1257828777361705,296.6006528953651,101392.44746147066
2011-11-15,Jhang,0.0,0.12520715284338432,296.0332515705667,101429.07949374763
2011-11-16,Jhang,0.0,0.12475004794791635,295.68952198723525,101318.39581718287
2011-11-17,Jhang,0.0,0.12437321517837868,295.5788478019009,101237.78991487324
2011-11-18,Jhang,0.0,0.12401851686325115,296.04771208912865,101220.75861247213
2011-11-19,Jhang,0.0,0.12371399773691755,296.3231881504557,101388.9084508452
2011-11-20,Jhang,0.0,0.12344617570512804,296.01731211851404,101655.41648558892
2011-11-21,Jhang,0.0,0.12320196492093351,295.7241267566301,101706.68144780745
2011-11-22,Jhang,0.0,0.12301213687702704,295.4994127086334,101625.7248432708
2011-11-23,Jhang,0.2298031234898715,0.12286573508158469,295.5082805042568,101677.54005127412
2011-11-24,Jhang,0.0,0.12274594466432595,294.4429642807823,101737.77969192383
2011-11-25,Jhang,0.0,0.1226291291340604,293.25225473492026,101554.88629940974
2011-11-26,Jhang,0.0,0.12251001714378365,293.0013531840634,101442.24932036598
2011-11-27,Jhang,0.0,0.12242253647134299,292.35000583344345,101466.76921460526
2011-11-28,Jhang,0.0,0.12236246892910287,292.30023997397893,101417.618549138
2011-11-29,Jhang,0.0034814318980095115,0.12230927047344622,292.00853752106565,101360.1477175776
2011-11-30,Jhang,0.0,0.12224175722776061,292.47579660563196,101221.65101147242
2011-12-01,Jhang,0.0,0.12233408670627818,291.0281695679489,101448.36765963637
2011-12-02,Jhang,0.0,0.12233934041705262,290.94220754319605,101394.78886816841
2011-12-03,Jhang,0.0,0.1222869283701069,291.90453038582103,101040.57651715589
2011-12-04,Jhang,0.0,0.1222348784980378,292.1469248656239,101047.71366288254
2011-12-05,Jhang,0.0,0.12218305843268873,291.6735392871822,101180.66771556584
2011-12-06,Jhang,0.0,0.12213316405936617,290.8953815877733,101379.6417059367
2011-12-07,Jhang,0.0,0.12209136306557158,290.3297365463258,101552.03572542041
2011-12-08,Jhang,0.0,0.12204440297091167,289.8553405569368,101357.05761063729
2011-12-09,Jhang,0.0,0.12203628203343506,289.30762588629705,101568.24829736003
2011-12-10,Jhang,0.0,0.12201659892928017,289.1915698289047,101472.95720148766
2011-12-11,Jhang,0.0,0.12196826833025758,288.5970230606981,101429.93837554565
2011-12-12,Jhang,0.0,0.12193941115068678,287.91670682699834,101692.53472927344
2011-12-13,Jhang,0.0,0.12193449642839653,287.4890747296818,101800.77490631
2011-12-14,Jhang,0.0,0.12192484814625656,288.0822060735336,101693.18037213715
2011-12-15,Jhang,0.0,0.1219143967834894,287.7615341131366,101726.47364647228
2011-12-16,Jhang,0.0,0.1219102289758981,287.35604128747076,101757.34059777242
2011-12-17,Jhang,0.0,0.1219033338099804,287.38175768576144,101664.00582257574
2011-12-18,Jhang,0.0,0.12189921263232405,287.2283240282757,101792.06315883157
2011-12-19,Jhang,0.0,0.12197768245555024,286.69175829216596,101653.99418743046
2011-12-20,Jhang,0.0,0.1418538649922448,286.76170952798725,101660.71584766511
2011-12-21,Jhang,0.0,0.14287263111924206,285.5740503907125,101923.15493207342
2011-12-22,Jhang,0.0,0.14099093589374267,284.8141114141503,101903.96781599685
2011-12-23,Jhang,0.0,0.139234346748088,284.71918952609576,101686.09939615002
2011-12-24,Jhang,0.0,0.13768021325131705,285.1777174296903,101595.27516910537
2011-12-25,Jhang,0.0,0.13630986532175532,285.24681042750035,101561.86353390742
2011-12-26,Jhang,0.0,0.13519883621104223,285.6185770915638,101582.30039666817
2011-12-27,Jhang,0.0,0.13429372836484157,285.33658607351583,101702.14584693834
2011-12-28,Jhang,0.0,0.13347341144099803,285.54424110419984,101911.65561065415
2011-12-29,Jhang,0.0,0.13270621788490092,286.0394104251027,101985.87034341392
2011-12-30,Jhang,0.0,0.13186474993540512,286.0407530970941,101855.40449416904
2011-12-31,Jhang,0.0,0.13115239609724508,285.7452931211517,101880.13879491223
2012-01-01,Jhang,0.0,0.13048849198301946,285.3591849427494,101627.55747081338
2012-01-02,Jhang,0.0,0.1298780678612548,285.80214982035625,101699.60503598025
2012-01-03,Jhang,0.0,0.12936407095212138,286.4072341629007,101484.25480878608
2012-01-04,Jhang,1.0038482410898342,0.13065413284820346,286.3879886442347,101446.78647167496
2012-01-05,Jhang,0.0,0.13331121294076315,285.7875450490687,101581.0212693068
2012-01-06,Jhang,3.2442492886972416,0.17593949909903017,282.7005808787179,101411.63073225634
2012-01-07,Jhang,0.0,0.1903556932933662,282.2615688196086,102064.36659923867
2012-01-08,Jhang,0.0,0.18487202005125883,282.35687716231405,102169.73672567536
2012-01-09,Jhang,0.0,0.1794866827847425,283.8451396333077,102052.90229332384
2012-01-10,Jhang,0.0,0.1746013352963273,283.42205457755864,102177.64498798198
2012-01-11,Jhang,0.0,0.17001538154150922,284.33792055788234,102045.55102600777
2012-01-12,Jhang,0.0,0.16604528778884314,285.1323550998527,101949.3172900902
2012-01-13,Jhang,0.0,0.16321119486998323,285.959921733339,101837.81187303038
2012-01-14,Jhang,0.0,0.18191777505456436,285.9857875290989,101534.72982637602
2012-01-15,Jhang,0.6504673570250873,0.2050913777804016,284.89431244372287,101046.93306802765
2012-01-16,Jhang,0.0,0.20659957545532248,283.6769224693578,101118.90490995435
2012-01-17,Jhang,0.0,0.19878098712014136,284.0002539497761,101221.62853351774
2012-01-18,Jhang,0.0,0.19271076469014659,284.22521371674367,101114.16919359223
2012-01-19,Jhang,0.0,0.18757358049453587,283.58040671908014,101437.33633142964
2012-01-20,Jhang,0.0,0.18279761901198527,283.16818712525037,101863.84776013048
2012-01-21,Jhang,0.014589827271803846,0.17790404041858623,284.57514233575074,101804.6768517855
2012-01-22,Jhang,0.0,0.17514159430914508,285.1759083102082,101765.5648975466
2012-01-23,Jhang,0.0,0.1706592545199739,285.010366013528,101940.48988975232
2012-01-24,Jhang,0.0,0.1659182438880457,285.1174370530405,101705.15938721805
2012-01-25,Jhang,0.0,0.16186801796354183,286.01470036996153,101685.45753985639
2012-01-26,Jhang,0.0,0.15760071904127798,286.46101731718403,101775.73612477457
2012-01-27,Jhang,0.0,0.1534852037718354,286.2107660398432,101558.22099113336
2012-01-28,Jhang,0.0,0.15011517460228063,287.04923860004635,101628.90683668137
2012-01-29,Jhang,0.0,0.14708852531687427,286.25251017715357,101851.59407019951
2012-01-30,Jhang,0.0,0.14480562565914834,287.0523832091383,101827.82550994937
2012-01-31,Jhang,0.0,0.14425557114560014,286.986693466662,102004.8745491927
2012-02-01,Jhang,1.6430776362922337,0.14191529069562986,287.68510870477263,102037.40453340395
2012-02-02,Jhang,2.7325343372221598,0.13966163327873485,289.02948418112743,101849.40176667983
2012-02-03,Jhang,1.2980861608249767,0.14070457222689203,288.22354150116547,101831.47948563735
2012-02-04,Jhang,0.0977788650654835,0.17737846237793445,285.1677505483049,101435.79615244444
2012-02-05,Jhang,0.0,0.1930297128669931,284.5893325728733,101902.82922252608
2012-02-06,Jhang,0.0,0.18423810432111182,284.1145496986,101895.65910836015
2012-02-07,Jhang,0.0,0.1759719974422204,282.89686488819143,101587.07776793545
2012-02-08,Jhang,0.0,0.16878536457986343,283.43199892307763,101583.98444978344
2012-02-09,Jhang,0.0,0.1629217160191794,283.97308396970044,101845.62033340782
2012-02-10,Jhang,0.0,0.157821239761287,285.64288083269463,101638.79322140751
2012-02-11,Jhang,0.0,0.15622296145218195,286.34500302109865,101567.24126560974
2012-02-12,Jhang,0.0,0.1715303984586987,285.28221294763034,101433.96508192475
2012-02-13,Jhang,0.0,0.18671747513843415,285.3625581932633,101415.91777376
2012-02-14,Jhang,0.0,0.1793314944180731,285.24341354550967,101815.87468717352
2012-02-15,Jhang,0.0,0.17132929130639152,284.99282016370785,101609.98751722119
2012-02-16,Jhang,0.0,0.1644923044185618,286.0684363493222,101683.56222324863
2012-02-17,Jhang,3.7797024931318295,0.15960823027452545,286.0022777998728,101933.09767165438
2012-02-18,Jhang,0.0,0.15507887105324503,287.28841555308867,101854.11807621171
2012-02-19,Jhang,0.0,0.15340664632461798,287.86455238027094,101627.43803770344
2012-02-20,Jhang,0.3736566588628633,0.15227362005636697,288.84410865654485,101229.16977816696
2012-02-21,Jhang,0.0,0.16271754331294208,289.3463372995092,100982.42716329545
2012-02-22,Jhang,0.0,0.16059243800523393,287.7749181175469,101269.18380322256
2012-02-23,Jhang,0.0,0.15433911606380632,286.70900337005537,101389.35653164919
2012-02-24,Jhang,0.0,0.14897180433154483,286.61876752114654,101510.02071027417
2012-02-25,Jhang,0.0,0.1446036746464502,287.2865053580157,101491.95178179452
2012-02-26,Jhang,0.0,0.14112582598826823,288.72546190442273,101339.93050695803
2012-02-27,Jhang,0.0,0.13822891035374277,290.63274005641017,101007.79065928448
2012-02-28,Jhang,0.0,0.13569025090267184,290.9110721405471,100672.65477539686
2012-02-29,Jhang,0.0,0.13372498531907923,291.7785763028928,100590.28218347645
2012-03-01,Jhang,0.0,0.13192695358296763,291.9826567946627,100892.1881253897
2012-03-02,Jhang,0.0,0.13081431053220166,292.55918121260714,100838.65119263787
2012-03-03,Jhang,0.0,0.1303739681126249,293.85030618381927,100624.3033003197
2012-03-04,Jhang,0.0,0.13179157059545726,294.73943356914646,100398.55596671815
2012-03-05,Jhang,0.0,0.1444700313455269,292.9737612052829,100626.11067502061
2012-03-06,Jhang,0.0,0.13987043576321598,292.75801641037003,100641.84215242547
2012-03-07,Jhang,0.0,0.1364762157934042,290.65368538263255,100385.41300815874
2012-03-08,Jhang,0.0,0.13430179463643396,289.7738917341115,100820.16161413223
2012-03-09,Jhang,0.0,0.13238257714226037,290.45576785174785,101074.23726732869
2012-03-10,Jhang,0.0,0.130624324297955,291.3661778075527,101282.45997058162
2012-03-11,Jhang,0.0,0.12920709391171806,291.80191608609266,101359.74183148869
2012-03-12,Jhang,0.9349327466196901,0.12937985595657184,289.8354681423389,101370.70385703506
2012-03-13,Jhang,0.0,0.1292325187337753,289.94050372210097,101740.5612057724
2012-03-14,Jhang,0.0,0.1290712519750725,290.95914850002794,101673.31073679602
2012-03-15,Jhang,0.0,0.12851685288447787,293.4984061295912,101421.70630355964
2012-03-16,Jhang,0.0,0.12741663799714256,294.66847946309906,101100.3683600728
2012-03-17,Jhang,0.0,0.12639015075864643,296.219602755372,100952.215972743
2012-03-18,Jhang,0.0,0.12548001047957036,297.73453497684943,100966.79973125362
2012-03-19,Jhang,0.0,0.12469156745208526,298.7848232475476,100566.84739937939
2012-03-20,Jhang,0.0,0.12406128090663632,290.38779087378015,101069.05931854372
2012-03-21,Jhang,0.0,0.12360291230992898,291.36598395011225,101448.53524775432
2012-03-22,Jhang,0.0,0.12317608496413857,293.60170146226346,101415.93999892556
2012-03-23,Jhang,0.0,0.1227811098497874,295.74717418796615,101382.80918977923
2012-03-24,Jhang,0.007651770728443408,0.12245049743899208,296.8521072218577,101345.89009677606
2012-03-25,Jhang,0.272021247951747,0.12285961914559658,297.1847648827612,101194.54475841788
2012-03-26,Jhang,3.3062236509387724,0.12394565870412388,297.25322978402534,101276.39240558323
2012-03-27,Jhang,2.3026282062400014,0.12445697962071876,296.95525055028514,101438.27374032025
2012-03-28,Jhang,0.015428047425432951,0.1246529854452789,297.31343405646436,101640.5970207224
2012-03-29,Jhang,0.0,0.12392681260301644,299.2796001872124,101159.15888163995
2012-03-30,Jhang,0.0,0.12325788529190006,301.19917617836927,100726.78353800469
2012-03-31,Jhang,0.12616066999537318,0.1227349374710194,301.5816549654321,100996.36994211136
2012-04-01,Jhang,0.006517639099966989,0.12241177779244652,301.6848731616704,101120.3951888966
2012-04-02,Jhang,0.24825875506956666,0.12224308789524407,301.3169654454164,101180.61755009432
2012-04-03,Jhang,0.035158005321028654,0.12218127595199313,301.75180190084205,101217.72828172923
2012-04-04,Jhang,0.0,0.12263283518529192,301.8271604991813,100895.83495952211
2012-04-05,Jhang,0.0,0.12327917048576119,301.934935744893,100619.09365494075
2012-04-06,Jhang,0.40683913695172963,0.13293859572307024,300.9455438144995,100602.09058671286
2012-04-07,Jhang,0.004657875244367302,0.13649083882101848,301.03567965145567,100695.24727540738
2012-04-08,Jhang,2.002849484975435,0.13658909525142623,301.85293947617356,100664.18959762291
2012-04-09,Jhang,0.17927634449240415,0.14206247221387305,301.35603260011703,100644.74363024114
2012-04-10,Jhang,1.7437810989718225,0.1426497813668408,300.5580607825716,100527.60123966726
2012-04-11,Jhang,0.0,0.14774810711899033,297.7014456178975,100634.52071396074
2012-04-12,Jhang,5.638865139491716,0.1467001774177481,299.0184730534626,100608.8746603146
2012-04-13,Jhang,0.8152172568152247,0.14466381279789803,297.97067115465074,100705.50783224918
2012-04-14,Jhang,0.1597321050112198,0.20066976968860686,295.51059627664745,101176.01294464547
2012-04-15,Jhang,0.0,0.18920248164198672,298.7343357579738,100933.18706946852
2012-04-16,Jhang,1.8736823965418365,0.1815289849425068,298.16555960474346,100747.30151868322
2012-04-17,Jhang,2.5274151090527894,0.17827670741630633,299.41475099051894,100648.11252485763
2012-04-18,Jhang,2.433276667240202,0.1676312336373155,300.2260057142967,100614.05399627975
2012-04-19,Jhang,0.3412051317548683,0.19549817476531128,299.63462002120633,100771.79844992876
2012-04-20,Jhang,0.0,0.25189175310533135,297.52779105112296,100974.05320368058
2012-04-21,Jhang,0.006248879325800096,0.2445260730571847,297.86006131783387,100995.44602557587
2012-04-22,Jhang,0.0,0.22317446423960152,297.44047011888944,100590.2598042674
2012-04-23,Jhang,0.0,0.20255695732471807,298.7931779644608,100569.04964620054
2012-04-24,Jhang,1.7416516446847075,0.18625355397935578,300.0026780097331,100679.04546622733
2012-04-25,Jhang,0.0,0.1781909144003599,300.0082756876378,100752.91283331296
2012-04-26,Jhang,0.0,0.171301111525201,299.6369550511386,100968.05169326578
2012-04-27,Jhang,0.0,0.16762867376960167,299.47211540239135,100659.0253974055
2012-04-28,Jhang,0.0,0.16713136189123765,299.23193492718167,100353.52532867847
2012-04-29,Jhang,0.0,0.16023685262845205,299.45038666244517,100355.29141633518
2012-04-30,Jhang,0.22210754185082265,0.1617918504933566,299.1592261498154,100389.61289113852
2012-05-01,Jhang,0.0,0.1562476781463888,300.18558115970234,100602.51165515774
2012-05-02,Jhang,0.0,0.14581948754273313,301.11902718581143,100696.26031511213
2012-05-03,Jhang,0.0,0.13865376979198676,302.6993277303511,100345.28388874956
2012-05-04,Jhang,0.0,0.13371884208229268,304.0738927031017,100164.11192922328
2012-05-05,Jhang,0.0,0.1301453720564729,305.7511106751858,100300.7305884298
2012-05-06,Jhang,1.755634929534418,0.1275471368203992,305.0153770331272,100490.22401512307
2012-05-07,Jhang,0.2804150868926307,0.13031309813263367,305.38789888793156,100358.94720288849
2012-05-08,Jhang,0.0,0.13430652052463085,306.2640296007037,100424.62666261499
2012-05-09,Jhang,0.7385180129726516,0.13171879639592812,307.09492663721494,100470.28884920916
2012-05-10,Jhang,0.0,0.13367494702726238,306.6313592705969,100507.11557201957
2012-05-11,Jhang,0.038323706264117186,0.13480221081271823,306.32929251619845,100277.58077533577
2012-05-12,Jhang,0.0,0.13353084580623742,305.43746911212503,100229.2647905326
2012-05-13,Jhang,0.0,0.13270639358289582,304.84935194979363,100390.66754861968
2012-05-14,Jhang,0.0,0.13199662935617665,305.43969451853025,100271.75354879035
2012-05-15,Jhang,0.0,0.1284419592515425,306.5981784431059,100167.87822753756
2012-05-16,Jhang,0.0,0.1258971541636149,307.50693461317115,99927.22637106488
2012-05-17,Jhang,1.760436190740055,0.12416873018443769,307.22706795739504,100057.98499485996
2012-05-18,Jhang,0.0,0.12307607791825247,305.6890806523651,100336.44628442143
2012-05-19,Jhang,0.0,0.12550379669656783,306.0425191884389,100352.22910434716
2012-05-20,Jhang,1.9351220575750379,0.13427386109815853,305.91599548054666,100225.91176685889
2012-05-21,Jhang,0.0,0.1363903765332484,305.40526188045476,100320.69420180781
2012-05-22,Jhang,0.0,0.13126457850631224,305.59514129546363,100318.34024834423
2012-05-23,Jhang,0.0,0.12789530595888296,306.3522118975759,100218.80894620644
2012-05-24,Jhang,0.0,0.12549886528093238,307.5601936780786,99945.67647971155
2012-05-25,Jhang,0.0,0.12443924758076082,307.61079869709647,99930.86521153183
2012-05-26,Jhang,0.0,0.12398665203144316,305.5601385132582,100224.3941708938
2012-05-27,Jhang,0.0,0.12293968051536375,306.58837133717896,100123.68684459158
2012-05-28,Jhang,0.0,0.12219457735524522,308.261740871618,99941.59276148929
2012-05-29,Jhang,0.0,0.12169692233113262,309.55212784319224,99993.15609227009
2012-05-30,Jhang,0.0,0.12138158163120626,310.8219980386465,99621.4835334229
2012-05-31,Jhang,0.0,0.12194873763055947,309.95975377743446,99391.43160132413
2012-06-01,Jhang,0.0,0.1242549855353325,309.4363313095887,99539.37361676958
2012-06-02,Jhang,0.0,0.1251257590917978,310.0123985504222,99502.54642577269
2012-06-03,Jhang,0.0,0.12381504094881814,310.5096346153689,99303.88378310484
2012-06-04,Jhang,0.0,0.12786978888412812,309.03214386853165,99403.22162152622
2012-06-05,Jhang,3.4651780255205926,0.14187848726940513,307.38688684639413,99568.37848638311
2012-06-06,Jhang,1.4574214440995419,0.15710187083941668,303.4858779125488,99869.48463674205
2012-06-07,Jhang,0.0,0.16058946695406714,303.9592553041579,100018.8554957405
2012-06-08,Jhang,0.0,0.15801041511467834,305.3179454597102,100063.18132983924
2012-06-09,Jhang,0.0,0.14777289624388643,307.2096502598149,99843.37939853048
2012-06-10,Jhang,0.0,0.15653857366004795,306.2113621907477,99646.57071511929
2012-06-11,Jhang,0.0,0.1583918651478079,306.49995933833225,99774.91093476141
2012-06-12,Jhang,0.0,0.15367112883018008,307.2966060800433,99916.04150955117
2012-06-13,Jhang,0.0,0.14710999576615283,308.00913247956385,99991.59948357294
2012-06-14,Jhang,0.0,0.13729960763573773,309.27072407253814,99821.90107203643
2012-06-15,Jhang,0.0,0.13112821984741352,310.32159287358405,99552.69872567958
2012-06-16,Jhang,0.0,0.12742608797348365,310.649330943998,99277.17075509157
2012-06-17,Jhang,0.0,0.1342905234568364,309.93337343448593,99193.07721048273
2012-06-18,Jhang,0.0,0.1398875349560964,307.9686306419597,99503.5354747379
2012-06-19,Jhang,0.0,0.13680590042706897,308.77973611460874,99447.55592063686
2012-06-20,Jhang,0.0,0.13085786252720008,310.44326253128946,99195.32495170676
2012-06-21,Jhang,0.0,0.1272706600926674,310.2392115559689,99241.25270089357
2012-06-22,Jhang,0.0,0.1291818426661653,310.31994285694054,99373.79233532892
2012-06-23,Jhang,0.07519344570076722,0.13156997509401908,309.67205664230454,99276.56879523872
2012-06-24,Jhang,0.0,0.12955381435069546,309.99757235943827,99171.91786065623
2012-06-25,Jhang,0.0,0.12844655990750597,308.4107664126212,99413.93004640787
2012-06-26,Jhang,4.801138523386856,0.131368216344086,308.45221067785576,99405.54839305118
2012-06-27,Jhang,0.0,0.150604308177205,306.93509217045334,99581.80063839779
2012-06-28,Jhang,2.9827961719025247,0.1610731027825092,307.90264199692865,99734.95586723517
2012-06-29,Jhang,0.0,0.14738987806490056,308.9735745325813,99649.21451183262
2012-06-30,Jhang,0.0,0.13809752607602185,309.84125370566636,99435.00891213259
2012-07-01,Jhang,0.0,0.13247737800733306,310.0414393798913,99350.14475704855
2012-07-02,Jhang,0.0,0.12857006698344897,310.7762196512002,99372.4180829001
2012-07-03,Jhang,0.0,0.12581771445488366,311.2419588604855,99066.1076465545
2012-07-04,Jhang,0.0,0.12400378171807261,311.27467840183704,98972.18713635228
2012-07-05,Jhang,0.0,0.12306520780752597,310.770731966112,99166.73002202428
2012-07-06,Jhang,0.0,0.1225095216364367,310.2733311258037,99078.43874551296
2012-07-07,Jhang,0.0,0.12292171659005341,308.73426470773194,99196.22526511255
2012-07-08,Jhang,35.677444897670654,0.12914120311347685,306.33352193723437,99612.98271238492
2012-07-09,Jhang,0.0,0.13961613000524764,307.23829664289286,99698.57487955657
2012-07-10,Jhang,0.0,0.14088007941630626,308.53944989980704,99783.89298304837
2012-07-11,Jhang,0.0,0.13530321912060372,308.0591560955729,99832.52334902383
2012-07-12,Jhang,0.0,0.13149907888512133,308.350908138072,99695.12724244999
2012-07-13,Jhang,20.847592196669765,0.2079726135421224,305.3899906152919,99623.94560347071
2012-07-14,Jhang,0.0,0.20616784697335314,305.0159274253649,99610.56900668626
2012-07-15,Jhang,0.0,0.23515591347158793,304.1066097127429,99764.6786115663
2012-07-16,Jhang,0.0,0.22288157377474802,305.5821119710888,99964.23126595738
2012-07-17,Jhang,0.0,0.19695304090925522,307.5910789123906,99848.69254972563
2012-07-18,Jhang,0.0,0.17348812349321538,309.0956575844612,99389.48254069906
2012-07-19,Jhang,0.8345600511118954,0.16117729027921346,307.72647024535235,99265.24710740792
2012-07-20,Jhang,7.079848047567492,0.15846369785551964,307.53799010254727,99582.70393339847
2012-07-21,Jhang,0.0,0.15256258689934116,307.02668121984004,99945.34058565962
2012-07-22,Jhang,0.0,0.14279284091454741,308.16799328506016,99651.05431279284
2012-07-23,Jhang,0.0,0.13568383125065941,309.224552614369,99248.54068535338
2012-07-24,Jhang,0.0,0.13122208997812643,310.3267244333226,99090.71150838208
2012-07-25,Jhang,0.0,0.13042729019332533,308.7067389963252,99446.64588775324
2012-07-26,Jhang,4.77679037527061,0.16892485794471448,306.26554928397866,99595.76477157342
2012-07-27,Jhang,0.0,0.16836157036562657,307.53450428201324,99506.2003277305
2012-07-28,Jhang,0.0,0.15297966033847424,309.43003886845366,99415.72110541511
2012-07-29,Jhang,0.0,0.14117626984908785,310.403952146276,99424.63338970169
2012-07-30,Jhang,0.0,0.13434595607782537,309.9108396322054,99448.31306429906
2012-07-31,Jhang,0.0,0.13029235404745304,309.6153976107162,99466.32606845525
2012-08-01,Jhang,0.0,0.1279507117719455,309.72090376220984,99547.2566130684
2012-08-02,Jhang,0.0,0.12591768875695514,309.786510991666,99346.36208010672
2012-08-03,Jhang,0.0,0.12445453872791239,308.95413832630334,99083.37520381117
2012-08-04,Jhang,0.5208316156759618,0.1322127837485033,306.26597492253967,99520.50119890501
2012-08-05,Jhang,0.0,0.14651162323252095,304.8224612959933,99937.78949145148
2012-08-06,Jhang,0.0,0.14316196191571634,306.54616122637043,99896.19173527081
2012-08-07,Jhang,0.0,0.13677134318795703,307.9433284496886,99908.50937742255
2012-08-08,Jhang,0.0,0.13246501526724422,308.2154540281248,99834.92944498044
2012-08-09,Jhang,0.0,0.13256609478020617,307.55072684587367,99661.54521501818
2012-08-10,Jhang,0.0,0.14608753839549993,306.20813564398827,99759.10417360089
2012-08-11,Jhang,8.174852681596324,0.17842659604228384,304.6485132931236,100058.63891683026
2012-08-12,Jhang,0.0,0.17648840794336174,305.42502682449583,99978.50872859708
2012-08-13,Jhang,0.0,0.16346690310467787,306.1421837576607,99862.52816834279
2012-08-14,Jhang,6.4319237780372465,0.1594414145535571,305.99286026333044,99892.20781792435
2012-08-15,Jhang,9.842532952910483,0.20559316930404753,303.9971216615515,100064.73625801541
2012-08-16,Jhang,11.114283339464327,0.2745204882335845,302.9799934914666,100087.15089403081
2012-08-17,Jhang,0.0,0.24998037961910777,305.1933884233708,99999.85311952294
2012-08-18,Jhang,0.0,0.21945257485934105,306.3540953793316,99876.3728078445
2012-08-19,Jhang,1.486128522956884,0.19428548213170097,307.10044370334066,99793.32436265543
2012-08-20,Jhang,4.607739006393362,0.1758676753487233,307.249261551013,99769.2047541731
2012-08-21,Jhang,0.0,0.1629560181222592,307.69736970637933,99715.31428795627
2012-08-22,Jhang,10.952766896563869,0.18865482014841606,304.2992135594498,99942.90303668178
2012-08-23,Jhang,3.4626639153615106,0.227404045801772,303.13810058545795,100149.28366624247
2012-08-24,Jhang,0.0,0.2146349966955284,305.4464559722951,99993.57731607482
2012-08-25,Jhang,0.25803202548376275,0.23596115979758653,304.18996703662094,100088.55376376644
2012-08-26,Jhang,0.268654467415137,0.2945982725299071,303.76274456652607,100141.00047766606
2012-08-27,Jhang,0.700989711698087,0.2989673354780069,303.1866804080687,100059.00838074881
2012-08-28,Jhang,0.0,0.2887945735651575,302.7718967082362,100261.15847085764
2012-08-29,Jhang,0.0,0.26321895169109805,304.0842556786549,100303.82647528773
2012-08-30,Jhang,0.0,0.23849511367534007,305.2493216816855,100153.83372401542
2012-08-31,Jhang,1.8156316704904187,0.21953711771730108,305.3860961255931,100066.27549588795
2012-09-01,Jhang,0.0,0.20485570231008698,306.13323832514493,100016.86668587152
2012-09-02,Jhang,0.0,0.1905167207736433,306.77503311648115,100002.08971248397
2012-09-03,Jhang,0.0,0.2642904941614081,303.74733913201806,100037.42946999603
2012-09-04,Jhang,27.018626040847256,0.2796589247943892,302.8312919470809,100290.88453436241
2012-09-05,Jhang,9.252839316628753,0.33887039035080213,301.34453418039544,100486.19997224583
2012-09-06,Jhang,29.031626776346457,0.3838543768313832,300.39174086368774,100602.10610375094
2012-09-07,Jhang,0.0,0.36217280681490555,301.74215122011026,100439.49339772778
2012-09-08,Jhang,9.110354501985954,0.41153086188996507,299.56257931475506,100431.61542771911
2012-09-09,Jhang,0.9516354848571177,0.4188991352996627,298.7210260630148,100523.857070406
2012-09-10,Jhang,0.0,0.3934288231479814,301.1786385589259,100462.93151495462
2012-09-11,Jhang,0.0,0.3632111949942725,302.8882539549357,100230.66609271252
2012-09-12,Jhang,0.0,0.3441035846397035,303.8639055577776,100118.39151107849
2012-09-13,Jhang,0.0,0.3324465065860035,304.4427125124768,99976.07499831464
2012-09-14,Jhang,4.47083399034558,0.3398556098825269,303.50595045879913,99798.19928497543
2012-09-15,Jhang,5.324040736558726,0.3927220624376638,301.173719348976,99821.8892844277
2012-09-16,Jhang,31.88951728720769,0.41755559484687643,299.43070137889845,100069.85503887686
2012-09-17,Jhang,0.0,0.41479669696262217,297.8654613902673,100349.7175097534
2012-09-18,Jhang,0.0,0.392354982353319,298.97599680928636,100544.05112870336
2012-09-19,Jhang,0.0,0.3664406526960212,300.0287299152921,100606.73668775697
2012-09-20,Jhang,0.0,0.34609290953399396,300.73310403856937,100574.17353656178
2012-09-21,Jhang,0.0,0.3280721818911799,301.0250610047823,100480.95073219307
2012-09-22,Jhang,0.0,0.3121359438326539,300.7942909281137,100536.821889272
2012-09-23,Jhang,0.0,0.2981421643693579,301.1194839737901,100433.85304184289
2012-09-24,Jhang,0.0,0.2849635266142838,301.40629636192017,100429.67462092167
2012-09-25,Jhang,0.0,0.2720214532983769,301.00190220459666,100594.67055049045
2012-09-26,Jhang,0.143727134535642,0.2600970425700544,300.8988429212695,100986.4108792005
2012-09-27,Jhang,0.0,0.24922636456981181,300.7837998806149,101076.72151540742
2012-09-28,Jhang,0.0,0.23861196100653548,301.43478188175106,100912.47228088445
2012-09-29,Jhang,0.0,0.22824737897009728,302.2422220588036,100886.10019454223
2012-09-30,Jhang,0.0,0.21807844947645963,302.3136750371822,100880.42471571764
2012-10-01,Jhang,0.0,0.20798767160388654,301.85302344170697,100796.4772086922
2012-10-02,Jhang,0.0,0.19889070491427965,301.85507185842954,100629.24478859449
2012-10-03,Jhang,0.0,0.19347469241502835,301.0957416251474,100392.30247085557
2012-10-04,Jhang,0.0,0.1878593066427439,300.74643679766723,100383.80731492682
2012-10-05,Jhang,0.0,0.17979355091548097,300.7110126510619,100609.42785662219
2012-10-06,Jhang,0.0,0.17272682463806555,300.42692258087567,100941.7634302112
2012-10-07,Jhang,0.0,0.16642442327571788,299.8783727008975,101058.58300224975
2012-10-08,Jhang,0.0,0.16091755607678945,299.86916485312975,100959.17182338882
2012-10-09,Jhang,0.0,0.15573004808815583,299.8095177198906,100844.57931231873
2012-10-10,Jhang,0.0,0.15100729824021886,299.5677347610632,100985.36319185219
2012-10-11,Jhang,0.0,0.14696703854286694,299.01995175457506,100943.0624573418
2012-10-12,Jhang,0.0,0.1501899141807109,298.9623410279568,100848.81941404541
2012-10-13,Jhang,0.0,0.15518171474636744,299.58007329243713,100958.2017702084
2012-10-14,Jhang,0.0,0.15201882234829842,299.40930471855614,101072.52170984446
2012-10-15,Jhang,1.9946558804601664,0.2700645681598495,294.33361999632314,101507.39958927035
2012-10-16,Jhang,0.0,0.270371312922695,295.47804420563597,101599.95430231259
2012-10-17,Jhang,0.0,0.24931216290019945,296.73861541826477,101525.29150349482
2012-10-18,Jhang,0.0,0.23531111274571864,296.8063953204051,101435.77757692161
2012-10-19,Jhang,2.657775136625614,0.22892733081074151,295.56004732115593,101438.65978878413
2012-10-20,Jhang,0.0,0.22296389538918168,295.1846402713528,101624.30307359959
2012-10-21,Jhang,0.0,0.21370869817965948,295.2515218904396,101658.18789708956
2012-10-22,Jhang,0.0,0.20811905273151546,295.0122103011955,101558.99113710862
2012-10-23,Jhang,0.3054579425396099,0.21723941564814414,293.2391524727551,101469.59221167292
2012-10-24,Jhang,0.0,0.21332583731241636,294.30000945775936,101382.40161421643
2012-10-25,Jhang,0.0,0.20380110459242692,294.401835495237,101202.90426455227
2012-10-26,Jhang,0.0,0.1952618715480682,294.8449895958346,101337.71198920794
2012-10-27,Jhang,0.0,0.18752928126340068,295.4406956829496,101428.71232020367
2012-10-28,Jhang,0.0,0.18036156466134545,296.1095737718842,101487.90841608655
2012-10-29,Jhang,0.0,0.17422107636231432,296.6571395788777,101379.79737478508
2012-10-30,Jhang,0.0,0.16875722082115494,296.7041027936502,101324.94751360844
2012-10-31,Jhang,0.0,0.1636729693805738,297.0128304583733,101375.68989201686
2012-11-01,Jhang,0.0,0.1592237621959978,297.01617239988616,101304.21438227827
2012-11-02,Jhang,0.0,0.1552686384525209,296.459142435072,101187.83840403703
2012-11-03,Jhang,0.0,0.15174801559351384,296.31754518108374,101178.92694026174
2012-11-04,Jhang,0.0,0.14892682450907904,295.8870207568101,101135.72543442853
2012-11-05,Jhang,0.0,0.16292322116319355,293.3699062183734,101219.4032460228
2012-11-06,Jhang,0.0,0.16722059759357105,294.649079714187,101328.43637456183
2012-11-07,Jhang,0.0,0.16249920391386313,294.31170412151204,101189.75689982602
2012-11-08,Jhang,0.0,0.15815340960333973,294.5579101318382,101022.00125341257
2012-11-09,Jhang,0.0,0.15414263354673494,294.6200794682542,101111.80703290891
2012-11-10,Jhang,0.0,0.15125629470007274,293.8257322577871,101426.37766824168
2012-11-11,Jhang,0.0,0.148869429380701,293.40889923430586,101388.48925409307
2012-11-12,Jhang,0.0,0.14639224631306838,293.3686286826796,101502.5664677356
2012-11-13,Jhang,0.0,0.1442395655704138,293.589630835981,101641.16625333889
2012-11-14,Jhang,0.0,0.14245796947206454,293.46493515453,101414.05503640161
2012-11-15,Jhang,0.0,0.14085407257722954,293.3838836424085,101501.69743382194
2012-11-16,Jhang,0.0,0.13935602552771026,293.31456623025764,101637.25751836928
2012-11-17,Jhang,0.0,0.13915630178014277,293.3524677658863,101624.44504075166
2012-11-18,Jhang,0.0,0.14175254172215473,292.1756718622797,101502.3087671475
2012-11-19,Jhang,0.0,0.13988219002122557,291.5039504379708,101610.3328582126
2012-11-20,Jhang,0.0,0.13828584589010967,291.47798534802894,101615.35795832769
2012-11-21,Jhang,0.0,0.13698701538046845,291.45795817564107,101520.9770620218
2012-11-22,Jhang,0.0,0.13596230277958138,291.64915633902075,101348.9177869262
2012-11-23,Jhang,0.0,0.156994726520533,289.89267562285835,101298.34223905834
2012-11-24,Jhang,0.0,0.18332145818035966,289.5712332962905,101529.15823887101
2012-11-25,Jhang,0.0,0.18330969222200763,288.87288620686587,101607.11385121044
2012-11-26,Jhang,0.0,0.17760737314328906,289.3259268847073,101605.11339724336
2012-11-27,Jhang,0.0,0.17274355034145286,290.17830315273943,101469.4958018576
2012-11-28,Jhang,0.0,0.17071536156068487,290.5011754234439,101254.54571533
2012-11-29,Jhang,0.0,0.17419996684501923,288.46988777519266,101404.06116601078
2012-11-30,Jhang,0.0,0.1701332653172986,288.1700953460727,101705.70606393668
2012-12-01,Jhang,0.00882150861353808,0.1660418462382034,288.251982454436,101591.29624724042
2012-12-02,Jhang,0.0,0.16235967129072154,287.9757167567756,101732.58948444713
2012-12-03,Jhang,0.0,0.15917552817837097,287.7441018426944,101788.46747631147
2012-12-04,Jhang,0.0,0.1561031125546416,288.09057660519477,101664.63847076282
2012-12-05,Jhang,0.0,0.15327139289803918,289.7371409406545,101596.02209508451
2012-12-06,Jhang,0.0,0.15078432972720193,289.5859177805735,101640.34946777363
2012-12-07,Jhang,0.0,0.1482348296091225,290.5237189591877,101409.84573676437
2012-12-08,Jhang,0.0,0.1458797955848635,290.4690114058941,101286.88087339692
2012-12-09,Jhang,0.06078959146393429,0.14371881327802183,290.77215126868015,101186.54846967793
2012-12-10,Jhang,0.0,0.14195117641644708,290.1606129538265,101111.19313719701
2012-12-11,Jhang,0.0,0.14226086857262424,288.5737882835906,101361.42260492858
2012-12-12,Jhang,0.10419047884915544,0.16468732321425886,287.9625487692033,101499.03993857226
2012-12-13,Jhang,4.756381469941474,0.2729255348359943,286.17424047351517,101304.53587683053
2012-12-14,Jhang,0.0,0.2851238057226765,285.72601060420385,101950.80110289775
2012-12-15,Jhang,0.0,0.2627969944305782,285.1996209698119,102134.94292917268
2012-12-16,Jhang,0.0,0.2476622938181649,286.0795791760164,102334.60367144579
2012-12-17,Jhang,1.4851117162802667,0.2358454556069619,287.3793682196876,102104.00384713418
2012-12-18,Jhang,0.0,0.2258569091738928,286.7545056826571,102048.19226375806
2012-12-19,Jhang,0.0,0.21711939670991703,286.0993924916719,101814.81811481461
2012-12-20,Jhang,0.0,0.21002455976047493,286.48355739061253,101552.92438761836
2012-12-21,Jhang,0.0,0.20384398557494576,286.52553837612794,101624.79643972867
2012-12-22,Jhang,0.0,0.19806939076127464,286.5553704689647,101652.22660489475
2012-12-23,Jhang,0.0,0.1929004658732005,286.6479083155324,101700.93123714987
2012-12-24,Jhang,0.0,0.18844243776639258,286.11111236376917,101742.13876805332
2012-12-25,Jhang,0.0,0.18447910417569632,286.28283046310247,101606.10517791081
2012-12-26,Jhang,2.6654799386646486,0.18081582802371976,286.7429425384863,101514.26754935701
2012-12-27,Jhang,0.0,0.17857585169260853,287.1279100902627,101344.67315079503
2012-12-28,Jhang,0.0,0.2338665127091245,283.3519578305818,101058.34719951799
2012-12-29,Jhang,0.0,0.23155389677527732,283.7371788555059,101619.21689436995
2012-12-30,Jhang,0.0,0.2227259425737003,285.19832268403223,101586.7909800107
2012-12-31,Jhang,0.0,0.21520656185953088,285.18060437481154,101443.76948951346
2013-01-01,Jhang,2.0268916597726014,0.2087433541662305,284.85093231039997,101493.02266359664
2013-01-02,Jhang,0.0,0.20346643749877671,283.43479984154044,101755.27788342835
2013-01-03,Jhang,0.0,0.19877898751881093,282.947828331055,101836.08771887318
2013-01-04,Jhang,0.0,0.19450444059888278,282.58111869531473,101770.09033392389
2013-01-05,Jhang,0.0,0.190465063505912,282.50462913631065,101585.68031104647
2013-01-06,Jhang,0.0,0.1865549628933101,283.0823716948554,101795.22440378636
2013-01-07,Jhang,0.0,0.18294042955241033,282.4709754579852,102003.80441074858
2013-01-08,Jhang,0.0,0.18097127617655762,283.4008128262533,101921.6993995205
2013-01-09,Jhang,0.0,0.1809199549186519,284.0453943931674,101872.13864060557
2013-01-10,Jhang,0.0,0.17673113499131105,285.99385523859047,101658.43202369266
2013-01-11,Jhang,0.0,0.17294609067852745,289.0370518876404,101566.12019279384
2013-01-12,Jhang,0.0,0.1705506136716138,288.99576109045785,101453.99350173995
2013-01-13,Jhang,0.0,0.16692675301510262,286.1369395482709,101553.95527212751
2013-01-14,Jhang,0.0,0.16343855077558453,285.3869031457207,101518.06895454854
2013-01-15,Jhang,0.0,0.16037172718680912,285.04040403549396,101627.50206365444
2013-01-16,Jhang,0.0,0.15750721404267096,284.72798607216436,101784.79694688685
2013-01-17,Jhang,0.0,0.15515608191108468,285.0656872682395,101535.06330444866
2013-01-18,Jhang,0.36395521368696404,0.1534549157647092,284.3784031392949,101448.4992326797
2013-01-19,Jhang,0.0,0.15139199848267826,283.95878316188026,102203.51005573997
2013-01-20,Jhang,0.0,0.14937839752135207,284.07962016439393,102146.01161065632
2013-01-21,Jhang,0.0,0.14731393011542,283.98881723755215,102138.9849974932
2013-01-22,Jhang,0.0,0.14538940857328567,284.79385615644975,102089.40098961673
2013-01-23,Jhang,0.0,0.14398911010360907,284.9305376518106,102116.89842091071
2013-01-24,Jhang,0.0,0.14234425753255583,285.7166145072744,102065.65652411815
2013-01-25,Jhang,0.0,0.14077408190238674,286.9460871455381,101995.35648793771
2013-01-26,Jhang,0.0,0.13933573728443105,287.68595333873617,101920.46099358762
2013-01-27,Jhang,4.312908106250571,0.13818028060311524,287.7068508513174,101769.90840055067
2013-01-28,Jhang,0.0,0.13700750167239634,288.62476322868326,101755.45515916233
2013-01-29,Jhang,0.47008663933624834,0.13587196690221875,289.01391566142195,101624.8541741275
2013-01-30,Jhang,0.0,0.13614229660019608,289.00685984708497,101768.07356189324
2013-01-31,Jhang,0.0,0.13682129955594977,289.3787025332211,101877.97349532547
2013-02-01,Jhang,3.1670891721342875,0.1359263795148092,290.2314679850629,101838.08871502028
2013-02-02,Jhang,0.0,0.13640703317033037,289.0835285599492,101775.77043773598
2013-02-03,Jhang,12.1576840208058,0.18975896952223417,286.39391482499565,101407.50486197717
2013-02-04,Jhang,5.1235598394235815,0.37567746005349273,287.27727393285824,101140.56758659081
2013-02-05,Jhang,3.3265637499228,0.3994856301071023,284.0242995526228,101299.09467215356
2013-02-06,Jhang,0.0,0.367776015959686,284.4773839643288,102148.2761368137
2013-02-07,Jhang,0.0,0.34636512783005535,285.22462898310187,101976.9062834419
2013-02-08,Jhang,0.0,0.33147667306849027,286.06578458819246,101798.20976650709
2013-02-09,Jhang,0.0,0.3191846065604169,287.36632796438636,101643.52356995101
2013-02-10,Jhang,0.0,0.3084423339865006,287.61915095719485,101746.54937971871
2013-02-11,Jhang,0.33004109103042645,0.2987485573803855,287.3998628697527,101740.07172048264
2013-02-12,Jhang,0.0,0.28881888616897605,288.1972417633094,101782.66534461468
2013-02-13,Jhang,0.0,0.2796007915158545,288.7515476952656,101672.80551275103
2013-02-14,Jhang,0.0,0.2803073381270537,288.1559910400345,101513.51316478272
2013-02-15,Jhang,2.7860752807604836,0.3231682343731389,287.6070882812092,101144.22802025043
2013-02-16,Jhang,0.026436693655749032,0.3118375181202213,286.1365927642302,100879.0312415737
2013-02-17,Jhang,0.0,0.2966456976589085,286.56351655109756,101315.41221345303
2013-02-18,Jhang,0.0,0.2836886897562769,288.4775998634994,101563.02546665925
2013-02-19,Jhang,0.0,0.2791880415031492,288.46142025438115,101583.75767636248
2013-02-20,Jhang,0.33735014371014665,0.27276387182998996,289.99378623916533,101682.42533294426
2013-02-21,Jhang,4.387081114699132,0.3572410889205032,287.9214549583597,101435.04641444981
2013-02-22,Jhang,0.9147142457577916,0.35106870229582793,288.8122942931559,101648.68295058602
2013-02-23,Jhang,3.6855899443612423,0.33701164144631096,287.57445334882436,101789.25511976934
2013-02-24,Jhang,0.0,0.3206430767311803,288.1539903813015,102013.37562275647
2013-02-25,Jhang,0.0,0.30706459129069746,290.0772701184224,101788.51209569543
2013-02-26,Jhang,3.3456409180094826,0.32952657007828995,289.4578707793572,101326.76285669593
2013-02-27,Jhang,0.0,0.3563362938120195,288.18961661850955,101398.50616278779
2013-02-28,Jhang,0.0,0.3321702601150049,287.72654045655565,102068.88596077764
2013-03-01,Jhang,0.0,0.31410212705736573,288.5357407866005,101939.4172284202
2013-03-02,Jhang,0.0,0.2982819183775451,290.2758459616224,101742.17261704124
2013-03-03,Jhang,0.0,0.2849241539343557,292.6357094474565,101584.45713197067
2013-03-04,Jhang,0.0,0.2728621283675439,292.9971385293517,101534.5003544314
2013-03-05,Jhang,0.0,0.26151272737538045,292.9984980982449,101734.23306786963
2013-03-06,Jhang,0.0,0.2498143035483403,293.5598676190082,101638.7350419946
2013-03-07,Jhang,0.0,0.23856330290507874,294.6393385078438,101497.55519176154
2013-03-08,Jhang,0.0,0.22688792253760176,295.0492598379672,101323.29598681495
2013-03-09,Jhang,0.0,0.21656036820537522,294.0918710506905,100854.53392113818
2013-03-10,Jhang,0.0,0.20683313567092448,293.2364761179993,101026.09859591456
2013-03-11,Jhang,0.0,0.19720256159158175,293.6081023123191,101201.03908804222
2013-03-12,Jhang,0.08202124748517987,0.18950187970428148,294.2115789021275,101182.7867039249
2013-03-13,Jhang,2.300844771261985,0.284791595143718,291.65560900016277,101229.44115596241
2013-03-14,Jhang,0.0,0.3246226732188734,290.2538255538972,101538.20389969334
2013-03-15,Jhang,0.0,0.294419930364734,290.6267185022818,101862.35921121362
2013-03-16,Jhang,0.0,0.272734211526934,292.44357448602585,101664.91977553372
2013-03-17,Jhang,0.0,0.25451009960093757,293.852696506461,101614.11170039642
2013-03-18,Jhang,1.6500669703163269,0.23846168174770646,294.6902218602796,101116.01853918446
2013-03-19,Jhang,0.0,0.22384287975718054,295.9025360532662,100911.29637021171
2013-03-20,Jhang,1.9667568331103247,0.22784688575152565,295.1401333133076,101164.30390043056
2013-03-21,Jhang,0.0,0.22426283343053885,294.9919461283917,101140.81076523474
2013-03-22,Jhang,0.2851485254196495,0.21778024999207163,296.08969897283777,100643.75168526068
2013-03-23,Jhang,10.336910097948346,0.25148231360371937,293.94680196975594,100684.5726884542
2013-03-24,Jhang,0.0,0.2546766306350096,291.5952620598166,101389.43762718457
2013-03-25,Jhang,0.0,0.23775077465899588,292.5311998088108,101311.80864470288
2013-03-26,Jhang,0.5212341893964438,0.22049616186930618,294.7106765983562,100912.24795188155
2013-03-27,Jhang,0.0,0.21056278494953248,296.08190943208035,100939.37561275027
2013-03-28,Jhang,0.0,0.32188818644846173,293.2935247164006,101160.8508849726
2013-03-29,Jhang,0.0,0.2952231563887966,294.207720963119,101103.81830229997
2013-03-30,Jhang,0.0,0.26583510173675995,295.9224348332993,100920.48234162759
2013-03-31,Jhang,0.0,0.24239590070844647,297.044060135715,100857.95568317307
2013-04-01,Jhang,0.0,0.22868353236717648,297.2852741319758,100845.17775076677
2013-04-02,Jhang,0.0,0.22688531423990005,295.8185307676119,101122.09183301595
2013-04-03,Jhang,0.12292682264896561,0.21219998830404663,296.46526983280967,101138.54083597353
2013-04-04,Jhang,0.0,0.19609420530188557,296.17274203574726,100998.10959303055
2013-04-05,Jhang,0.0,0.1819051425208718,296.45049575193553,100789.01826796273
2013-04-06,Jhang,0.25817324145797155,0.16970934021352,298.5612065039672,100700.85799492947
2013-04-07,Jhang,0.0019899499043081474,0.16020274302385853,299.422132026409,100707.81454548525
2013-04-08,Jhang,0.04150879979455043,0.15212027213637389,300.171898466236,100710.00251130173
2013-04-09,Jhang,1.0748515778795853,0.15882726822294563,298.7271523566132,100804.22999700866
2013-04-10,Jhang,0.0,0.16918619595118048,296.7963857191639,101055.34757659509
2013-04-11,Jhang,0.0,0.16668548908851014,298.5644523510415,100896.21672479059
2013-04-12,Jhang,0.0,0.1564635452160275,300.0806826704284,100862.66895159926
2013-04-13,Jhang,0.1653275210176184,0.1528515649712152,299.62678480475637,100891.61800458805
2013-04-14,Jhang,0.0,0.14825568364751834,300.5998134736469,100788.20286720771
2013-04-15,Jhang,0.3483613294209735,0.14388780414831123,302.33077008102737,100336.6432350475
2013-04-16,Jhang,0.0,0.14257240706850752,299.9285706034887,100205.01976889816
2013-04-17,Jhang,0.0,0.13744690380019078,300.970767688088,100315.0556014906
2013-04-18,Jhang,9.798194612015557E-4,0.13321034159103107,301.9045271415906,100392.73196586707
2013-04-19,Jhang,0.0,0.13012248781585173,302.8449679863527,100326.87639270994
2013-04-20,Jhang,1.4271181777846385,0.12889089741533746,302.56540833390403,100396.68559302214
2013-04-21,Jhang,0.0,0.1283472262098816,300.9162859217614,100760.97313957749
2013-04-22,Jhang,0.0,0.1300485030594942,300.0863933144718,101052.66131368182
2013-04-23,Jhang,1.5092532331157036,0.1352491495680454,300.61231380324506,101113.99779915482
2013-04-24,Jhang,2.262302264591782,0.1364562526310598,301.6026993254509,101071.5478140062
2013-04-25,Jhang,3.07941840840421,0.13544169106272874,301.4112468673706,101051.66677129334
2013-04-26,Jhang,0.6149768143989722,0.13347722067381806,301.84767663186733,101066.99341616036
2013-04-27,Jhang,0.9453936249520963,0.1332271411180059,299.9575381660164,101125.7497453677
2013-04-28,Jhang,1.1584803015721925,0.13083992778845754,301.1438224614879,100765.3595027111
2013-04-29,Jhang,0.0,0.12866939305227865,301.6362746200984,100622.24913709385
2013-04-30,Jhang,0.0,0.12669422205759856,302.48368944354536,100634.48529926018
2013-05-01,Jhang,0.0,0.12517345791520268,300.8730622775789,100506.55652232766
2013-05-02,Jhang,0.0,0.12406542854935242,302.06420219119053,100211.61112819769
2013-05-03,Jhang,0.0,0.12316317897244916,303.5234966187855,99921.87616282988
2013-05-04,Jhang,0.0,0.12249200665282589,305.1135984053458,99872.0108059444
2013-05-05,Jhang,0.0,0.12229042578666595,304.93328422351317,100166.99520832984
2013-05-06,Jhang,0.0,0.12203574803924833,305.15676061109576,100352.01644156144
2013-05-07,Jhang,0.0,0.12168804205002226,305.9991108354129,100396.53517455085
2013-05-08,Jhang,0.0,0.12147525904914104,305.9784974084029,100409.8655098756
2013-05-09,Jhang,0.0,0.12132828597270727,306.6530060602534,100235.70164671031
2013-05-10,Jhang,0.35868782874824195,0.13700140236546587,304.7357018744296,100206.64420459903
2013-05-11,Jhang,0.01797492736599885,0.1432892331803054,302.958913499642,100065.0004331646
2013-05-12,Jhang,0.0,0.14558490127569812,301.6385292013707,100491.34831152673
2013-05-13,Jhang,0.0,0.1416647439404414,303.3736261936977,100452.03859194362
2013-05-14,Jhang,0.0,0.13573176558095115,304.40455344428153,100279.25629339542
2013-05-15,Jhang,0.16662521748673126,0.13464011335115242,304.32595273324904,100159.05396889427
2013-05-16,Jhang,0.0,0.13366251929241552,306.1117182965452,99968.95653501971
2013-05-17,Jhang,0.0,0.12951306274473035,307.60918908809896,100006.68586240061
2013-05-18,Jhang,0.0,0.12659066781512615,309.123552015736,99909.88540148169
2013-05-19,Jhang,0.0,0.12453027397117275,309.2853687407494,99820.64121852767
2013-05-20,Jhang,0.0,0.12316729442850974,308.29275028671856,99934.93116078652
2013-05-21,Jhang,0.0,0.12230757353810924,309.8143171842748,99956.08599437757
2013-05-22,Jhang,0.0,0.12175781131882263,310.2498715120068,99894.34958363527
2013-05-23,Jhang,0.0,0.12141250274256017,310.97556497725816,99699.34312197709
2013-05-24,Jhang,0.0,0.12121536102049775,311.4268065719616,99513.32546386792
2013-05-25,Jhang,0.0,0.12230674225665765,310.0422923746282,99593.75320936827
2013-05-26,Jhang,0.0,0.13083334889607406,307.9928172489725,99739.85309635059
2013-05-27,Jhang,0.0,0.13216753132520856,307.1636650002687,100056.46068918733
2013-05-28,Jhang,0.0,0.12832478788944301,307.49367210894945,100145.69732033017
2013-05-29,Jhang,0.0,0.1257635930650954,306.0785160933007,100198.70101078779
2013-05-30,Jhang,0.0,0.1240804618603928,306.8606145289325,99982.62261114293
2013-05-31,Jhang,0.006354491841407736,0.1229455073928991,308.4115521298548,99773.5075207392
2013-06-01,Jhang,0.0,0.12219560087803287,309.002649153282,99846.65747339393
2013-06-02,Jhang,0.0,0.1217294698757618,309.6532030637999,99794.91979001652
2013-06-03,Jhang,0.0,0.12327591877638736,308.748969701707,99940.80147444509
2013-06-04,Jhang,0.0,0.12401007153057401,309.44517755738264,99998.11171961892
2013-06-05,Jhang,0.0,0.12302186204712982,310.62758939104157,99746.85860135994
2013-06-06,Jhang,0.0,0.1222227630080361,310.2039973033439,99549.8231258321
2013-06-07,Jhang,0.0,0.12175577432354151,309.8616183950384,99646.81911069847
2013-06-08,Jhang,0.0,0.1214511385366536,310.57633104154746,99494.6236278291
2013-06-09,Jhang,0.0,0.12127221799742428,311.236641519243,99348.50032204275
2013-06-10,Jhang,0.0,0.12117661910901545,311.22020596803344,99378.5576793644
2013-06-11,Jhang,7.73868541467772,0.1330100715917757,308.3083462577412,99624.85539330827
2013-06-12,Jhang,1.4298880324372865,0.20823314188919798,303.9637202922759,99968.4086852016
2013-06-13,Jhang,11.999286166143557,0.19239069182326854,305.76125219249235,99829.10488536011
2013-06-14,Jhang,5.60891310901636,0.24348964125645586,304.1765729043428,99748.45543038401
2013-06-15,Jhang,6.258399356246865,0.405343547514479,299.0646270673865,99873.93169427688
2013-06-16,Jhang,0.0,0.370217925774412,300.2567644647813,99774.4876881172
2013-06-17,Jhang,0.0,0.3534168746265764,301.45388763237287,99567.83166088762
2013-06-18,Jhang,0.0,0.3267896814376418,302.88343817991046,99727.1631013748
2013-06-19,Jhang,0.0,0.3009726901410481,304.8440142820781,99828.0647600926
2013-06-20,Jhang,0.0,0.27555436820254875,306.6046550431051,99667.76061477255
2013-06-21,Jhang,0.0,0.2524743749426588,306.93277789750664,99451.77806038076
2013-06-22,Jhang,0.0,0.23021374355011304,307.47633896194185,99477.29657639287
2013-06-23,Jhang,0.0,0.2096090857752567,308.2305318743099,99399.88889760782
2013-06-24,Jhang,0.0,0.19082002447872037,308.5619362001561,99376.78107673414
2013-06-25,Jhang,0.0,0.1748848409510314,308.5174832800118,99589.96240815324
2013-06-26,Jhang,0.0,0.16204729142023427,308.84905945257583,99565.32058661815
2013-06-27,Jhang,0.7592980306138644,0.15271297934719436,308.41212514453264,99412.24332162779
2013-06-28,Jhang,8.571732691531757,0.14990154141939507,307.99584642893893,99430.98825162627
2013-06-29,Jhang,6.228134595410418,0.29567005181428546,306.5618749592149,99473.7259413234
2013-06-30,Jhang,10.825564465430674,0.3234729983709192,305.51620703939204,99666.2183668665
2013-07-01,Jhang,0.0,0.32952051720843206,304.984854229514,99531.3752491026
2013-07-02,Jhang,0.0,0.295689911345028,305.38205029074646,99523.20904000176
2013-07-03,Jhang,0.0,0.26908828856812267,307.1368470712307,99666.09330709244
2013-07-04,Jhang,0.0,0.2380670674796217,307.4273867431774,99616.59063700748
2013-07-05,Jhang,0.0,0.21273672607103697,307.9108537271319,99575.75787859378
2013-07-06,Jhang,0.7267619947390848,0.19264519027258578,308.08359102434736,99727.22785620095
2013-07-07,Jhang,0.0,0.20777369968966694,305.990332185403,99720.80675431422
2013-07-08,Jhang,3.3131592044205442,0.24767524414686518,305.97609309688755,99484.87540920239
2013-07-09,Jhang,2.56965196630487,0.2427132350952445,305.77395794711896,99371.42527580343
2013-07-10,Jhang,3.8026352584444396,0.32320836331089575,302.5160809135392,99532.81595399449
2013-07-11,Jhang,2.2309711117519275,0.2852777843682563,305.0803263701519,99790.11985758496
2013-07-12,Jhang,0.0,0.29773077324638986,305.365598328307,99960.91201859472
2013-07-13,Jhang,0.0,0.2627054389532657,306.3878943532129,99811.7065157972
2013-07-14,Jhang,0.0,0.23043119715186028,307.8951382612004,99558.50654328796
2013-07-15,Jhang,0.0,0.20684036238939488,308.34791359343245,99593.4313703908
2013-07-16,Jhang,7.749356414997813,0.22732248721679424,305.9443484558804,99717.67266022613
2013-07-17,Jhang,0.0,0.2640129426951054,306.3875732850888,99652.08868421159
2013-07-18,Jhang,0.0,0.2440555820488447,307.3323748231965,99313.46283499822
2013-07-19,Jhang,0.0,0.21555878458798058,308.27391632827323,99099.8280586428
2013-07-20,Jhang,0.0,0.22207211365409882,305.2315510194553,99654.0392697344
2013-07-21,Jhang,0.0,0.21385521704281088,304.8421414938131,99536.27596223123
2013-07-22,Jhang,0.3827081190458527,0.19812724263158005,306.4281196478092,99475.211671115
2013-07-23,Jhang,0.0,0.19254005506959657,306.3532699183291,99652.45549858437
2013-07-24,Jhang,18.321909577384705,0.3327176281999959,302.8665559394027,99645.70712617754
2013-07-25,Jhang,1.682106186773125,0.2975763945819694,304.3817925448097,99400.15844873858
2013-07-26,Jhang,0.0,0.28301348540446125,303.62166739913226,99492.33236474726
2013-07-27,Jhang,0.0,0.2546652326159887,305.49791728646744,99720.68602171035
2013-07-28,Jhang,0.0,0.22718797701909185,307.26420457677017,99667.77564176834
2013-07-29,Jhang,0.0,0.20577585615341334,307.8140247718953,99568.36369980026
2013-07-30,Jhang,0.06383529089190583,0.2117080973913481,306.9285805747088,99528.32594706384
2013-07-31,Jhang,0.0,0.21352274751342293,306.404512293385,99452.25676131865
2013-08-01,Jhang,2.6721045518050817,0.23785747164336962,305.22292026939954,99667.45725230874
2013-08-02,Jhang,3.1008999018253016,0.3374485390580098,303.0329114519922,100019.19044551972
2013-08-03,Jhang,4.806197970941845,0.3518656026134824,303.4310417944386,100178.45267603596
2013-08-04,Jhang,0.0,0.3026028152600051,305.1507720179244,100002.985905954
2013-08-05,Jhang,2.953751635630204,0.2845490533297569,305.0766054498861,99858.73963143352
2013-08-06,Jhang,0.17325802019566636,0.30251816364886497,303.62430886284636,99975.35958618422
2013-08-07,Jhang,0.0,0.27878977205674915,304.90724060766803,100024.82955773492
2013-08-08,Jhang,0.0,0.25068600168898575,306.2616881142184,99821.92782765678
2013-08-09,Jhang,0.0,0.23292364181578043,305.5861983413848,99797.83241161858
2013-08-10,Jhang,0.0,0.23003599730950905,304.9534691625001,99929.90556246635
2013-08-11,Jhang,9.357897563612116,0.2503865594611131,303.8410417465539,100157.00807766525
2013-08-12,Jhang,0.022915127729878568,0.2838573061084722,303.79861608505666,100076.55853753068
2013-08-13,Jhang,15.378432742939177,0.34736932343097454,302.7899303214913,99869.07905926638
2013-08-14,Jhang,0.0,0.4003334621855585,300.5828198688327,100006.236409689
2013-08-15,Jhang,0.0,0.40844281621631706,300.51232862697015,100101.77453291953
2013-08-16,Jhang,3.912578162483524,0.38396281195944215,300.6951460349033,100008.69043577684
2013-08-17,Jhang,0.0,0.35968399742157586,301.6354937081697,99920.85255285399
2013-08-18,Jhang,4.754194083712517,0.34105106776214994,302.4292587480764,99901.5691164915
2013-08-19,Jhang,0.4088895411899459,0.32234000797514517,303.09708425190183,99979.96125085314
2013-08-20,Jhang,0.0,0.30144782588521196,303.6792965047161,99879.31444963589
2013-08-21,Jhang,1.6777336397106406,0.2852340070023816,304.2653921682697,99870.09645747658
2013-08-22,Jhang,0.0,0.2856988237733642,304.11091108798996,100043.82851945632
2013-08-23,Jhang,0.0,0.2689313928729551,305.3004869506297,100081.20063529062
2013-08-24,Jhang,0.0,0.25037866638029993,305.8852052451915,100060.9420941786
2013-08-25,Jhang,0.0,0.23217127610757246,306.7743993151186,99866.43622104509
2013-08-26,Jhang,0.0,0.2135448798463424,307.9809364855563,99646.5420056498
2013-08-27,Jhang,0.0,0.19632401375777697,307.9709711910454,99735.66548996839
2013-08-28,Jhang,0.0,0.18733342323601945,305.87745146230816,100129.13784537306
2013-08-29,Jhang,0.0,0.18471373912986935,305.7890674222652,100244.52644200387
2013-08-30,Jhang,0.0,0.17533340262524522,306.9421159865189,100151.65655229356
2013-08-31,Jhang,0.0,0.18881995149155745,305.3837744236575,100185.97260951031
2013-09-01,Jhang,0.0,0.18922098179012023,305.9132566902147,100297.54134602823
2013-09-02,Jhang,0.0,0.17731145076834642,307.0411991661027,100226.16701934254
2013-09-03,Jhang,0.6917147031145873,0.1684062344717173,306.5070509947172,100154.53637371921
2013-09-04,Jhang,0.0,0.1599408239218284,306.786889957648,100079.95024926055
2013-09-05,Jhang,0.0,0.14999507029012848,306.76639254698784,99948.95997216152
2013-09-06,Jhang,0.0,0.14281589136002898,306.3228566587187,100178.68056172896
2013-09-07,Jhang,0.0,0.13804930035149476,306.532863767869,100317.89480497314
2013-09-08,Jhang,0.0,0.13464598317280066,306.1100379431003,100540.46569678151
2013-09-09,Jhang,0.0,0.13199852459731262,306.1393781688322,100612.67680754738
2013-09-10,Jhang,0.0,0.12956305335658136,306.3092368270764,100366.91436189706
2013-09-11,Jhang,0.0,0.13075938674752063,306.24985922390476,100454.74482177313
2013-09-12,Jhang,0.0,0.13155000378857948,306.50311559865054,100679.28882024376
2013-09-13,Jhang,0.0,0.13303386134459083,305.2473903085003,100739.09939746662
2013-09-14,Jhang,0.0,0.14700131045220663,305.06948714991466,100384.18763745412
2013-09-15,Jhang,0.01968479195870292,0.18468935109527349,303.09878646038567,100107.93955891462
2013-09-16,Jhang,1.5944576457335184,0.19591791592531235,302.4594071193333,100377.30683831396
2013-09-17,Jhang,0.0,0.18029477660115167,303.42290320140273,100322.56433667085
2013-09-18,Jhang,0.0,0.16872074331160355,304.5685234262045,100289.55187890772
2013-09-19,Jhang,0.0,0.15975495582229218,305.39360413663877,100246.06321149597
2013-09-20,Jhang,0.0,0.1493644756142405,305.6362938127737,100247.63889602781
2013-09-21,Jhang,0.0,0.14205919523947483,305.0350261089158,100354.29045257672
2013-09-22,Jhang,0.0,0.13713660684775622,305.0358204507799,100227.80852410135
2013-09-23,Jhang,1.9552005118726494,0.13352637704698825,306.01128902956236,100143.86235870136
2013-09-24,Jhang,0.0,0.13221670119877352,306.0580832437356,100293.57323642734
2013-09-25,Jhang,0.0,0.13056974779485797,306.1558964910695,100444.96147652004
2013-09-26,Jhang,0.0,0.12846409919182727,305.8605737278892,100571.02096516991
2013-09-27,Jhang,0.0,0.1292102056884283,305.29210442716777,100415.43868547562
2013-09-28,Jhang,8.8973213766546,0.14260454636548422,303.81928302055934,100450.14116954981
2013-09-29,Jhang,0.0,0.1709136363730245,302.9397814253503,100370.99066628891
2013-09-30,Jhang,4.248402512597058,0.20747246548796452,302.7062104011605,100513.00989090046
2013-10-01,Jhang,1.064967692065092,0.21481835254302886,302.7047946885404,100834.63213049604
2013-10-02,Jhang,0.598727066426311,0.199534128758182,303.078573567996,100974.0489634066
2013-10-03,Jhang,0.0,0.18595100951076635,303.1501077575496,100783.24328923915
2013-10-04,Jhang,0.0,0.17298512629859836,303.402295618607,100618.90813117224
2013-10-05,Jhang,0.0,0.16181940357764932,303.9194758979872,100410.07321246502
2013-10-06,Jhang,0.0,0.15268017823086452,304.53047871203137,100562.95217230098
2013-10-07,Jhang,0.0,0.14557520402784066,304.649042161125,100818.37511138519
2013-10-08,Jhang,0.0,0.14004510350665422,304.8125530604516,100932.1190102148
2013-10-09,Jhang,0.0,0.13594674569608178,304.45364936002636,100985.13872118198
2013-10-10,Jhang,0.0,0.13295934623701025,304.3963622720935,101015.40650068255
2013-10-11,Jhang,0.0,0.15867302479819442,301.9562166587224,100930.95079776026
2013-10-12,Jhang,0.0,0.20584908535910498,299.357457414511,100956.11958531
2013-10-13,Jhang,0.0,0.21150634894885903,299.4774707155082,100937.68452630477
2013-10-14,Jhang,0.0,0.19566985553568872,300.5618821172743,100787.19729847444
2013-10-15,Jhang,0.0,0.18153902520753806,301.89257714821423,100817.92732576503
2013-10-16,Jhang,0.0,0.17031937912401995,301.81864665442214,100849.89502958683
2013-10-17,Jhang,0.0,0.1655410310931093,301.03844542770514,101060.6722173186
2013-10-18,Jhang,0.0,0.16068837776789682,300.4034230202464,101182.46376847468
2013-10-19,Jhang,0.0,0.15307234492023325,300.3603406823389,101133.33881060618
2013-10-20,Jhang,0.0,0.14682484773485022,299.87571730310435,101026.54480713242
2013-10-21,Jhang,0.0,0.14192988625101188,299.5671606818258,100887.6953662176
2013-10-22,Jhang,0.0,0.1380131961600032,299.5048217703581,101108.60334229335
2013-10-23,Jhang,0.0,0.1349041978307894,299.40401402724297,101346.0646160555
2013-10-24,Jhang,0.0,0.132647233031464,299.18001597654103,101339.85622303578
2013-10-25,Jhang,0.0,0.13094098484361985,299.1886955006953,101102.50451807867
2013-10-26,Jhang,0.0,0.12941239645099464,299.4091321577314,101071.5437627974
2013-10-27,Jhang,0.0,0.12831728049133645,298.1142506499832,101078.45783372376
2013-10-28,Jhang,0.0,0.1273480599988923,297.6837635956596,100997.148925699
2013-10-29,Jhang,0.0,0.12637434550360366,297.9261404934909,101055.75871490443
2013-10-30,Jhang,0.0,0.13272496526169264,296.91989168779594,101264.78232514359
2013-10-31,Jhang,0.0,0.1528129191482569,294.6331910313121,101481.16186929116
2013-11-01,Jhang,0.0,0.14847649494745305,294.54824478269177,101507.45551728016
2013-11-02,Jhang,0.0,0.1447520101270099,294.51408965978146,101561.94282489723
2013-11-03,Jhang,0.0,0.14141743496564796,294.65216241732594,101612.90695412293
2013-11-04,Jhang,0.0,0.13852969672806398,294.82462519187834,101760.50527960573
2013-11-05,Jhang,0.05996095271426185,0.136497235008059,295.0202052258373,101659.5061459351
2013-11-06,Jhang,2.9704937055742633,0.23889864034690303,289.75042178841977,101767.89879614454
2013-11-07,Jhang,0.0,0.31243008792702365,289.5540823526466,101751.47952118573
2013-11-08,Jhang,0.0,0.2806639692487016,289.9142215588227,101759.85941607816
2013-11-09,Jhang,0.0,0.2568189933473676,290.652860276476,101844.31635872039
2013-11-10,Jhang,0.0,0.23892386776318789,291.2724458859956,101785.92881959071
2013-11-11,Jhang,0.0,0.22505801814802492,291.4467064712848,101382.13501334518
2013-11-12,Jhang,0.0,0.21362284250473798,292.0712600016574,101362.14573107664
2013-11-13,Jhang,0.0,0.20321122153562016,292.0170239184082,101504.84499551296
2013-11-14,Jhang,0.0,0.19422916735634413,291.1620655791622,101656.9807519528
2013-11-15,Jhang,0.0,0.18609354732178746,290.6744127489673,101724.45535849714
2013-11-16,Jhang,0.0,0.17926701953266524,290.68358421651396,101841.83390676086
2013-11-17,Jhang,0.0,0.17342795351940823,291.4862168524959,101849.31833258194
2013-11-18,Jhang,0.0,0.16803690372155758,291.8844797364617,101753.71053145746
2013-11-19,Jhang,0.0,0.16326164155945685,292.4249464222517,101489.07630070529
2013-11-20,Jhang,0.0,0.15919432079220003,291.7117081102274,101195.38689557064
2013-11-21,Jhang,0.0,0.15537680665848833,291.94383183038,101302.61188261521
2013-11-22,Jhang,0.0,0.152016722565467,291.8382244141823,101613.65650963545
2013-11-23,Jhang,0.0,0.14938639676241292,291.97876904363216,101512.72375864751
2013-11-24,Jhang,0.0,0.14684589463602882,292.74396546624905,101577.98279427804
2013-11-25,Jhang,0.0,0.14455040339580774,293.48730124624956,101408.65642563572
2013-11-26,Jhang,0.0,0.1424301723734932,293.26276242429094,101287.11724648411
2013-11-27,Jhang,0.0,0.14036815271771103,293.1688476049355,101471.67955531231
2013-11-28,Jhang,0.0,0.13846495819923252,293.0847431332524,101856.18578445725
2013-11-29,Jhang,0.0,0.13685343619570586,292.15231431838896,101807.2040542633
2013-11-30,Jhang,0.0,0.1355347927423987,291.78229158415104,101510.85267240215
2013-12-01,Jhang,0.0,0.13443178955209775,291.7129051537391,101465.8545369851
2013-12-02,Jhang,0.0,0.1333737898849561,291.55003046872395,101496.02206901566
2013-12-03,Jhang,0.0,0.13250410814613253,291.30291905369336,101747.05254695553
2013-12-04,Jhang,0.0,0.13177996934192174,290.74714229285473,101817.57775424267
2013-12-05,Jhang,0.0,0.13104661049666522,291.0310435201406,101545.5404275612
2013-12-06,Jhang,0.0,0.13043774603479455,291.4989256068248,101327.20917745584
2013-12-07,Jhang,0.0,0.1299079622354415,290.9254681455014,101368.33081799392
2013-12-08,Jhang,0.0,0.1293849547985319,290.69970822590636,101444.03899271964
2013-12-09,Jhang,0.0,0.12893228769712198,290.4918069764367,101343.92058498556
2013-12-10,Jhang,0.0,0.12848866320299784,290.49844704504477,101418.56753155641
2013-12-11,Jhang,0.0,0.12823119490254883,290.1210161670454,101564.55850040237
2013-12-12,Jhang,0.0,0.12788800100241057,289.5447414044438,101531.41792727672
2013-12-13,Jhang,0.0,0.12750360066157812,290.46646522931593,101266.8726445848
2013-12-14,Jhang,0.0,0.12713404473340495,290.9739640656865,101131.14611842323
2013-12-15,Jhang,0.0,0.12683379848202114,289.12817938906613,101471.81789020104
2013-12-16,Jhang,0.0,0.12658340942430124,288.6812277209971,101553.38354427181
2013-12-17,Jhang,0.0,0.12634724909695091,288.8126592959794,101418.09385690874
2013-12-18,Jhang,0.0,0.1261536660789539,287.5773285411452,101333.34940931604
2013-12-19,Jhang,0.0,0.12854865377155855,286.18822360789596,101529.43967319632
2013-12-20,Jhang,0.0,0.13084256173690925,285.6583837184951,101768.27576737286
2013-12-21,Jhang,0.0,0.13295543195826118,285.28391799034034,101789.61971565436
2013-12-22,Jhang,0.0,0.1346642557857092,284.3183072808765,102154.56183932512
2013-12-23,Jhang,0.0,0.13393531591967495,284.72501026495894,102212.84284627895
2013-12-24,Jhang,0.0,0.13314789832217605,285.3574320194965,102270.37310882147
2013-12-25,Jhang,0.0,0.13237409531565905,285.10994151638073,102149.82817476778
2013-12-26,Jhang,0.0,0.13166827039699242,285.03765449841933,101964.02844377764
2013-12-27,Jhang,0.0,0.1310563333309854,284.6074139162815,101883.43163713597
2013-12-28,Jhang,0.0,0.13047993277558387,284.0711626827757,101958.78144828141
2013-12-29,Jhang,0.0,0.129999033155727,283.5134711618449,101853.16647584602
2013-12-30,Jhang,0.0,0.133609185168506,283.60753059892926,101734.98705245789
2013-12-31,Jhang,0.0,0.15039305138523923,281.7507852540841,102177.86960611238
2014-01-01,Jhang,0.0,0.1484640645125273,282.47080794697234,102395.39496138651
2014-01-02,Jhang,0.0,0.14626933475453963,283.7606969732208,102094.42174465564
2014-01-03,Jhang,0.0,0.14412304332015322,284.02160026140285,101743.13856476873
2014-01-04,Jhang,0.0,0.14235721990446523,285.0085102225389,101634.53815904228
2014-01-05,Jhang,0.0,0.14083958943942054,285.532736443353,101491.82138659034
2014-01-06,Jhang,0.0,0.13945176788460023,285.33425407157245,101804.7921454738
2014-01-07,Jhang,0.0,0.1381361051041697,285.8469456603418,101832.24563728135
2014-01-08,Jhang,0.15449334454169192,0.13738348200986386,283.6973439061819,101910.7530750741
2014-01-09,Jhang,0.0,0.13651474664871482,282.7314166721197,101857.4694862482
2014-01-10,Jhang,0.0,0.1355966997884306,283.7316211491845,101847.4539028532
2014-01-11,Jhang,0.0,0.13457116957792029,284.7066256086523,102090.74094593682
2014-01-12,Jhang,0.0,0.1336452175936131,286.17390231232645,102127.38997880774
2014-01-13,Jhang,0.0,0.13913013405064675,286.07606222050737,101989.8557061348
2014-01-14,Jhang,0.0,0.13892163058919557,286.01609003155613,101752.68194443271
2014-01-15,Jhang,0.0,0.13749348971962302,287.23037888997965,101912.9465311541
2014-01-16,Jhang,0.4515498354877828,0.13638187338459504,286.47763079127503,101907.16344395664
2014-01-17,Jhang,9.86044161035822,0.1364529881284546,285.45291168829806,101807.98073062366
2014-01-18,Jhang,0.0,0.136280693261548,286.03871887580146,102124.67713169684
2014-01-19,Jhang,0.0,0.13532166642433505,285.60362730710153,102533.38131735774
2014-01-20,Jhang,0.0,0.13445664467892418,286.6904390842459,102079.9884348984
2014-01-21,Jhang,0.0,0.13409897546263433,287.5473933690868,102016.36701660395
2014-01-22,Jhang,0.0,0.13508061505395824,286.8019729048396,101887.60027301223
2014-01-23,Jhang,0.0,0.13565092922423555,286.09114024442704,102254.18970110848
2014-01-24,Jhang,0.0,0.1351105093852866,286.90425168935013,101972.35293862064
2014-01-25,Jhang,0.0,0.13411290883436677,288.35438220027646,101985.76531349006
2014-01-26,Jhang,0.0,0.13313956199982946,288.9780949245835,101930.47937820194
2014-01-27,Jhang,0.0,0.13218795410099332,289.33921300011247,101994.9607218393
2014-01-28,Jhang,0.0,0.131287935925056,290.06347451294727,101658.50497020247
2014-01-29,Jhang,0.0,0.1304679691757382,289.9002025077559,101733.7398747429
2014-01-30,Jhang,0.0,0.1297479383059395,289.1253082319061,101942.58173303783
2014-01-31,Jhang,0.0,0.12913182387491867,289.6795118543565,101891.62130585588
2014-02-01,Jhang,0.0,0.12888425631399225,289.8464063064771,101911.02817018602
2014-02-02,Jhang,2.2037055325775707,0.13114244345620485,289.0701516333457,101709.73667880405
2014-02-03,Jhang,5.330338170251248,0.15763548075779793,288.33630169256395,101393.4051566871
2014-02-04,Jhang,1.6622689340886767,0.16454603048250413,287.22426634299757,101321.40220879749
2014-02-05,Jhang,0.0,0.1623350452205933,287.4747930490923,101229.94690138484
2014-02-06,Jhang,0.013049497305914957,0.2766445003736113,285.91037391465795,100987.5961420168
2014-02-07,Jhang,0.0,0.2906514025420765,284.4480150302644,101167.23347206887
2014-02-08,Jhang,0.0,0.2594500176351328,284.8503286686624,101295.3855879137
2014-02-09,Jhang,0.0,0.2384228413047714,285.39130751524397,101234.74038716753
2014-02-10,Jhang,0.0,0.22395086692928257,286.50470958276287,101150.52514514302
2014-02-11,Jhang,0.0,0.21205621445688047,285.5267958911006,101462.68728354921
2014-02-12,Jhang,0.0,0.2010136363798479,286.05823882009935,101455.66326489768
2014-02-13,Jhang,0.0,0.19100489738486892,286.5627648033009,101285.00890265299
2014-02-14,Jhang,0.0,0.18312328974255923,286.00173487206746,101145.05120480337
2014-02-15,Jhang,0.0,0.1766314341900948,286.37573992398,101205.12877314074
2014-02-16,Jhang,0.0,0.17118404885199398,286.6040646170967,101774.90671002345
2014-02-17,Jhang,0.0,0.16572321043477709,287.7862698627433,101897.42722859925
2014-02-18,Jhang,0.07785810061036934,0.1602327791093322,288.7295372014377,101656.00765608675
2014-02-19,Jhang,0.0,0.1550270607596104,289.04145377259806,101550.07763232448
2014-02-20,Jhang,0.0,0.1509471884824584,289.4503850293051,101512.28572568377
2014-02-21,Jhang,1.9395572513752737,0.154512445339533,287.59556550491135,101606.51514944041
2014-02-22,Jhang,0.0,0.15366391627640968,287.24333861769725,101908.02737548029
2014-02-23,Jhang,0.0,0.14993545351106977,288.536390116631,102049.22309086294
2014-02-24,Jhang,0.0,0.14610227842653542,290.2059655942806,101873.80471909861
2014-02-25,Jhang,0.0,0.14263321344663904,290.75859762250883,101683.38040810694
2014-02-26,Jhang,1.0319501797419801,0.1435717108335193,289.7506921015103,101531.48791747067
2014-02-27,Jhang,0.0,0.15427825767701125,288.70612760921796,101519.48714883374
2014-02-28,Jhang,0.0,0.1535110941646498,288.6152655511616,101400.16054794149
2014-03-01,Jhang,0.0,0.15173073705967458,287.94927821694625,101599.80445972642
2014-03-02,Jhang,2.699786848545219,0.1506476069862281,289.4558357069395,101753.3517794773
2014-03-03,Jhang,5.532535214321512,0.18877395011779008,287.7437070182271,101828.18069312663
2014-03-04,Jhang,0.016875661513558602,0.19963149741977237,289.0870096186798,101873.54243328473
2014-03-05,Jhang,0.0,0.1889639091369553,289.56033739196704,101741.66165363052
2014-03-06,Jhang,0.0,0.17770696030546823,290.2014955877019,101766.9519339946
2014-03-07,Jhang,0.0,0.16855587370468753,291.88023853967366,101789.57939026212
2014-03-08,Jhang,7.950071985140027,0.16088506283374832,293.25531713151446,101751.6661809254
2014-03-09,Jhang,3.0480709952368548,0.2049523652653263,292.43988681678223,101259.13294205444
2014-03-10,Jhang,1.7918510178173788,0.24571579389047,290.35522825863916,101038.82221394805
2014-03-11,Jhang,0.0,0.2446384863444316,287.8695404146122,101515.12165554744
2014-03-12,Jhang,0.0,0.22296632312446055,288.84048798275336,101999.69154462572
2014-03-13,Jhang,0.0,0.20504825942665544,291.2743021628492,101763.26869954754
2014-03-14,Jhang,2.607625006801692,0.18913119332162248,293.51275375425155,101511.46696125378
2014-03-15,Jhang,0.03300018925538072,0.17666026248310648,294.37398611786585,101693.96974851684
2014-03-16,Jhang,0.0,0.16672368515545918,295.6144087610995,101616.45174334946
2014-03-17,Jhang,0.6070780544431438,0.17555913252615515,295.1982305224088,101076.86280108229
2014-03-18,Jhang,0.0,0.18827426360570015,292.5070688804688,101567.62970635385
2014-03-19,Jhang,0.0,0.17611907093587642,293.3892024683087,101450.92866686395
2014-03-20,Jhang,0.0,0.16500987824657906,296.36742820871757,100978.53355117081
2014-03-21,Jhang,0.0,0.15752882228169302,294.7494110311986,100894.97946852139
2014-03-22,Jhang,0.0,0.1512576393179643,295.59417275899114,100880.09637532016
2014-03-23,Jhang,7.361355754867785,0.22899356959773035,292.98727268260706,101179.37274359389
2014-03-24,Jhang,6.437569343781358,0.329768713716322,291.1676172373922,101296.11630089478
2014-03-25,Jhang,0.0,0.2840057255057711,292.4514432037698,101378.38913854735
2014-03-26,Jhang,0.0,0.25301742890149354,293.1540969404106,101343.95983576075
2014-03-27,Jhang,0.395183117699304,0.22989721916557268,294.46838661435226,101339.93358361204
2014-03-28,Jhang,0.0,0.21793070347028085,293.01422224488726,101413.68368578106
2014-03-29,Jhang,0.0,0.20384041159186206,293.74600895556296,101452.3078083922
2014-03-30,Jhang,0.0,0.18837828519755304,295.2041763552441,101203.23965934555
2014-03-31,Jhang,0.0,0.17430094812653704,296.6283303775244,100876.4793534497
2014-04-01,Jhang,3.533116512976176,0.16960032924005067,298.0973430870206,100655.0120087992
2014-04-02,Jhang,0.0,0.22627138747285186,294.3950455081311,100863.92093020066
2014-04-03,Jhang,0.0,0.21124810527573623,295.5249682137404,101279.44645321081
2014-04-04,Jhang,1.3791664664892949,0.19594181826713414,296.4897942166357,101252.17444660248
2014-04-05,Jhang,0.1868057751455483,0.18117294425955355,297.9168789384741,101094.0310730476
2014-04-06,Jhang,0.12237608264818432,0.22399533307244157,294.74871266623364,101058.75077837973
2014-04-07,Jhang,0.0,0.2387593173870352,294.48144159224125,101297.08018180802
2014-04-08,Jhang,0.0,0.2153847263123647,295.7958561319126,101223.19569300035
2014-04-09,Jhang,0.0,0.19430306678163467,297.6348074555229,101191.15667105185
2014-04-10,Jhang,0.0,0.17649030637744856,298.9019536507355,101143.47064091511
2014-04-11,Jhang,0.0,0.16179977113211863,300.2759468815947,100921.44908880058
2014-04-12,Jhang,0.7947908887877139,0.150992213927687,301.0081693486921,100721.78226089315
2014-04-13,Jhang,0.0,0.1453801744961153,299.1837938275008,101079.0289461959
2014-04-14,Jhang,0.0,0.14006911357305465,299.5517983682003,101298.36105262439
2014-04-15,Jhang,2.856649473449644,0.13681693125678104,299.5141179214433,101163.89454823422
2014-04-16,Jhang,2.707264102800271,0.14079804555314432,299.991481319035,100820.94156990465
2014-04-17,Jhang,5.120793462084895,0.23051075797841908,297.49055389021464,100834.51699585418
2014-04-18,Jhang,2.938077521013165,0.3324152872445005,294.1721467730403,101228.34904961822
2014-04-19,Jhang,0.0,0.3032276575891088,294.9375132644803,101340.42553886208
2014-04-20,Jhang,0.0,0.26623313269761456,296.86213873109006,101306.13821665703
2014-04-21,Jhang,2.887120263348848,0.24284090946447837,297.6011197294379,101301.94938187796
2014-04-22,Jhang,0.3218751330680876,0.22432701195013732,298.721346689162,101354.28216583387
2014-04-23,Jhang,0.0,0.20530732066654328,300.7360421197148,100984.56803134165
2014-04-24,Jhang,2.253376284673909,0.18852733581331066,302.2866524031368,100709.62618600218
2014-04-25,Jhang,0.0,0.17485864892082476,302.11667564811086,100854.9973378147
2014-04-26,Jhang,0.0,0.16179653350172815,302.3010568582452,100790.09909464631
2014-04-27,Jhang,0.0,0.15076157511179974,302.91239495939413,100886.57713517264
2014-04-28,Jhang,0.0,0.1425388767165672,304.76125086765336,100650.12033051121
2014-04-29,Jhang,0.0,0.13643039489634318,305.7699649421679,100424.17139470077
2014-04-30,Jhang,0.0,0.13362910418670243,306.9132443372248,100422.6528362937
2014-05-01,Jhang,0.0,0.13271445344715796,306.8917832253981,100273.16065906335
2014-05-02,Jhang,0.0,0.13289300495416712,306.89573514472625,100131.25570671409
2014-05-03,Jhang,0.09357209377636935,0.13135536032528652,306.167192033158,100312.18096224169
2014-05-04,Jhang,0.0,0.13862951676133858,303.6860152475819,100414.75320726185
2014-05-05,Jhang,0.0,0.1430428422109282,303.4111227989998,100685.73066295
2014-05-06,Jhang,0.0,0.13944123896956526,304.5537970310819,100750.27601068238
2014-05-07,Jhang,0.0,0.13875618160105113,305.13505501161967,100493.29715359466
2014-05-08,Jhang,0.0,0.14034986917591144,303.7882299676831,100478.99533920083
2014-05-09,Jhang,0.0,0.13756519430215966,303.60869431311664,100227.16343711024
2014-05-10,Jhang,0.0,0.14030379402141538,302.3257401714401,100275.40223144308
2014-05-11,Jhang,0.0,0.141661599505633,302.3855531894089,100520.24773121778
2014-05-12,Jhang,4.2769560023728905,0.18197247366123198,299.9100610921239,100463.95439131546
2014-05-13,Jhang,1.9911796410937423,0.2574852704667,295.92770817628406,100913.32991163961
2014-05-14,Jhang,0.0,0.23580098372077776,298.5786172963958,100822.85313637547
2014-05-15,Jhang,3.569732126048049,0.20929858548116162,301.4797824317374,100576.29189268469
2014-05-16,Jhang,5.072321823446955,0.19949303698512683,301.79053703769745,100503.6586127881
2014-05-17,Jhang,2.57055908490362,0.22250559684452278,301.0531690052096,100874.89311444607
2014-05-18,Jhang,0.0,0.22301292605867637,300.57509077497866,100920.43111022869
2014-05-19,Jhang,0.0,0.20381452951357665,301.57663757197514,100864.5681948646
2014-05-20,Jhang,0.0,0.18821739767136866,302.46101736452135,100658.5163699379
2014-05-21,Jhang,0.0,0.17052154888597215,304.1779742188353,100399.88448643794
2014-05-22,Jhang,0.0,0.1548479326143102,307.1044711235197,99930.52353124267
2014-05-23,Jhang,0.0,0.15827851495459166,304.8203096880393,100193.17159403533
2014-05-24,Jhang,0.16228320289700404,0.15534008950621508,305.36046481056184,100532.4636515596
2014-05-25,Jhang,0.0,0.1438816308892182,306.4227807514507,100569.0505259593
2014-05-26,Jhang,0.0,0.13607951920728442,307.22557830981975,100675.79477843031
2014-05-27,Jhang,0.0,0.13092914255446436,308.0533793867261,100452.0866687452
2014-05-28,Jhang,0.0,0.12747850629918436,309.2350268519686,100112.82009051958
2014-05-29,Jhang,0.0,0.12983530660366532,310.3157106386015,99932.29933311068
2014-05-30,Jhang,0.0,0.1339318533898503,309.4549049728579,100077.74311439344
2014-05-31,Jhang,0.0,0.13315043491778097,307.80599152786164,99970.83265097831
2014-06-01,Jhang,0.0,0.13840523195982993,306.057964736649,100351.04437186118
2014-06-02,Jhang,0.0,0.1327365152780156,307.1534194876218,100408.57386418698
2014-06-03,Jhang,0.0,0.129879162957564,308.6418562057672,100071.42442316689
2014-06-04,Jhang,0.0,0.12961350272470507,309.7293171528243,99875.58102707154
2014-06-05,Jhang,0.0,0.12766890251684845,310.0314181920967,99733.16402932137
2014-06-06,Jhang,0.007076573213579004,0.1310376270553954,310.6250300736508,99634.16191221264
2014-06-07,Jhang,0.0,0.1326158389991379,310.99999171326465,99486.4100884445
2014-06-08,Jhang,0.0,0.12809163009275146,310.8485098988629,99390.31042897262
2014-06-09,Jhang,0.0,0.12521535165456668,310.80739085038147,99447.20056340369
2014-06-10,Jhang,0.0,0.12341181450031999,310.48683500835847,99489.89928960997
2014-06-11,Jhang,0.0,0.13115129390787142,309.13213384901877,99541.1807489509
2014-06-12,Jhang,7.119471801561219,0.13712670938690105,308.2327981161735,99639.99683881951
2014-06-13,Jhang,0.0,0.13475491258674213,309.59419013172754,99526.59188278379
2014-06-14,Jhang,0.0,0.13023214940120353,309.89745816209745,99457.09922604407
2014-06-15,Jhang,0.0,0.12716831175688745,310.48050226258727,99534.68910468413
2014-06-16,Jhang,0.0,0.12525745522863826,311.20391871688173,99456.15626527272
2014-06-17,Jhang,0.0,0.12436838405139021,311.33724820843554,99277.92851993031
2014-06-18,Jhang,0.0,0.1246998113288714,310.217438873545,99285.28658174351
2014-06-19,Jhang,0.0,0.12482969528414758,310.1044901772911,99298.04926385706
2014-06-20,Jhang,0.0,0.12657511011017986,311.29654821675086,99103.96204318905
2014-06-21,Jhang,11.872308901682308,0.13912991770146305,308.52569775270246,99402.88250888977
2014-06-22,Jhang,0.0,0.1438927796438072,306.7740239671354,99663.60170232398
2014-06-23,Jhang,0.0,0.13966807153129127,307.30493506811786,99585.93124583946
2014-06-24,Jhang,0.0,0.13516018998092913,308.6287775886874,99372.1741400957
2014-06-25,Jhang,5.7804028798155755,0.13431172792690838,307.87712711065194,99599.47097428069
2014-06-26,Jhang,0.0,0.13254381222860834,307.97992849778035,100024.225237727
2014-06-27,Jhang,0.0,0.12893486423675218,309.6268066077867,100052.995349997
2014-06-28,Jhang,0.0,0.1268521539402094,310.37698781053587,99754.13561687912
2014-06-29,Jhang,0.0,0.1265138913271316,309.23784036008595,99572.98202353463
2014-06-30,Jhang,1.8631850670721903,0.12821775468095142,308.4851671374853,99485.83119375436
2014-07-01,Jhang,1.7772618737378747,0.14893248850327961,305.28688729783454,99905.819864326
2014-07-02,Jhang,0.544331150962351,0.21795784267104215,304.3674928840305,99985.05075452274
2014-07-03,Jhang,0.0,0.3111603422821828,302.59911274133424,99807.25817588432
2014-07-04,Jhang,0.0,0.31175233992939705,304.47741112783007,99742.4237793446
2014-07-05,Jhang,1.2153797249303975,0.31533287136885274,304.79011949620207,99950.12693041343
2014-07-06,Jhang,0.0,0.2710203959392286,305.9084255878052,100059.69949563307
2014-07-07,Jhang,0.0,0.2373614037085245,306.9671881776639,99842.52592062631
2014-07-08,Jhang,0.0,0.20716475448257812,308.46787615857505,99604.35663539795
2014-07-09,Jhang,0.0,0.1832232640874888,308.4535827055769,99596.4281676055
2014-07-10,Jhang,0.0,0.16464524346945564,308.7799948676537,99696.5014674934
2014-07-11,Jhang,0.0,0.1502973044425007,309.5583984603179,99569.81019224605
2014-07-12,Jhang,0.0,0.14029690984867635,309.7813013796309,99501.16511789453
2014-07-13,Jhang,0.0,0.13391280874722286,310.0635781011766,99593.97607509093
2014-07-14,Jhang,0.0,0.12978912726040803,310.31732571594466,99503.86792137836
2014-07-15,Jhang,0.0,0.127106932190566,310.81952202593425,99314.63536566995
2014-07-16,Jhang,7.095045091079756,0.13280009080140948,308.2328434665494,99527.9274845483
2014-07-17,Jhang,6.219048937851514,0.20591124612684203,304.9764507927832,99593.26864266995
2014-07-18,Jhang,0.0,0.27696992976855656,303.77478064561956,99505.37218456125
2014-07-19,Jhang,0.2692828323936803,0.2472178188420275,305.28757846149574,99521.46283973803
2014-07-20,Jhang,0.0,0.21437070833850094,306.6116268787933,99603.5139613317
2014-07-21,Jhang,0.0,0.1891021758945088,307.2648461067447,99554.30205954664
2014-07-22,Jhang,0.0,0.16894104478948704,308.77984902783913,99567.85969546276
2014-07-23,Jhang,0.0,0.15415246164127602,308.8170164373289,99561.22061063317
2014-07-24,Jhang,0.0,0.14534736519383148,306.3609415254877,99759.20363900455
2014-07-25,Jhang,0.0,0.14053907093007495,306.63143887732457,99993.19626519887
2014-07-26,Jhang,0.0,0.1360733728846932,306.81199476868295,100148.97266243804
2014-07-27,Jhang,0.0,0.13927146284774178,306.6601819782163,100023.45097866247
2014-07-28,Jhang,10.455796651497236,0.18718582809139495,304.30288571397557,99758.14396497603
2014-07-29,Jhang,24.563836701924238,0.29321650875223176,301.8022183810394,99949.08481443173
2014-07-30,Jhang,0.0,0.27695493149425493,304.3515186356314,100016.83940808378
2014-07-31,Jhang,0.0,0.24705899211896368,305.79691504461414,99913.17261414482
2014-08-01,Jhang,2.3875713686702134,0.308469056667939,304.46741497664607,99839.1861296723
2014-08-02,Jhang,12.47734056727228,0.3196984454077854,304.22192183366684,99704.05118505431
2014-08-03,Jhang,0.0,0.2916004593377408,305.3795431177309,99429.46072815896
2014-08-04,Jhang,0.0,0.25196783365868947,307.3413447543428,99392.68907914199
2014-08-05,Jhang,0.0,0.22059638449292504,307.14964658393524,99598.61692523124
2014-08-06,Jhang,0.0,0.19552925106691751,307.8601748031383,99575.8936324003
2014-08-07,Jhang,0.0,0.17675207961092723,307.7945809226156,99566.50595160348
2014-08-08,Jhang,7.314645539497219,0.178568226712492,305.6817076866468,99768.24630269586
2014-08-09,Jhang,1.8609264326222545,0.18416751894273226,305.24139248543037,100072.66547153586
2014-08-10,Jhang,0.0,0.19052571777959526,305.93979579855625,100021.12790022831
2014-08-11,Jhang,0.0,0.17629124852078193,307.584870873923,99837.54384732376
2014-08-12,Jhang,0.0,0.16080793059963633,308.84455888922514,99711.36147920597
2014-08-13,Jhang,0.0,0.14893948003630128,309.01338604804846,99584.15523594705
2014-08-14,Jhang,0.0,0.14051270898775708,308.72034000584546,99430.4237485359
2014-08-15,Jhang,0.03715395201782979,0.1383762832990127,306.68817038121784,99520.94616118673
2014-08-16,Jhang,2.248355923096271,0.15351966689390933,303.32868428788385,100186.772532989
2014-08-17,Jhang,0.0,0.15752096638053825,303.2693674626536,100407.41511104816
2014-08-18,Jhang,0.0,0.14759552904293813,306.4241837955789,100533.60950639767
2014-08-19,Jhang,0.0,0.13949571908412944,308.340267021706,100394.39709139803
2014-08-20,Jhang,0.0,0.1335548868164,308.97815614201636,100084.77259355302
2014-08-21,Jhang,0.0,0.129599612468519,308.2374879017863,99933.98952531478
2014-08-22,Jhang,0.0,0.12719339058311258,307.3812018763939,100135.11394442641
2014-08-23,Jhang,0.0,0.12552952812759097,307.4423711474517,100303.0609516667
2014-08-24,Jhang,0.0,0.12419866842419283,308.1744081674906,100232.89015286359
2014-08-25,Jhang,0.0,0.12361386213727228,308.17104542405536,100192.78522800525
2014-08-26,Jhang,0.0,0.12424358835205011,307.9896644125687,100131.67497061327
2014-08-27,Jhang,0.0,0.14362566966141108,305.11582022173826,100158.0749230046
2014-08-28,Jhang,0.0,0.1672966503318301,303.95225015075977,100433.76054077905
2014-08-29,Jhang,0.0,0.16863128688853019,305.22485234076913,100362.36244191116
2014-08-30,Jhang,0.0,0.15390936973980054,306.14066234665626,100233.96387643668
2014-08-31,Jhang,0.0,0.14603991958872045,306.54755867636345,100048.63086786712
2014-09-01,Jhang,0.719082165770505,0.19602869864344896,303.237381505925,100257.26268816987
2014-09-02,Jhang,0.0,0.22124161460393266,301.9651863039601,100436.37523488318
2014-09-03,Jhang,6.043695488128436,0.3667351239499583,297.98627282421114,100297.74474962291
2014-09-04,Jhang,4.9924443318318374,0.3468452459270591,299.41487149926434,99851.92210672336
2014-09-05,Jhang,0.0,0.3255504155698209,298.9492822372777,99820.8336526551
2014-09-06,Jhang,0.0,0.2914484019697723,301.47024792104554,100194.75728559268
2014-09-07,Jhang,0.0,0.26689866491659303,302.4695909424841,100467.21090484805
2014-09-08,Jhang,0.0,0.24558274662126206,303.2124523235611,100405.33707478763
2014-09-09,Jhang,1.2488640519516656,0.22645039171452913,303.63264524712355,100271.18360783772
2014-09-10,Jhang,0.0,0.21066972772680811,303.88076833026616,100298.67571502447
2014-09-11,Jhang,0.0,0.2003260141077579,303.7584048187211,100414.80914685775
2014-09-12,Jhang,3.274063779030937,0.23643345846592964,302.37422314892575,100489.71752318282
2014-09-13,Jhang,0.0,0.2897271537504326,301.99247435791017,100360.5439863578
2014-09-14,Jhang,0.0,0.29132467925180927,302.1464590690669,100416.26157405457
2014-09-15,Jhang,0.0,0.26347079686282676,302.8304370110734,100419.34873020867
2014-09-16,Jhang,0.0,0.23829183979538665,304.0107853184116,100193.80486445228
2014-09-17,Jhang,0.0,0.21547328060905793,304.3930986803151,100116.54176497352
2014-09-18,Jhang,0.0,0.19628776498348594,304.9067411098611,100309.73966355872
2014-09-19,Jhang,0.09198866694419293,0.18042746122404094,305.13224811805304,100302.42950528114
2014-09-20,Jhang,0.0,0.16731019737797986,304.98845537014154,100207.03571594079
2014-09-21,Jhang,0.0,0.156856875682285,304.3250648577353,100337.56189620263
2014-09-22,Jhang,0.0,0.14873916074989016,304.7844338964409,100385.09160840225
2014-09-23,Jhang,0.3457237611088088,0.1424666947986435,304.43620288547606,100314.14429360193
2014-09-24,Jhang,0.6527862591097217,0.13790600868271463,303.58511614626707,100440.2037435434
2014-09-25,Jhang,4.946280992245254,0.1345580791451231,303.6740609360295,100702.4422453255
2014-09-26,Jhang,0.0,0.1319593287511275,304.2362665608853,100752.08860574164
2014-09-27,Jhang,0.0,0.12991575346327652,304.6528831351513,100820.18901699789
2014-09-28,Jhang,0.009263628666793625,0.12828948219272995,304.8511513283118,100851.77241238748
2014-09-29,Jhang,5.588823012279632,0.12693151618238954,304.9384938795204,100767.37648671593
2014-09-30,Jhang,0.0,0.13192291167191486,303.79598830592073,100832.07250149567
2014-10-01,Jhang,0.0,0.13554854452310683,304.3169140395345,100960.60205675532
2014-10-02,Jhang,0.0,0.13271959330460303,304.4816698458589,100888.95559285361
2014-10-03,Jhang,0.0,0.13024789767600842,304.7443113657356,100729.74104362936
2014-10-04,Jhang,0.0,0.12825078963269088,304.9437655791638,100817.65599510429
2014-10-05,Jhang,0.0,0.1269093716133981,305.0653847173423,101016.03092848379
2014-10-06,Jhang,0.0,0.1294020999570423,303.5264916108027,101075.80097097343
2014-10-07,Jhang,0.0,0.1575696624331047,301.2868019737321,100848.86049727832
2014-10-08,Jhang,0.0,0.17768926898098653,299.59945899525974,101162.77625030541
2014-10-09,Jhang,0.0,0.1675265710124317,300.5275376048686,101142.30670322975
2014-10-10,Jhang,0.0,0.1583639893826505,301.1004079398308,100913.05757982869
2014-10-11,Jhang,0.0,0.15085955827707365,301.18819083425166,100873.8860850656
2014-10-12,Jhang,0.0,0.1472914911735347,300.9476117798794,100963.36449661269
2014-10-13,Jhang,0.0,0.17522549696981277,295.3897571213353,101303.41396059438
2014-10-14,Jhang,0.0,0.22622557111878086,294.7055579204589,101284.12131954862
2014-10-15,Jhang,0.0,0.2083838808900423,295.0397143926841,101627.44181426744
2014-10-16,Jhang,0.0,0.19392621406151378,295.78862688829014,101478.39037721405
2014-10-17,Jhang,0.0,0.18184647852681737,296.93368262549916,101427.56000660405
2014-10-18,Jhang,0.0,0.17155567271921018,298.0783210789195,101302.87286919847
2014-10-19,Jhang,0.0,0.16277204425668673,299.36654718019696,101261.3316232325
2014-10-20,Jhang,0.0,0.1550531901094124,299.29032740234607,101366.47202177574
2014-10-21,Jhang,0.0,0.148727090325492,299.86740386090554,101440.48760332749
2014-10-22,Jhang,0.0,0.14350088701245278,300.41888638130536,101474.31295581028
2014-10-23,Jhang,0.0,0.1404586357065182,300.37473488916896,101260.00550527277
2014-10-24,Jhang,0.4141212529466552,0.2158119989354617,296.6065475473252,101314.62625367595
2014-10-25,Jhang,0.0,0.22114087386516307,297.6246764290734,101297.54133128213
2014-10-26,Jhang,0.0,0.20577087328627292,297.7146760089878,101563.88294811083
2014-10-27,Jhang,0.0,0.20007080176613584,297.876481709879,101381.38498727625
2014-10-28,Jhang,0.0,0.33872086139248514,295.00732732450473,101313.47123733944
2014-10-29,Jhang,0.0,0.32159651320491744,294.72031019965243,101430.86611683275
2014-10-30,Jhang,0.0,0.281027159805021,294.93376146591874,101412.13479347133
2014-10-31,Jhang,0.0,0.25801654623111026,294.5370195554165,101517.36043908415
2014-11-01,Jhang,0.0,0.24083103345493617,294.9972271644155,101491.97318355225
2014-11-02,Jhang,0.17308169111748578,0.22684631639950514,296.219643282143,101482.52686542562
2014-11-03,Jhang,0.0,0.23482336347556082,294.2274105020333,101547.39371113363
2014-11-04,Jhang,0.0,0.2310103696168907,294.0682756307868,101424.82966385364
2014-11-05,Jhang,0.0,0.21900752453066466,295.0486413006438,101424.91293758844
2014-11-06,Jhang,0.0,0.21192695066259648,295.84010334808414,101187.13937211395
2014-11-07,Jhang,0.0,0.292628667855143,293.41960173636676,101421.54149243528
2014-11-08,Jhang,0.0,0.27606911241210647,292.58459734656043,101785.73675148086
2014-11-09,Jhang,0.0,0.25408932015343144,291.7032077791064,101833.6729730527
2014-11-10,Jhang,0.0,0.23754454620692875,291.48792977804317,101505.52909628944
2014-11-11,Jhang,0.0,0.22511141321657388,291.4002420504982,101506.32205648143
2014-11-12,Jhang,0.0,0.21463645833827039,290.94567341012515,101680.38499175277
2014-11-13,Jhang,0.0,0.20541039763791585,291.3030102694317,101711.64672669709
2014-11-14,Jhang,0.0,0.19750609866062574,291.47256933420107,101675.06010982639
2014-11-15,Jhang,0.0,0.19044439273001784,292.31210188559356,101468.64613053606
2014-11-16,Jhang,0.0,0.18415294995955564,291.68711782934577,101543.98048784085
2014-11-17,Jhang,0.0,0.1783633247706441,291.4969130751374,101611.28535308315
2014-11-18,Jhang,0.0,0.17314688740747122,292.13183062059437,101692.48536614391
2014-11-19,Jhang,0.0,0.16863243238631298,292.13814080099115,101653.75588577303
2014-11-20,Jhang,0.0,0.16463923620093088,291.87816248736453,101486.12961972084
2014-11-21,Jhang,0.0,0.16103414310751607,291.7009264242796,101412.18783152237
2014-11-22,Jhang,0.0,0.157748433567965,291.2136856239694,101372.18725458386
2014-11-23,Jhang,0.0,0.15471140226467645,290.77130202227454,101596.82371909654
2014-11-24,Jhang,0.0,0.1520070614900958,291.6254375178155,101584.58916240434
2014-11-25,Jhang,0.0,0.1497811041617924,291.7738075550996,101520.85189375906
2014-11-26,Jhang,0.0,0.14775190006561986,292.3569543254276,101060.40388931835
2014-11-27,Jhang,0.0,0.14574230780008932,292.3073655688348,101096.41601055604
2014-11-28,Jhang,0.0,0.14383730140005535,292.24698859439593,101316.23561603657
2014-11-29,Jhang,0.0,0.1420936583186904,292.113293975215,101398.75205628139
2014-11-30,Jhang,0.0,0.14054483703440482,292.2424630835586,101548.57021638742
2014-12-01,Jhang,0.0,0.13905051677958055,292.1432984892653,101595.36453216107
2014-12-02,Jhang,0.0,0.13763739893503307,293.37098453645643,101492.8230339328
2014-12-03,Jhang,0.0,0.1365869400526885,293.00109375527006,101471.2516268032
2014-12-04,Jhang,0.0,0.1356499419167929,292.42844578445346,101567.43131298666
2014-12-05,Jhang,0.0,0.13474224242337754,291.554704253647,101797.47799786813
2014-12-06,Jhang,0.0,0.13378457171153513,290.75403074399765,101738.00101721282
2014-12-07,Jhang,0.0,0.13289342275924199,291.56920018607985,101529.89063763942
2014-12-08,Jhang,0.0,0.1321965646313583,289.7695456219416,101503.03205839854
2014-12-09,Jhang,0.0,0.1314550230896762,288.212788355802,101757.51402294896
2014-12-10,Jhang,0.0,0.13081137878218416,287.8074644855202,101818.16764130912
2014-12-11,Jhang,0.0,0.13031559701285012,287.0675763483739,101794.98642522498
2014-12-12,Jhang,0.0,0.12991607730131788,286.8046093464715,101736.80458849094
2014-12-13,Jhang,0.0,0.1296308014448488,286.8322218347301,101659.85567690602
2014-12-14,Jhang,0.0,0.12937762374129622,286.37272196226303,101795.19085472205
2014-12-15,Jhang,0.0,0.1292159897718553,285.38336584203086,102050.76780082959
2014-12-16,Jhang,0.0,0.12902145876899393,285.9596895086343,102192.99222410172
2014-12-17,Jhang,0.0,0.12886016490235586,286.4445304687385,102091.79065059486
2014-12-18,Jhang,0.0,0.12870702518845126,285.7862818938664,102126.29126808488
2014-12-19,Jhang,0.0,0.12874203432649217,285.14926698694916,102293.41989218541
2014-12-20,Jhang,0.0,0.12865656103418108,285.134139187331,101924.59222457577
2014-12-21,Jhang,0.0,0.1284983293142306,285.27134041161133,101735.78021698784
2014-12-22,Jhang,0.0,0.12837559690379782,284.5312730859108,101648.31722794619
2014-12-23,Jhang,0.0,0.12824403744238264,284.5401036294666,101829.81601113529
2014-12-24,Jhang,0.0,0.1280781120831652,285.15395853222014,102078.0455120454
2014-12-25,Jhang,0.0,0.12788776909562907,285.7430340632129,101966.72429503434
2014-12-26,Jhang,0.0,0.1276883352851115,286.4947526714834,101793.24365946988
2014-12-27,Jhang,0.0,0.12743214056476235,285.3062272620907,101709.08088566762
2014-12-28,Jhang,0.0,0.12722302799978505,284.6711469124801,101966.68297665496
2014-12-29,Jhang,0.0,0.12705343957630763,284.21228773855574,101792.33909657379
2014-12-30,Jhang,0.0,0.12694048316603518,283.99054094145043,101581.74983805689
2014-12-31,Jhang,0.0,0.12680760163024496,284.8640939028783,101782.84921393119
2015-01-01,Jhang,0.0,0.12661285980693307,286.4620470120519,101914.09535468419
2015-01-02,Jhang,0.0,0.12638407474525404,287.1248128033542,101718.89046963997
2015-01-03,Jhang,0.09090004518069118,0.12628112013460235,286.96677736294356,101737.91301737506
2015-01-04,Jhang,0.0,0.12694282049152747,287.8673006201294,102019.43181171846
2015-01-05,Jhang,0.0,0.12742051241758312,287.6283601478451,101738.46706921567
2015-01-06,Jhang,0.0,0.12731586003585582,287.0796761999681,101504.25828068648
2015-01-07,Jhang,0.0,0.12714875094916595,286.1461771718881,101591.53318804978
2015-01-08,Jhang,0.0,0.12767419396444094,284.33441167179524,101859.09654647949
2015-01-09,Jhang,0.0,0.1280125035717502,285.12687901818293,102041.6010585017
2015-01-10,Jhang,0.0,0.1280799190574341,285.4462984855183,101913.34333711118
2015-01-11,Jhang,6.611304374221536,0.12780634527887766,286.6636477852084,101805.71166189878
2015-01-12,Jhang,0.0,0.1276344063723802,287.36036255915,101748.35569454858
2015-01-13,Jhang,0.7323581706790897,0.18336972054881548,285.66207509462623,101621.15243894089
2015-01-14,Jhang,0.0,0.21426406589143634,285.1041726334981,101876.91701460276
2015-01-15,Jhang,0.0,0.20692397367725632,285.39752868623106,102086.63936737415
2015-01-16,Jhang,0.0,0.19901521007655246,286.3770896849004,101989.5699304197
2015-01-17,Jhang,0.0,0.19180925735637702,287.1445233060035,101941.11166695457
2015-01-18,Jhang,0.0,0.18538832310640108,286.9455226854394,101820.46958736386
2015-01-19,Jhang,0.0,0.17957531253364203,287.11988549016723,101813.78298792511
2015-01-20,Jhang,0.3727629355085023,0.17509117517762005,287.26263170772575,101781.0225427319
2015-01-21,Jhang,0.01616303753357026,0.309836384730621,285.74859114275137,101985.19982373223
2015-01-22,Jhang,0.0,0.30442006099369673,285.74056856482264,102047.73894863956
2015-01-23,Jhang,0.0,0.27637247455460673,284.9727746740486,102127.06946776295
2015-01-24,Jhang,0.1510918725428484,0.2580663728024502,285.1716580320695,102065.7000399196
2015-01-25,Jhang,0.0,0.24503671483963413,285.16883323520096,102031.48026612373
2015-01-26,Jhang,0.0,0.23910472901631136,284.30615964697074,102091.1680481416
2015-01-27,Jhang,0.0,0.2509009991189081,282.893835848736,102136.5929181658
2015-01-28,Jhang,0.0,0.24020820478471702,283.3110158880795,101814.65317966562
2015-01-29,Jhang,0.0,0.22923594910694498,285.53827928908265,101993.88869511319
2015-01-30,Jhang,0.0,0.2194530834170698,286.41030502090047,102101.18888612693
2015-01-31,Jhang,0.0,0.2107369585356635,287.06288364609736,101716.00668574519
2015-02-01,Jhang,0.15624212867517978,0.20547866240557786,288.01127032849433,101648.76818659627
2015-02-02,Jhang,8.58712482669363,0.26225497044471946,287.54326058229105,101844.5578581601
2015-02-03,Jhang,0.0,0.3156942597510433,286.92342512887245,102172.70841066219
2015-02-04,Jhang,0.0,0.2813859731261959,287.05219888023356,102372.5910717521
2015-02-05,Jhang,0.0,0.2611107067907163,287.6478167628195,101873.23536430062
2015-02-06,Jhang,0.11194008972105672,0.24775796925166937,287.8228831563295,101820.99033292326
2015-02-07,Jhang,0.0,0.30641378671667824,286.4388892821046,101836.45640967847
2015-02-08,Jhang,0.0,0.3224294885489249,286.3913448816582,101970.01308999918
2015-02-09,Jhang,0.0,0.29025485278882207,287.380012195569,102084.3631652567
2015-02-10,Jhang,1.3198156207644214,0.2712737129968561,287.5952268054853,101932.78381633601
2015-02-11,Jhang,0.0,0.2561656136051867,288.2607935377304,101668.69370070614
2015-02-12,Jhang,0.0,0.2433219633102737,289.0166175571463,101565.87254504915
2015-02-13,Jhang,0.0,0.23175810505398342,290.11075683059363,101159.54982762934
2015-02-14,Jhang,0.0,0.2208334087169663,291.2737624238372,101051.75616173445
2015-02-15,Jhang,0.002877565420908643,0.21131563643623155,292.81785435518947,101052.01924251743
2015-02-16,Jhang,0.2675822785411028,0.20502825370592356,292.6150616733425,101250.47788358638
2015-02-17,Jhang,0.0,0.19772888731838334,291.6995934938942,101362.42162826729
2015-02-18,Jhang,0.4567303803223498,0.19439960144026514,291.40711264657585,101152.81213055924
2015-02-19,Jhang,3.1478313162825926,0.22857298933462017,290.46698198919864,101235.92180126977
2015-02-20,Jhang,2.51323215729378,0.35872043267309117,289.57603781406556,101636.83804881558
2015-02-21,Jhang,0.028626784923854585,0.3138647653020259,290.3904563074454,101741.07283459797
2015-02-22,Jhang,0.7570098571916528,0.29057770283691203,292.4956336910679,101479.34067123935
2015-02-23,Jhang,2.1543075766363797,0.27544833620904957,293.00964441044067,101353.0370644127
2015-02-24,Jhang,3.526660809329989,0.2830746611148216,292.23249484581254,100757.67425095422
2015-02-25,Jhang,0.0,0.2889251249970951,287.6152677085889,100695.76274162423
2015-02-26,Jhang,0.0,0.2713670644552587,286.68388880492097,101184.53714314598
2015-02-27,Jhang,0.0,0.25603411935282133,287.52365656143417,101471.9483017311
2015-02-28,Jhang,1.3346748491554858,0.24504150735120814,288.7406414275675,101523.6154498382
2015-03-01,Jhang,14.731926789261731,0.3060225806125423,286.82989529388936,100972.3604859554
2015-03-02,Jhang,0.0,0.3198189781753238,287.7089889304405,101175.207865849
2015-03-03,Jhang,0.12243748217446443,0.32068675417270426,287.3428995429945,101464.45437446276
2015-03-04,Jhang,0.13058835867301544,0.3360935390201163,288.07122319613086,101451.0493265276
2015-03-05,Jhang,0.18138826568823632,0.3848922473456129,287.48993755212757,101731.97172211521
2015-03-06,Jhang,0.0,0.34150791724300555,288.62600438368486,101854.1636872661
2015-03-07,Jhang,3.0038928691479945,0.3607273498675385,287.41475912064965,101352.59229988586
2015-03-08,Jhang,1.7314703080148595,0.39971832055441336,284.528860974553,101522.9528234963
2015-03-09,Jhang,0.0,0.36483600603640415,286.2397361512662,102337.05709952932
2015-03-10,Jhang,0.0,0.34123262998577125,288.6522188548266,102057.14418300662
2015-03-11,Jhang,0.3905460008809385,0.3226846297027507,290.33543277014763,101870.18926188746
2015-03-12,Jhang,2.4895742948056303,0.30698129040477024,291.4570712336047,101753.84894376282
2015-03-13,Jhang,0.0,0.29175922706622254,291.73033435547694,101440.68505400207
2015-03-14,Jhang,2.1540941294542457,0.31513165852774055,291.0709702568917,101460.09348062157
2015-03-15,Jhang,10.959581328971614,0.39387963647375346,289.66652093449085,101275.57517763699
2015-03-16,Jhang,0.0,0.3807883335654268,289.3089746826896,101721.60692083903
2015-03-17,Jhang,0.0,0.35559325861237345,290.0313625097185,101802.83215909278
2015-03-18,Jhang,0.0,0.333927198535159,291.7470054150091,101388.78596293688
2015-03-19,Jhang,0.2361848750752977,0.31824382527103534,293.3595256714775,101503.60616168178
2015-03-20,Jhang,0.0,0.30571216749242497,294.8198155534251,101517.69053057279
2015-03-21,Jhang,2.432719078274185,0.2904386253485078,295.60798870079657,101598.29940025776
2015-03-22,Jhang,0.0,0.2749085107946255,296.7036613246974,101294.4784797474
2015-03-23,Jhang,0.0,0.2601158363410603,297.8074219677841,100989.48452456687
2015-03-24,Jhang,0.14521856643725356,0.24968582800567826,298.7473953404831,101031.1854287093
2015-03-25,Jhang,0.0,0.24330541876932688,296.7301754102935,101432.61889408971
2015-03-26,Jhang,0.0,0.22948795516909318,296.7211928109982,101461.45044780533
2015-03-27,Jhang,3.0061719888960803,0.21678871343276376,298.01482136637134,101341.54930625187
2015-03-28,Jhang,8.837532733447743,0.25223965465741877,298.21202340671897,100890.88139503775
2015-03-29,Jhang,1.3105699804676259,0.35762278429652167,293.0803512625443,100893.0259169398
2015-03-30,Jhang,1.0232596035139307,0.32679199114089796,293.4600087094397,101062.36833453058
2015-03-31,Jhang,7.216674923643657,0.30246696164444675,294.76926263328755,101099.81656147829
2015-04-01,Jhang,0.8671588432343255,0.33897697556047895,294.2532040938673,100705.00708520472
2015-04-02,Jhang,3.5853068792260263,0.3537169038859006,293.67677741717324,100637.31457339732
2015-04-03,Jhang,0.0,0.3597300663401753,293.54181071973625,100469.69957094315
2015-04-04,Jhang,0.0,0.32785984159610154,295.0879562060608,100454.85124019386
2015-04-05,Jhang,3.648836970887783,0.31291475614994113,295.83705285305166,100791.62539893284
2015-04-06,Jhang,1.115520392324803,0.3789588681958311,293.22968226980134,100948.7291096135
2015-04-07,Jhang,0.0,0.3690563669789408,292.65669171180934,101142.6408140652
2015-04-08,Jhang,0.0,0.34096046607701436,293.765763303766,101426.9690112154
2015-04-09,Jhang,0.0,0.31737037364339915,295.92105560166,101132.85624699813
2015-04-10,Jhang,0.0017399165257392167,0.30499693284145146,297.8383874171557,100925.36157005203
2015-04-11,Jhang,0.0036516162288125044,0.34379536042645287,296.104376862349,101023.50931922844
2015-04-12,Jhang,0.0,0.3397928210892823,297.638718842273,101268.19076492928
2015-04-13,Jhang,0.0,0.31219268954918405,298.9500676834751,101239.72474426164
2015-04-14,Jhang,0.0,0.28937107248057825,299.145181236043,101214.93956997417
2015-04-15,Jhang,0.17900628216770323,0.26942780628933144,300.4147215680156,101221.75226930888
2015-04-16,Jhang,0.0,0.252510141881431,298.88539558565014,101406.37147095872
2015-04-17,Jhang,0.0,0.23771115940054602,300.0151638752869,100787.1333417772
2015-04-18,Jhang,0.0,0.22365882913222032,302.01212049172665,100314.22377892327
2015-04-19,Jhang,0.0,0.20799546371031916,301.8486715601758,100259.48994083681
2015-04-20,Jhang,0.0,0.1933544197979547,300.3586450389471,100711.57384180461
2015-04-21,Jhang,0.0,0.18090784630742288,300.87533333736906,100741.34611910791
2015-04-22,Jhang,0.0,0.1698332799021137,301.51225804107713,100400.08972854666
2015-04-23,Jhang,0.0,0.15989316112090515,302.5450726224439,100429.03358039963
2015-04-24,Jhang,0.0,0.15147598765301853,303.61106189738626,100404.99354492482
2015-04-25,Jhang,0.0,0.14426191217388473,304.8735688366063,100402.93358361206
2015-04-26,Jhang,0.0,0.13867323586122346,305.16718601993233,100526.82975733293
2015-04-27,Jhang,0.0,0.13512937215831006,302.52370345859146,100617.68406891447
2015-04-28,Jhang,0.0,0.13256977496639544,303.126598532288,100572.25992249898
2015-04-29,Jhang,0.0,0.13014185111065454,304.91411012208505,100404.90631767375
2015-04-30,Jhang,0.2861327190027346,0.1288262160167479,302.08469529681054,100717.76470995607
2015-05-01,Jhang,4.983794546998416,0.1277831555436085,302.08088002179215,100799.03278859032
2015-05-02,Jhang,0.0,0.1267165177452946,302.6316708516936,100698.55602886218
2015-05-03,Jhang,0.0,0.12535584171284925,303.78102707792385,100721.76997929226
2015-05-04,Jhang,0.0,0.12420937800879661,305.063622292897,100687.81307930838
2015-05-05,Jhang,0.020377822598768455,0.1233096388838766,306.14360186248626,100420.18966608668
2015-05-06,Jhang,0.0,0.12263931370331153,307.00585239671,100229.59792997324
2015-05-07,Jhang,0.0,0.1227848689811423,307.16306524608785,100321.01481739148
2015-05-08,Jhang,0.016183304052999958,0.12290708940517481,306.9056460733396,100238.89205905155
2015-05-09,Jhang,0.061311406471108165,0.12239961565108065,306.74228148842,100242.29318954544
2015-05-10,Jhang,0.09884507729465628,0.12774911723395715,306.30119060429894,100281.84282810966
2015-05-11,Jhang,1.0436121309252366,0.1315812651955986,302.69921712320235,100585.75367097184
2015-05-12,Jhang,0.021340310394778007,0.1588693335458986,300.55421219185797,100735.1823391524
2015-05-13,Jhang,0.0,0.1596517515829121,301.05467811137544,100734.03360172872
2015-05-14,Jhang,0.0,0.15210558059961365,302.70328321384807,100847.02403208098
2015-05-15,Jhang,0.0,0.14413855673094708,303.9829596347683,100654.06343031651
2015-05-16,Jhang,0.0,0.13712368536275668,306.4721037808229,100254.85159910169
2015-05-17,Jhang,0.011350900460118859,0.13693859612885362,307.4490065148791,100065.58426988182
2015-05-18,Jhang,0.0,0.13727299135026783,306.9391534259215,100206.40925529377
2015-05-19,Jhang,0.0,0.14037111530434457,306.2644250796825,100296.47242887146
2015-05-20,Jhang,0.0,0.14053553459809254,306.59409534875596,100268.71302222018
2015-05-21,Jhang,0.0,0.13418518782655767,307.27222824291687,100083.93511272283
2015-05-22,Jhang,0.020615114811003647,0.12990349846919544,307.8306875545712,99843.48835827169
2015-05-23,Jhang,0.0,0.1268895912421132,308.39619726626125,99628.4236202982
2015-05-24,Jhang,0.0,0.12468631689140293,308.35316444949507,99746.38431159199
2015-05-25,Jhang,0.0,0.12328225524025291,307.9449923277442,99757.04448824956
2015-05-26,Jhang,0.0,0.12246842793475349,305.0083632661557,100229.5885064693
2015-05-27,Jhang,0.0,0.12194439536786646,306.67873898343436,100247.1239109002
2015-05-28,Jhang,0.006082662175907002,0.13612171522691646,306.3941236941248,100177.41867484793
2015-05-29,Jhang,0.07600883098129008,0.14511289955175255,306.4022385722599,100325.29232505942
2015-05-30,Jhang,0.0,0.14553527543165656,306.53812715829815,100348.6299499266
2015-05-31,Jhang,0.0,0.1506189147471947,305.3068742360884,100104.51949925635
2015-06-01,Jhang,0.0,0.16022868632536305,304.87588027920555,100068.65776541803
2015-06-02,Jhang,0.0,0.1628196001259112,303.7940893457046,100425.82749013069
2015-06-03,Jhang,0.0,0.16328416606813034,302.0048859001688,100644.13118964656
2015-06-04,Jhang,0.0,0.16018236175643047,301.87273058202913,100655.44229746323
2015-06-05,Jhang,0.0,0.1616892546074806,303.48853592144695,100568.0724145994
2015-06-06,Jhang,0.0,0.1589051775012089,305.6850391998542,100197.79584462104
2015-06-07,Jhang,0.0,0.14973527728598504,307.8655030338845,100024.84262192858
2015-06-08,Jhang,0.0,0.1399277991120929,308.90582427495076,99994.22248495906
2015-06-09,Jhang,0.0,0.13489689623870102,309.1854950266266,99909.16589759094
2015-06-10,Jhang,4.766891350981285,0.14618208161732427,307.2175797004921,99988.42823685914
2015-06-11,Jhang,0.0,0.14982421555104927,306.6852680034738,100163.45576901603
2015-06-12,Jhang,0.0,0.14370962032348228,307.7860340298114,99809.74686462509
2015-06-13,Jhang,0.0,0.14599099186509373,308.032453666634,99628.02810435556
2015-06-14,Jhang,0.058423842227898114,0.14394287210863688,306.8650220232401,99783.24976853993
2015-06-15,Jhang,0.28267514545340766,0.1405438904638674,305.07655500966786,99998.72568484777
2015-06-16,Jhang,0.6606774835439648,0.1374356965867494,306.3002144857479,100008.507177894
2015-06-17,Jhang,0.0,0.13237761212564234,308.0653024647296,99804.74554037886
2015-06-18,Jhang,0.0,0.12866475225942736,309.9339042294863,99687.2407624014
2015-06-19,Jhang,0.0,0.12655310315949853,310.6065939094809,99526.573622984
2015-06-20,Jhang,2.666020663403585,0.12710612690273168,309.6325153974117,99602.65462530337
2015-06-21,Jhang,0.0,0.14739591119846734,306.5503782461366,99780.44443405785
2015-06-22,Jhang,0.0,0.1443835203657284,307.6518285540842,99551.1986203508
2015-06-23,Jhang,0.0,0.20120687524492364,304.4898192184885,99608.6789881168
2015-06-24,Jhang,0.1415766944272593,0.3152502134017263,300.8814954447289,99691.94256657833
2015-06-25,Jhang,0.0,0.2706747889185244,303.1045665306599,99496.32704906636
2015-06-26,Jhang,0.0,0.24294923159637544,304.9283576783484,99493.95169121171
2015-06-27,Jhang,0.3147692618482077,0.21635284435828478,307.2387182507077,99638.84316858496
2015-06-28,Jhang,12.95802323375988,0.19440019100036232,308.21551675985165,99961.73493745568
2015-06-29,Jhang,0.05583950360176749,0.23161455910633916,306.03102198966826,100115.64871556808
2015-06-30,Jhang,0.9128714232904579,0.22680182336270246,304.2903506863269,100196.68379848277
2015-07-01,Jhang,0.0,0.20350497026128578,306.07429174684864,100093.16792385363
2015-07-02,Jhang,0.004926516773558558,0.19855876625041585,305.63350618362773,100125.32269556398
2015-07-03,Jhang,0.0,0.1893285471070291,307.07456110706846,99889.16627809113
2015-07-04,Jhang,0.0,0.17079573183234237,308.91804985216424,99599.03443961927
2015-07-05,Jhang,0.0,0.15577224320776156,310.25559498213255,99308.80952419822
2015-07-06,Jhang,10.45537467748444,0.17049350340156602,307.21773996305666,99394.59028125944
2015-07-07,Jhang,20.003114197491957,0.27766550105166676,303.23311177791777,99760.12502501563
2015-07-08,Jhang,0.0,0.2609374307665469,304.34943087183757,99865.63092079482
2015-07-09,Jhang,0.0,0.23135729449041778,306.62486530739665,99672.49483309597
2015-07-10,Jhang,1.3493247482660842,0.3352067539740062,302.24252101235965,99660.78056667943
2015-07-11,Jhang,0.0,0.37900675251037474,300.7156685733772,100086.60102189986
2015-07-12,Jhang,0.0,0.3426486759588015,302.2025497841791,100103.27329346289
2015-07-13,Jhang,0.0,0.3185451151457945,303.3734667421852,100063.79427706527
2015-07-14,Jhang,0.0,0.2910117597298269,305.43066720153433,99737.36903970683
2015-07-15,Jhang,0.0,0.26571131359545513,307.3286873494519,99245.69089106051
2015-07-16,Jhang,0.1490337032291243,0.24294363030400853,307.2010939049271,99151.95552596985
2015-07-17,Jhang,9.774329204273887,0.25549479015290827,304.2498379715188,99597.76909795366
2015-07-18,Jhang,4.825163413654696,0.3271717652178754,303.0504319906727,99718.73704455834
2015-07-19,Jhang,0.0,0.3599745926693113,302.98046586297255,99714.96506349217
2015-07-20,Jhang,6.959858252163294,0.35703980319868844,303.39307653623894,99781.1259613885
2015-07-21,Jhang,3.5955374835374765,0.35873469502587235,303.3256966164449,100016.17662085206
2015-07-22,Jhang,1.0660267340859289,0.3276783054946724,304.21081972750625,100072.79243302137
2015-07-23,Jhang,8.60709956472662,0.35343686667547974,303.31843860877433,100165.18991518924
2015-07-24,Jhang,3.1958349314066714,0.35395019004348877,303.2265569491949,100085.3138679577
2015-07-25,Jhang,5.970853970568247,0.3645036627678517,303.7212094836431,99872.3971606516
2015-07-26,Jhang,0.28135653706362584,0.3849489941978908,302.543593343086,99951.2441187034
2015-07-27,Jhang,0.0,0.3563221146688138,303.8664693790718,99930.91072831703
2015-07-28,Jhang,0.0,0.3284828254137149,303.5192121517331,99871.21604199665
2015-07-29,Jhang,0.0,0.3087090623577376,303.8830072846389,99712.71940856829
2015-07-30,Jhang,0.08178946201165414,0.3316104619165272,302.92066528705334,99701.99792818262
2015-07-31,Jhang,15.877344272902434,0.37728209366272797,301.36424561795775,99663.50797444305
2015-08-01,Jhang,28.73838968571736,0.4103395833039839,300.42765871047266,99906.38171076078
2015-08-02,Jhang,18.889689332767308,0.4089732318984337,299.9003164746386,100186.7880768858
2015-08-03,Jhang,1.608339879762624,0.41440514113397386,300.7151939046607,100175.16367594327
2015-08-04,Jhang,1.3749921417416333,0.38420422115456854,303.41210675191627,99924.34799922683
2015-08-05,Jhang,0.0,0.36759171772034216,304.13596942721654,99742.84457972752
2015-08-06,Jhang,0.0,0.3460706973558828,305.28176913818083,99695.6626545173
2015-08-07,Jhang,0.0,0.3223290018532984,305.46909195902117,99825.1098589858
2015-08-08,Jhang,0.0,0.29896538152086866,305.47246770112923,99909.82419149617
2015-08-09,Jhang,0.0,0.28623017224704367,304.85474008674197,99829.87153099616
2015-08-10,Jhang,0.0,0.27467475679478504,305.0085191314706,99972.7344079152
2015-08-11,Jhang,0.0,0.26147716454971964,305.66005416967954,100141.3234215427
2015-08-12,Jhang,3.27262478153764,0.29223674490147333,303.9400257517236,100276.05732756623
2015-08-13,Jhang,8.292671258868465,0.27926067195561777,304.65490638375235,100179.81898193402
2015-08-14,Jhang,0.06609426469997969,0.2688097164934031,305.00839146560884,100094.17819209436
2015-08-15,Jhang,30.255117466204716,0.35020995810541744,303.1358563489597,100205.8263554763
2015-08-16,Jhang,0.0,0.3184922912296617,303.70533696472626,100245.36978306483
2015-08-17,Jhang,0.0,0.2945854463619808,304.80009559278506,100071.91499729305
2015-08-18,Jhang,0.0,0.2734692041128222,305.58277609161667,100068.79033250189
2015-08-19,Jhang,0.0,0.25010153267621354,305.76277844658074,100038.39709587443
2015-08-20,Jhang,0.0,0.22890691328511031,305.6620366869244,99910.45527344405
2015-08-21,Jhang,0.0,0.22189017736239539,303.883497168043,100017.3293268016
2015-08-22,Jhang,0.0,0.2596446172757155,303.9806501857055,99947.73573742797
2015-08-23,Jhang,18.943746952305162,0.26444795042296815,302.97137544894593,100052.45435787356
2015-08-24,Jhang,0.0,0.34401575602137396,301.83922716622675,100237.12236414688
2015-08-25,Jhang,0.0,0.30213676241001935,304.1548089676461,100084.66845339412
2015-08-26,Jhang,0.0,0.27393134441982386,305.76392043522554,100027.6491755915
2015-08-27,Jhang,5.98095644054344,0.25452282648738966,305.1963020075141,100155.07341100978
2015-08-28,Jhang,2.470861238409347,0.2998216555033298,303.26509399158635,100298.10742747052
2015-08-29,Jhang,0.0,0.2722137609576507,304.84898773078584,100106.05845300431
2015-08-30,Jhang,0.0,0.24769341694256905,305.6075584745232,100053.58874872551
2015-08-31,Jhang,0.0,0.22839620355067367,304.2877808108556,100216.28815193253
2015-09-01,Jhang,1.3926455134902513,0.2120009132611629,304.6184716346013,100046.48023505171
2015-09-02,Jhang,0.28425989470349594,0.19534079264877666,305.374941097649,100041.15812537918
2015-09-03,Jhang,0.0,0.1816399056218207,304.8412793422517,100451.93949124082
2015-09-04,Jhang,0.011104332825754147,0.173748815023634,304.3251806754148,100774.17462276485
2015-09-05,Jhang,0.5425452423102131,0.16835052166396341,304.3636138071747,100640.93105572106
2015-09-06,Jhang,1.321620405051789,0.163236181057785,304.13506751429213,100548.12107465918
2015-09-07,Jhang,0.0,0.16487489971375294,304.0204342066331,100531.89756827406
2015-09-08,Jhang,0.14110466116756995,0.1702740018970758,303.5621332365962,100609.63668464971
2015-09-09,Jhang,3.1918518607691717,0.16384111122603576,304.08210193343837,100588.17726730755
2015-09-10,Jhang,0.0,0.15523735878782485,304.5882080247886,100675.84868755056
2015-09-11,Jhang,0.0,0.1479272901016083,305.5685300220255,100588.3543674057
2015-09-12,Jhang,0.0,0.14166247120255207,306.6749652598026,100530.1142906948
2015-09-13,Jhang,0.0,0.1365316045916834,306.7958414353827,100539.57602448047
2015-09-14,Jhang,0.0,0.13279752354062202,306.36809912512973,100274.42946262304
2015-09-15,Jhang,0.0,0.13104182332096193,305.37485212850453,100310.67446266512
2015-09-16,Jhang,0.0,0.13005838886286572,305.0742654707301,100359.50338131769
2015-09-17,Jhang,0.0,0.1290327183768247,305.0615121587559,100459.38111275656
2015-09-18,Jhang,0.0,0.12791550664245888,305.70451127361684,100498.94437797029
2015-09-19,Jhang,4.288214236605359,0.12645399823999284,304.6321963062808,100433.78552555908
2015-09-20,Jhang,0.0,0.14001849742148245,302.5907182942169,100388.47280831845
2015-09-21,Jhang,3.5971591905120506,0.16680784530937093,300.3966424663588,100317.95138444162
2015-09-22,Jhang,0.0,0.3387930006448757,297.6376287212026,100095.85581830992
2015-09-23,Jhang,0.0,0.3012455136619512,299.45399546546884,100603.18831840472
2015-09-24,Jhang,0.0,0.2810134509041382,300.1827100180144,100439.3915719059
2015-09-25,Jhang,0.0,0.2549814707064426,301.3568844727779,100270.14989814704
2015-09-26,Jhang,1.0147700175874503,0.2417648537907622,300.7271253608594,100514.8493592849
2015-09-27,Jhang,6.136235750948212,0.22983709395736046,300.47788007507916,100783.69459573751
2015-09-28,Jhang,0.01888667947703013,0.22202312415009387,300.75366400789477,100924.66996775876
2015-09-29,Jhang,0.0,0.23047146619371403,300.72532981051734,101255.19590339449
2015-09-30,Jhang,0.0,0.21184016890345117,301.28568775295685,101247.12887504633
2015-10-01,Jhang,0.0,0.1965046045958499,301.99372378773216,101200.54585805045
2015-10-02,Jhang,0.0,0.1830171405956342,302.60531325183115,101034.41341446452
2015-10-03,Jhang,0.0,0.1713937792636101,302.53316779819545,100762.56517113821
2015-10-04,Jhang,0.0,0.16194785706966675,302.47171125650175,100915.60601395818
2015-10-05,Jhang,0.0,0.15555445863205006,302.282961147031,100986.39324874025
2015-10-06,Jhang,0.0,0.15337551102842956,301.8420518081834,100921.3103278569
2015-10-07,Jhang,0.0,0.14993808169506737,302.062211050665,100950.71078003339
2015-10-08,Jhang,0.0,0.14477931073249092,303.1731481505303,100692.99584477904
2015-10-09,Jhang,0.0,0.14006234507512663,302.5208892150463,100321.94815506083
2015-10-10,Jhang,0.0,0.13650368481095318,302.50545245484363,100381.77191786875
2015-10-11,Jhang,0.0,0.1338513156704392,302.62685787523617,100764.0022793151
2015-10-12,Jhang,0.0,0.13180181799511712,303.05027802835554,100976.49795609474
2015-10-13,Jhang,0.0,0.13026460308594523,303.29550294868466,101028.2113395926
2015-10-14,Jhang,1.0993064548557203,0.1319458545856804,300.872903152947,101336.03803317434
2015-10-15,Jhang,0.0,0.13327620566706247,300.24794874881644,101439.85221264196
2015-10-16,Jhang,0.0,0.13193224185903873,301.3209244291584,101410.69770320022
2015-10-17,Jhang,0.0,0.1303362754175387,301.6375817430432,101231.71590612248
2015-10-18,Jhang,0.14070648886407766,0.21014846154081712,298.7727220172419,101283.61492319421
2015-10-19,Jhang,0.0,0.24484874370002832,297.4433252232442,101315.44883127166
2015-10-20,Jhang,0.0,0.22573566874994694,296.6344643093888,101251.01501830615
2015-10-21,Jhang,0.0,0.20838972698956823,296.7518721913332,101262.48019687005
2015-10-22,Jhang,0.0,0.19398062223825985,297.2621545217001,101274.45520998337
2015-10-23,Jhang,0.0,0.18228709725447403,298.4964776316684,101187.25366570527
2015-10-24,Jhang,0.002996099893629095,0.21341628037862745,297.28479539822587,101093.79512680531
2015-10-25,Jhang,1.1836984061043287,0.3121857884688076,292.4396037850984,101574.98556179219
2015-10-26,Jhang,0.0,0.281884908609181,292.63617632119536,101831.25679528716
2015-10-27,Jhang,0.0,0.25848505919589326,292.9589035875235,101668.79629990474
2015-10-28,Jhang,0.0,0.23989278479675785,293.27394930656646,101625.63777322287
2015-10-29,Jhang,0.0,0.22422120474892576,294.1072808229396,101662.17679701453
2015-10-30,Jhang,0.0,0.2114044515476942,294.3309304229448,101730.25546393121
2015-10-31,Jhang,0.0,0.2003338517940944,294.850497699584,101691.71715663868
2015-11-01,Jhang,0.0,0.19094247215939844,295.2135363108886,101696.35006841105
2015-11-02,Jhang,0.0,0.1829178595924079,295.80365907888324,101655.86274815463
2015-11-03,Jhang,0.0,0.17590551757675343,295.9754364354782,101429.01660850762
2015-11-04,Jhang,0.0,0.16875650311445306,296.43235242821487,101049.6385581858
2015-11-05,Jhang,0.0,0.1634420245771671,293.00634332086594,101331.41054873138
2015-11-06,Jhang,0.0,0.15882479027905583,293.10212731098085,101476.26229476681
2015-11-07,Jhang,0.0,0.1546707905056581,292.8365174808386,101557.4456887871
2015-11-08,Jhang,0.7689550825882465,0.15107861045413878,293.48738038871363,101691.22645427467
2015-11-09,Jhang,0.0,0.14909407029262334,293.4874590532638,101642.72567299829
2015-11-10,Jhang,0.0,0.14689078407013717,293.04909522326074,101609.48922249445
2015-11-11,Jhang,0.0,0.14468490620043647,291.7394608800595,101717.83455268964
2015-11-12,Jhang,0.0,0.14251561480775918,294.38846163770245,101559.6484272305
2015-11-13,Jhang,0.0,0.14106988615958974,294.3301387115788,101595.38462178537
2015-11-14,Jhang,0.0,0.13931649002873556,294.09206335294965,101314.20991791721
2015-11-15,Jhang,0.0,0.13752640854653803,294.0996605580609,101327.31025860325
2015-11-16,Jhang,0.0,0.13587717488308482,293.17983145415224,101468.33445921032
2015-11-17,Jhang,0.0,0.13441730538568722,292.74823182520106,101423.71396938925
2015-11-18,Jhang,0.0,0.13323079708920144,293.01225714135114,101670.46534182357
2015-11-19,Jhang,0.0,0.13217510076084354,293.1445955749025,101780.52781233143
2015-11-20,Jhang,0.0,0.13124076305988855,292.6060521701607,101677.24861624296
2015-11-21,Jhang,0.0,0.13046158239611547,292.1528552595151,101578.88596499078
2015-11-22,Jhang,0.0,0.1297828280404887,291.9339624306312,101544.76665774887
2015-11-23,Jhang,0.0,0.12916857017090128,292.26650820812694,101669.07639023474
2015-11-24,Jhang,0.0,0.12854274929889692,292.38880376672097,101755.22768846479
2015-11-25,Jhang,0.0,0.12793154052561573,292.8170925543764,101530.08631299715
2015-11-26,Jhang,0.0,0.12817227654391347,290.6836164910722,101377.61159559435
2015-11-27,Jhang,0.0,0.12797220699337683,290.46096366796525,101386.42691998588
2015-11-28,Jhang,0.0,0.12748136463276932,290.656331620644,101745.6998490111
2015-11-29,Jhang,0.0,0.12704089224510623,291.515969611013,101885.70966223169
2015-11-30,Jhang,0.0,0.1270660651883693,291.7011778669247,101781.28161549098
2015-12-01,Jhang,0.0,0.12684922789035866,291.372308175827,101537.32203041264
2015-12-02,Jhang,0.0,0.1264833237332583,291.048330005498,101707.30787948903
2015-12-03,Jhang,0.0,0.12616034686717414,291.3057312211568,101634.52053305849
2015-12-04,Jhang,0.0,0.12587366643391745,291.4163296853911,101418.50901904133
2015-12-05,Jhang,0.0,0.12559146941748156,290.8923512627802,101602.94543336474
2015-12-06,Jhang,0.0,0.12536350466550467,291.15458421461676,101605.23383992973
2015-12-07,Jhang,0.0,0.1251251524526296,291.2169837249423,101731.565842346
2015-12-08,Jhang,0.2116493989846805,0.12496426387641446,291.1530155250373,101558.65769432105
2015-12-09,Jhang,0.0,0.12494182028439305,291.60836335978826,101370.89325663995
2015-12-10,Jhang,0.0,0.1254037888363722,289.33270350578,101135.48834141903
2015-12-11,Jhang,0.0,0.1253879945745084,286.38148834622086,101334.33888407303
2015-12-12,Jhang,0.0,0.12511601628546498,286.2107081056205,101532.02636801037
2015-12-13,Jhang,0.0,0.12492483863066407,285.8767144595136,101686.12503054531
2015-12-14,Jhang,0.0,0.12474607394599208,286.1655751265543,101821.02963004312
2015-12-15,Jhang,0.0,0.12456098469065997,286.9559487779958,101620.6713307134
2015-12-16,Jhang,0.0,0.12442540119014323,286.74229122670437,101512.15171454212
2015-12-17,Jhang,0.0,0.12430538754492826,286.3315635878598,101812.94491936022
2015-12-18,Jhang,0.0,0.12417830588588374,286.4621701854111,101953.0793212717
2015-12-19,Jhang,0.0,0.12406213085291934,286.76939736527794,101835.77309386482
2015-12-20,Jhang,0.0,0.12396148510978483,286.3568524734992,101912.44947272398
2015-12-21,Jhang,0.0,0.12386943243221886,286.4736190746055,101835.71514275213
2015-12-22,Jhang,0.0,0.12469826486936321,286.48670798560795,102101.71875974284
2015-12-23,Jhang,0.0,0.13724425175270677,284.1641071778851,102250.9953007558
2015-12-24,Jhang,0.0,0.1393979090453466,285.0988533267055,102258.58722909431
2015-12-25,Jhang,0.0,0.1381722748690074,285.93894712146033,102226.08403210211
2015-12-26,Jhang,0.0,0.13705877456460172,287.6219933354348,102116.0901203698
2015-12-27,Jhang,0.0,0.13601138005758154,288.0868736426179,102157.71649227732
2015-12-28,Jhang,0.0,0.1349551502707668,288.9855118270797,102209.55211010439
2015-12-29,Jhang,0.0,0.13388284194234676,288.8739293756849,101874.69212604057
2015-12-30,Jhang,0.0,0.13291689415989055,288.52474931709645,101860.46162319047
2015-12-31,Jhang,0.4103771213525836,0.13205189397225306,288.13453507153645,102100.62072602093
2016-01-01,Jhang,0.0,0.13125721228376241,288.31740588934605,102123.51379359562
2016-01-02,Jhang,0.0,0.1305764637483923,287.91161175972735,102156.48821160132
2016-01-03,Jhang,1.781452001135592,0.12999687634979945,289.4648647307064,101836.66642476154
2016-01-04,Jhang,0.10798696094417663,0.12956981771867418,289.64958690196863,101859.24925348212
2016-01-05,Jhang,0.0,0.1291225884905671,288.96231260816865,101870.07823138205
2016-01-06,Jhang,0.8648746495517051,0.1311897642256973,288.0135121696798,101842.0438618065
2016-01-07,Jhang,2.4451761649614343,0.13469791374852416,287.6115947570042,101969.80954658055
2016-01-08,Jhang,0.0,0.1344887766899736,287.471526710069,101898.56426583718
2016-01-09,Jhang,0.0,0.13353202306209197,288.1266339671171,101559.25604692606
2016-01-10,Jhang,0.0,0.13265704057540412,288.71936511169446,101693.92875902675
2016-01-11,Jhang,0.0,0.13190953740938918,289.4006935549581,101654.4255407054
2016-01-12,Jhang,1.008945800363766,0.22417802373620438,286.27853549389937,101627.78697935972
2016-01-13,Jhang,0.00556206525591556,0.23592290450033368,286.65983609366646,101668.15425428259
2016-01-14,Jhang,0.048574101732435246,0.22393127627068793,286.92385930613335,101654.65584237748
2016-01-15,Jhang,0.0,0.21414548309520573,286.6855713529086,101720.9263635865
2016-01-16,Jhang,0.13287417891614656,0.20568864086016173,286.67470060841345,101419.13084153495
2016-01-17,Jhang,0.0,0.19885891007023282,287.58937495262666,101564.4547681292
2016-01-18,Jhang,0.0,0.19492798364148917,286.8470947646592,101556.36153713682
2016-01-19,Jhang,0.0,0.18995662106634784,285.8195958133069,101649.1287231095
2016-01-20,Jhang,0.0,0.18364896365744318,285.6847151659717,101874.46933957787
2016-01-21,Jhang,0.0,0.17820113749930896,285.39102831642964,101992.34740569914
2016-01-22,Jhang,0.0,0.1736138566556834,285.5511803911001,101980.00244204806
2016-01-23,Jhang,0.0,0.16962336140642628,284.55904434393386,102134.18302168307
2016-01-24,Jhang,0.0,0.16613901164384995,283.8327745927086,101998.91744408091
2016-01-25,Jhang,0.0,0.16340135240923934,283.7966754000919,101781.59184354875
2016-01-26,Jhang,0.0,0.16087656941395082,285.20191809534987,101632.16330729249
2016-01-27,Jhang,0.0,0.157824022835528,286.75068211123954,101607.55326582464
2016-01-28,Jhang,0.0,0.1595124436234827,287.4677111304993,101625.57927703364
2016-01-29,Jhang,0.143168610908364,0.19399054453555548,288.8890927442357,101642.58452899067
2016-01-30,Jhang,0.0,0.2058129542525406,287.57085791828507,101690.87702046958
2016-01-31,Jhang,0.0,0.1966540903957619,286.8367157404363,101739.04326880541
2016-02-01,Jhang,0.0,0.1875907882477338,287.05010665098,101812.10574273654
2016-02-02,Jhang,0.0,0.17969377869074754,288.39033498239786,101845.61423276397
2016-02-03,Jhang,0.0,0.17263222023588068,287.7173579307923,101857.10051632175
2016-02-04,Jhang,2.0130494198674893,0.16623360796722722,288.50913837861464,101735.99082375538
2016-02-05,Jhang,0.0,0.16061842298652868,288.48966959496295,101539.62015566538
2016-02-06,Jhang,0.0,0.15574107600349704,288.74604342444985,101262.45459907637
2016-02-07,Jhang,0.0,0.15159885206731158,288.47811044305143,101722.23073009706
2016-02-08,Jhang,0.0,0.14802197464899391,288.59518010594866,101780.07751172312
2016-02-09,Jhang,0.0,0.1449442610203378,289.6225512148414,101474.06718528805
2016-02-10,Jhang,0.0,0.14298682753006098,290.0347593746729,100933.99451421309
2016-02-11,Jhang,0.0,0.14240650577427955,286.0643210973963,101177.80652996396
2016-02-12,Jhang,0.0,0.14037174888001475,286.66322715368676,101528.49742602758
2016-02-13,Jhang,0.0,0.13830194753239078,287.5252069755507,101705.47522429767
2016-02-14,Jhang,1.521397715756937,0.13643939843820077,288.2311470690214,101843.56777855252
2016-02-15,Jhang,0.0,0.13478248157149997,288.1677403552279,102008.0234253872
2016-02-16,Jhang,0.0,0.13322400786923905,288.94081417940765,102058.65484649384
2016-02-17,Jhang,0.0,0.13195143719178715,289.49822500173747,102002.22710941972
2016-02-18,Jhang,0.0,0.1308898717918029,290.69734944290826,101833.94246467265
2016-02-19,Jhang,3.4561658840239855,0.15299213708189696,290.03009624263234,101682.47961308513
2016-02-20,Jhang,0.0,0.16637267621964685,290.1745410950347,101711.62396040483
2016-02-21,Jhang,0.0,0.15909789357956863,291.3326924851503,101606.72361197716
2016-02-22,Jhang,0.0,0.15223137901398986,293.09868058368994,101519.57940843134
2016-02-23,Jhang,0.0,0.1458638722763687,294.51730887640497,101206.14560310215
2016-02-24,Jhang,0.0,0.14097452702104887,292.9902736986068,101181.37649329893
2016-02-25,Jhang,0.0,0.1377076179384133,293.35725252971207,101583.62555271284
2016-02-26,Jhang,0.0,0.13516741402074972,294.1008565634351,101872.78552345245
2016-02-27,Jhang,0.0,0.1331757118569422,294.845012183945,101825.98811259224
2016-02-28,Jhang,0.0,0.13158201166028433,294.9618545379947,101874.64607523846
2016-02-29,Jhang,0.0,0.13064621473808646,295.2995823524986,101847.4261086909
2016-03-01,Jhang,0.0,0.13073168359455367,296.22525912133585,101595.92084172448
2016-03-02,Jhang,0.0,0.1320437981497965,295.98181614194385,101588.673477051
2016-03-03,Jhang,0.0,0.1324178707957642,296.18520514177806,101545.38325172111
2016-03-04,Jhang,2.096703071557915,0.13851955686012032,293.9414083294678,101360.61248693918
2016-03-05,Jhang,0.018171160060139784,0.23915692582839151,290.6783034380909,101353.1498765547
2016-03-06,Jhang,0.0,0.27490340753825054,291.22292332286685,101568.26462542974
2016-03-07,Jhang,0.0,0.2548106780263208,292.42406342243777,101467.440987963
2016-03-08,Jhang,0.0,0.22749425828981196,294.0390059385316,101215.15950439636
2016-03-09,Jhang,0.0,0.2080705431129722,295.54235750661843,101222.85265370626
2016-03-10,Jhang,6.147587109184219,0.23776379531832403,295.25459167663655,101290.74290110255
2016-03-11,Jhang,12.498653899631275,0.38404446826156347,291.5347104537206,101149.72514266777
2016-03-12,Jhang,4.8449267969,0.3703490051789317,290.5769984458852,101007.86707795804
2016-03-13,Jhang,2.551573649725331,0.34925708438385095,289.782598627723,101335.92656476458
2016-03-14,Jhang,0.0,0.3234680118179565,290.9291067257885,101519.3639973541
2016-03-15,Jhang,0.0,0.3083002526388279,291.9032930520741,101684.38107036173
2016-03-16,Jhang,0.2141806215008661,0.29313491041609124,293.0388921306749,101321.23099631556
2016-03-17,Jhang,0.0,0.3102400838857991,291.4165676370709,101181.19199464297
2016-03-18,Jhang,0.0,0.2908481299091653,292.85782230780944,100981.35881702068
2016-03-19,Jhang,1.4558197522799037,0.27655324934091596,294.48971224556016,100993.84155415793
2016-03-20,Jhang,0.0,0.2805944475514266,293.9911697516958,101287.91812450488
2016-03-21,Jhang,0.0,0.2626362445227038,293.41537143714066,101487.09984169077
2016-03-22,Jhang,0.0,0.24224528027535472,294.7971667190376,101104.25725162409
2016-03-23,Jhang,0.0,0.2248160643512591,296.9062461118004,100969.74901833566
2016-03-24,Jhang,2.4436154825517282,0.20989150664109565,296.69034233683846,101402.46762482516
2016-03-25,Jhang,7.292999513952292,0.2220674043306721,292.1957451731452,101746.24453580548
2016-03-26,Jhang,0.0,0.22854355393099782,294.2894500840554,101586.83649363599
2016-03-27,Jhang,0.0,0.21110423506146664,296.1035834136323,101337.46959289357
2016-03-28,Jhang,0.3553854874763551,0.1956510083845506,297.7956995670631,101309.94637105438
2016-03-29,Jhang,0.0,0.18287410399859855,298.29568347791405,101148.5343063783
2016-03-30,Jhang,0.0,0.17117170657678918,300.1756786524215,101095.60995035847
2016-03-31,Jhang,6.915189549026051,0.16264661971752922,300.1142453619429,101023.46445442844
2016-04-01,Jhang,0.5846696883864917,0.15608627205504016,299.652704181933,100834.43407391763
2016-04-02,Jhang,0.9146263566126922,0.1500718638571941,300.3123832247564,100839.31826543486
2016-04-03,Jhang,3.2746210879722484,0.14550880297896404,298.5945342952136,100921.74976485342
2016-04-04,Jhang,0.05143737559524422,0.14129722393608943,298.94818703995173,100855.96157737236
2016-04-05,Jhang,1.2517573424335313,0.13768359152153478,300.0527745465388,100824.28923392257
2016-04-06,Jhang,1.3358812350997618,0.13557454831923738,298.2566418963043,101013.3219569458
2016-04-07,Jhang,0.0,0.1330889599058113,298.401433969624,101010.8880934224
2016-04-08,Jhang,0.17924166932707583,0.13260428225404675,298.06616038916764,101125.62595164558
2016-04-09,Jhang,0.29308935265886776,0.13332766908626786,297.93996605944943,101278.88343367657
2016-04-10,Jhang,0.9967773447078849,0.13301485452449793,296.42505470437527,101280.9295529424
2016-04-11,Jhang,0.0,0.13312085587424405,297.1420765644831,101189.19733296958
2016-04-12,Jhang,0.0,0.13090166198657768,299.6298959571914,100805.33334193521
2016-04-13,Jhang,0.0,0.12880799003377444,302.0778463490871,100391.82151904135
2016-04-14,Jhang,0.025512698867403056,0.12685018948276378,304.16789793020746,100377.0266997961
2016-04-15,Jhang,0.567557905054019,0.12527581486552017,305.62231344813864,100442.84085424809
2016-04-16,Jhang,1.4343123737563295,0.1273480330838196,305.86695849777493,100247.16708464645
2016-04-17,Jhang,0.9039117253651583,0.13739417241533544,302.51897773040605,100462.51519920833
2016-04-18,Jhang,0.00936168889883029,0.13699153151967453,303.47700544857383,100648.57460649159
2016-04-19,Jhang,1.1758141051875537,0.14405688549267476,301.13919174475234,100950.32320588194
2016-04-20,Jhang,0.0,0.1459576550616704,302.61116477326635,100937.35787775114
2016-04-21,Jhang,0.0,0.14754829026155727,302.5109656938642,100415.87716213675
2016-04-22,Jhang,0.0,0.15111538158656207,300.18473771587395,100343.04252544735
2016-04-23,Jhang,0.0,0.14221671293854554,301.35331433464955,100323.13538910562
2016-04-24,Jhang,0.0,0.1358885350367128,301.59160860344423,100418.86572895948
2016-04-25,Jhang,0.006077611536584144,0.13171563104622236,303.1676779209381,100568.53114440787
2016-04-26,Jhang,0.0,0.1286987681755669,303.92490040825595,100798.86292431699
2016-04-27,Jhang,0.0,0.1265648291952544,303.7685398713526,100772.2322281358
2016-04-28,Jhang,0.0,0.12491477057196292,304.0828131703655,100630.82807391557
2016-04-29,Jhang,0.0,0.12369446013701761,305.222971237311,100600.36336169484
2016-04-30,Jhang,0.0,0.12276657905344172,306.926178250302,100421.43966003018
2016-05-01,Jhang,0.0,0.12213944911458552,307.9838743412449,100151.62955573371
2016-05-02,Jhang,1.128463014299834,0.12175749898826067,307.90131793319534,100126.42496903327
2016-05-03,Jhang,3.128367624307265,0.12567822651161983,305.2449061065345,100406.25682293596
2016-05-04,Jhang,0.14868085224614222,0.12707343288953374,303.42315591810024,100572.08354627302
2016-05-05,Jhang,0.0,0.12571195159068316,302.65927286326024,100763.58291693352
2016-05-06,Jhang,0.0,0.12448400738965,305.3670466076084,100569.80439968902
2016-05-07,Jhang,0.0,0.12341819941560238,306.8463154484561,100439.1339605838
2016-05-08,Jhang,0.0,0.12266345315920993,308.4928078594266,100428.72484221742
2016-05-09,Jhang,1.1123624515788986,0.12340588628410681,308.712191363609,100348.22579149327
2016-05-10,Jhang,3.6671882494382535,0.12600692930228738,308.57162731720575,100465.92199823464
2016-05-11,Jhang,0.0,0.12652552388872546,306.9814118984871,100578.73243247367
2016-05-12,Jhang,0.0,0.13044506922751456,306.62116227238954,100158.32241749596
2016-05-13,Jhang,0.0,0.1383899975143364,307.0448603184711,100151.02879689232
2016-05-14,Jhang,0.0,0.14265284944941664,307.036788469373,100442.57307053449
2016-05-15,Jhang,0.0,0.13724957335118085,307.07557289524857,100452.00966944663
2016-05-16,Jhang,0.0,0.1315814257002922,307.85815937739454,100088.9521383325
2016-05-17,Jhang,0.0,0.12777466040947522,309.0377382711336,99938.90847191087
2016-05-18,Jhang,0.0,0.12511864125508293,310.64434125581545,99676.70877115006
2016-05-19,Jhang,0.0,0.1234927806751173,310.4648473952351,99665.48741794884
2016-05-20,Jhang,0.0,0.12245385033703916,310.64755632250325,99521.47534647906
2016-05-21,Jhang,0.0,0.12179464009578858,310.90143221480855,99428.59083476228
2016-05-22,Jhang,0.0,0.13033308668857785,310.1360447543837,99478.80173934705
2016-05-23,Jhang,0.09498859883849421,0.14985021786856523,307.4446939130894,99685.49426484713
2016-05-24,Jhang,0.0,0.15044153580304556,304.90781294059707,100053.69446565644
2016-05-25,Jhang,0.0,0.14104390642844863,305.55728153969926,99761.81771588186
2016-05-26,Jhang,0.5757973355002017,0.13467834655490177,307.8951313564344,99844.33378089286
2016-05-27,Jhang,0.0,0.13173106765477063,308.4216815287135,99964.06743965713
2016-05-28,Jhang,0.0,0.13075934551774349,307.5832166664146,99755.85849682117
2016-05-29,Jhang,0.0,0.13221843424230928,307.98992625643245,99737.8983658764
2016-05-30,Jhang,0.0,0.1331212630290073,306.28338234914827,100073.35338626809
2016-05-31,Jhang,0.0,0.13079983442316961,307.4975752206859,100225.24163715697
2016-06-01,Jhang,4.4602865540923835,0.13014474880967628,308.8482251643723,100192.84153361883
2016-06-02,Jhang,1.0849545226749142,0.13009845074866158,308.5456634026556,100232.88541622779
2016-06-03,Jhang,0.0,0.12698224428009233,309.28435285301373,100282.09171610091
2016-06-04,Jhang,0.0,0.1250114823857738,310.31326672884217,100234.65280100855
2016-06-05,Jhang,0.0,0.12377691491248821,310.5814562118274,100135.78403726316
2016-06-06,Jhang,0.0,0.12425954922592905,310.72014776761705,99978.3105993419
2016-06-07,Jhang,0.0,0.12493664033291825,310.3846604426955,99870.49979171233
2016-06-08,Jhang,0.0,0.12500022020643936,309.7164042898629,99733.23094049134
2016-06-09,Jhang,0.0,0.12434489670741836,309.5597136636351,99679.65601406347
2016-06-10,Jhang,0.0,0.1239837704257493,309.3805363053241,99684.43831893132
2016-06-11,Jhang,0.0,0.12451085350326943,308.4548002460741,99772.82846389529
2016-06-12,Jhang,0.0,0.12650565797208194,308.5222961195376,99751.1648669486
2016-06-13,Jhang,0.0,0.12655821359465466,309.53141888515967,99700.48749562883
2016-06-14,Jhang,0.0,0.12493891628518719,310.3295594077959,99450.34513217704
2016-06-15,Jhang,0.0,0.12395516737503844,309.71533613519864,99286.75113755095
2016-06-16,Jhang,0.0,0.12357877371119849,308.74588391426374,99583.4834428402
2016-06-17,Jhang,0.0,0.12323628624600387,308.7856547564919,99842.3479676282
2016-06-18,Jhang,0.0,0.12254649491048522,309.7614857012351,99962.8338991245
2016-06-19,Jhang,0.0,0.12223922631089307,310.0716298044712,99987.11977990493
2016-06-20,Jhang,0.0,0.12397211594208567,310.2058898279218,99809.27079058732
2016-06-21,Jhang,1.6193277686618364,0.12496640840341147,309.3935498657161,99774.44639264679
2016-06-22,Jhang,6.28798217704971,0.12824113455749506,307.3714078411846,100047.29990925925
2016-06-23,Jhang,0.0,0.13764576206530643,307.1469091976228,99958.79825191063
2016-06-24,Jhang,0.0,0.1328747512846697,309.27476317424475,99750.6820703006
2016-06-25,Jhang,0.0,0.12960941422657574,310.9522572381671,99809.88180792653
2016-06-26,Jhang,0.0,0.12668471617247953,310.52296394941624,99806.05268993942
2016-06-27,Jhang,10.602622506318676,0.1270748005866714,308.9483711028126,99779.09187040763
2016-06-28,Jhang,0.0,0.14799699465423025,306.43566121222193,100078.9907313294
2016-06-29,Jhang,0.0,0.15154396387652827,308.4639643442266,100042.24005564523
2016-06-30,Jhang,0.0,0.1423647410172588,310.8861675745035,99639.62859250171
2016-07-01,Jhang,0.0,0.13466587377588055,311.9447268791247,99190.80783999083
2016-07-02,Jhang,20.651810369427608,0.2140792984383714,306.8693008071412,99341.37048613453
2016-07-03,Jhang,4.962915938352726,0.32565534903833915,303.39932682179176,99720.34349826418
2016-07-04,Jhang,0.0,0.2966330448103359,305.37226799198777,99618.43936853277
2016-07-05,Jhang,0.5679461851958627,0.3271922329735464,306.33106552445963,99387.158438469
2016-07-06,Jhang,9.119538594635845,0.32594051200579294,306.79232061826843,99505.04829509543
2016-07-07,Jhang,0.0,0.29971277561226506,305.74744940639306,99640.13599579952
2016-07-08,Jhang,0.0,0.2751325257811015,307.1809745846305,99525.28873176756
2016-07-09,Jhang,10.113858614762169,0.37674234196474526,302.8526143792094,99606.6236246692
2016-07-10,Jhang,0.0,0.33290380200847164,304.9523402657878,99527.14886618823
2016-07-11,Jhang,0.0,0.2971713731381242,306.4499480037393,99566.29010288515
2016-07-12,Jhang,0.6270888924675035,0.2734743420202106,306.20014579813073,99729.75891423915
2016-07-13,Jhang,0.0,0.25337855132590686,306.4524547824586,99732.63015373787
2016-07-14,Jhang,0.03635198541452422,0.23349075281381748,307.1049794751209,99613.75203732218
2016-07-15,Jhang,0.0,0.24861919747186226,306.3861778053599,99598.93852537572
2016-07-16,Jhang,0.5756948039796009,0.35040107702278617,304.328878769642,99709.76184659284
2016-07-17,Jhang,18.565201363182148,0.3511353831886018,303.6587798277503,99928.70470229875
2016-07-18,Jhang,0.2632786734464408,0.3657492758569956,302.9077396825909,99996.63199251535
2016-07-19,Jhang,0.0,0.33366397000198095,303.95870914765874,99930.37104938024
2016-07-20,Jhang,0.0,0.30076965858246607,306.4010597376951,99780.13246912809
2016-07-21,Jhang,0.0,0.2716991156224128,307.9761154219334,99653.5965696518
2016-07-22,Jhang,0.0,0.24673578611046423,307.33580396958797,99641.34764058229
2016-07-23,Jhang,6.444618821718672,0.2331096961564769,305.8548267997994,99917.1207631492
2016-07-24,Jhang,0.0,0.21983852026678377,306.00297941674,100090.28796128747
2016-07-25,Jhang,0.0,0.2014481232496219,307.20993073868107,100014.84380793081
2016-07-26,Jhang,0.0,0.18968823396803453,306.685792736561,99976.89465803954
2016-07-27,Jhang,8.363825641847955,0.23887364329449792,303.50318862526495,100261.29835750273
2016-07-28,Jhang,0.0,0.305369324581122,302.56639187533665,100208.87684167395
2016-07-29,Jhang,0.0,0.2729969243878897,304.52898661406977,99915.55013755934
2016-07-30,Jhang,0.0,0.2934918547254688,303.79752806895465,99989.58398707405
2016-07-31,Jhang,15.537871972780628,0.31115560465078534,304.27419182506543,99940.69726977231
2016-08-01,Jhang,0.0,0.30739502393194984,304.6215546519136,99717.2519459495
2016-08-02,Jhang,0.22970398651496426,0.28419937900440057,304.17569469494026,99745.29538275427
2016-08-03,Jhang,1.1688212207766027,0.28425592024352253,303.56682619628026,99899.54454512706
2016-08-04,Jhang,0.36009999355599154,0.27250885507265876,304.9440389687586,99915.58372612193
2016-08-05,Jhang,7.102160257912087,0.3092869724501389,305.3208599608948,99930.69730558406
2016-08-06,Jhang,4.656128420442922,0.29766093214691763,304.98972614181656,99856.36698711189
2016-08-07,Jhang,21.451614445102567,0.3386583544789116,303.45860773316446,99956.37113601321
2016-08-08,Jhang,11.42523982179406,0.34651434300062517,303.3146858586698,100007.75077179665
2016-08-09,Jhang,0.0,0.33445461787965536,304.21310668319654,99762.02147101145
2016-08-10,Jhang,1.264853582411453,0.35234588790108895,303.24745188939403,99895.21504821948
2016-08-11,Jhang,0.0,0.34111189794812025,303.2531487494705,100091.30292745582
2016-08-12,Jhang,1.9731381740828504,0.325766089905252,303.64083798642827,100137.0821432935
2016-08-13,Jhang,0.0,0.3024297155767068,305.0099948851037,99970.08601123009
2016-08-14,Jhang,0.0,0.32377586125596236,303.9868283667424,99859.52564124158
2016-08-15,Jhang,0.0,0.3511587670295471,302.93511234651476,99770.2146313808
2016-08-16,Jhang,0.0,0.31548194219234416,304.50042691835546,99602.90702811647
2016-08-17,Jhang,0.0,0.2844290129409025,304.78732865614774,99804.25636370243
2016-08-18,Jhang,0.0,0.2664717073884242,303.8780271633074,100003.35474553615
2016-08-19,Jhang,0.0,0.24563022607396645,305.22457298200726,99897.49363550758
2016-08-20,Jhang,0.0,0.22530685013878382,306.4808755787398,99938.0844047027
2016-08-21,Jhang,0.0,0.2073753245330328,305.929565342535,100049.58815203783
2016-08-22,Jhang,0.0,0.19235340261855258,306.1933605167262,100167.96601145135
2016-08-23,Jhang,0.0,0.19839689475974337,304.6512403098468,100225.71642671015
2016-08-24,Jhang,6.790851693177649,0.18917459831232222,305.14978259411254,100231.39377959733
2016-08-25,Jhang,0.0,0.22059376539490744,302.62638671829393,100484.20119642976
2016-08-26,Jhang,0.0,0.2336586803672985,304.03083439478235,100466.14010757233
2016-08-27,Jhang,22.546363667083043,0.33660540170969677,302.05740912983026,100650.89563680727
2016-08-28,Jhang,0.0,0.312943714582473,302.0321751881192,100656.71814409608
2016-08-29,Jhang,0.0,0.29627186163414615,302.97057402998206,100263.08879770341
2016-08-30,Jhang,0.0,0.2712995484023482,303.216970498263,100147.00024041298
2016-08-31,Jhang,0.0,0.2632470966926996,303.1795776445447,100212.11398234477
2016-09-01,Jhang,0.8590575055103055,0.28409242375533156,302.0073166361783,100199.38103823646
2016-09-02,Jhang,0.0,0.2606724051808182,303.0796362823438,100063.04630569785
2016-09-03,Jhang,0.0,0.23650237176684227,303.96571666165437,99930.2538547705
2016-09-04,Jhang,0.0,0.21556998198684899,304.7132470503369,100112.36056574201
2016-09-05,Jhang,0.0,0.19614811289256487,304.7091139020303,100173.88610718469
2016-09-06,Jhang,0.0,0.18068648997726441,304.5757809289821,100258.74977933617
2016-09-07,Jhang,0.0,0.1679843704710674,305.13938027435836,100236.80470909236
2016-09-08,Jhang,0.08146182282708918,0.15727712529286886,305.4389651651237,100376.95749719825
2016-09-09,Jhang,0.0,0.14891464599580573,305.43296518642626,100402.18844901248
2016-09-10,Jhang,0.0,0.14263342422423117,305.29716687637057,100274.29483636112
2016-09-11,Jhang,0.0,0.1380652676755623,305.2192267537127,100230.97500758366
2016-09-12,Jhang,0.0,0.1352513825119139,304.7929695172937,100365.08477861992
2016-09-13,Jhang,0.27735195294032094,0.14076012290133333,304.4417777640209,100555.52010674027
2016-09-14,Jhang,0.0,0.16594706380224095,302.73290144693067,100710.1318674373
2016-09-15,Jhang,0.0,0.1643345904280368,304.2324186117616,100500.31987512221
2016-09-16,Jhang,0.0,0.1542914290907478,305.0135912332847,100383.33151790376
2016-09-17,Jhang,0.0,0.14605914556522234,305.8212475977518,100227.21095013944
2016-09-18,Jhang,0.19617783356702917,0.13956417390734907,305.9055840146819,100385.59891321756
2016-09-19,Jhang,0.0,0.13504174163148733,305.67984480321417,100300.37719031231
2016-09-20,Jhang,0.1541480298487328,0.1318314113962167,305.84334854906785,100198.17610026458
2016-09-21,Jhang,0.0,0.13022354388527096,305.9600743137724,100419.97276855684
2016-09-22,Jhang,0.0,0.14864055858080052,304.2288966011051,100641.2656123605
2016-09-23,Jhang,18.390757362868833,0.18048619261292287,302.4009117789826,100441.0168310147
2016-09-24,Jhang,0.6870969415952551,0.17496082125860085,302.9061003387162,100331.47663517679
2016-09-25,Jhang,0.0,0.1634775183150931,303.5739772936608,100427.7376304497
2016-09-26,Jhang,0.30047179233550125,0.15417855374713194,304.5152622591355,100499.36952843239
2016-09-27,Jhang,0.0,0.14684023087754913,304.86800895541427,100518.85934524458
2016-09-28,Jhang,0.0,0.14083304654808984,305.3706069612507,100383.81150911935
2016-09-29,Jhang,0.0,0.13610571903771893,304.9278217381762,100439.66705910415
2016-09-30,Jhang,0.0,0.13263623541700892,305.0758537371683,100474.2788861585
2016-10-01,Jhang,0.0,0.1301076806471386,305.0886786332502,100661.61795613682
2016-10-02,Jhang,0.0,0.12832112671095244,305.2923202169852,100791.49338508837
2016-10-03,Jhang,0.0,0.12706860032678874,305.40175624230545,100613.616575803
2016-10-04,Jhang,0.0,0.12735312093260112,304.9685355119637,100396.10464731696
2016-10-05,Jhang,0.0,0.14119396830949243,302.93179832356157,100415.48580088852
2016-10-06,Jhang,0.06908058039343043,0.15495724123934063,302.76936865831664,100633.81033443997
2016-10-07,Jhang,0.0,0.1575000310397648,302.6529751910433,100712.28151674513
2016-10-08,Jhang,0.0,0.17648451762245634,300.94167980112786,100662.38520688683
2016-10-09,Jhang,0.0,0.18818935717996568,300.75647119872696,100542.06532623484
2016-10-10,Jhang,0.0,0.17650239664528383,301.1671174173544,100596.12158287055
2016-10-11,Jhang,0.0,0.16483236129839424,301.3810386849291,100587.97781933582
2016-10-12,Jhang,0.0,0.1553452192276496,300.1878209563927,100515.9693990887
2016-10-13,Jhang,0.0,0.14798221112192264,299.458315801206,100791.5096486442
2016-10-14,Jhang,0.0,0.14246783667489213,300.2326794997118,100893.85602133116
2016-10-15,Jhang,0.0,0.1383346452099816,300.4478045300519,100995.92616319854
2016-10-16,Jhang,0.0,0.13517123116094387,299.7068428345046,101048.3056836471
2016-10-17,Jhang,0.0,0.13265593789315894,299.3325142520385,100981.74563122487
2016-10-18,Jhang,0.0,0.1306484390888465,299.3391416133463,100779.31715974583
2016-10-19,Jhang,0.0,0.12905570614190198,298.8551612980518,100682.77479545145
2016-10-20,Jhang,0.0,0.1277808397330313,299.2402824821352,100611.63736639041
2016-10-21,Jhang,0.0,0.12669193556216413,299.3110087253699,100789.10430842164
2016-10-22,Jhang,0.0,0.12577629663657963,299.5582848059584,100923.17962140622
2016-10-23,Jhang,0.0,0.12500555599104257,299.7196724799615,100856.23083358257
2016-10-24,Jhang,0.0,0.12434618205214786,298.52745699906876,100722.61308073025
2016-10-25,Jhang,0.0,0.1237890410099429,298.62729252764666,100852.81636398681
2016-10-26,Jhang,0.0,0.12333486497155077,298.61660367360616,101214.8372080286
2016-10-27,Jhang,0.0,0.12296292620226884,298.36077787331607,101450.55577449319
2016-10-28,Jhang,0.0,0.12267883199463989,297.1979608596519,101122.58349334523
2016-10-29,Jhang,0.0,0.12246902460934439,296.7127480607669,101232.55151631334
2016-10-30,Jhang,0.0,0.12229464532434157,296.87252453246805,101468.35120227547
2016-10-31,Jhang,0.0,0.12216805045096046,296.8221953257656,101731.86881245994
2016-11-01,Jhang,0.0,0.12205585629869294,297.184045739167,101569.25267587799
2016-11-02,Jhang,0.0,0.12195408575838074,297.36815003792566,101571.25481931896
2016-11-03,Jhang,0.0,0.12187094561286814,297.30416733606734,101596.34060066906
2016-11-04,Jhang,0.0,0.12212761213987124,296.06830719861006,101232.92640176827
2016-11-05,Jhang,0.0,0.12220562897127961,295.9115102766164,101019.94147484534
2016-11-06,Jhang,0.0,0.12291636458354727,295.86901547597597,101142.66863350636
2016-11-07,Jhang,0.0,0.12337373550108,295.7844509155528,101362.48729313428
2016-11-08,Jhang,0.0,0.12309849568809005,295.54902497665637,101345.50270537005
2016-11-09,Jhang,0.0,0.12286517877960289,295.03167751710873,101411.6774179278
2016-11-10,Jhang,0.0,0.12267753182090538,294.8325846552687,101253.9570429679
2016-11-11,Jhang,0.0,0.12255511279106507,294.9120420282162,101250.16899715406
2016-11-12,Jhang,0.0,0.12559594859132092,292.5981210727713,101636.07628569589
2016-11-13,Jhang,0.0,0.1266757938044242,293.4484136533567,101795.63435030043
2016-11-14,Jhang,0.0,0.12604177214975124,293.1116152923688,101644.8819717129
2016-11-15,Jhang,0.0,0.12550768808893337,292.8889350611032,101657.86272708884
2016-11-16,Jhang,0.0,0.12507366203263434,293.34639045782797,101804.35838780586
2016-11-17,Jhang,0.0,0.124696473452692,293.1853996143867,101707.15430194394
2016-11-18,Jhang,0.0,0.12432765940335617,293.0890502215239,101388.66019482668
2016-11-19,Jhang,0.0,0.12400478194732191,293.1209726545662,101142.74972614518
2016-11-20,Jhang,0.0,0.12372916564475106,292.76044488701336,101247.14265521249
2016-11-21,Jhang,0.0,0.12350197275105958,293.12147328962004,101300.57944476971
2016-11-22,Jhang,0.0,0.12330742931926332,293.1189624685614,101347.16831409668
2016-11-23,Jhang,0.0,0.1231194779373781,292.6732842621748,101370.11357814555
2016-11-24,Jhang,0.0,0.12294552832922584,292.3087592571466,101683.0531583892
2016-11-25,Jhang,0.0,0.12279192568035514,293.3592269237695,101545.7288233825
2016-11-26,Jhang,0.0,0.12261946478002202,293.34857732956334,101490.3501513575
2016-11-27,Jhang,0.0,0.1224811198273249,292.87506055565643,101476.01236112391
2016-11-28,Jhang,0.0,0.12235174601553793,292.9812383181043,101357.71754582858
2016-11-29,Jhang,0.0,0.1222524988490155,292.5905909353283,101478.36458429886
2016-11-30,Jhang,0.0,0.12217160122622273,292.48735370906195,101636.99939488611
2016-12-01,Jhang,0.0,0.12211120301002708,291.95561068820916,101801.70193004477
2016-12-02,Jhang,0.0,0.12205024022017888,292.0481797740475,101785.31123421123
2016-12-03,Jhang,0.0,0.12200608698617017,292.05245376387245,101887.9459149807
2016-12-04,Jhang,0.0,0.12196396676161184,292.4549395990131,101905.7462429219
2016-12-05,Jhang,0.0,0.12192027656971491,292.4884963461971,101693.06187645353
2016-12-06,Jhang,0.0,0.12188739775111271,292.3011000776803,101758.88847892577
2016-12-07,Jhang,0.0,0.12186326446682345,291.6582807004326,101626.01603973215
2016-12-08,Jhang,0.0,0.12181651176394263,291.2311801931185,101526.97733640329
2016-12-09,Jhang,0.0,0.12175886415675302,291.0874650316759,101283.71309042054
2016-12-10,Jhang,0.0,0.12168462465008884,291.8347769931853,101160.66083311918
2016-12-11,Jhang,0.0,0.12172831756349402,290.48420473096365,101434.53177295755
2016-12-12,Jhang,0.0,0.12175799500990839,289.7460107680664,101450.52904283511
2016-12-13,Jhang,0.0,0.12175365139717607,289.3730659184638,101679.69899927102
2016-12-14,Jhang,0.0,0.12174779310443622,289.4840531209518,101769.06850426794
2016-12-15,Jhang,0.0,0.12174865732256532,289.2091210404176,101641.56777407606
2016-12-16,Jhang,0.0,0.12175458391015932,288.9143319827515,101844.69365357143
2016-12-17,Jhang,0.0,0.12174984812167292,288.730598377812,101787.12632951266
2016-12-18,Jhang,0.009881852136720133,0.12174099207698558,289.47018726844334,101829.82000362329
2016-12-19,Jhang,0.0,0.12173805040524943,289.16446331628487,101834.3499791448
2016-12-20,Jhang,0.0,0.12172364229106288,289.7449193816011,101747.70715724953
2016-12-21,Jhang,0.0,0.12171621152376852,290.4063104475031,101612.44613564447
2016-12-22,Jhang,0.0,0.12170953521425067,290.40465195700494,101568.98973992212
2016-12-23,Jhang,0.0,0.12169511314965623,289.7347641573229,101321.86213487772
2016-12-24,Jhang,0.0,0.12168801663499339,288.26475765706533,101146.0467177968
2016-12-25,Jhang,0.0,0.1216750791209537,287.49523558221244,101695.11054730951
2016-12-26,Jhang,0.0,0.1216695632882283,287.89073719871675,101729.92254541782
2016-12-27,Jhang,0.0,0.12167211526999758,288.76087899717925,101652.07907322249
2016-12-28,Jhang,0.43523658536563653,0.12167876016431096,289.2308524370701,101548.06922866667
2016-12-29,Jhang,0.0,0.12166967472005834,288.95470236486887,101614.35811869077
2016-12-30,Jhang,0.0,0.12164808328152743,288.68967259444617,101699.78904275084
2016-12-31,Jhang,0.0,0.12168528811949046,288.8118333735417,101646.02546823911
2017-01-01,Jhang,0.0,0.12173087843838039,289.0527609608987,101784.5344235565
2017-01-02,Jhang,0.0,0.12277758268950147,289.0923627328614,101977.41825195283
2017-01-03,Jhang,0.0,0.12901630920412213,289.45144375915055,101760.73641627206
2017-01-04,Jhang,0.0,0.1311286783036771,289.80611674758046,101569.16686872242
2017-01-05,Jhang,0.0,0.1345439646752376,289.3580487125158,101405.47067119722
2017-01-06,Jhang,0.0,0.1542072935589848,286.4327678675278,101135.11557175627
2017-01-07,Jhang,0.0,0.15761384208931462,285.2724499471714,101273.04662984723
2017-01-08,Jhang,0.0,0.1569785762982599,284.1474031631821,101759.58806566821
2017-01-09,Jhang,0.0,0.15502978786078633,283.52929569069386,101781.81422818225
2017-01-10,Jhang,0.0,0.15207904308787568,283.5934860966611,101743.8339004411
2017-01-11,Jhang,0.0,0.14951796944564322,283.78263126816336,101692.70471414813
2017-01-12,Jhang,0.0,0.14738417401952855,284.2112620578477,101644.20915481006
2017-01-13,Jhang,0.0,0.14528493448248644,285.4361627788033,101764.01099263954
2017-01-14,Jhang,0.010026792001465484,0.16026823549616592,283.8362002887418,102114.05946653073
2017-01-15,Jhang,0.2617540306620524,0.18655177067139023,283.54072676729595,101923.16119571352
2017-01-16,Jhang,0.0,0.2102367342149894,284.2360887094915,101898.6398579431
2017-01-17,Jhang,0.0,0.2054399625596115,284.27197240374977,101849.12401333246
2017-01-18,Jhang,0.0,0.22074321266512123,283.5633335249386,102378.58904733259
2017-01-19,Jhang,0.0,0.22781363511490796,283.62964092431946,102642.25044896395
2017-01-20,Jhang,0.0,0.2161663683338285,285.3139189928947,102259.45363505467
2017-01-21,Jhang,0.697914186299938,0.20667779991423077,286.59384840887776,102082.86984652538
2017-01-22,Jhang,0.0,0.19849876663873336,286.0971733751437,102242.19679947922
2017-01-23,Jhang,5.940471528775329,0.19142926750880415,286.55468049230916,102050.86901416461
2017-01-24,Jhang,2.00261828381788,0.2134236128501906,286.1065090665286,102102.52512012747
2017-01-25,Jhang,4.647209144296754,0.2550175048030272,286.2194191227882,101872.20927356831
2017-01-26,Jhang,0.0,0.25047585818671825,286.2563250058019,101763.78085133046
2017-01-27,Jhang,0.0,0.23725898649930227,286.5825486509371,101963.906564933
2017-01-28,Jhang,0.0,0.22460987269312513,287.98010162341416,102007.124782496
2017-01-29,Jhang,2.14145772214196,0.21367962565807738,288.3892712530983,101724.80916371036
2017-01-30,Jhang,0.0,0.22858214950248648,289.1611296054277,101544.10198355185
2017-01-31,Jhang,0.0,0.23839788258920142,288.4194060090791,101709.515291371
2017-02-01,Jhang,0.0,0.2245884631241984,288.6432114007042,101738.32950454384
2017-02-02,Jhang,3.223826236613796,0.21320100085474186,288.6284816242685,101966.70969409357
2017-02-03,Jhang,3.5205073745447826,0.2041477827730256,288.40878913082906,101702.09716528616
2017-02-04,Jhang,0.05401536014203881,0.2304437621407208,288.8440461735037,100918.8479360296
2017-02-05,Jhang,0.0,0.24221690145977245,284.6407151395431,101492.64077535686
2017-02-06,Jhang,0.0,0.22648983583940288,285.6177297576926,101803.12026415409
2017-02-07,Jhang,0.0,0.21372329647797894,287.31422120302506,101660.22930236525
2017-02-08,Jhang,0.0,0.2021852862704078,287.5567902459322,101495.38794122226
2017-02-09,Jhang,0.0,0.19188817661417434,287.5173386300322,101770.09289604677
2017-02-10,Jhang,0.0,0.1826639942901767,287.69473613143845,101619.72949485361
2017-02-11,Jhang,0.0,0.17473121196567637,289.15061276990315,101709.84925369275
2017-02-12,Jhang,0.0,0.1678353580421409,289.36415228705005,102098.06510004125
2017-02-13,Jhang,0.0,0.16127747032301562,290.3236507356324,102245.67499536552
2017-02-14,Jhang,0.11985427357356608,0.15525368085083746,292.17125269445944,102150.49881241785
2017-02-15,Jhang,0.9971873511972823,0.15039396077611802,293.2489622224455,102061.09278387156
2017-02-16,Jhang,1.330278142301799,0.14603092789720948,293.9367626469238,101924.66535646423
2017-02-17,Jhang,0.5414165562508002,0.14209072817586277,294.4929090372781,101836.61439444372
2017-02-18,Jhang,0.06157017911829332,0.1394349263778265,294.2563091312233,101713.81697252385
2017-02-19,Jhang,0.0,0.13828059498656012,295.0233709062815,101143.16684581341
2017-02-20,Jhang,0.0,0.1376086207220573,290.9733385609384,100696.79162778276
2017-02-21,Jhang,0.0,0.13565116533114008,290.4949486911085,100833.47595685937
2017-02-22,Jhang,0.0,0.13378174100018667,290.8330996796007,101416.89088305553
2017-02-23,Jhang,0.0,0.13228853435649854,291.52094775040035,101635.68835684974
2017-02-24,Jhang,0.0,0.1309052284694421,292.4050750603418,101735.77600014959
2017-02-25,Jhang,0.0,0.12968934532824766,292.83311332792124,101505.4620708379
2017-02-26,Jhang,0.0,0.12860903171573293,293.41247910624026,101283.194204441
2017-02-27,Jhang,0.18715726195783502,0.12784832689938283,294.6777002728954,101464.82028722108
2017-02-28,Jhang,0.9003163363595327,0.1715410449986018,292.4532658815052,101534.88075806184
2017-03-01,Jhang,0.0,0.21378591079469336,291.6389197739416,101434.59569436953
2017-03-02,Jhang,0.0,0.19794919123919538,291.5863747899586,101382.8722427554
2017-03-03,Jhang,0.0,0.18488341033433922,291.89659372249747,101180.12527964788
2017-03-04,Jhang,0.0,0.1736750524452021,291.96421127823334,101127.72514582775
2017-03-05,Jhang,0.0,0.16414860727513605,292.9069797901978,101177.339525262
2017-03-06,Jhang,0.0,0.16207677844679494,293.40351029719136,101088.24835924062
2017-03-07,Jhang,5.801903090545615,0.20843582038031228,290.7798063169826,101077.54119856794
2017-03-08,Jhang,0.700876593352722,0.2012077689067711,291.19685355977873,100934.95001648391
2017-03-09,Jhang,0.0,0.19709845003995516,289.56355805896186,100858.56504448035
2017-03-10,Jhang,0.10737404302091551,0.21036324881459434,287.51532792254835,100827.02312546337
2017-03-11,Jhang,0.0,0.2093649030204532,288.37259183392916,101161.80654813316
2017-03-12,Jhang,0.0,0.19455962369828947,289.1263728838392,101590.96545478863
2017-03-13,Jhang,0.0,0.1809129867648856,290.57831221355286,101506.38762707917
2017-03-14,Jhang,0.010186131449567641,0.16915081898095485,291.97658128639904,101670.63294416099
2017-03-15,Jhang,0.3586513141862679,0.16641988716449926,289.79804726563714,101642.27777704629
2017-03-16,Jhang,0.0,0.16372945576094888,292.504512157297,101284.85900108279
2017-03-17,Jhang,0.0,0.15562422532934658,294.04260912639785,101099.8486296197
2017-03-18,Jhang,0.0,0.15387611524592693,294.65420158610635,101030.39190105833
2017-03-19,Jhang,0.0,0.1492989281760401,295.82911729984573,101286.6659952833
2017-03-20,Jhang,0.14785211288538033,0.14271114578271918,298.05074548784,101235.31663678843
2017-03-21,Jhang,0.0,0.13768728604385758,299.17069052062,101214.35691530934
2017-03-22,Jhang,0.005170972118476044,0.13418874663776914,298.3164948709843,101167.66280197754
2017-03-23,Jhang,0.06336137342912658,0.1317635401114898,298.01673419468557,101194.50437720137
2017-03-24,Jhang,0.11178296645115403,0.12965768285235732,299.3941000358614,101171.69845630116
2017-03-25,Jhang,0.0,0.1279667919207408,299.7422176883615,101147.45976413718
2017-03-26,Jhang,0.0,0.1265074955686749,301.4099052355094,101208.10933760829
2017-03-27,Jhang,0.0,0.1251946860431094,302.78039979378076,101035.19523613658
2017-03-28,Jhang,0.46336021901960966,0.12514443789515567,302.6896488719171,101006.07895683419
2017-03-29,Jhang,1.9363183704810032,0.1256588688312668,302.5882296896219,100904.58052781316
2017-03-30,Jhang,6.1518786753661185,0.12839658483182328,302.44033461787,100855.40701995345
2017-03-31,Jhang,0.4181497720805943,0.13198398482213303,301.50698483993284,100894.42546223546
2017-04-01,Jhang,0.0,0.13074799228574654,301.9770721637968,100766.33287954173
2017-04-02,Jhang,1.3633495378455687,0.12915552238220823,302.60629790186067,100522.9323973465
2017-04-03,Jhang,0.37405300758144455,0.12914072612095692,302.9064523195092,100543.88364196423
2017-04-04,Jhang,1.829188927984473,0.13665354358605764,301.4987571953999,100423.91847551308
2017-04-05,Jhang,0.6911685072864213,0.1627592625757754,298.61432778648214,100160.70021476538
2017-04-06,Jhang,0.0,0.23446788998062218,295.0819718629415,100264.19679526608
2017-04-07,Jhang,0.0,0.21241557642981382,294.57478464441954,100958.9901820398
2017-04-08,Jhang,0.0,0.19182586485630757,295.3345288556719,101401.24823679602
2017-04-09,Jhang,0.0,0.17409597103249136,296.4904421393684,101345.26122725953
2017-04-10,Jhang,0.0,0.16004149087986913,299.40293916783304,101030.99658734705
2017-04-11,Jhang,0.0,0.14894774122787932,301.7910808406926,100814.51532165307
2017-04-12,Jhang,0.0,0.1405041613735176,303.2515586923443,100677.04777108472
2017-04-13,Jhang,0.019303843559327297,0.13445952189163263,304.5392628222434,100646.27542847754
2017-04-14,Jhang,0.0,0.13035980099119981,305.39139210524627,100530.08567338804
2017-04-15,Jhang,0.0,0.12745813041048504,306.3945139071997,100304.00563588041
2017-04-16,Jhang,0.0,0.12538549938011398,307.4187320665641,100297.2279301944
2017-04-17,Jhang,0.0,0.12383691158837042,307.9349357553294,100387.80699341068
2017-04-18,Jhang,0.0,0.12280987201229379,308.57058180893955,100167.51283168035
2017-04-19,Jhang,0.0,0.1221425138113479,308.24585875912834,99875.4359163816
2017-04-20,Jhang,0.10067883667977522,0.12170912763090348,308.91750416804985,99825.08368056729
2017-04-21,Jhang,0.0,0.12653255845157674,307.8618407785986,100046.66713309765
2017-04-22,Jhang,7.3675473112762475,0.14736528450286587,303.2553218445882,100402.20963774271
2017-04-23,Jhang,0.0,0.16973749239390326,299.7189779310649,100548.29354582017
2017-04-24,Jhang,0.0,0.1611729893105851,300.1617731583395,100718.90838817449
2017-04-25,Jhang,0.0,0.1498337882309783,301.80529507210963,100546.90166214101
2017-04-26,Jhang,0.2775031719632382,0.14355248417128333,303.01674686367045,100540.12263036541
2017-04-27,Jhang,0.0,0.13880026240437038,304.1625481393091,100689.7337382874
2017-04-28,Jhang,0.0,0.13395598759559524,304.637500195473,100462.05848223317
2017-04-29,Jhang,0.0,0.13057981690358983,303.62726987625535,100605.28765162082
2017-04-30,Jhang,0.0,0.12808980657514157,303.17145233803996,100703.16014874529
2017-05-01,Jhang,0.0,0.12598113576944808,304.0838495684149,100781.0281135718
2017-05-02,Jhang,0.47362645310186996,0.12441391524712238,305.9435665770234,100732.56916520612
2017-05-03,Jhang,0.08814290971605547,0.12580392731599896,302.2978661647844,100826.43550717915
2017-05-04,Jhang,0.0,0.1255558072246293,303.4830972812148,100883.76610029612
2017-05-05,Jhang,0.0,0.12410125026115505,305.7159689617895,100621.21026181577
2017-05-06,Jhang,0.0,0.12300247110866139,307.29248233589726,100595.06196861618
2017-05-07,Jhang,0.0,0.12391022355362528,308.0459203942634,100519.51246671606
2017-05-08,Jhang,0.017654900656273932,0.13077083218935698,307.7921069169835,100337.50167894094
2017-05-09,Jhang,0.0,0.13135142811029857,307.89106866231646,100172.23722941034
2017-05-10,Jhang,2.4560059990614946,0.13291620752552596,307.4082051914391,100378.03254291097
2017-05-11,Jhang,0.4335395120755537,0.13301220311124948,306.1278985091096,100729.54386180655
2017-05-12,Jhang,0.0,0.13252647746455343,306.5277415592546,100638.71038083722
2017-05-13,Jhang,0.0,0.13273111741302576,306.8622011310716,100363.17378619095
2017-05-14,Jhang,0.0,0.13310864401713854,307.1103028933839,100122.19180873767
2017-05-15,Jhang,0.0027612016479384564,0.13377134899629836,307.7697070125825,99994.6801259311
2017-05-16,Jhang,2.0859697030943782,0.1393060599451623,305.39639346392,100113.77104837961
2017-05-17,Jhang,0.0,0.1421126104300406,304.1112934778653,100274.08082800018
2017-05-18,Jhang,0.0,0.13637465618068878,306.7669192309251,100177.81922366357
2017-05-19,Jhang,0.005950038375778631,0.136648121956087,307.096745739424,100145.96190231165
2017-05-20,Jhang,1.614742064105154,0.14597710128746966,306.9529523055216,100048.02641856812
2017-05-21,Jhang,0.27311642551901055,0.15372999044429878,304.14239445806504,100281.83085143584
2017-05-22,Jhang,0.0,0.1488194623623971,304.61491556628425,100471.06880340166
2017-05-23,Jhang,0.0,0.14021536714273372,307.0462683997902,100338.4075584469
2017-05-24,Jhang,0.0,0.1404621778243845,307.2657181434665,100145.62901250036
2017-05-25,Jhang,0.0,0.14034198327387915,309.17793328919504,99954.24993206293
2017-05-26,Jhang,0.0,0.13346335193254688,310.41074527906045,99759.62584763343
2017-05-27,Jhang,0.0,0.12932767920222094,310.4533357385266,99619.16559872046
2017-05-28,Jhang,1.1056060291099217,0.13240487100847473,308.88160982903077,99642.48726706537
2017-05-29,Jhang,0.0,0.13345061668870775,307.6158320237837,99775.5754359558
2017-05-30,Jhang,0.0,0.1292879142179641,307.83090960006456,99602.35724261851
2017-05-31,Jhang,0.0,0.1331808385782888,305.0057508262113,99948.99420823292
2017-06-01,Jhang,0.0,0.13272867060576057,305.6895888649766,100193.46569283176
2017-06-02,Jhang,0.0,0.12892096532317013,308.3654214117193,100028.78577650496
2017-06-03,Jhang,0.0,0.1260525938947777,310.74879043416485,99766.28828096032
2017-06-04,Jhang,0.0,0.12404507348983358,311.8698946882865,99543.70350760684
2017-06-05,Jhang,0.0,0.12366731705757142,311.11749206074177,99548.30533711532
2017-06-06,Jhang,23.351653045765634,0.13222718416960766,308.322330547734,99822.57428866197
2017-06-07,Jhang,0.0,0.21048869437579515,304.3465798654524,100310.26136234362
2017-06-08,Jhang,0.0989175403261575,0.18869369894961577,305.55571404976877,100206.61170803277
2017-06-09,Jhang,0.0,0.1694746637509899,305.45570655384824,100100.90416791302
2017-06-10,Jhang,0.635153086249984,0.1773299770815309,304.6944374303821,100076.59771483904
2017-06-11,Jhang,0.0,0.17526978531491505,304.23151509156185,100090.03366782247
2017-06-12,Jhang,0.0,0.16071133548923827,305.99960036444185,99806.5183819811
2017-06-13,Jhang,0.0,0.15344202775211715,306.6611676430254,99752.74313993567
2017-06-14,Jhang,12.42562104758939,0.14722251881375242,307.76327418270625,99932.90528202834
2017-06-15,Jhang,0.0,0.14147502482114863,307.88452729327327,99811.92991369356
2017-06-16,Jhang,0.0,0.13550974074552952,308.49636193904956,99747.53164814289
2017-06-17,Jhang,4.002772284701608,0.13253789262693286,308.01092222034305,99799.13246122847
2017-06-18,Jhang,2.2513900040905175,0.1303952995721248,307.77080716369653,99696.95082646236
2017-06-19,Jhang,8.45712486034722,0.1739969837164249,306.6011578248304,99516.07745300228
2017-06-20,Jhang,9.324562965676442,0.27941706134312216,302.40100774499626,99680.1645248934
2017-06-21,Jhang,0.0,0.32803201924529457,299.62972602255763,99978.2115602565
2017-06-22,Jhang,0.0,0.27888331969946034,302.3773773297766,100014.29943817618
2017-06-23,Jhang,0.0,0.24109313146934125,304.7398757200188,99925.35989479753
2017-06-24,Jhang,0.0,0.211369348249757,305.9251795680909,99675.02923427016
2017-06-25,Jhang,0.0,0.18726139631548555,307.4745194224911,99641.77942412529
2017-06-26,Jhang,1.5156116357181229,0.16860578745000526,308.9383246023134,99708.61743739249
2017-06-27,Jhang,5.329769847792341,0.16176136250895404,307.5625220850816,99744.22747991372
2017-06-28,Jhang,11.776833215149246,0.261471456218508,301.94259743819737,100002.76415724322
2017-06-29,Jhang,0.0,0.24604995720510275,302.8501697594794,99906.0440279627
2017-06-30,Jhang,0.0,0.21893080397287712,303.78119334462895,99657.34902986912
2017-07-01,Jhang,0.0,0.19568621698556696,305.7982220804064,99508.60574247314
2017-07-02,Jhang,0.0,0.17507758452305214,307.8710473313358,99499.67431283493
2017-07-03,Jhang,0.0,0.1593110842923725,308.6413994423254,99501.02402286473
2017-07-04,Jhang,0.652032251164205,0.15800466353934514,308.20442595590043,99329.14448951343
2017-07-05,Jhang,0.0,0.14935405198085575,307.58795786967374,99489.94987824
2017-07-06,Jhang,1.475458686218138,0.1469380089439684,306.69248713527935,99725.1767454035
2017-07-07,Jhang,0.0,0.15953021361455044,305.62579130352543,99985.75345188782
2017-07-08,Jhang,0.0,0.15185277944992948,307.62604749798845,99898.46215141434
2017-07-09,Jhang,0.0,0.14420147450653537,309.1127707175491,99737.1721101464
2017-07-10,Jhang,0.0,0.14137179501673536,308.68928779145074,99690.03926710115
2017-07-11,Jhang,0.060507329273940674,0.13997695831391743,307.8493195771324,99674.27771516565
2017-07-12,Jhang,19.45776192391138,0.15815877140298945,305.45713013160594,99902.53450123657
2017-07-13,Jhang,0.0,0.21797355438763524,304.03987993371106,100056.72148328219
2017-07-14,Jhang,0.0,0.20182293374573745,306.3844994343727,99965.4859686246
2017-07-15,Jhang,0.045760595833448804,0.179816359703896,307.53233512481034,99868.26864319653
2017-07-16,Jhang,0.0,0.1665618393583955,307.67959393701386,99799.17083698475
2017-07-17,Jhang,0.0,0.1585509723790747,307.6149130677042,99797.45203616357
2017-07-18,Jhang,10.058874831771321,0.19218018445321775,304.9265707067361,99949.59681085474
2017-07-19,Jhang,0.0,0.2940423456232067,304.8269319163898,99832.47146669292
2017-07-20,Jhang,5.4673843966475735,0.25329256913299986,306.33854146829657,99640.54651293225
2017-07-21,Jhang,0.0,0.23513879325666381,306.16805382665956,99733.30028923284
2017-07-22,Jhang,0.18781618823006735,0.2273786892102817,306.29762312071233,99791.92349495683
2017-07-23,Jhang,0.0,0.20920058568682975,306.6799742510209,99724.51238403302
2017-07-24,Jhang,0.0,0.1893398875029366,306.6568587529441,99624.54580749263
2017-07-25,Jhang,0.0,0.17263283838252838,307.24213090638807,99623.18130350707
2017-07-26,Jhang,0.0,0.2014772665304161,306.2471985097418,99810.04175628393
2017-07-27,Jhang,0.9269256520678723,0.236703754027194,305.6151639084893,99943.18351936153
2017-07-28,Jhang,11.25005883229362,0.26677647637920704,305.31920067938006,100050.96514538531
2017-07-29,Jhang,0.2038027071455394,0.27564986399508584,305.5165168485299,100080.24432146142
2017-07-30,Jhang,0.0,0.24057265722079418,306.9495521556641,99885.82671754395
2017-07-31,Jhang,4.5270626673688295,0.2399226767923034,306.1366506426084,99821.77383379951
2017-08-01,Jhang,9.363506075754827,0.3256216655104911,304.92099982087865,99873.97691403478
2017-08-02,Jhang,0.13592319817356432,0.2737692366293843,306.2902689971951,99783.9737647039
2017-08-03,Jhang,0.0,0.2375391137337839,306.9297792874483,99513.53142774226
2017-08-04,Jhang,0.0,0.20820955387085352,308.1094849838804,99438.05521572386
2017-08-05,Jhang,0.0,0.18448822071371557,308.92550884653417,99708.23144027639
2017-08-06,Jhang,0.0,0.16686448355847283,309.25654201599093,99856.0763818084
2017-08-07,Jhang,0.0,0.1533685966833795,309.68492557706014,99930.51423465989
2017-08-08,Jhang,0.0,0.14836328905845694,308.77927778912766,99938.1332090629
2017-08-09,Jhang,0.0,0.1441507995746728,309.8392574358045,99758.06839920243
2017-08-10,Jhang,0.0,0.14226335780970156,309.59390235981965,99636.8659119682
2017-08-11,Jhang,12.671410176794895,0.13684790819119597,309.6613916613553,99588.26035671703
2017-08-12,Jhang,0.0,0.13359226771665425,309.05021028277486,99547.07157144236
2017-08-13,Jhang,5.713074832968845,0.16033499747702554,306.01686611962197,99868.96614627217
2017-08-14,Jhang,0.0,0.2054264273852375,304.21187302080665,100338.14385280095
2017-08-15,Jhang,0.0,0.1927410326395434,306.01413438973924,100154.43132825926
2017-08-16,Jhang,0.0,0.17228023665728154,307.6688174859191,99849.29915563176
2017-08-17,Jhang,0.0,0.15594597672388066,308.72831505422033,99723.43268252428
2017-08-18,Jhang,0.0,0.14402096771377706,309.2360250196857,99845.7675480404
2017-08-19,Jhang,0.0,0.13715207041423552,308.70119492675263,100075.4763700116
2017-08-20,Jhang,0.0,0.13368987269944071,306.8869205248859,100183.22459074494
2017-08-21,Jhang,0.0,0.1312733118688405,307.473440238433,100011.25194752941
2017-08-22,Jhang,0.2941772352476292,0.16943797638530214,306.0800549533934,100035.27022707828
2017-08-23,Jhang,0.0,0.17541275738863515,307.7647143687779,100077.0586373298
2017-08-24,Jhang,0.0,0.1792770073390195,307.03089317500843,99943.60859951668
2017-08-25,Jhang,0.9914752605763462,0.329575426742696,303.7063163545516,99943.04768076532
2017-08-26,Jhang,0.07223578170230693,0.3072042847399706,303.3279306648171,99975.4724035925
2017-08-27,Jhang,0.0,0.2717890732315711,304.63524470200207,99972.61163430258
2017-08-28,Jhang,0.0,0.23426007956086595,305.96400383412475,100113.70846701314
2017-08-29,Jhang,0.0,0.21035614559259266,304.34291271464417,100270.0184167396
2017-08-30,Jhang,26.147518549148984,0.2928569786672397,301.7576680781122,100374.80155712811
2017-08-31,Jhang,1.08100819223679,0.35684636889932597,301.2651400271179,100309.93060965366
2017-09-01,Jhang,0.48753336520675394,0.35041718691530843,301.8433878983467,100131.43926794385
2017-09-02,Jhang,2.778328158543723,0.3254990351673291,301.52935538442523,100183.97131791597
2017-09-03,Jhang,0.33505806806712773,0.324428819614392,302.18510237323756,100285.22467869449
2017-09-04,Jhang,22.673996187460993,0.3570421682964214,302.0324236805214,100433.22991906527
2017-09-05,Jhang,0.0,0.3462617726434045,302.79463522833913,100375.51683075138
2017-09-06,Jhang,5.102925301136552,0.3173385406339506,303.2773340887745,100397.76037225297
2017-09-07,Jhang,0.0,0.3098419710654079,302.20371785074366,100535.85525585416
2017-09-08,Jhang,0.0,0.2832641130120142,303.500304607436,100581.43300430366
2017-09-09,Jhang,0.0,0.25880338322591695,304.58603732489746,100320.30647545624
2017-09-10,Jhang,0.0,0.2383174179004974,304.70343334256665,100441.48328537366
2017-09-11,Jhang,0.0,0.2253761541582647,303.32062201200074,100700.02322420917
2017-09-12,Jhang,0.0,0.21381942063889106,303.92532505303785,100648.59157706698
2017-09-13,Jhang,0.2637435166771256,0.20952557456175014,303.74362036272885,100603.1508208273
2017-09-14,Jhang,0.0,0.20261791413582014,302.9438211023449,100656.43034290837
2017-09-15,Jhang,0.0,0.18978526235538853,303.2965342089344,100581.58976909822
2017-09-16,Jhang,0.0,0.1779130957333866,303.7736571450801,100525.85005787812
2017-09-17,Jhang,0.0,0.16769677479676137,303.80522110957537,100483.33564652923
2017-09-18,Jhang,0.0,0.15765583997458116,304.5590893257274,100361.31419842679
2017-09-19,Jhang,0.0,0.14932180525930927,305.1202433624468,100242.13110986001
2017-09-20,Jhang,0.03361733488753855,0.1428550736415318,304.3873714151852,100189.23716805628
2017-09-21,Jhang,0.0,0.13835994098540796,304.00248805122783,100216.27631218606
2017-09-22,Jhang,0.0,0.1349514220617446,303.9549679506139,100313.3982078831
2017-09-23,Jhang,0.0,0.13233486805426953,304.19539611321676,100487.13456464441
2017-09-24,Jhang,0.030863223300391113,0.13046739435892915,304.46460034482516,100559.8731991409
2017-09-25,Jhang,0.0,0.12899628436854552,304.3243778466667,100430.55087459768
2017-09-26,Jhang,0.029098281058685258,0.12755625087263128,304.3819783187492,100508.9702380325
2017-09-27,Jhang,0.0,0.12632311647696678,304.5855705223043,100536.23329090343
2017-09-28,Jhang,0.0,0.12530564090199414,304.0942882101458,100451.85439321132
2017-09-29,Jhang,0.0,0.12447340769397418,303.48183911963696,100441.98946685725
2017-09-30,Jhang,0.0,0.1238114910092945,302.91189338704834,100628.3635054686
2017-10-01,Jhang,0.0,0.12330304154095383,302.3248197313456,100522.78852110996
2017-10-02,Jhang,0.0,0.12290910749990334,302.7776583574784,100549.05245163298
2017-10-03,Jhang,0.0,0.1225884498516389,303.24605619098025,100640.66857188898
2017-10-04,Jhang,0.0,0.12234420829511601,302.8562651594817,100780.11776812501
2017-10-05,Jhang,0.0,0.12213124721759858,302.37070950510696,100831.45402608781
2017-10-06,Jhang,0.0,0.1219487499523484,302.533476042402,100864.52391648269
2017-10-07,Jhang,0.0,0.12180542035388763,303.0242942098949,100704.43492023442
2017-10-08,Jhang,0.0,0.12176012187924638,302.685865571962,100610.63154197135
2017-10-09,Jhang,0.0,0.12200378401168248,302.4410321100233,100691.92196795264
2017-10-10,Jhang,0.0,0.12246374651214262,301.90657535861413,100664.03037498107
2017-10-11,Jhang,0.0,0.12288656773364104,301.7565958972451,100720.41746540996
2017-10-12,Jhang,0.0,0.12277698305768096,301.88122758817445,100638.22880968986
2017-10-13,Jhang,0.0,0.12295226862632888,301.2758083152573,100411.5566426657
2017-10-14,Jhang,0.0,0.1229107573767212,301.410791009548,100435.16534540476
2017-10-15,Jhang,0.0,0.1225653918416503,301.39608699450105,100489.87853167439
2017-10-16,Jhang,0.0,0.12227009537072495,300.98012413806543,100680.4289836403
2017-10-17,Jhang,0.0,0.12204745778881365,301.41852850960436,100770.78597425972
2017-10-18,Jhang,0.0,0.12187628311180713,300.80565862085473,100848.41011925327
2017-10-19,Jhang,0.0,0.12175302476456595,300.15782666554855,100853.20863738243
2017-10-20,Jhang,0.0,0.12165227740417422,300.58124254827925,100862.98712039493
2017-10-21,Jhang,0.0,0.12157066687481996,300.61836956833776,100617.75581546604
2017-10-22,Jhang,0.0,0.12163199453962364,299.5484576535523,100547.79674333897
2017-10-23,Jhang,0.0,0.1216341159659451,298.86480093038205,100912.07085231012
2017-10-24,Jhang,0.0,0.1215640428311163,298.69908277333786,101172.95294357116
2017-10-25,Jhang,0.0,0.12150817082584983,298.49730958293253,101282.75931843839
2017-10-26,Jhang,0.0,0.12146547647021658,297.8539791064104,101295.09590634363
2017-10-27,Jhang,0.0,0.1214354676641122,297.63902750947096,101290.80960214145
2017-10-28,Jhang,0.0,0.12141229892945733,297.6793106337581,101296.85349686336
2017-10-29,Jhang,0.0,0.1213977826406789,297.74874984141354,101531.98648157585
2017-10-30,Jhang,0.0,0.12138850180499815,297.4387412076316,101471.99390936238
2017-10-31,Jhang,0.0,0.1213870114471306,297.5228857472007,101287.53324255746
2017-11-01,Jhang,0.0,0.12138518319366794,297.47232313943795,101442.82947189198
2017-11-02,Jhang,0.0,0.12138670365955867,297.6709169956356,101347.43993994159
2017-11-03,Jhang,0.0,0.12141939165115202,297.6693655733178,101397.39543878922
2017-11-04,Jhang,0.0,0.1214349126907406,297.4504436202039,101649.59883132431
2017-11-05,Jhang,0.0,0.12147417321024541,297.07714337018047,101590.70309919445
2017-11-06,Jhang,0.0,0.12149304789790302,296.56524555848677,101485.8975548446
2017-11-07,Jhang,0.0,0.12159337790323324,295.90535787314764,101468.47075730347
2017-11-08,Jhang,0.0,0.12184407170557884,295.2824316034532,101454.3933316867
2017-11-09,Jhang,0.0,0.12215803247229533,295.3552293344916,101389.43738413833
2017-11-10,Jhang,0.0,0.12253079911578643,295.3848618838218,101509.5979489324
2017-11-11,Jhang,0.0,0.12269236727615992,294.7329959969243,101520.94704805515
2017-11-12,Jhang,0.0,0.12262055256897447,294.1537010673485,101281.97901165774
2017-11-13,Jhang,1.7009780060562305,0.1343413693079825,292.9961269533636,101074.33023236583
2017-11-14,Jhang,0.9754415661063423,0.3349846272213182,289.184397172701,101156.73385625565
2017-11-15,Jhang,0.0,0.2971572471393301,289.23626656977837,101523.08713772158
2017-11-16,Jhang,0.0,0.27105678644623543,289.63724206235287,101676.58026133123
2017-11-17,Jhang,0.0,0.253423124915065,289.59084429798713,101663.48416118251
2017-11-18,Jhang,0.0,0.23874651950565012,289.4915902132409,101733.4665652174
2017-11-19,Jhang,0.0,0.22624807601973787,289.8608440501087,101766.92132781693
2017-11-20,Jhang,0.0,0.21581072730541911,289.95821996100364,101779.7093467719
2017-11-21,Jhang,0.0,0.20639782045549904,289.5724282878706,101583.70782556069
2017-11-22,Jhang,0.08111738746787969,0.1983172061937353,289.7102690080657,101521.854785561
2017-11-23,Jhang,0.0,0.19118472380058815,290.82161361976927,101401.15700125763
2017-11-24,Jhang,0.0,0.1854778238236271,290.9200509225093,101574.48284773249
2017-11-25,Jhang,0.0,0.18037000500101927,291.0347728704603,101562.93402204319
2017-11-26,Jhang,0.0,0.17569649017140945,290.00220289854695,101761.24719351424
2017-11-27,Jhang,0.0,0.17132581244751796,290.98238988592163,101391.52626110165
2017-11-28,Jhang,0.0,0.16738374682160767,290.24897152539603,101352.89753325228
2017-11-29,Jhang,0.0,0.1637006391468502,290.05644702072425,101667.1366167127
2017-11-30,Jhang,0.0,0.1601983401379644,290.11207575573394,101625.56285943453
2017-12-01,Jhang,0.0,0.15707028165138354,290.47819956376486,101566.59638190323
2017-12-02,Jhang,0.0,0.15445532454774888,290.5237672202274,101685.07809656122
2017-12-03,Jhang,0.0,0.15218239791023053,289.8235810004363,101696.88177896121
2017-12-04,Jhang,0.0,0.14996409048420092,288.1823090580897,101584.2897397641
2017-12-05,Jhang,0.0,0.14754997326791547,286.97262357068695,101727.00883102944
2017-12-06,Jhang,0.0,0.14544502261386577,286.57334661093194,101609.70961904676
2017-12-07,Jhang,0.0,0.14353453974654312,287.91017350391166,101648.68589768562
2017-12-08,Jhang,0.0,0.14175456886000506,289.14081927325265,101532.24714848619
2017-12-09,Jhang,0.3198719796189693,0.14028059179292376,288.3498753447776,101520.02129537561
2017-12-10,Jhang,0.002278251086075645,0.14491657856797627,288.7353064499237,101641.30324581212
2017-12-11,Jhang,0.0,0.22443010006469294,284.6955534487888,101455.98460803993
2017-12-12,Jhang,0.0,0.23851169239585787,284.82613936692803,101670.39757775371
2017-12-13,Jhang,0.0,0.22971248533491959,285.2803125427648,101970.49379587069
2017-12-14,Jhang,0.0,0.2214795938416155,284.6126872144361,102171.7075985772
2017-12-15,Jhang,0.0,0.21339124824662517,284.9277048962665,102327.31481934
2017-12-16,Jhang,0.0,0.20533612609460078,285.80319759326,102346.36476625432
2017-12-17,Jhang,0.0,0.1977600630086106,286.8709795097452,102335.95503434772
2017-12-18,Jhang,0.0,0.19088264003832814,287.8551594222047,102213.60115909066
2017-12-19,Jhang,0.0,0.1859170260170035,288.48954061834155,102082.20574505371
2017-12-20,Jhang,0.0,0.18144650762351983,289.1011950288329,102158.17521839925
2017-12-21,Jhang,0.0,0.17642511554253287,289.0797258673633,102182.32397636205
2017-12-22,Jhang,0.0,0.1716924510689531,289.02215001091497,101982.62484490324
2017-12-23,Jhang,0.0,0.16755606643923782,288.8981455093685,101472.92634673395
2017-12-24,Jhang,0.0,0.16414539947418894,287.7095139872584,101620.98323086591
2017-12-25,Jhang,0.0,0.16091909368603877,288.0508350475946,101839.19056401463
2017-12-26,Jhang,4.141503992667794,0.15799434373042506,288.96315703051897,101753.30714587409
2017-12-27,Jhang,2.6578203444734987,0.15549901833940796,288.8889225925031,101695.4110508865
2017-12-28,Jhang,0.0,0.15302531835220076,287.88641467867967,101796.65737096174
2017-12-29,Jhang,0.0,0.15034020764709843,287.26457926526996,101830.60647740487
2017-12-30,Jhang,0.3130633625585126,0.14786571784393795,287.5442468415245,101766.77508220907
2017-12-31,Jhang,0.0,0.1458758872634316,286.6589652498006,101582.99906468026
2018-01-01,Jhang,0.0,0.1441149752699373,287.27506306929286,101407.68449733936
2018-01-02,Jhang,0.0,0.14257537209806947,285.73195270527265,101493.22132028588
2018-01-03,Jhang,0.0,0.14115443298195143,285.94785920397214,101540.58013177682
2018-01-04,Jhang,0.1209459655257318,0.14080496759127617,285.6042681695776,101528.55824103024
2018-01-05,Jhang,0.0,0.1408460707432358,285.5523486561204,101595.54228872096
2018-01-06,Jhang,0.0,0.1399647346707531,285.3195093199201,101530.85298733524
2018-01-07,Jhang,0.0,0.13878437044679248,285.44611534959887,101580.90528360824
2018-01-08,Jhang,0.0,0.13767100508204702,286.8055335242258,101763.53709996118
2018-01-09,Jhang,0.0,0.136674285592606,286.57255817452625,101982.7519346266
2018-01-10,Jhang,0.0,0.13563518992826487,287.0211802560425,101918.14213014848
2018-01-11,Jhang,0.0,0.13458307874760286,288.5054882239254,101686.32696611996
2018-01-12,Jhang,0.0,0.13364268363379955,288.6507963307209,101580.46094171313
2018-01-13,Jhang,0.0,0.13290005899615953,288.3335232604014,101608.36356919256
2018-01-14,Jhang,0.0,0.1322216771442827,288.2284452210838,101677.7713833252
2018-01-15,Jhang,0.0,0.13154221594655752,288.3580776613696,101649.59510637155
2018-01-16,Jhang,0.0,0.13093022775048396,287.9774403242982,101206.90496209211
2018-01-17,Jhang,0.0,0.13030084740296288,287.03238966306236,101427.89056285599
2018-01-18,Jhang,0.0,0.12978784075850175,287.594680354056,101708.33837401826
2018-01-19,Jhang,0.0,0.1292306710868882,287.7215486135812,101727.43663604054
2018-01-20,Jhang,0.0,0.1286135712984817,288.6963959385683,101458.66536067735
2018-01-21,Jhang,0.0,0.12806968269381142,287.5206728635264,101329.75784488859
2018-01-22,Jhang,0.0,0.12759298842550107,286.8156394478054,101205.4653149647
2018-01-23,Jhang,0.3249896306424881,0.12725075326768456,285.6385116237921,101211.76939998398
2018-01-24,Jhang,0.0,0.12698732593583567,285.2911105838841,101530.5716535989
2018-01-25,Jhang,0.0,0.12672839665694965,286.35468856724253,101336.00891450241
2018-01-26,Jhang,0.0,0.1264482560935066,286.3996448659563,101433.24996076494
2018-01-27,Jhang,0.6592437652273652,0.12619624347402394,286.9607134066254,101443.10723840543
2018-01-28,Jhang,0.0,0.12595009649749614,287.53931562288744,101563.12115602566
2018-01-29,Jhang,0.07316554902943413,0.1257236140674375,288.4800122280644,101717.69880362283
2018-01-30,Jhang,0.0,0.12546733615894132,289.3023223752447,101765.76296781778
2018-01-31,Jhang,0.0,0.1252450225436466,290.0151272902243,101530.48191636258
2018-02-01,Jhang,0.0,0.12536230844480992,289.70005871561244,101598.04861740157
2018-02-02,Jhang,0.0,0.12499810394455466,288.7035314500856,101366.82183239453
2018-02-03,Jhang,0.0,0.12467356038979925,288.95330143018776,101677.70595413138
2018-02-04,Jhang,0.0,0.1243587243689166,288.2116646422561,101676.85491827544
2018-02-05,Jhang,0.0,0.1240858168884158,288.10192090998083,101851.35313005581
2018-02-06,Jhang,0.0,0.1238538339475085,288.0157306491609,101906.52339510516
2018-02-07,Jhang,0.0,0.12362206825581125,287.92082317605633,101469.68985515182
2018-02-08,Jhang,0.0,0.12342282092217534,288.85581705746415,101385.58727728232
2018-02-09,Jhang,0.0,0.12324747505176409,288.8495611715833,101431.15813907192
2018-02-10,Jhang,0.0,0.12373944285242533,287.73092784316077,101723.03623099868
2018-02-11,Jhang,5.330260231246674,0.15870778591469692,286.0308824729667,101655.39193002375
2018-02-12,Jhang,0.06557846631852386,0.2224249722082845,286.12190185650246,101714.73216730848
2018-02-13,Jhang,0.0,0.21756679567870224,286.8677193538383,102532.76260785668
2018-02-14,Jhang,0.0,0.20542451682222482,287.8498575010913,102392.33289613105
2018-02-15,Jhang,0.0,0.19315040958932594,289.9151531813799,102052.25181481506
2018-02-16,Jhang,0.0,0.18206354125999183,290.7472697236383,101809.92284692138
2018-02-17,Jhang,0.0,0.172508932723501,291.32646205998583,101306.10680155421
2018-02-18,Jhang,0.0037623798928763364,0.16433921084172082,291.85275047593944,101207.4457427681
2018-02-19,Jhang,0.13602642728286807,0.15735200810405908,292.73910814873045,101400.65927188318
2018-02-20,Jhang,0.0,0.15168806036170063,293.9962440731675,101253.17072875936
2018-02-21,Jhang,0.0,0.14684743500964462,293.66015852728106,101178.42918455495
2018-02-22,Jhang,0.16084655830956482,0.14270710974326678,293.49458474592296,101128.31310985368
2018-02-23,Jhang,3.6000580189342086,0.1469735976989588,291.9960379974626,101167.29083097044
2018-02-24,Jhang,1.3139612744404903,0.17367272718434854,290.33441423922744,101562.60287674
2018-02-25,Jhang,0.0,0.167545385612618,291.4588589751472,101882.41694824566
2018-02-26,Jhang,0.5019627706463485,0.15963493954128563,293.6780929063771,101424.53133136641
2018-02-27,Jhang,0.0,0.15278179670958728,294.5031932380925,101343.47065776783
2018-02-28,Jhang,0.9691590744900452,0.1469947901258216,295.5193617933876,101330.43962790494
2018-03-01,Jhang,3.5325874261561307,0.19633167683900749,293.0718263361684,101184.56834627465
2018-03-02,Jhang,0.04730508375217668,0.2632354667026095,293.9508922923669,100981.58471910915
2018-03-03,Jhang,0.8863914702714821,0.31893794671889175,291.60716970526136,100959.34226091417
2018-03-04,Jhang,0.0,0.2759746205774989,291.6434565654736,101142.88291572212
2018-03-05,Jhang,0.0,0.24877705220936006,292.241356308294,101477.6181114968
2018-03-06,Jhang,0.0,0.22732906274479342,293.5404436450095,101470.9634653911
2018-03-07,Jhang,0.0,0.2094932951392471,294.63119828359606,101270.02935408159
2018-03-08,Jhang,3.8909387700361378,0.20163411778142679,294.1983162835596,101430.76370775266
2018-03-09,Jhang,0.0,0.19063831242214574,294.2888261407026,101549.3006915888
2018-03-10,Jhang,0.0,0.17711490809951602,295.15690022536415,101394.13942504163
2018-03-11,Jhang,0.0,0.1658098104957522,296.33010376812126,101199.37305273392
2018-03-12,Jhang,0.0,0.15651285002925275,297.1267785416019,101119.86253486376
2018-03-13,Jhang,0.0,0.14895215424978428,297.2784874052363,100855.7292036195
2018-03-14,Jhang,0.0,0.1436992494059251,295.43991900879496,100792.64754984164
2018-03-15,Jhang,0.0,0.13970750586302172,294.7347422756042,101003.49582318657
2018-03-16,Jhang,0.0,0.13642245188549826,295.0677690934028,101102.44444933053
2018-03-17,Jhang,0.0,0.13378219596349084,296.227087314861,101146.32422256816
2018-03-18,Jhang,0.0,0.13176176315952726,296.9206182944293,101234.25242624871
2018-03-19,Jhang,0.10373537997842022,0.13117551280180703,297.3672920334497,101414.7895923038
2018-03-20,Jhang,5.283449357149553,0.16419639447255388,294.8734050835034,101067.72005923685
2018-03-21,Jhang,0.8592939303643644,0.2260136268995704,292.24856778655396,101110.37613307449
2018-03-22,Jhang,0.0,0.21057594607725405,293.4858313659946,101165.65389221485
2018-03-23,Jhang,0.2252559043298038,0.19258498046189923,296.2779884658316,101161.69974104915
2018-03-24,Jhang,2.902636120188702,0.17700511774611294,297.3480804958773,101443.77316259185
2018-03-25,Jhang,0.0,0.16368617310954126,298.31008407694526,101464.98368483305
2018-03-26,Jhang,0.0,0.1528598632138767,299.3345944434822,101105.78657858369
2018-03-27,Jhang,0.05363835752936487,0.14471030805039334,299.2821718556003,100762.90559669814
2018-03-28,Jhang,0.0,0.13865517994036589,300.06447851774243,100924.04906847209
2018-03-29,Jhang,0.0,0.13420291915935215,301.3732007326994,100727.55516648269
2018-03-30,Jhang,0.0,0.13095814028814537,300.87142208774446,100514.93059069439
2018-03-31,Jhang,0.0,0.12869888843622634,300.81131166235696,100600.36219070197
2018-04-01,Jhang,0.0,0.12700545748033323,300.4267260722576,100856.22137426697
2018-04-02,Jhang,9.58158866295764E-4,0.12579681697950346,301.2452896896514,100913.2612901934
2018-04-03,Jhang,0.08723488911816085,0.12695781465142297,301.41780838881766,100892.24799664626
2018-04-04,Jhang,2.640267996102718,0.14524741047804735,300.4769220718717,100688.67695026792
2018-04-05,Jhang,0.0,0.17988896741998542,299.3892501822182,100513.00631814773
2018-04-06,Jhang,0.0,0.16761414633764024,300.856081620629,100653.584754131
2018-04-07,Jhang,0.0,0.15445318394229526,301.86139179174705,100753.22100666941
2018-04-08,Jhang,1.0442358373042693,0.1482081116635368,302.23921195253763,100763.6922174134
2018-04-09,Jhang,0.42653858894995483,0.1442849630479503,300.91540647715823,100994.99509799795
2018-04-10,Jhang,0.2360434162240647,0.14084403638374596,300.19977561831286,100789.59512980719
2018-04-11,Jhang,0.0,0.14452694303119634,297.91218150182345,100895.64810202773
2018-04-12,Jhang,0.0,0.14365350614684838,298.6797171075654,100937.23845754407
2018-04-13,Jhang,0.11057049330643992,0.13783381733594383,300.54669315818956,100963.12869730387
2018-04-14,Jhang,0.03729713985076097,0.13356041109222946,302.1534756758575,100767.06284495174
2018-04-15,Jhang,1.4104877082925618,0.13130835051488718,303.1114588292006,100716.03884841928
2018-04-16,Jhang,1.3783895026934738,0.13028978577949346,301.1427849782845,100983.52677800268
2018-04-17,Jhang,0.0,0.13335026707566133,300.5777479084945,101175.21601856101
2018-04-18,Jhang,0.0,0.13823998687050518,301.3406403594161,100850.38755361234
2018-04-19,Jhang,0.01447902026434085,0.13833271338920458,300.95814251110306,100437.6969034914
2018-04-20,Jhang,0.6061026576761168,0.20327373391363926,294.52282798822614,100576.11133095573
2018-04-21,Jhang,0.0,0.19754051871001185,295.88160633686454,101173.30395757138
2018-04-22,Jhang,0.0,0.1791816737440827,298.60356200228443,101053.67811573106
2018-04-23,Jhang,0.0,0.16343238430954704,301.3172143365088,100800.65513614802
2018-04-24,Jhang,0.0,0.15055732071745895,303.60958076946014,100513.2103847871
2018-04-25,Jhang,0.0,0.14092811834251384,304.1946652035998,100280.12208318234
2018-04-26,Jhang,0.0,0.13442501916840058,305.47687494630094,100284.3508633801
2018-04-27,Jhang,0.0,0.13003759746201576,306.8448721809725,100402.94230062318
2018-04-28,Jhang,0.0,0.12711765405410033,306.49219670283327,100424.75820484976
2018-04-29,Jhang,0.0,0.12705815363558715,306.49732164692847,100116.07180895888
2018-04-30,Jhang,0.0,0.127140857804065,307.1709460215916,99923.89421908169
2018-05-01,Jhang,0.09465982502610702,0.12791649004978764,306.90702943209226,100185.80587060573
2018-05-02,Jhang,2.002436576304965,0.13089603180765153,305.1558068246619,100324.94944454855
2018-05-03,Jhang,0.0,0.13320760186805775,304.77977691053,100574.2654343549
2018-05-04,Jhang,0.13137809224515892,0.13428770121002098,304.2935882715023,100606.98063582786
2018-05-05,Jhang,1.5702388528613276,0.14049818187723345,304.7206537663995,100577.41690400756
2018-05-06,Jhang,1.4796436485637003,0.14047172337494904,303.6422694705529,100692.86781683953
2018-05-07,Jhang,0.7193082341522948,0.14164649134240367,301.35808409426494,100602.11181625813
2018-05-08,Jhang,1.37984735858489,0.19406368571010163,299.85341729598883,100521.0729849547
2018-05-09,Jhang,0.0,0.18536195149951468,302.90076474314003,100660.16049343377
2018-05-10,Jhang,0.0,0.16587480975363672,305.06078179509103,100645.07470155085
2018-05-11,Jhang,0.07644783472555977,0.1518019483206424,307.2802570579637,100280.9235876462
2018-05-12,Jhang,0.027285102276064514,0.1601541059444453,305.21825697057534,100352.92524157156
2018-05-13,Jhang,0.9264444889552654,0.16251477226912106,304.00419545550017,100538.54352449099
2018-05-14,Jhang,1.950378594365872,0.15622689248856392,304.7606901642215,100391.99435727308
2018-05-15,Jhang,0.0,0.15139040931477843,304.68152005143094,100462.10744142672
2018-05-16,Jhang,0.0,0.141930482925603,304.2799642571586,100366.72070358583
2018-05-17,Jhang,0.2134714544596905,0.1378825406893086,305.0784927051741,100372.90936536239
2018-05-18,Jhang,0.0,0.13640816563916094,305.02077783918907,100278.74403891685
2018-05-19,Jhang,0.0,0.13420124024597077,303.7081921668841,100424.92635858344
2018-05-20,Jhang,0.0,0.13037987284243707,304.6118433022508,100520.18854196505
2018-05-21,Jhang,0.0,0.12746368672296565,305.63844393587743,100513.30626637855
2018-05-22,Jhang,0.0,0.12530207570488172,305.9329208027428,100506.24750370758
2018-05-23,Jhang,0.0,0.12375876624606129,306.0985600820372,100347.41664305546
2018-05-24,Jhang,0.0,0.1227415062702505,306.51415890204146,100182.65135589761
2018-05-25,Jhang,0.0,0.122268312654308,307.3613048487765,100123.67995055862
2018-05-26,Jhang,0.0,0.12187975087035595,307.156572555911,99940.15118184172
2018-05-27,Jhang,0.0,0.12154635150663456,307.51528711796936,100014.36517756326
2018-05-28,Jhang,0.0,0.12131565073893553,308.5121470576316,99680.45801488927
2018-05-29,Jhang,0.0,0.12117542025252924,308.65479996378315,99425.71001929617
2018-05-30,Jhang,0.0,0.12108874874660792,308.5531848313367,99719.18271912601
2018-05-31,Jhang,0.0,0.1210139571166554,309.43746113092743,99839.7042780869
2018-06-01,Jhang,0.0,0.1209805152244448,309.85460505598627,99890.25666099299
2018-06-02,Jhang,0.0,0.12095255294961463,308.6649913887274,99982.4896717217
2018-06-03,Jhang,0.0,0.12089208159556593,309.33061024672446,99726.82522477166
2018-06-04,Jhang,0.0,0.1208282520718872,310.5130045274705,99706.07834382057
2018-06-05,Jhang,1.0399492640615673,0.12567451291731085,309.69901000170995,100009.32915090241
2018-06-06,Jhang,0.0,0.12679801356415166,308.1828089616151,100181.34889662822
2018-06-07,Jhang,0.0,0.1248744252850225,309.1756488558499,99717.0125312299
2018-06-08,Jhang,0.0,0.12353990474600085,310.3503998683944,99345.60813764988
2018-06-09,Jhang,23.5134828824591,0.1623201698213136,306.1004337477422,99486.99522070594
2018-06-10,Jhang,0.0,0.2124668157424659,304.97561026068973,99573.25392481417
2018-06-11,Jhang,0.0,0.18600743938234607,307.2971455370037,99298.65905042931
2018-06-12,Jhang,0.0,0.16469007982344058,308.6278533518105,99014.02368660257
2018-06-13,Jhang,0.0,0.14996375209573434,308.58380737691704,98989.47146037317
2018-06-14,Jhang,0.0,0.14073879643483672,308.22254710400097,99072.18504952555
2018-06-15,Jhang,0.0,0.13485611833910993,307.440922033269,99283.38461388566
2018-06-16,Jhang,10.27103394136747,0.1330100317548966,306.79317728517674,99569.87258296745
2018-06-17,Jhang,0.0,0.13424761733786786,304.9958567060825,99852.13070460752
2018-06-18,Jhang,0.0,0.16536670169527953,303.694531983547,99953.80460455352
2018-06-19,Jhang,0.0,0.15495071304844005,305.8124531325008,99899.98570530264
2018-06-20,Jhang,0.0,0.14899616755112943,306.71794453775317,100041.12104648376
2018-06-21,Jhang,0.0,0.14484336020545863,307.2846450813377,99934.57647054791
2018-06-22,Jhang,0.44000587214585907,0.1486149002662012,307.6531936171022,99859.67064080983
2018-06-23,Jhang,0.0,0.14929845238355502,307.5019155261001,99881.87368365336
2018-06-24,Jhang,0.0,0.14259388611089444,308.12285878261406,99707.89668798874
2018-06-25,Jhang,0.0,0.13716704854509082,308.9511826087569,99394.47609220693
2018-06-26,Jhang,0.0,0.13296225930076702,308.38385473251293,99376.14651946256
2018-06-27,Jhang,0.0,0.13742303364502448,305.02174921815896,99855.19557871854
2018-06-28,Jhang,0.0,0.13895272915573884,303.5917083301964,100104.78670892803
2018-06-29,Jhang,0.8906444704300783,0.16763588025890902,300.54654927432483,100088.36652208533
2018-06-30,Jhang,29.7318383455397,0.17832576611519171,301.09391121931435,100049.91670862261
2018-07-01,Jhang,0.0,0.1684784866345524,305.7281220077253,99671.3340368419
2018-07-02,Jhang,0.0,0.15416634694731715,308.4840490519758,99231.6449037189
2018-07-03,Jhang,10.42744017571473,0.14774983630527036,306.1286785056258,99405.31302058749
2018-07-04,Jhang,0.8027883797935214,0.1836558123862888,302.6980623660347,99688.78536624921
2018-07-05,Jhang,0.0,0.2517227590420917,302.91248432257856,99936.97664175983
2018-07-06,Jhang,0.0,0.22065031677004035,305.361993586267,99830.0341512816
2018-07-07,Jhang,0.0,0.19166126527871644,307.4943214618452,99670.86407687736
2018-07-08,Jhang,0.0,0.1692801231692772,308.95640678291744,99472.49334559002
2018-07-09,Jhang,0.0,0.15294328046034952,309.4777728922308,99431.99379481735
2018-07-10,Jhang,0.0,0.1418193373468554,309.5986151369471,99457.97300422995
2018-07-11,Jhang,0.0,0.13516713593404633,309.1235025487252,99377.95586302203
2018-07-12,Jhang,0.0,0.13114714688660206,308.82234123923234,99330.29061530971
2018-07-13,Jhang,0.07660417837378043,0.13230602735375208,307.34416034469234,99520.67965116147
2018-07-14,Jhang,0.0,0.13312763819400447,307.4969953921016,99495.16156304773
2018-07-15,Jhang,0.0,0.1339453461986996,307.7309905160649,99494.68415949724
2018-07-16,Jhang,18.263522175647406,0.1592820065849243,306.19466612031965,99574.54478185352
2018-07-17,Jhang,6.877089534170195,0.24797229399763535,304.0093835704063,99707.95504725052
2018-07-18,Jhang,0.3129027598571751,0.2876852896054768,304.74357483746917,99766.006094324
2018-07-19,Jhang,6.370653002820371,0.288440956310214,305.32981188032824,99705.8594432004
2018-07-20,Jhang,8.445329165481981,0.3073188481472355,304.5153805001574,99643.9748042991
2018-07-21,Jhang,0.0,0.30657941611724143,305.26940825473883,99610.43439069396
2018-07-22,Jhang,0.0,0.29456486959597844,304.3394831756486,99671.56906277384
2018-07-23,Jhang,0.0,0.32315201907039154,304.2524196599855,99730.03216241061
2018-07-24,Jhang,0.005959146388994838,0.3565861727476791,304.1120793548322,99762.05808672348
2018-07-25,Jhang,0.0,0.30357801051288064,306.2486053510596,99483.50902483445
2018-07-26,Jhang,1.6925934062993628,0.2861274083991129,304.97116109867795,99586.51189030432
2018-07-27,Jhang,9.248746814234055,0.2793993933764668,303.45478534491644,99656.14997451041
2018-07-28,Jhang,0.0,0.32330287376747613,303.9354178766492,99711.91000260162
2018-07-29,Jhang,0.06936172916849893,0.31721800060191424,303.71156051519006,99754.97400432684
2018-07-30,Jhang,0.0,0.29055557198260706,305.054216019713,99649.33690520824
2018-07-31,Jhang,0.0,0.25675530744217445,306.8444779979454,99474.62347562899
2018-08-01,Jhang,0.0,0.22761217268792577,307.05102279044854,99494.76074248373
2018-08-02,Jhang,0.0,0.2030807574276644,307.1385817311923,99695.08607653406
2018-08-03,Jhang,0.0,0.1826781803550129,307.7109285776747,99674.4856450019
2018-08-04,Jhang,0.0,0.16656636074775497,307.53391746245313,99630.35746196574
2018-08-05,Jhang,0.0,0.15434665706289558,307.8381249365446,99527.045986025
2018-08-06,Jhang,0.3173480337794113,0.1459083228833592,307.10426020245905,99521.68639694418
2018-08-07,Jhang,0.0,0.14763854972239937,305.66384747659765,99769.43888112388
2018-08-08,Jhang,0.0,0.22937834460666165,303.60640829956054,100041.93081767797
2018-08-09,Jhang,0.04659901317721924,0.24087039897751164,304.2774395009928,100214.54342047879
2018-08-10,Jhang,0.01348590326886185,0.21870226785419214,306.23842906991547,99968.50063407923
2018-08-11,Jhang,0.0,0.19386061639327298,308.21411173412264,99437.53210079325
2018-08-12,Jhang,0.0,0.17414838867245785,307.66738750008136,99202.72888684309
2018-08-13,Jhang,0.0,0.16024185915342673,307.2702075264546,99467.3598163277
2018-08-14,Jhang,0.0,0.15426293997908305,306.17138242451017,99690.40198076062
2018-08-15,Jhang,8.861990736148737,0.21437600321476483,304.568066529644,99934.03070650337
2018-08-16,Jhang,7.419436622394814,0.3037469912685882,304.34072294803855,100068.45836800404
2018-08-17,Jhang,0.12371859462836922,0.2652883059827919,305.5978610217808,99803.13719365113
2018-08-18,Jhang,1.3406727782829275,0.2983507719552823,304.69654003209604,99798.00796628009
2018-08-19,Jhang,0.07874976873217152,0.2666923549049981,305.7841055493748,99755.95445214277
2018-08-20,Jhang,1.7826210098145412,0.24413269692530604,306.29348858158687,99827.26609476634
2018-08-21,Jhang,2.903570739640083,0.23164137292615702,305.32174209019047,99857.96089326197
2018-08-22,Jhang,0.3998833941458658,0.21890851214243645,306.50672844529913,99739.51498828742
2018-08-23,Jhang,0.0,0.19764559601130768,307.14744789839,99726.3754797726
2018-08-24,Jhang,0.0,0.17908651016840332,307.17881055588447,99658.42108371735
2018-08-25,Jhang,0.6203229416569472,0.1642578955638577,306.7196328803461,99642.58507538386
2018-08-26,Jhang,0.0,0.15689700736297924,305.89292803440367,99732.94255341227
2018-08-27,Jhang,0.0,0.15407908588129865,306.28157510999245,99959.52957105901
2018-08-28,Jhang,0.0,0.14516076012274443,307.73957477151123,100024.81151148924
2018-08-29,Jhang,0.0,0.13788080374565892,307.93924396751953,100032.58512752155
2018-08-30,Jhang,0.0,0.1331865140371107,308.3764012587764,99749.23113297972
2018-08-31,Jhang,0.0,0.1301117115221544,307.6569382125822,99815.9709426822
2018-09-01,Jhang,0.0,0.12796595864637375,306.65809057396564,100040.00921995599
2018-09-02,Jhang,0.0,0.12652713660731402,306.55626493918527,100021.29312318828
2018-09-03,Jhang,0.07553497451337483,0.1279733365692656,306.07213028283513,100111.77421429985
2018-09-04,Jhang,0.0,0.12824678845854348,306.9586946853716,100126.17719015422
2018-09-05,Jhang,0.0,0.1271884756465303,306.93247633258795,100031.27223069531
2018-09-06,Jhang,0.0,0.12611109395546657,307.1601963430867,100039.94413755726
2018-09-07,Jhang,0.0,0.12715324482343537,306.3353719294398,100249.76541987211
2018-09-08,Jhang,0.0,0.12791752756584154,306.0519161359369,100370.24903255492
2018-09-09,Jhang,0.05644207114200025,0.12680765580325784,305.686307681455,100493.20650552759
2018-09-10,Jhang,0.0,0.1258914715902992,306.0417461375336,100555.04966489636
2018-09-11,Jhang,0.0,0.12527260335732177,307.088853755336,100371.51927358938
2018-09-12,Jhang,0.0,0.12464626276297663,306.57802823574866,100058.43679350708
2018-09-13,Jhang,0.0,0.12376756117467573,305.13222131777667,100090.28610513074
2018-09-14,Jhang,7.363698445821281,0.12390882019830189,304.76856817156573,100437.59309222171
2018-09-15,Jhang,5.219248050151738,0.12695950085073152,302.22902570055874,100708.1534672133
2018-09-16,Jhang,0.0,0.1278178402435907,303.04806306229904,100598.96631795808
2018-09-17,Jhang,0.0,0.12643610065947972,304.7763012369142,100471.26888834943
2018-09-18,Jhang,0.0,0.1250403224862738,305.78394493834935,100426.85963858527
2018-09-19,Jhang,0.0,0.12394524593491059,305.97542240644606,100380.88851631747
2018-09-20,Jhang,0.0,0.12315937220398679,305.55673456203266,100465.94372703828
2018-09-21,Jhang,0.0,0.12271983402221386,305.3748425752395,100724.58348913211
2018-09-22,Jhang,0.0,0.12281647248387971,303.45941799047296,100885.45861552673
2018-09-23,Jhang,0.0,0.12278899341603697,301.5848001582771,100866.13531274219
2018-09-24,Jhang,0.0,0.12246461396608055,301.5540461235018,100754.36595041321
2018-09-25,Jhang,0.0,0.12218970699139507,302.564949102932,100720.21470932408
2018-09-26,Jhang,0.0,0.12205131356585192,303.8384069177475,100638.10341286362
2018-09-27,Jhang,0.0,0.1243445550188551,303.3938776139861,100694.22791176186
2018-09-28,Jhang,0.044588069329307894,0.14020882703719895,301.9015768417735,100821.47070727231
2018-09-29,Jhang,0.0,0.14714722186188017,301.6933518199644,100999.48398423016
2018-09-30,Jhang,0.0,0.1431559412110845,302.8135762789873,100822.94951011572
2018-10-01,Jhang,0.0,0.14166727687165345,302.43321697283926,100788.14756853739
2018-10-02,Jhang,0.0,0.14013175073329417,302.7993316798681,100838.99759824012
2018-10-03,Jhang,0.0,0.14211965131450519,301.4903400857055,100825.05326740444
2018-10-04,Jhang,0.0,0.14158060416569704,300.9917603265726,101067.43858962633
2018-10-05,Jhang,0.0,0.1370164434124467,300.6186352210923,101219.74613495989
2018-10-06,Jhang,0.0,0.1346003661745592,301.05254287462157,101097.59082291277
2018-10-07,Jhang,0.0,0.13224446748215804,301.62115213697854,100969.54929018927
2018-10-08,Jhang,0.0,0.1331740221646742,301.0438466403428,100736.53788018422
2018-10-09,Jhang,0.0,0.13728970061746001,299.0200076176228,100940.07644131924
2018-10-10,Jhang,0.0,0.134269322736874,298.8298518380256,100928.2154137104
2018-10-11,Jhang,0.0,0.13198391704157955,298.733559351191,101115.26313344733
2018-10-12,Jhang,0.0,0.13014570470191467,298.60863432368336,101296.40125425524
2018-10-13,Jhang,0.0,0.12857557949464868,299.1460742373564,101281.5148932282
2018-10-14,Jhang,0.0,0.12741567126172992,299.1583390441033,101142.83869026799
2018-10-15,Jhang,0.0,0.12642024997453724,299.34588214411343,101127.98911769225
2018-10-16,Jhang,1.0461672343490231,0.1254727276594596,298.54836962208475,101019.67548698767
2018-10-17,Jhang,0.0,0.12477187701482459,297.8273369600986,101047.58279001224
2018-10-18,Jhang,0.0,0.12409628151585655,297.9775437294789,101071.97948326744
2018-10-19,Jhang,0.0,0.12386346500057324,297.31814905309955,101266.94470475294
2018-10-20,Jhang,0.0,0.12355339980491599,297.203876268769,101462.81641217467
2018-10-21,Jhang,0.0,0.12309745395048419,297.16421260617506,101508.26055236526
2018-10-22,Jhang,0.0,0.1229178323336109,297.7671150143144,101262.56225142398
2018-10-23,Jhang,0.0,0.12272835238559791,297.0616668804161,101263.89769651197
2018-10-24,Jhang,0.0,0.12245113457190919,296.86324667596017,101320.68491154483
2018-10-25,Jhang,0.0,0.12278632588803168,297.2185155924524,101532.82512181271
2018-10-26,Jhang,0.0,0.12397546725437213,297.69917533236594,101673.88185216468
2018-10-27,Jhang,0.0,0.12367281960419406,297.8727022511938,101666.10454409487
2018-10-28,Jhang,0.0,0.12325468730552563,298.2017733300591,101611.37050114386
2018-10-29,Jhang,0.0,0.12291544229229143,298.47445097131083,101498.78456601367
2018-10-30,Jhang,0.0,0.12264809459580114,298.85812224586624,101451.08199635989
2018-10-31,Jhang,0.0,0.12253571366664309,298.58594082996876,101511.04558788206
2018-11-01,Jhang,0.0,0.12345202034746854,298.0393691089875,101254.83325293238
2018-11-02,Jhang,0.0,0.12438914429418618,295.0545040988935,101279.04269766
2018-11-03,Jhang,0.0,0.1244420765563443,292.6160271672333,101404.89349415633
2018-11-04,Jhang,0.0,0.12422640999971184,291.98912836617177,101621.04438555388
2018-11-05,Jhang,0.0,0.12385135964658228,292.4577010742946,101622.01669672049
2018-11-06,Jhang,0.0,0.12349280253289939,293.0541457258571,101579.00039629954
2018-11-07,Jhang,0.0,0.1231792936436826,293.83325980626154,101475.74144098214
2018-11-08,Jhang,0.004100971153176281,0.1229284284291815,294.2449660418587,101466.19073412052
2018-11-09,Jhang,0.0,0.12271710820678977,294.1949728573037,101365.45208092825
2018-11-10,Jhang,0.0,0.12254637419981247,294.932597365792,101440.33813281545
2018-11-11,Jhang,0.0,0.12255339228361033,294.9528315987276,101536.7352221068
2018-11-12,Jhang,0.0,0.12397512888733467,294.35929987866035,101335.45489373375
2018-11-13,Jhang,0.0,0.1961565083166394,291.8054295642638,101127.4893128139
2018-11-14,Jhang,0.0,0.20534453176183232,292.2172235111759,101308.27738495987
2018-11-15,Jhang,0.0,0.19457742118301855,291.78748411220795,101778.08270785585
2018-11-16,Jhang,0.0,0.18582117021393868,292.1093712238325,101467.67664876422
2018-11-17,Jhang,0.0,0.1784752913233991,293.0435191134583,101180.7583986547
2018-11-18,Jhang,0.0,0.17153890308596687,293.7857464169937,101312.73429652999
2018-11-19,Jhang,0.0,0.1652399854897792,293.52027030577625,101665.38272112719
2018-11-20,Jhang,0.0,0.15980723655111218,292.99149548772056,101760.54001967533
2018-11-21,Jhang,0.0,0.15495700020372064,293.1332094950093,101647.6408477704
2018-11-22,Jhang,0.0,0.15314484251167346,291.92832304822844,101812.40924370769
2018-11-23,Jhang,0.0,0.1503970531808333,292.3653812969037,102059.25981664365
2018-11-24,Jhang,0.0,0.146827816193084,293.1400552328313,101714.8975988194
2018-11-25,Jhang,0.0,0.14411078299020175,293.3853115439781,101612.46027498187
2018-11-26,Jhang,0.504147941125022,0.14174742277960709,293.37707237156553,101577.29252123415
2018-11-27,Jhang,2.277063136268479,0.13985280167612238,292.81303993403907,101742.61156267895
2018-11-28,Jhang,0.0,0.13806204003117786,292.7987312702318,101872.33388121851
2018-11-29,Jhang,0.0,0.1363999577205694,292.774891305463,101969.64788083725
2018-11-30,Jhang,0.0,0.13481431329519666,292.3192525793124,101820.6201809443
2018-12-01,Jhang,0.0,0.13355915306972738,291.3103031919742,101430.90879132047
2018-12-02,Jhang,0.0,0.13246776570481672,291.6984231094836,101428.17188105642
2018-12-03,Jhang,0.0,0.13148215365447075,291.4103829773659,101592.3672546471
2018-12-04,Jhang,0.0,0.13067706937606802,291.00884402832884,101727.24646569225
2018-12-05,Jhang,0.0,0.12994964991163682,290.64098306212054,101392.1544665202
2018-12-06,Jhang,0.0,0.12941739800439567,290.1581180346902,101503.20257070717
2018-12-07,Jhang,0.0,0.12893783012348223,290.16792255784225,101539.2625443961
2018-12-08,Jhang,0.0,0.1284280160438081,290.28771849059075,101623.23532901552
2018-12-09,Jhang,1.6087176126602696,0.14470549938120425,290.6109744504005,101450.40918525012
2018-12-10,Jhang,0.0,0.26670123574326776,287.85243440908965,101549.8560136948
2018-12-11,Jhang,0.0,0.24895793598457097,287.0178503468532,101755.44537253745
2018-12-12,Jhang,0.0,0.2336012476306781,286.49460711959136,101940.46331424428
2018-12-13,Jhang,0.0,0.22325477905249425,285.9976078789767,102270.36076218021
2018-12-14,Jhang,0.0,0.21421361253748175,286.2200858269487,102465.56160417858
2018-12-15,Jhang,0.0,0.20574572022930585,285.5015780786756,102386.01314608683
2018-12-16,Jhang,0.0,0.19850315094551302,285.56656658233845,102327.57208939677
2018-12-17,Jhang,0.0,0.19236956010532372,286.0149082380901,102142.14744925253
2018-12-18,Jhang,0.0,0.18688300941478678,286.7582100430178,101892.9740906965
2018-12-19,Jhang,0.0,0.18179934686999794,286.2818080278039,101790.59857168888
2018-12-20,Jhang,0.0,0.17732722274384424,285.98594261098367,101897.94143719028
2018-12-21,Jhang,0.029666320818926416,0.17320470130523782,286.51794439964647,101735.71580290026
2018-12-22,Jhang,1.127030623929879,0.1693943220015954,286.1654130417145,101725.44627336184
2018-12-23,Jhang,0.0,0.16599247152293403,285.14311613270417,101918.60943108759
2018-12-24,Jhang,0.0,0.16281881007423674,285.1807639426635,101883.35327804273
2018-12-25,Jhang,0.0,0.159817707071582,285.60015226843285,101710.73681230827
2018-12-26,Jhang,0.0,0.15729005882107777,285.1992108683195,101519.16258895026
2018-12-27,Jhang,0.0,0.15493616382298372,284.58204658743415,101837.0090372105
2018-12-28,Jhang,0.0,0.15272622381306733,284.99405327277435,101758.97570380694
2018-12-29,Jhang,0.0,0.15073870525017014,285.5915326786385,101929.9402522414
2018-12-30,Jhang,0.0,0.14884604731837922,285.94074191183734,102158.79234270197
