Date,Location,precipitation_mm,soil_moisture,temp_2m,sea_level_pressure
2019-01-01,Islamabad,6.365729017085525,0.2558798551534151,284.0387773524057,101991.69096341969
2019-01-02,Islamabad,0.0,0.2908088379417398,282.1393362591449,102296.5376766348
2019-01-03,Islamabad,0.0,0.2881413986060111,281.4619137336944,102301.09953077396
2019-01-04,Islamabad,8.346138789803284,0.2873551117461906,282.421655703651,101995.47068225354
2019-01-05,Islamabad,0.0,0.3486284868288553,280.60943180891036,102190.2786928459
2019-01-06,Islamabad,0.0,0.34017782882184605,280.578911618065,102104.48815637651
2019-01-07,Islamabad,0.0,0.3265266817429505,280.96541951570816,102165.2065607095
2019-01-08,Islamabad,0.0,0.31592862492897955,281.96224144881865,101831.95106947163
2019-01-09,Islamabad,0.0,0.3069461737626925,281.14135819301947,101813.9046715844
2019-01-10,Islamabad,3.512452006920054,0.30448524778432395,281.61395485879325,101774.67429111627
2019-01-11,Islamabad,4.405204575555418,0.3169853105270824,282.4582213286626,102025.36805291081
2019-01-12,Islamabad,3.3456092820118317,0.40963068318204743,281.33529990526705,102008.56945312857
2019-01-13,Islamabad,0.0,0.3875119544354153,279.7366107866779,102462.05024249981
2019-01-14,Islamabad,0.0,0.36335719085467166,279.77396696983857,102105.22123148385
2019-01-15,Islamabad,12.138536365104512,0.3486524339952613,282.11849860100733,101785.34194848177
2019-01-16,Islamabad,4.495352254222433,0.3427466335461134,281.2788278266519,101884.75166403301
2019-01-17,Islamabad,0.0,0.3354569710164893,281.68986396479636,101855.88773852085
2019-01-18,Islamabad,4.04460632953381,0.3359790951067323,281.81331140295777,101874.35079087752
2019-01-19,Islamabad,2.719730936197818,0.33888374641893404,284.60620217101217,101806.03095016142
2019-01-20,Islamabad,8.309460611787022,0.3412020638780015,284.4556255855772,101738.28418266274
2019-01-21,Islamabad,29.025589102531303,0.43332817862629547,282.7125218602048,101428.0390255531
2019-01-22,Islamabad,0.6335742975678799,0.4473936303171851,281.7514036843628,101581.22839492581
2019-01-23,Islamabad,0.23970081386502848,0.43703296082519943,280.7495916429979,102055.93498512171
2019-01-24,Islamabad,0.0,0.42122479539493385,280.2812757786234,102202.80128802698
2019-01-25,Islamabad,0.0,0.413577555403071,279.75303210613436,102150.3091385396
2019-01-26,Islamabad,0.0,0.4031112028147997,279.44556374181485,102457.54510545511
2019-01-27,Islamabad,0.0,0.39160736737605356,279.3869586255226,102350.18198531507
2019-01-28,Islamabad,0.0,0.3819724163276124,279.2024830442666,102328.35045942094
2019-01-29,Islamabad,12.346118780704813,0.37376639098274567,281.5608179020619,102092.4793662038
2019-01-30,Islamabad,15.421724484120888,0.3949571313187729,282.3036293964019,102110.39813517458
2019-01-31,Islamabad,9.11256894661565,0.45099877159774715,281.46181315481533,102102.1927247937
2019-02-01,Islamabad,0.0,0.42739400709985226,281.7627748603259,102214.41290932943
2019-02-02,Islamabad,0.0,0.40992750144399803,282.6664242940103,102002.49651242272
2019-02-03,Islamabad,0.0,0.3969824962989788,283.60536213512955,102044.05213851691
2019-02-04,Islamabad,21.438221921439844,0.3892371315998253,284.2446925423888,102007.79326450308
2019-02-05,Islamabad,0.6637316583302363,0.3928038997655062,284.77247992575656,101744.91587218916
2019-02-06,Islamabad,3.576323096594204,0.4424772910903518,281.937226510555,101368.39050208045
2019-02-07,Islamabad,4.541317328202882,0.45209288726122493,281.62723476579976,101092.98328932862
2019-02-08,Islamabad,0.8317406495614569,0.4344770390089021,281.10363100821615,102025.67962319816
2019-02-09,Islamabad,3.6688444138462257,0.4175549345051316,282.30779059568266,101984.7438067704
2019-02-10,Islamabad,0.478611455890211,0.40423720450308265,284.5220771765729,102018.06649168977
2019-02-11,Islamabad,0.0,0.39391381936478576,285.9074457044925,102102.38169378946
2019-02-12,Islamabad,12.339703369756434,0.38927797007549536,286.19181554973375,102210.40248354441
2019-02-13,Islamabad,1.9951509184870089,0.3944922578417387,286.47024773498316,102000.10148434302
2019-02-14,Islamabad,5.974220314399264,0.4309787344043904,282.99521524964365,101703.86303949624
2019-02-15,Islamabad,0.0,0.4160417656766012,282.8580626618598,101824.72299498941
2019-02-16,Islamabad,0.6276912690943647,0.400943387834574,283.7290191060603,101852.9904779939
2019-02-17,Islamabad,2.204714473362515,0.4005384306272836,284.6619229038804,101346.02574739385
2019-02-18,Islamabad,11.957608736269872,0.427362928213712,282.08670729267277,101136.34913927852
2019-02-19,Islamabad,0.0,0.41291704071319246,283.5001768102323,101690.5090505775
2019-02-20,Islamabad,28.15166373138164,0.4341202726172311,284.3711700350696,101815.19467338908
2019-02-21,Islamabad,0.0,0.44247846597755897,283.1685184979614,101806.79446954154
2019-02-22,Islamabad,0.0,0.4199887744155984,283.328762545324,101917.60827085517
2019-02-23,Islamabad,0.6403593021549115,0.40479219663973076,284.30445312636573,101521.98050942713
2019-02-24,Islamabad,0.0,0.4055058313345205,284.0321943447208,101183.97607437418
2019-02-25,Islamabad,2.1360497528661795,0.4179682849657778,282.9722307469824,101285.12602385633
2019-02-26,Islamabad,0.0,0.44925162833873816,280.5224307784768,101435.09596503964
2019-02-27,Islamabad,0.0,0.42464661289941497,281.06531780101795,101333.95512546324
2019-02-28,Islamabad,1.4388479072700382,0.41112109126688773,283.1841755529713,101625.90374364791
2019-03-01,Islamabad,7.739913473284962,0.41491438996180563,283.0139439750668,101818.50047675753
2019-03-02,Islamabad,8.082513602519015,0.4471217221330369,282.45458740050617,101839.99949766375
2019-03-03,Islamabad,0.0,0.4353081076958259,283.9823943598344,101503.22269870344
2019-03-04,Islamabad,0.040751661807007296,0.4216327797914269,284.40596585639986,101103.80957479765
2019-03-05,Islamabad,0.0,0.4116899167333295,284.9072975230508,101186.43310615704
2019-03-06,Islamabad,0.21602230799278924,0.400248229902062,285.7357015047276,101193.94407761983
2019-03-07,Islamabad,1.6811799897454152,0.3988865368717477,284.7626933763561,101436.53286109946
2019-03-08,Islamabad,0.0,0.39147283171786373,284.98313242705416,101633.92543291861
2019-03-09,Islamabad,0.0,0.37912645080200047,285.6607966229982,101554.40583150498
2019-03-10,Islamabad,4.14300666244189,0.3676458735504528,287.75032954846057,101341.22463593056
2019-03-11,Islamabad,5.8419925856571835,0.4380539151711632,283.46935979664363,101697.24669467058
2019-03-12,Islamabad,0.0,0.42943704456586473,285.59921043713075,101875.58577798869
2019-03-13,Islamabad,3.1905288003833303,0.4151211990213738,285.8724838856044,101723.32336275354
2019-03-14,Islamabad,2.5376907689992803,0.4199086416322945,284.5829193294253,101969.89944110658
2019-03-15,Islamabad,0.0,0.4103601587031372,286.0594062343467,102041.22587933698
2019-03-16,Islamabad,0.0,0.39544603719198573,288.01622343251984,101698.0420054653
2019-03-17,Islamabad,0.0,0.38313464327112795,288.83293469718006,101517.84070223331
2019-03-18,Islamabad,2.9763878823454193,0.374144512867661,289.8639683115377,101450.48447305146
2019-03-19,Islamabad,4.377298436740115,0.42916585644030186,286.52590286492324,101266.92969389464
2019-03-20,Islamabad,2.071545515518593,0.44033686412502365,286.0357145787897,101422.82095693979
2019-03-21,Islamabad,0.0,0.41810896260285213,287.767167872358,101668.2972497982
2019-03-22,Islamabad,1.7537637592787678,0.4005582786117022,288.57764294621865,101709.36146143594
2019-03-23,Islamabad,5.785052663453481,0.3962680737491942,287.22479274775105,101698.01492016614
2019-03-24,Islamabad,0.6085959118432008,0.38563813287636867,289.0401873555097,101452.42091828756
2019-03-25,Islamabad,0.0,0.371439582377511,290.1719468582099,101377.94103162942
2019-03-26,Islamabad,0.18310580075364458,0.35766109109038696,290.19558483733977,101471.71532779039
2019-03-27,Islamabad,2.651644878089089,0.3467734170050728,291.78194759724454,101500.77119013175
2019-03-28,Islamabad,2.2815900230455415,0.3365338976736322,292.91196556409915,101352.83953165499
2019-03-29,Islamabad,13.903373704471152,0.32951760865576146,292.46729059132485,101113.0555308848
2019-03-30,Islamabad,3.2337099603262045,0.36700556612259794,289.6557778546135,101317.4873616622
2019-03-31,Islamabad,0.03210555151363094,0.3522840460587813,290.97895891019215,101166.76242695878
2019-04-01,Islamabad,0.0,0.3305515389743626,291.74151342443804,101054.68462950754
2019-04-02,Islamabad,0.0,0.3131490294576593,293.45673365787593,101100.73964917465
2019-04-03,Islamabad,0.03813501328282757,0.29754294488728283,294.65320506320035,100960.39443870503
2019-04-04,Islamabad,1.8846499995403403,0.2835569455292485,295.9127885684825,101062.76553405372
2019-04-05,Islamabad,0.4536664180386782,0.28262941697778854,295.50228898318136,100994.00539851526
2019-04-06,Islamabad,0.0,0.2833810708294869,295.0273587314742,100928.91681362544
2019-04-07,Islamabad,7.349445795667029,0.27214886157651735,295.84558317406965,100828.32758926948
2019-04-08,Islamabad,0.0,0.25932895202507195,295.03791967080946,100900.65133996574
2019-04-09,Islamabad,5.8064605010373835,0.2580213098776227,295.9952812145389,100938.50084409528
2019-04-10,Islamabad,2.8644085046208674,0.28352193208063386,294.9838591351519,101157.87847052491
2019-04-11,Islamabad,4.210861164130053,0.2720738953133065,295.66337351128055,101106.65289422381
2019-04-12,Islamabad,1.366516450274761,0.26550065947629153,295.478087953104,101175.51814627291
2019-04-13,Islamabad,3.8818787199555063,0.3242883425087196,293.40840646224734,101358.95414921161
2019-04-14,Islamabad,1.726168049598238,0.3191490521139763,294.8472530943271,101245.32090187464
2019-04-15,Islamabad,3.3995042650161107,0.29852752361164936,296.0464226984927,101000.21203844757
2019-04-16,Islamabad,24.863069673291626,0.3780424043653865,291.8571349570664,101086.25149883764
2019-04-17,Islamabad,4.962058152764769,0.4379152674655688,288.94978809456444,101407.9998834751
2019-04-18,Islamabad,0.0,0.413634327393864,291.216321273211,101430.81025547386
2019-04-19,Islamabad,0.0,0.3912678204340523,292.92955449989415,101055.85524866705
2019-04-20,Islamabad,0.0,0.3740271121521443,294.4862693568746,100787.66645481392
2019-04-21,Islamabad,0.7467652697484246,0.36042461985338187,295.21959285748534,100699.07858186302
2019-04-22,Islamabad,0.14966515162909294,0.34390654286430034,296.48904491474485,100746.09408039087
2019-04-23,Islamabad,3.981748428331068,0.33692159963937385,297.6235328899705,100884.58114754331
2019-04-24,Islamabad,8.240782903218777,0.388886892918254,295.0577646086682,101246.91036851724
2019-04-25,Islamabad,1.088558383326994,0.3679270531032466,296.21585529481155,101142.38594162097
2019-04-26,Islamabad,0.0,0.3520679697648475,295.8708983878655,101141.79215573984
2019-04-27,Islamabad,0.0,0.32680499329077717,296.12076546246607,100982.96619071439
2019-04-28,Islamabad,0.0,0.30463716360870463,296.1390244954317,100835.41132132182
2019-04-29,Islamabad,6.1544725180355275,0.2866516080900876,297.20283156962176,100633.34388286692
2019-04-30,Islamabad,2.396444773750988,0.2798565314139984,295.88267072038957,100706.75042560026
2019-05-01,Islamabad,1.5166669540020177,0.26801969478384496,296.2987709586338,100583.03619165228
2019-05-02,Islamabad,0.579964287267701,0.2593609664149347,295.3558711478569,100749.76545021255
2019-05-03,Islamabad,0.0,0.25066100692939824,295.1189079596038,100990.91115435008
2019-05-04,Islamabad,0.0,0.23718839347052625,295.63791152195796,100952.23450111694
2019-05-05,Islamabad,0.0,0.22292657209509154,296.43111847549716,100828.30279716705
2019-05-06,Islamabad,0.0,0.21033263332606403,297.45726878286024,100618.13662904712
2019-05-07,Islamabad,0.0,0.19985372961301998,298.97792397423143,100471.2974725456
2019-05-08,Islamabad,1.6392103667842717,0.1913465382181051,299.92332099102845,100529.65444812654
2019-05-09,Islamabad,0.007529971197462307,0.18651433436474826,300.3434399324695,100407.73376430987
2019-05-10,Islamabad,0.0,0.18811848010629154,299.5532637960365,100523.329946768
2019-05-11,Islamabad,0.011430163971317792,0.19346218815427796,298.4344165176888,100888.2108032121
2019-05-12,Islamabad,0.03682934290324892,0.1905085446121798,298.979136698919,100664.23041030992
2019-05-13,Islamabad,3.514040038398211,0.19474067865502126,298.96093078023375,100552.09520940388
2019-05-14,Islamabad,0.0,0.1974456859907396,298.9590457046154,100617.51657744929
2019-05-15,Islamabad,3.8280865246122815,0.19310499451512544,298.81453282640166,100843.8331071518
2019-05-16,Islamabad,0.0,0.22870316782327696,296.34077148390656,100984.40045927878
2019-05-17,Islamabad,7.681657410498441,0.2633780073997057,296.53385456003065,100882.59385657769
2019-05-18,Islamabad,0.0,0.25937075803790616,297.26011906691014,100846.69409680384
2019-05-19,Islamabad,4.559385965055954,0.2419716258810312,298.07527282212595,100924.18472294063
2019-05-20,Islamabad,0.0,0.2256322962802687,298.41850184459,100963.26248628701
2019-05-21,Islamabad,0.0996777788634667,0.20842270496035298,299.92286808423955,100711.72894273508
2019-05-22,Islamabad,2.4523081733403,0.19537759926913495,301.14480586668685,100496.35219343996
2019-05-23,Islamabad,7.697106425083817,0.19350093523357728,298.02397385266335,100707.02567349994
2019-05-24,Islamabad,7.578108289634151,0.36330036792261045,294.3017619619873,100909.33757133596
2019-05-25,Islamabad,0.0,0.3348621341347462,296.5115683890698,100662.45812846732
2019-05-26,Islamabad,0.0,0.2950800562245333,298.18270385689783,100488.8826863831
2019-05-27,Islamabad,0.0,0.2625794268969148,298.62703498010137,100535.86343418898
2019-05-28,Islamabad,0.0,0.2359667624164989,299.81346970106944,100397.41759412942
2019-05-29,Islamabad,0.0,0.2139758121509618,301.2317890652768,100189.06190138863
2019-05-30,Islamabad,0.0,0.19682035385020127,302.86846722037694,100088.16274306817
2019-05-31,Islamabad,0.0,0.19069456625170506,303.3172170905511,100107.6681430045
2019-06-01,Islamabad,0.0,0.19015154597805256,303.07890639696035,100170.42359374293
2019-06-02,Islamabad,0.3336577596955419,0.18493147536597485,303.82185300546837,100130.50709878471
2019-06-03,Islamabad,0.0,0.1787548768013148,304.67389652706726,100096.61416175934
2019-06-04,Islamabad,0.24259551098020268,0.2068362523471053,301.0221401943042,100414.25668846066
2019-06-05,Islamabad,2.0058063830854915,0.22867662334605482,300.84084956458366,100382.08502839226
2019-06-06,Islamabad,0.02974555788486403,0.2285790097282877,300.81040940090963,100498.24975096346
2019-06-07,Islamabad,0.0,0.2121495859844812,301.8272634357361,100557.02470470875
2019-06-08,Islamabad,0.4254923633975974,0.19856690090555815,302.8484742246416,100357.2858804454
2019-06-09,Islamabad,0.0,0.18738020758904725,303.70660262591895,100090.99679485359
2019-06-10,Islamabad,13.648957615242141,0.17968701206822688,305.6243040533165,99772.45110393173
2019-06-11,Islamabad,17.623577645018933,0.18661806489552035,302.3736390845903,99824.48894860393
2019-06-12,Islamabad,0.3822214907681241,0.23099591542549355,299.9180503778602,100216.89962051233
2019-06-13,Islamabad,9.483285773690495E-8,0.21180993117535604,301.5409016968774,100255.19587238811
2019-06-14,Islamabad,6.7607501177215754E-6,0.19482635941079793,302.97709923478044,100011.6750112262
2019-06-15,Islamabad,0.3824719128031088,0.18804028635812992,303.42363872672337,100029.24590492988
2019-06-16,Islamabad,0.0,0.18191923670233662,303.4261287796875,99953.61372159349
2019-06-17,Islamabad,0.0,0.19262067127446075,303.0198805628631,99949.10345212246
2019-06-18,Islamabad,0.0,0.1953116696168519,301.24584047761783,100128.72768973671
2019-06-19,Islamabad,0.0,0.18755078219967003,302.3784549395347,100112.9185561707
2019-06-20,Islamabad,0.0,0.19969693343010878,302.3441892126084,100307.77459422321
2019-06-21,Islamabad,0.0,0.22319711212166995,301.3442653447387,100398.45203222342
2019-06-22,Islamabad,0.0,0.21411402260585172,303.4735551775158,100194.3629251029
2019-06-23,Islamabad,0.0,0.1961715772196652,304.18231224581154,100281.36895882123
2019-06-24,Islamabad,0.0,0.19158911718388452,301.65027303746143,100537.81957960082
2019-06-25,Islamabad,0.0,0.18576996988473415,302.9141402123213,100349.67146751794
2019-06-26,Islamabad,0.0,0.178661527765646,304.1382592097315,100029.96330494578
2019-06-27,Islamabad,0.0,0.17541002727434127,303.97445226412043,99768.0120447001
2019-06-28,Islamabad,0.0,0.17537747461856912,305.1375602540433,99701.03022578837
2019-06-29,Islamabad,8.428109206214868,0.1752017484637769,304.95876779172204,99642.76994530433
2019-06-30,Islamabad,0.0,0.1750620640657891,305.0724567416338,99761.57104610976
2019-07-01,Islamabad,0.0,0.17431613173959024,305.13455710446385,99791.37825950106
2019-07-02,Islamabad,0.0,0.17090675610502745,306.83346159931256,99841.64555563928
2019-07-03,Islamabad,0.0,0.16769743868445744,307.8487971322052,99783.82661017576
2019-07-04,Islamabad,0.0,0.16696449643948716,307.6933836209043,99665.80359401289
2019-07-05,Islamabad,0.0,0.18561755534475874,303.7942996282175,99568.47850967442
2019-07-06,Islamabad,16.13497620466749,0.2733767998649855,301.944864089515,99592.0499622005
2019-07-07,Islamabad,0.0,0.27458627402530367,303.4137118127348,99635.71265304554
2019-07-08,Islamabad,0.0,0.2533584065538723,304.6100068668181,99532.79735779695
2019-07-09,Islamabad,2.3950668297839153,0.270132455812362,301.9437502319995,99575.23802919373
2019-07-10,Islamabad,85.62358756614175,0.2957458277815331,302.12339580450254,99541.25426594968
2019-07-11,Islamabad,64.29600773687702,0.3188278763511019,301.91896336149415,99622.07225399028
2019-07-12,Islamabad,36.848623342628095,0.39265185149960974,300.49985296953594,99831.93109681233
2019-07-13,Islamabad,1.0669805250835258,0.3876007310730474,300.4699914828837,99861.54829319382
2019-07-14,Islamabad,0.0,0.36646788676048553,300.2012675021105,99740.1766088258
2019-07-15,Islamabad,0.0,0.3893806871872685,299.09050452792513,99745.35580748945
2019-07-16,Islamabad,0.0,0.3915102479637573,298.98579323075506,100073.98121319516
2019-07-17,Islamabad,0.0,0.3626772074644255,300.16830769307705,100173.59143086943
2019-07-18,Islamabad,0.0,0.391858958089259,298.7353495550325,100235.84310449447
2019-07-19,Islamabad,0.0,0.38397724142417633,300.00537371632913,100312.56795855405
2019-07-20,Islamabad,0.0,0.35594551696217636,301.9145600922847,100319.4470443875
2019-07-21,Islamabad,0.0,0.34240551924941476,301.63736269357054,100283.04813794565
2019-07-22,Islamabad,0.0,0.3513353100097363,302.09716997124485,100174.60984820491
2019-07-23,Islamabad,10.112137175003127,0.32619195597856215,303.3246784502495,99998.25123701175
2019-07-24,Islamabad,17.24612870302452,0.3160005064410894,303.67075672435567,99731.15306332703
2019-07-25,Islamabad,33.326774745828594,0.42959801333591685,298.0549014680423,100006.11606132907
2019-07-26,Islamabad,0.0,0.40079615111891154,299.7039295645407,99907.55037430086
2019-07-27,Islamabad,0.0,0.41612388106399884,298.6564539743891,100073.44607737257
2019-07-28,Islamabad,0.0,0.4199938801068441,299.28338430880893,100339.16270114765
2019-07-29,Islamabad,0.0,0.41283329884800274,301.0374857672236,100312.76297796547
2019-07-30,Islamabad,0.0,0.38482737556015667,302.1449696297387,100085.95159525484
2019-07-31,Islamabad,0.0,0.38767542548566514,299.58337862867825,100106.815124298
2019-08-01,Islamabad,42.0163142890474,0.42268340635644425,298.6239856299142,100071.00243920811
2019-08-02,Islamabad,3.0821794556550137,0.4010954710828392,299.95120090761986,99950.4454460773
2019-08-03,Islamabad,12.117357983627553,0.4043375747604572,300.3691497631755,100010.70617134568
2019-08-04,Islamabad,0.0,0.37993699836855266,301.5988584879559,99823.16346069136
2019-08-05,Islamabad,0.0,0.3643737935384578,302.1717845590112,99630.07286077255
2019-08-06,Islamabad,18.202958756148867,0.3862566302136458,300.9355379612323,99650.64100050872
2019-08-07,Islamabad,14.854677616332927,0.43883992075538825,298.52548418046086,99874.90494051544
2019-08-08,Islamabad,0.0,0.4082449465091565,301.8134281533483,99751.31195538801
2019-08-09,Islamabad,32.06976622202935,0.4402377453691364,299.7084019337883,100036.29379774678
2019-08-10,Islamabad,0.6767011034630162,0.42284308202200943,299.0614231870211,100202.4956740115
2019-08-11,Islamabad,0.0,0.4008232577136584,300.72211839500324,100141.15516219706
2019-08-12,Islamabad,0.0,0.3868731971890946,301.64675408082735,100004.04481982689
2019-08-13,Islamabad,3.5030855500439526,0.41585373599126,300.1883072935126,100098.74912428664
2019-08-14,Islamabad,21.075022917100423,0.4392561080259801,298.91410303201843,100384.81588952587
2019-08-15,Islamabad,0.0,0.41352546156693204,301.229608886342,100244.13196662838
2019-08-16,Islamabad,36.1619890081265,0.4267952392695159,299.2909282482642,100159.91745309159
2019-08-17,Islamabad,0.0,0.4331937069193455,298.3655280192333,100269.59611318268
2019-08-18,Islamabad,16.018583919953088,0.42168016184936274,299.2445489363228,100411.55627621815
2019-08-19,Islamabad,0.0,0.41749476806808106,298.52336484971397,100682.57502536551
2019-08-20,Islamabad,0.0,0.38972790582066585,298.99067255082906,100517.85314908656
2019-08-21,Islamabad,0.0,0.36812601567521736,299.63951861570166,100321.4335967697
2019-08-22,Islamabad,0.0,0.34900457895575643,300.3158487425442,100375.60095323087
2019-08-23,Islamabad,1.2389132910072709,0.3341351894868819,300.6850296245901,100371.92418382806
2019-08-24,Islamabad,0.0,0.3189000897331425,301.38316967056835,100300.98682806319
2019-08-25,Islamabad,0.0,0.31303580329523445,300.9799747552619,100400.0305657712
2019-08-26,Islamabad,0.846603661907044,0.32068871022853623,299.58697360801443,100576.8088049515
2019-08-27,Islamabad,0.0,0.3032324918177663,301.2803819563656,100400.79636484814
2019-08-28,Islamabad,0.0,0.28574330333349895,302.1677066160919,100490.7079884953
2019-08-29,Islamabad,0.0,0.271466738855382,302.8827542422705,100465.02578114344
2019-08-30,Islamabad,16.519771281381967,0.27175532238325845,301.195966950077,100283.97748688384
2019-08-31,Islamabad,0.0,0.2714042233956031,301.597343740613,100061.54831699621
2019-09-01,Islamabad,0.16279578086412771,0.2730420741873301,301.5365100803816,100289.06404360024
2019-09-02,Islamabad,0.0,0.36125978483118776,300.32785883146863,100348.3816891711
2019-09-03,Islamabad,0.0,0.32374695339644943,302.30770528467025,100141.9748966907
2019-09-04,Islamabad,0.0,0.3128155099489664,302.0835575872042,100056.33034927642
2019-09-05,Islamabad,27.0356289319466,0.2936392300682547,301.69125153486317,100133.8612330044
2019-09-06,Islamabad,5.79288285450018,0.2949074040081104,300.8402871287481,100088.23810131135
2019-09-07,Islamabad,14.11358170771489,0.3063994267680965,300.51049983155417,100214.17567165256
2019-09-08,Islamabad,0.0,0.2918503332410549,301.1114767862785,100306.93489346496
2019-09-09,Islamabad,0.0,0.26952884251913123,302.208381617387,100102.42216879917
2019-09-10,Islamabad,0.0,0.2498779425529168,303.02391843154106,100059.6977254189
2019-09-11,Islamabad,0.0,0.2343051635687603,302.9599259785775,100223.55199783432
2019-09-12,Islamabad,0.4182408773298994,0.22652727009436135,302.9267088875462,100318.47166134731
2019-09-13,Islamabad,14.78730584843185,0.22613806894617566,301.89420448966314,100520.62356972737
2019-09-14,Islamabad,0.0,0.23193580009670137,301.07398095795236,100563.00024299715
2019-09-15,Islamabad,0.0,0.2234042353286964,301.3388687614464,100515.2267351559
2019-09-16,Islamabad,0.0,0.24003712329717364,300.15249838710594,100390.40536682623
2019-09-17,Islamabad,0.0,0.22867196779984145,299.8636552101684,100548.84972936373
2019-09-18,Islamabad,0.0,0.2160111042313145,300.6070380915224,100864.35964570734
2019-09-19,Islamabad,0.16781536503175526,0.21817768736956633,298.5592159898726,101129.38704825267
2019-09-20,Islamabad,5.443654529980394,0.2922247974157006,296.75243447763035,101102.26671102672
2019-09-21,Islamabad,0.0,0.27721577272653264,298.88304543247625,100882.15792682237
2019-09-22,Islamabad,0.0,0.25944963767179324,299.5429338295872,101037.16413959124
2019-09-23,Islamabad,0.0,0.28180827839776057,299.00267887093804,101196.12218350694
2019-09-24,Islamabad,0.0,0.27165632308782556,299.44612605923027,101184.50307618744
2019-09-25,Islamabad,0.0,0.2709224442983356,298.8659644472452,101372.30198291344
2019-09-26,Islamabad,0.0,0.290866895809257,298.7228158012611,101343.64512471014
2019-09-27,Islamabad,10.748413722211865,0.30358722064543986,298.18951588831413,101217.07182732425
2019-09-28,Islamabad,41.568569298617966,0.3370389137373882,296.2786586194183,101095.75886797441
2019-09-29,Islamabad,2.6008792038227537,0.37282216320703115,295.3816861059597,101255.42723869992
2019-09-30,Islamabad,19.791341545181655,0.358794738450122,296.43638540837503,101040.94522546159
2019-10-01,Islamabad,0.0,0.4028272565324428,294.733950928426,101105.97518196361
2019-10-02,Islamabad,0.0,0.3653331862579704,295.74558185810815,101154.40647701052
2019-10-03,Islamabad,27.999970378375277,0.34484933780842875,295.0286143700749,101202.16582422925
2019-10-04,Islamabad,0.0,0.3284456854314845,294.18887738033925,101297.56899697603
2019-10-05,Islamabad,0.0,0.31028549934227495,294.762440290421,101245.29392706104
2019-10-06,Islamabad,0.3060607611468975,0.29690287042466074,294.60336961749545,101309.36961143196
2019-10-07,Islamabad,0.0,0.2840719525287477,294.4482289759601,101491.93116182474
2019-10-08,Islamabad,0.0,0.2716649596854806,295.17381728141993,101233.97606265068
2019-10-09,Islamabad,0.0,0.26537698619068245,294.59338785334876,101305.72462847018
2019-10-10,Islamabad,0.0,0.25664780350359384,295.18782439098953,101261.10168968269
2019-10-11,Islamabad,0.0,0.2463702697277452,295.33836286770116,101142.10123459596
2019-10-12,Islamabad,0.0,0.23817328376926725,295.54732145953864,101296.83144631611
2019-10-13,Islamabad,0.0,0.2297737780811769,296.2058606578759,101282.35201652093
2019-10-14,Islamabad,0.0,0.22300986670635345,296.4903669228212,101341.42477711051
2019-10-15,Islamabad,0.0,0.21705163236930874,296.4110832650046,101470.45220701087
2019-10-16,Islamabad,0.0,0.21103059805885274,296.48591301703675,101495.91451794204
2019-10-17,Islamabad,12.671709999772098,0.2208775352683991,294.82411129801017,101581.6187001927
2019-10-18,Islamabad,0.0,0.23467209968210131,293.22021085818824,101765.30538700489
2019-10-19,Islamabad,0.0,0.2313414143718769,292.5623251725744,101795.21001240566
2019-10-20,Islamabad,0.0,0.2253075074457841,293.18537822436195,101632.35707469816
2019-10-21,Islamabad,0.0,0.21719042384954973,293.2790278566486,101416.92637044698
2019-10-22,Islamabad,0.0,0.21006330342926166,293.9553978996465,101095.0476096755
2019-10-23,Islamabad,0.0,0.20783764576645586,292.8083337753427,101084.92033388659
2019-10-24,Islamabad,0.0,0.20417445841408444,293.1923235577729,101253.52703556285
2019-10-25,Islamabad,0.0,0.2014328834874033,292.478627498848,101369.3411480833
2019-10-26,Islamabad,0.0,0.19853485546522884,292.9737924339865,101505.42194178868
2019-10-27,Islamabad,0.0,0.1940631716984955,293.4222684197041,101356.7738350348
2019-10-28,Islamabad,0.0,0.19023069512073779,294.0332251378149,101423.76145106243
2019-10-29,Islamabad,0.0,0.18703590159927694,294.35346302224264,101462.25843846629
2019-10-30,Islamabad,0.0,0.1868239089910081,293.9230337485396,101398.72618521498
2019-10-31,Islamabad,0.0,0.1864659317756955,294.00969645655874,101334.83231634529
2019-11-01,Islamabad,0.3072688615445166,0.19063565926667977,291.72870640641014,101459.19559635193
2019-11-02,Islamabad,0.0,0.1917661459548985,292.4667474805594,101576.051260672
2019-11-03,Islamabad,0.0,0.1929875367870201,291.692851764603,101628.44402006788
2019-11-04,Islamabad,0.0,0.19135519230694434,291.6018521978176,101593.05158111562
2019-11-05,Islamabad,9.233330046592299,0.1972595607340152,292.31340121437967,101145.7254597761
2019-11-06,Islamabad,0.0,0.39543568747012514,288.12977093353453,101046.32319400551
2019-11-07,Islamabad,0.13689126409388658,0.4194995513592671,287.02316449134565,101459.13066744636
2019-11-08,Islamabad,0.0,0.38799102049093753,288.2698995197511,101839.74097500116
2019-11-09,Islamabad,0.0,0.3610664642504214,288.7791089139496,101627.54984283344
2019-11-10,Islamabad,0.0,0.3436837843017985,288.4425810737477,101490.74594294261
2019-11-11,Islamabad,0.0,0.330778598315596,288.2278470312333,101409.76146669377
2019-11-12,Islamabad,0.007558735052207118,0.32170253522547193,289.38621804445813,101545.34777046579
2019-11-13,Islamabad,2.034473044120091,0.3135185617831965,289.83740419929035,101773.80348565892
2019-11-14,Islamabad,2.22090954266495,0.3123214838133394,290.6000253508442,101876.72913173282
2019-11-15,Islamabad,11.822156653116501,0.39130030165062235,288.4842183213115,101929.21883703845
2019-11-16,Islamabad,0.0,0.40780588744753593,287.60552799538874,101989.60731449797
2019-11-17,Islamabad,0.0,0.38186557227924517,288.428054499846,101754.26766631809
2019-11-18,Islamabad,0.0,0.361638498236165,287.93449942165404,101509.91971111768
2019-11-19,Islamabad,1.4674265750389808,0.3482612095651366,287.81561796151277,101490.68777958884
2019-11-20,Islamabad,0.05574150325808452,0.3393527717538873,288.3935780703515,101620.4955777363
2019-11-21,Islamabad,5.5204521070631,0.33878342984937776,287.81301340101953,101936.31745266529
2019-11-22,Islamabad,8.713716843764502,0.34523051544666367,286.66458689172816,101974.42013174422
2019-11-23,Islamabad,0.0,0.34414685265966927,286.8361328741903,101899.76027266833
2019-11-24,Islamabad,0.0,0.3357828274203681,287.10234030675787,101708.81562095003
2019-11-25,Islamabad,0.0,0.32779590165564637,287.3291765177771,101785.80377164234
2019-11-26,Islamabad,0.0,0.3235986932296534,286.63615028450505,101824.79367518247
2019-11-27,Islamabad,0.0,0.3470606699308324,284.6955557162809,101820.33067220681
2019-11-28,Islamabad,0.0,0.34947230904680515,284.4706562458499,102020.15412484093
2019-11-29,Islamabad,0.0,0.33874369811757316,284.4150910206567,101992.90672462601
2019-11-30,Islamabad,0.0,0.3279530303156208,284.54168617578466,101858.54613392979
2019-12-01,Islamabad,0.0,0.31825906455958597,283.998506753226,101773.50894968392
2019-12-02,Islamabad,0.0,0.31002822237504957,283.8595476634053,101864.96393126738
2019-12-03,Islamabad,0.0,0.3026202388623093,284.05354721104936,101759.78828057503
2019-12-04,Islamabad,0.0,0.29643276095428267,284.68273079849746,101966.53399188872
2019-12-05,Islamabad,0.0,0.29136236715039937,284.41018413187373,102267.49881805338
2019-12-06,Islamabad,0.0,0.28630684579723176,284.303079583506,102175.76626375562
2019-12-07,Islamabad,0.0,0.2810538600715612,284.20945795680296,102025.68349267884
2019-12-08,Islamabad,0.0,0.27631667142653543,284.32830863749007,101954.95110215542
2019-12-09,Islamabad,0.0,0.2721566462233819,284.5609049158197,101873.61425732398
2019-12-10,Islamabad,1.7110293825859535,0.26966504955397275,285.4273016617113,101526.5057910765
2019-12-11,Islamabad,0.0,0.2756289880698875,284.4744963901582,101515.65786678354
2019-12-12,Islamabad,17.06338427522261,0.31280407640970226,283.7508102512282,101455.36834031538
2019-12-13,Islamabad,0.0,0.3706678029375019,283.07417109291134,101482.31291742926
2019-12-14,Islamabad,0.0,0.3802327214799692,281.6890730537875,102267.57209696584
2019-12-15,Islamabad,0.0,0.36764874074591086,281.58519671450557,102145.43513504103
2019-12-16,Islamabad,0.0,0.3492243428250743,281.7664763579986,102130.58286699673
2019-12-17,Islamabad,0.0,0.33624179610476346,281.2752737177092,102134.10074291757
2019-12-18,Islamabad,0.005824483621061367,0.32676878384988906,282.64295770353925,101933.23617651829
2019-12-19,Islamabad,0.0,0.319604624675273,281.8816903949719,101846.94861996101
2019-12-20,Islamabad,0.0,0.31552581890610937,282.24685780831055,101680.696798193
2019-12-21,Islamabad,0.0,0.31176636472827524,281.96318621870546,101896.5056198416
2019-12-22,Islamabad,0.0,0.3057977485781055,282.07210127239415,101934.51319360762
2019-12-23,Islamabad,0.0,0.29991168145215635,282.0706192467785,101732.85317075736
2019-12-24,Islamabad,0.0,0.29530728310529536,281.19284264467075,102034.34186144333
2019-12-25,Islamabad,0.0,0.29049441097175616,280.7266465712491,101834.44406589627
2019-12-26,Islamabad,0.0,0.2854805502088463,280.2719289825546,101759.17995287848
2019-12-27,Islamabad,0.0,0.28124142986884654,280.52605652197315,101897.0544810945
2019-12-28,Islamabad,0.0,0.2777882496584573,280.28445555603537,102005.4116637914
2019-12-29,Islamabad,0.0,0.2747800629650634,280.8690070413247,102014.34487084205
2019-12-30,Islamabad,0.0,0.2717772446776174,280.96765410460137,101941.24612838773
2019-12-31,Islamabad,0.0,0.27098586507870137,280.13318814189523,102169.7901655791
2020-01-01,Islamabad,0.408332122005917,0.26958107197700104,282.1076497786307,102343.11087454815
2020-01-02,Islamabad,4.805484128027626,0.2684259162713063,282.4948333276327,102291.61866821937
2020-01-03,Islamabad,0.0,0.2770925484584243,281.44197347023834,101952.52776846208
2020-01-04,Islamabad,0.0,0.2840485079520168,280.2760761373395,101942.81693931612
2020-01-05,Islamabad,14.335560699942693,0.28349052875470165,281.22819622744004,102094.78965365094
2020-01-06,Islamabad,37.16409004245774,0.37563212447346944,280.64852538418216,102151.29614032444
2020-01-07,Islamabad,0.0,0.41945127383941244,280.6331607244198,101808.88603896194
2020-01-08,Islamabad,0.0,0.38828731456666,279.2880945907794,101740.93131920442
2020-01-09,Islamabad,0.0,0.37050973221099764,279.1152855780868,102146.1376827452
2020-01-10,Islamabad,0.0,0.3576842886511157,279.83622711238553,102072.2254270923
2020-01-11,Islamabad,0.0,0.34965545209991894,282.07569002324914,102035.34612419573
2020-01-12,Islamabad,8.944014837469616,0.353420679467297,283.3473222807223,101707.36257126495
2020-01-13,Islamabad,28.599915682128422,0.44076480174215327,280.86967372331964,101093.26451197367
2020-01-14,Islamabad,0.0,0.4208494625878223,281.0374018771023,101765.13160142218
2020-01-15,Islamabad,0.0,0.40707433249925,281.36943577327287,101792.32038532807
2020-01-16,Islamabad,0.0,0.39531668589200564,281.6240342014884,101640.63301037929
2020-01-17,Islamabad,0.0,0.38608887489287297,281.24787517522924,101743.93885566822
2020-01-18,Islamabad,0.1779360357245256,0.3802734371993253,280.8910748824621,101982.81166194407
2020-01-19,Islamabad,0.0,0.37311328174241304,281.4044000684212,102017.34909345018
2020-01-20,Islamabad,0.0,0.3663600000929595,283.0051339883397,101785.3891702145
2020-01-21,Islamabad,0.0,0.4184092379034821,280.1691930683074,102282.90041167408
2020-01-22,Islamabad,0.0,0.40252836008647097,280.580811501113,102334.71451744463
2020-01-23,Islamabad,0.0,0.38560027099556654,280.75580074770056,102060.85451079423
2020-01-24,Islamabad,0.0,0.37446085366235254,281.9361318689995,101681.96213045958
2020-01-25,Islamabad,0.0,0.3735851718153852,281.6812990858555,101714.08208826908
2020-01-26,Islamabad,0.0,0.36921891814434804,282.3970770027308,101533.52604794287
2020-01-27,Islamabad,0.0,0.3629555559605725,283.7084649587187,101256.49680373506
2020-01-28,Islamabad,0.0,0.4448509319810148,281.46055863926426,101220.58976825746
2020-01-29,Islamabad,0.0,0.43515872552013135,281.2488406709265,101946.13637290546
2020-01-30,Islamabad,0.0,0.4207291586536806,281.0917850604997,101870.2508813975
2020-01-31,Islamabad,0.0,0.41041162780041957,281.46761580648166,101529.54791875089
2020-02-01,Islamabad,0.0,0.4008897994995812,281.2591671975393,102037.36097650744
2020-02-02,Islamabad,0.0,0.38984909122377925,281.7763945429322,102022.19235532437
2020-02-03,Islamabad,0.0,0.3804165790407464,282.33237852133834,101777.37722782901
2020-02-04,Islamabad,0.4635237226880408,0.3826187966080341,280.4573191289656,101953.93133412536
2020-02-05,Islamabad,0.0,0.3783498027702579,281.768642766948,101774.94394262142
2020-02-06,Islamabad,0.0,0.36986905732371034,281.4309513278287,101653.77025437962
2020-02-07,Islamabad,0.0,0.36203621773581507,281.5313134465982,102060.52353555147
2020-02-08,Islamabad,0.0,0.35399443181014645,282.0886055055586,102157.858898953
2020-02-09,Islamabad,0.0,0.3467560151555956,283.0682917167562,102153.22013266788
2020-02-10,Islamabad,0.0,0.33967220643557156,283.87113711087807,101936.5948143559
2020-02-11,Islamabad,0.0,0.342312162928162,285.42067762176015,102174.20052237283
2020-02-12,Islamabad,1.4131549882084344,0.34574311456053947,286.5257031221575,102113.31417540129
2020-02-13,Islamabad,0.0,0.3602051339638003,286.20253167132074,101757.43023921724
2020-02-14,Islamabad,0.0,0.35547136237347243,285.63568614120555,101499.97173630692
2020-02-15,Islamabad,2.1537084406218314,0.3413180124782624,285.5795276293987,101476.31238844866
2020-02-16,Islamabad,0.0036640619332856186,0.3288068338130235,286.3394037358329,101771.29379845734
2020-02-17,Islamabad,0.0,0.3178857612213782,286.02058898290085,101838.35557443953
2020-02-18,Islamabad,0.0,0.308367010964278,286.65579206239937,101364.37035747578
2020-02-19,Islamabad,2.808216787339731,0.32190970110520667,286.7430310874605,101322.1827544507
2020-02-20,Islamabad,9.279421694428008,0.3905311317218918,286.10444291205755,101715.56446955573
2020-02-21,Islamabad,0.0,0.36424880977282137,286.24435621651355,102065.67410993422
2020-02-22,Islamabad,0.0,0.34621225886445883,286.88581917643796,102199.745966745
2020-02-23,Islamabad,0.0,0.3325026760795472,287.18447258592687,101901.39311998378
2020-02-24,Islamabad,0.0,0.32166033289997836,287.4390778422958,101557.5634748306
2020-02-25,Islamabad,0.0,0.3114863495390672,287.9042673253348,101447.69573241609
2020-02-26,Islamabad,2.362902126112336,0.3002866652161739,288.5331282166165,101446.22801160133
2020-02-27,Islamabad,8.496609659237448,0.29652920060999577,290.72061006533534,101475.6002569233
2020-02-28,Islamabad,16.944220023853195,0.4287222709203015,286.4315373039365,101559.72478300783
2020-02-29,Islamabad,8.91661604980206,0.4514712387352566,286.02038509822296,101554.75376254776
2020-03-01,Islamabad,0.0,0.4225432595840509,287.43314532086754,101600.77550297564
2020-03-02,Islamabad,0.0,0.40208637042746176,288.03155721617856,101388.09697077784
2020-03-03,Islamabad,0.0,0.38670056674269127,288.38537365700006,101155.08087186239
2020-03-04,Islamabad,4.434856406923891,0.403080250125388,287.84076132372564,101136.07578775127
2020-03-05,Islamabad,16.95187352230656,0.4416726693925931,285.6721422814046,101234.9264418541
2020-03-06,Islamabad,8.244536724982193,0.4467847610819873,285.10111487152983,101183.5074913459
2020-03-07,Islamabad,0.0,0.44836692456765587,284.45449807976274,101538.3603597779
2020-03-08,Islamabad,0.0,0.4418461315231415,284.48087002914366,101930.92247574295
2020-03-09,Islamabad,0.0,0.4200209854005939,285.59281297760947,101421.44279406921
2020-03-10,Islamabad,0.051670674482800674,0.40528515604438464,286.6872257563814,101143.34826392049
2020-03-11,Islamabad,1.5919848893913966,0.4221098689383331,287.24662491977915,101023.9672305574
2020-03-12,Islamabad,0.981827562564685,0.44574707594090307,285.32163134422495,101419.97300138415
2020-03-13,Islamabad,0.0,0.4284096821726327,286.28356522880523,101668.7511236841
2020-03-14,Islamabad,0.0,0.41605957644395525,286.29226604266984,101735.85669457112
2020-03-15,Islamabad,0.0,0.4037723480835675,287.4285302273983,101846.03422138609
2020-03-16,Islamabad,0.0,0.39156638405602884,289.05475991954654,101718.54829106227
2020-03-17,Islamabad,0.014351009764226168,0.3806361625340297,289.56171733792075,101718.84960502308
2020-03-18,Islamabad,0.0,0.37101690298632106,290.0191325461081,101475.57115055592
2020-03-19,Islamabad,0.0,0.3646951679780608,289.90540149005744,101222.4110079834
2020-03-20,Islamabad,15.621764875478513,0.37131197042405795,290.5417109703628,101263.45355663962
2020-03-21,Islamabad,2.5175196031101468,0.42789710335431297,288.6206824116904,101434.62774153348
2020-03-22,Islamabad,0.0,0.40016299174553394,289.92806340207886,101497.5576595965
2020-03-23,Islamabad,9.639042371747538,0.40409955206034903,290.4497279793287,101338.72242728563
2020-03-24,Islamabad,7.966047289025532,0.44077855409209876,288.46389760449676,101404.7360440066
2020-03-25,Islamabad,22.102512148467294,0.4236858903294726,289.5635477969251,101484.8590726746
2020-03-26,Islamabad,5.699417796609162,0.40757385372904104,290.81658950985366,101443.1557750188
2020-03-27,Islamabad,52.62443431245209,0.43589043161538144,287.20829641062795,101284.07806993484
2020-03-28,Islamabad,10.795852465788084,0.4441918204599859,286.86816877786333,101717.49635220088
2020-03-29,Islamabad,0.0,0.42048923025286933,289.22693853161604,101481.92390423926
2020-03-30,Islamabad,2.871888588646913,0.40672773467280665,289.67513423633625,101438.32068765347
2020-03-31,Islamabad,21.68179332685798,0.44370748354439543,287.5261479651924,101439.08961478555
2020-04-01,Islamabad,3.7453596841253063,0.4361460315972118,288.6726186951315,101475.19779611548
2020-04-02,Islamabad,0.0,0.4200280979812139,288.4672399056013,101427.6166094937
2020-04-03,Islamabad,0.2764565101517027,0.4035441791651862,289.97972145957743,101377.85171703764
2020-04-04,Islamabad,0.508472830465061,0.38776951212892596,291.30973800274205,101317.92092041917
2020-04-05,Islamabad,4.565081463255394,0.39924472169730235,290.44558422564,101505.90618285605
2020-04-06,Islamabad,1.3348220581518537,0.40228817296068264,291.470789765776,101476.52552500168
2020-04-07,Islamabad,6.25879561640351,0.3966026748202285,289.24136618546726,101326.43058879202
2020-04-08,Islamabad,0.2631480330947335,0.3793264421158261,291.27739062394625,101346.6075052721
2020-04-09,Islamabad,14.56312629866581,0.3636399250991236,292.4392151020976,101313.2543757247
2020-04-10,Islamabad,0.0,0.3490249304550036,292.2653520930836,101497.4029663414
2020-04-11,Islamabad,5.59209359476562,0.3338997629411481,294.1905573172338,101507.19006710127
2020-04-12,Islamabad,1.1151430266956521,0.3197619188799132,294.95863484330914,101114.75356324748
2020-04-13,Islamabad,3.4693203534442905,0.30747014353430085,296.58468330637385,100976.96775669593
2020-04-14,Islamabad,20.769566568648106,0.33867143925845256,295.7956339644857,101054.3867004542
2020-04-15,Islamabad,1.9792636243216442,0.388337567636312,294.7713943302372,101108.91198778758
2020-04-16,Islamabad,1.8444293029831647,0.3645470436353731,294.8154299279821,100957.68505439727
2020-04-17,Islamabad,22.633559574269263,0.4071237391690327,290.2905906306432,101098.19073285662
2020-04-18,Islamabad,0.0905984300290149,0.44102353704051017,289.1773841708673,101292.96191055428
2020-04-19,Islamabad,0.16075970100828518,0.4139800871468199,291.72324212908245,101180.83218205742
2020-04-20,Islamabad,0.0,0.40367295270676407,292.34712203392144,101151.89893734935
2020-04-21,Islamabad,0.0,0.3926498103795535,292.37126533372185,101145.53987995087
2020-04-22,Islamabad,0.0,0.37528968946223223,293.46132001457187,100936.31352847478
2020-04-23,Islamabad,0.0,0.35710513748789496,294.7519244171378,100813.50192017472
2020-04-24,Islamabad,0.0,0.34170793602682786,295.68650102912414,100663.96748527809
2020-04-25,Islamabad,3.917480744561407,0.33474631433320845,295.58583753915167,100798.85711910557
2020-04-26,Islamabad,0.0,0.33939485921578283,295.1007871916773,100997.11977058792
2020-04-27,Islamabad,16.217736822733432,0.34906991318498615,293.90453604439915,101432.55581651304
2020-04-28,Islamabad,0.28246532071526304,0.36116816649764305,293.66754408115276,101419.64784315175
2020-04-29,Islamabad,17.98160611915857,0.3417188310399832,296.43039530203515,101015.40826360785
2020-04-30,Islamabad,0.0,0.32041216823928337,296.85251892927903,100982.3801317158
2020-05-01,Islamabad,4.534345099428472,0.3177675522107547,298.0510837455248,100747.58322190042
2020-05-02,Islamabad,16.80812112165448,0.34602307883739064,296.5194954939133,100868.11542115243
2020-05-03,Islamabad,4.189968036795415,0.4057183232076941,294.30768044449945,101037.72398722774
2020-05-04,Islamabad,14.922995205210889,0.38229682396991693,295.4163736903942,101128.96000458993
2020-05-05,Islamabad,0.0,0.35771729321549417,294.9481304610402,100924.84693134407
2020-05-06,Islamabad,0.0,0.33593510839129714,295.068858702699,100866.9792582051
2020-05-07,Islamabad,0.0,0.31482094281360107,295.85741713647894,100937.88518101157
2020-05-08,Islamabad,0.8361406578253737,0.29522350718289025,298.2475832074029,100733.98714921731
2020-05-09,Islamabad,9.6072113577587,0.2869622303082063,298.1889350723947,100836.5965291909
2020-05-10,Islamabad,0.7720202082235911,0.2827742735046125,298.0826541689931,100909.1314316084
2020-05-11,Islamabad,8.190065887559674,0.2796206681090478,297.08989482926097,101103.7233438537
2020-05-12,Islamabad,1.176866832639656,0.2711333594785431,297.83904893912234,101011.09307181065
2020-05-13,Islamabad,14.950845175586073,0.26459737396691263,297.49738931738995,100777.16281021212
2020-05-14,Islamabad,13.495411143004347,0.35622158379833946,293.15999562758446,101080.7931728462
2020-05-15,Islamabad,0.0,0.37444048646440575,295.71028512246966,100880.67804087467
2020-05-16,Islamabad,0.37557803164789977,0.3427546726391195,296.8359631372774,100659.19286405515
2020-05-17,Islamabad,9.973583556030347,0.32260037528095814,297.3488783845111,100617.79407733564
2020-05-18,Islamabad,0.0,0.3015916817778014,296.7261008358227,100516.77094464778
2020-05-19,Islamabad,0.0,0.28180465384846404,296.3840551199553,100568.90111508688
2020-05-20,Islamabad,0.0,0.2623727360835366,297.91386394351247,100377.71457002302
2020-05-21,Islamabad,1.8475375589915353E-6,0.24318740678430206,299.613174560192,100144.24704708747
2020-05-22,Islamabad,0.993357461209263,0.22789258267236082,301.47803477247305,100206.14468916264
2020-05-23,Islamabad,2.4102458160465963,0.2340895012521361,301.0075884228048,100466.13402038053
2020-05-24,Islamabad,5.925058052182424E-4,0.22929953190227034,300.67568859323944,100515.23846367541
2020-05-25,Islamabad,1.230611520973454E-4,0.21357445752057108,301.94308329026757,100278.55402920512
2020-05-26,Islamabad,0.0,0.20120774930400898,302.70721050165463,100140.43737743562
2020-05-27,Islamabad,0.0,0.19320966887600197,303.3818289458831,99941.90235423016
2020-05-28,Islamabad,0.0,0.20620343510708108,301.9356471385465,100082.9869278909
2020-05-29,Islamabad,0.0,0.2308033719159008,299.08453622439,100509.93438118152
2020-05-30,Islamabad,0.0,0.2790346293509898,296.8135613303608,100814.40733851348
2020-05-31,Islamabad,0.0,0.29290591195073695,296.3921142892274,100920.75623870276
2020-06-01,Islamabad,3.5890473202009825,0.29363364485835114,297.0453328746745,100939.51191716218
2020-06-02,Islamabad,4.675847758066606,0.3244088565394542,296.6524057311546,100769.29070877004
2020-06-03,Islamabad,0.37396812405931723,0.328062275195316,297.6904393166142,100599.50402188682
2020-06-04,Islamabad,0.3826169694543596,0.30377222371979923,299.26561926251554,100437.13667807286
2020-06-05,Islamabad,8.836389780966096,0.28149349174541716,300.01902674554606,100303.72253812639
2020-06-06,Islamabad,0.0,0.28115529902585984,297.59743971269046,100384.25294793893
2020-06-07,Islamabad,0.0,0.2729193416094316,299.4751515958253,100348.42567911306
2020-06-08,Islamabad,0.0,0.262721203096028,300.88736149916815,100296.38546735026
2020-06-09,Islamabad,0.0,0.2522482745162052,301.7799695719675,100374.75489333707
2020-06-10,Islamabad,0.0,0.23737013815402402,302.0757501895708,100252.89772946884
2020-06-11,Islamabad,1.3894106980062035,0.22500094277774207,301.98486944959575,100190.65280647481
2020-06-12,Islamabad,8.216886000610256,0.22108031120772703,302.3600321679182,100099.1343017456
2020-06-13,Islamabad,2.0254564024699424,0.2223730645986295,301.8002741136289,100207.31197492722
2020-06-14,Islamabad,0.0,0.20866621350308978,302.80798754957266,100193.96714138742
2020-06-15,Islamabad,7.872540567654988E-9,0.19510847660673153,303.247183769228,99900.15805116296
2020-06-16,Islamabad,0.0,0.18511291266719998,303.6698447243048,99696.80276590423
2020-06-17,Islamabad,0.0,0.17797764864046398,304.53777211355634,99622.60439497973
2020-06-18,Islamabad,0.0,0.17874565223965738,304.402621428916,99772.59969916675
2020-06-19,Islamabad,0.0,0.17692797327786797,304.4004798301572,99967.37537053513
2020-06-20,Islamabad,0.0,0.17233016448184074,304.4141470501315,100035.72342023446
2020-06-21,Islamabad,0.0,0.16912483528265232,305.42971005079175,99923.05053025954
2020-06-22,Islamabad,0.0,0.16707413384449396,305.2587359568927,99956.81024481602
2020-06-23,Islamabad,30.172362816490434,0.19366275627244134,304.47250743722765,100349.60139801516
2020-06-24,Islamabad,0.0,0.3872415909107909,300.4070194804043,100445.2014726905
2020-06-25,Islamabad,0.0,0.36991860834636076,300.4928115761,100168.90757795803
2020-06-26,Islamabad,0.7473724737839975,0.3291687145692549,301.52587951991615,100015.25781321053
2020-06-27,Islamabad,0.0,0.3046506158619622,302.62865262140474,99886.44304132942
2020-06-28,Islamabad,14.87607254374212,0.2876358114623052,302.4212007357359,99917.60341091242
2020-06-29,Islamabad,0.0,0.26797747343488154,302.18211451051343,100166.25882250129
2020-06-30,Islamabad,0.0,0.24456747541713414,303.3918786677924,100184.56668708226
2020-07-01,Islamabad,0.0,0.22295485409744487,303.82090403460387,100008.07164578694
2020-07-02,Islamabad,0.0,0.204873073674386,305.2862628216129,99739.88959510425
2020-07-03,Islamabad,0.0,0.1914831221662917,306.3070083532761,99670.52761463495
2020-07-04,Islamabad,39.53770151867299,0.2711894764316998,301.9067440821364,99840.73191305534
2020-07-05,Islamabad,0.0,0.3252198745465954,300.0964533300903,99936.33520069283
2020-07-06,Islamabad,0.0,0.2841530838996828,302.6596945203972,99934.12654288967
2020-07-07,Islamabad,0.0,0.25820642463536386,303.4158451012151,100198.07643787518
2020-07-08,Islamabad,0.0,0.24545524809606378,302.9785886042644,100267.20481248012
2020-07-09,Islamabad,0.0,0.22854446290400288,303.78923486891716,99849.8454953873
2020-07-10,Islamabad,0.0,0.2113971801274882,304.9965238238835,99610.06740186326
2020-07-11,Islamabad,16.375734601739182,0.21693403734263214,303.58722014435386,99659.07714732736
2020-07-12,Islamabad,0.0,0.24344420504237899,301.4596035358748,99940.78971688704
2020-07-13,Islamabad,0.0,0.23494757921921613,303.3042526228059,99897.49344191943
2020-07-14,Islamabad,0.0,0.21424345491459126,304.8412383059881,99959.3137416301
2020-07-15,Islamabad,1.1102830959176269,0.22941281368955319,303.51695078582554,100101.95435419603
2020-07-16,Islamabad,0.4443686812523851,0.2758939163751306,301.59761846111974,100103.89309014198
2020-07-17,Islamabad,0.7923084165426456,0.26108929317792906,303.06935398921195,100203.50773114574
2020-07-18,Islamabad,0.3840280095746575,0.24317060165887505,304.55960212376056,100165.1023799509
2020-07-19,Islamabad,0.01187531558221034,0.23177501956648905,304.0411156423404,99919.04119156706
2020-07-20,Islamabad,11.197689372842373,0.2751110474084289,300.8941455155181,99757.57975670444
2020-07-21,Islamabad,0.0,0.392832842905727,297.47703858084526,100259.52525962326
2020-07-22,Islamabad,0.0,0.3591528998866383,300.15560398830655,100248.87985070597
2020-07-23,Islamabad,0.0,0.3127136900048643,302.2407596860708,100115.84991161157
2020-07-24,Islamabad,0.0,0.28788471940363386,302.51163198481964,100500.28001831716
2020-07-25,Islamabad,17.17473548737204,0.3104575290749032,301.324082606714,100717.42265230666
2020-07-26,Islamabad,15.893203103023557,0.3159783106771181,301.4960772183732,100581.6752076844
2020-07-27,Islamabad,0.0,0.31275082595813863,302.7061074073181,100200.04457114558
2020-07-28,Islamabad,0.42428759653427,0.2847335533489137,304.4738431668058,99942.45101085391
2020-07-29,Islamabad,16.4750943820737,0.3019799337762494,302.2189653336847,100066.79529338708
2020-07-30,Islamabad,17.23804483252806,0.35634001819950073,300.088370748506,100297.41138278162
2020-07-31,Islamabad,0.9712968259666297,0.36514228830746165,300.41247570930096,100224.53438693675
2020-08-01,Islamabad,0.0,0.39157735834327995,300.40010913023013,100212.04971707182
2020-08-02,Islamabad,0.0,0.3642590648109965,301.59935436963184,99916.95289692377
2020-08-03,Islamabad,11.808583445148088,0.34189474294826466,301.793192145386,99529.04407946719
2020-08-04,Islamabad,0.0,0.37597793349085257,301.32210513014,99491.95440784011
2020-08-05,Islamabad,0.0,0.33495318881848085,303.50437394386574,99747.53159779853
2020-08-06,Islamabad,0.0,0.31156401036986303,303.3030663310859,100088.63221495438
2020-08-07,Islamabad,0.0,0.3003805737962844,303.07299112950204,100231.01500969149
2020-08-08,Islamabad,0.6376848751632055,0.32777438518568186,301.9813081344874,99956.44773749773
2020-08-09,Islamabad,62.44188231332508,0.40569176557594444,301.31881751431337,99896.08391678699
2020-08-10,Islamabad,0.47717178942838345,0.3989530792069799,301.3478330438108,99984.91273773926
2020-08-11,Islamabad,6.130792457992027,0.3933738551913852,301.436286701833,99897.44309639458
2020-08-12,Islamabad,0.0,0.37241779679702613,302.69963884283527,99718.11490709263
2020-08-13,Islamabad,38.978095337333166,0.3760923635960892,301.61521284445024,99720.58589735576
2020-08-14,Islamabad,16.77548894617233,0.4198207539226847,300.01381599883416,99872.83792979227
2020-08-15,Islamabad,9.064482371330392,0.39858622413130945,301.1048240514755,99832.1342196808
2020-08-16,Islamabad,0.3272938522124463,0.39906063137366987,301.7856352653453,99844.84027023842
2020-08-17,Islamabad,18.078431502408097,0.38039786841699413,302.2076569677273,99858.00401833425
2020-08-18,Islamabad,41.497567941241435,0.38703897993790803,301.39373270089476,99884.28685882867
2020-08-19,Islamabad,50.63098231437863,0.44109148659213976,299.5484301652497,99900.18473572998
2020-08-20,Islamabad,0.6274896032092169,0.4325190876851226,297.7323100878272,100360.12428060058
2020-08-21,Islamabad,0.0,0.4201710510334854,298.2293729762011,100555.36329350644
2020-08-22,Islamabad,0.0,0.39526583716801156,300.0809345042695,100360.37968302371
2020-08-23,Islamabad,0.0,0.37376535611174827,300.8816296307699,100223.94914503378
2020-08-24,Islamabad,0.11196839360031607,0.3634497164458443,301.053850320876,100216.24231610377
2020-08-25,Islamabad,3.75100659125011,0.3941108469780717,299.1342627182864,100453.07589432895
2020-08-26,Islamabad,39.01245768180481,0.4410104572193855,298.21316763124275,100584.91412857814
2020-08-27,Islamabad,0.0,0.4555412157928447,296.62997672908836,100423.65551816647
2020-08-28,Islamabad,0.0,0.41498659276240235,297.5724347472639,100350.66588817588
2020-08-29,Islamabad,0.0,0.39643847821829387,299.38903477157476,100314.41986316847
2020-08-30,Islamabad,0.0,0.38097707511833995,300.24811439617673,100334.78965365089
2020-08-31,Islamabad,76.32884714018083,0.4371505956334793,297.0727805097347,100564.32298013961
2020-09-01,Islamabad,74.10543332454002,0.4498284323006276,296.94717977022844,100712.52916143253
2020-09-02,Islamabad,0.0,0.43323753332301373,298.0554318348463,100866.9990791687
2020-09-03,Islamabad,41.45185980780118,0.4431083329895924,298.0827553705878,101016.75964066265
2020-09-04,Islamabad,9.680346856744546,0.42475544122871683,298.1333934754796,100879.35099586191
2020-09-05,Islamabad,0.0,0.4042004262083951,299.2917331163423,100539.89514531511
2020-09-06,Islamabad,4.403547917754115,0.39806820315495656,299.0902755960729,100471.55512127125
2020-09-07,Islamabad,0.0,0.3994546560412631,298.3401339314127,100590.29845554718
2020-09-08,Islamabad,0.0,0.3783947343855061,298.8092002997885,100595.46180006879
2020-09-09,Islamabad,0.0,0.36202587599340413,299.12804871885623,100553.27675206617
2020-09-10,Islamabad,0.0,0.34698978879883846,298.90945489934967,100272.02015064402
2020-09-11,Islamabad,0.0,0.3331769116352393,299.2582656774255,100425.27184807137
2020-09-12,Islamabad,0.0,0.3205369806491327,299.47313656576443,100651.15576720305
2020-09-13,Islamabad,0.0,0.30913883833880623,299.5443909821307,100631.64743353809
2020-09-14,Islamabad,0.0,0.3016633738647181,299.5013250508487,100525.14990116697
2020-09-15,Islamabad,0.0,0.29201208934570283,299.703583126332,100462.76710785093
2020-09-16,Islamabad,9.44802008030343,0.2811413515841561,299.80490578882745,100428.4360068466
2020-09-17,Islamabad,0.09671256440396128,0.2699398175323507,299.4912891755111,100335.4728511095
2020-09-18,Islamabad,0.0,0.25944328709969033,298.86932137193446,100294.02484112824
2020-09-19,Islamabad,0.028400794721042854,0.249496684628699,298.6358299920614,100325.34239895015
2020-09-20,Islamabad,0.012717576164506922,0.23977276870278616,298.0726578955765,100286.63595796288
2020-09-21,Islamabad,0.0,0.23127715271365237,298.07939200856435,100224.33550301829
2020-09-22,Islamabad,0.0,0.22386404515115027,298.07875719091106,100247.57497207666
2020-09-23,Islamabad,0.0,0.21720307159504773,298.48694179283325,100247.23450324852
2020-09-24,Islamabad,0.0,0.21177628547955607,298.3577028101967,100418.7004697945
2020-09-25,Islamabad,0.0,0.20996231372375246,297.9403764178515,100326.94697155934
2020-09-26,Islamabad,0.0,0.21015319516605202,297.3195798659179,100495.32239467278
2020-09-27,Islamabad,0.0,0.2071045681599544,297.3357957663868,100716.86895704492
2020-09-28,Islamabad,0.0,0.20229498546774335,297.4852071393211,100800.72681544446
2020-09-29,Islamabad,0.0,0.197765193961933,296.71577996496296,100761.37620645954
2020-09-30,Islamabad,0.0,0.19382486778061409,297.0794133553265,100638.1143319284
2020-10-01,Islamabad,3.334107572463953,0.19033560536686278,296.8051179131546,100651.00529726649
2020-10-02,Islamabad,0.0,0.18739252569076514,296.0286180181577,100667.14584446476
2020-10-03,Islamabad,0.0,0.18490192596105726,296.16023149883995,100769.18642818372
2020-10-04,Islamabad,0.0,0.18267334920746064,296.26274343485426,100858.05652703096
2020-10-05,Islamabad,0.0,0.1806684940144951,296.18845920314993,100799.86036759363
2020-10-06,Islamabad,0.0,0.17895897646193037,295.99028744305156,100836.28439794976
2020-10-07,Islamabad,0.0,0.17741594558439894,296.3974386298503,101026.70325182746
2020-10-08,Islamabad,0.0,0.17612255669972937,296.6833395808259,101069.44700211163
2020-10-09,Islamabad,0.0,0.17499585715654656,296.52621881348176,101068.36575047747
2020-10-10,Islamabad,0.0,0.17392448569963853,296.58070553561356,100942.45179064733
2020-10-11,Islamabad,0.0,0.1729285168025818,296.3574214451505,100720.57758749319
2020-10-12,Islamabad,0.0,0.1720572113367391,296.05975747017015,100611.02253336593
2020-10-13,Islamabad,0.0,0.17147672459870056,295.58117521997593,100869.68310970964
2020-10-14,Islamabad,0.0,0.1707935631903089,294.70014551801745,100945.98181464865
2020-10-15,Islamabad,0.0,0.17016697645480094,294.4981979400878,100955.63748166863
2020-10-16,Islamabad,0.0,0.16960574953480131,294.4250885369015,100876.57078144189
2020-10-17,Islamabad,0.0,0.169123332226128,294.59861886768925,100983.92881782606
2020-10-18,Islamabad,0.0,0.16870382408789822,294.05125702826194,100971.92566135006
2020-10-19,Islamabad,0.0,0.16835371779001995,293.6028598249215,100903.34634765363
2020-10-20,Islamabad,0.0,0.16802663116318622,293.56067392729346,100909.11312227164
2020-10-21,Islamabad,0.0,0.1677210845110002,293.47611774236805,101040.82478627624
2020-10-22,Islamabad,0.0,0.16759734235927212,293.04707845277585,100950.01773239626
2020-10-23,Islamabad,0.0,0.16732908066790675,293.167240544599,100908.4922063287
2020-10-24,Islamabad,0.0,0.16699315735004833,293.0776359002783,100972.95296513343
2020-10-25,Islamabad,0.5834918851324646,0.17172657558953527,291.42901308687266,101390.5185637022
2020-10-26,Islamabad,0.055471367216886495,0.17327256143646927,291.49372926200095,101498.6331819693
2020-10-27,Islamabad,0.051440751945320315,0.17191831329037163,291.330365984277,101312.97328914385
2020-10-28,Islamabad,0.051440751945320315,0.17088996494363706,291.5047769858025,101376.66965747351
2020-10-29,Islamabad,2.8057484527880687,0.17009538069949928,291.4538059629547,101569.88409605072
2020-10-30,Islamabad,0.08793583648716011,0.16944502731817518,290.674634908146,101562.69048310957
2020-10-31,Islamabad,0.051440751945320315,0.16881620147974763,290.7805927757056,101511.33938031465
2020-11-01,Islamabad,0.0,0.1682610103483496,291.29859448723863,101478.6908827759
2020-11-02,Islamabad,0.0,0.16778884319188445,291.412140560337,101505.85014999032
2020-11-03,Islamabad,0.0,0.16741748143299123,290.5699927998281,101444.09050826188
2020-11-04,Islamabad,0.0,0.16712329638937956,290.0499136812294,101354.95681862753
2020-11-05,Islamabad,0.0,0.16684940337498727,290.11636942839084,101609.72635431829
2020-11-06,Islamabad,0.0,0.16660182097634207,290.256003037009,101877.84178364158
2020-11-07,Islamabad,0.0,0.16641996784749988,289.89166078932806,101825.79207935915
2020-11-08,Islamabad,0.0,0.16624470956021278,289.66747077314056,101891.81225842392
2020-11-09,Islamabad,0.0,0.16612036776441846,289.53586794785735,101758.40987897036
2020-11-10,Islamabad,0.0,0.16603620686248524,289.71933841258624,101757.08351712069
2020-11-11,Islamabad,0.0,0.16596856871176432,289.90166336043836,101953.09893180737
2020-11-12,Islamabad,0.050010681412543195,0.16586413671221104,289.49821799770615,101997.0315928249
2020-11-13,Islamabad,6.922611307438668,0.16592426010071015,290.25605146012475,101821.92469504567
2020-11-14,Islamabad,27.69208801286531,0.1945805379263225,289.0728551218954,101572.2279185235
2020-11-15,Islamabad,4.263339813699567,0.4234922899186629,285.9034557227752,101686.97859280501
2020-11-16,Islamabad,0.0,0.3986835057635016,285.2613038253039,102070.64089997047
2020-11-17,Islamabad,0.0,0.36534621513782695,285.07155766236383,101603.35044663155
2020-11-18,Islamabad,0.0,0.3468859375355259,285.53533619462365,101439.05730540333
2020-11-19,Islamabad,0.0,0.3483128188520951,284.3836637324091,101641.17188352624
2020-11-20,Islamabad,0.0,0.3403916153317919,283.9942509499387,101837.74155620483
2020-11-21,Islamabad,0.0,0.32790815056679457,283.05395372997395,101747.79779689705
2020-11-22,Islamabad,0.0,0.3204161041316661,284.8140959171367,101792.79050840394
2020-11-23,Islamabad,0.0,0.3329545424467451,284.63478479256304,101995.80898435717
2020-11-24,Islamabad,0.0,0.35357031209940865,284.41726600178947,101987.39697880668
2020-11-25,Islamabad,0.0,0.3914272741494945,284.14776033101356,102075.70949621436
2020-11-26,Islamabad,0.0,0.3788177314223909,283.77399082078904,102392.99363979872
2020-11-27,Islamabad,0.0,0.35927253293988926,284.0410644779076,102365.2574693198
2020-11-28,Islamabad,0.0,0.34633979871375564,284.8286917484678,101984.1372017246
2020-11-29,Islamabad,0.0,0.3368347745264578,285.69983230695954,101825.31909396175
2020-11-30,Islamabad,8.092533056236518E-4,0.32872071311781514,286.23597544877,101793.45373959799
2020-12-01,Islamabad,0.0,0.32105566851665185,286.66316159540236,101811.9326532019
2020-12-02,Islamabad,0.0,0.31383530102996443,286.53269028257097,101555.02736417732
2020-12-03,Islamabad,0.0,0.3075306458599187,286.2478032646037,101449.39248335964
2020-12-04,Islamabad,0.0,0.30314129737802087,286.85044616891287,101358.26080981999
2020-12-05,Islamabad,0.0,0.2989455480059355,286.4741015162286,101490.23295360891
2020-12-06,Islamabad,0.0,0.29710341408407653,287.1505330463491,101824.87632227385
2020-12-07,Islamabad,0.9825744931496517,0.3009396594483541,287.035685886684,101903.79755816306
2020-12-08,Islamabad,3.20993097280232,0.3928343469741379,284.69859264870985,102023.84189910082
2020-12-09,Islamabad,0.0,0.37868427651703274,285.74930593958857,101784.53398087571
2020-12-10,Islamabad,0.0,0.3635242663321281,285.28330752479263,101763.40939546294
2020-12-11,Islamabad,57.49348250689153,0.37036836654877947,285.1476351163065,101635.43610987169
2020-12-12,Islamabad,0.0,0.40291243958451145,282.5846424638216,101824.84443671563
2020-12-13,Islamabad,0.0,0.384333111833529,282.64923962699237,101661.18170927884
2020-12-14,Islamabad,0.0,0.37181598318768183,281.85510187694143,101845.93837926594
2020-12-15,Islamabad,0.0,0.3625944928377162,280.1373531726996,102142.83057806324
2020-12-16,Islamabad,0.0,0.3541391235729024,279.89041752951374,102328.78101375281
2020-12-17,Islamabad,0.0,0.3462587117501918,279.56702345943694,102101.36329173016
2020-12-18,Islamabad,0.0,0.33907626971970356,279.63948931033474,101949.8683442232
2020-12-19,Islamabad,0.0,0.33269138341096516,280.85369053609463,102017.39966385397
2020-12-20,Islamabad,0.0,0.3269954941480282,282.52467809438957,102006.27712189079
2020-12-21,Islamabad,0.0,0.32171666341905375,283.7856350016188,101741.4516794513
2020-12-22,Islamabad,0.0,0.3166830707206761,283.64911252364203,101626.48936248061
2020-12-23,Islamabad,0.0,0.3120847864824484,282.86941482765184,101603.60089781047
2020-12-24,Islamabad,0.0,0.3077596473875987,282.44320076886964,101659.69338628584
2020-12-25,Islamabad,0.0,0.3041223924944545,282.327738170454,101742.71479738869
2020-12-26,Islamabad,0.0,0.30040734678643727,282.53461401685837,101591.73682877373
2020-12-27,Islamabad,0.1476533425943322,0.3052137139050502,281.1590471700355,101320.89958534177
2020-12-28,Islamabad,0.0,0.3080905275198994,280.41092678930085,101943.22144783656
2020-12-29,Islamabad,0.0,0.30376550285498133,280.5288775926858,101950.95352644267
2020-12-30,Islamabad,0.0,0.2986339158959657,280.55074347334886,102003.44968680365
2020-12-31,Islamabad,0.0,0.29296689613680793,280.8695637123552,101871.31210850454
2021-01-01,Islamabad,0.0,0.28810270527235154,280.79531607333604,101792.14023243885
2021-01-02,Islamabad,0.0,0.284083766479594,281.8031028255029,101816.10325815112
2021-01-03,Islamabad,0.0,0.3103348862947228,283.7631550917345,101670.95427497325
2021-01-04,Islamabad,0.0,0.33926738299970516,284.26611385672453,101835.82480688124
2021-01-05,Islamabad,7.1211431715228315,0.4267041951961359,283.5595321138344,101722.71337457652
2021-01-06,Islamabad,7.985387444588309,0.4280275938074444,283.33893244901793,101809.46202956606
2021-01-07,Islamabad,0.0,0.4030049444753732,283.6437053979649,101520.9331075781
2021-01-08,Islamabad,0.0,0.4072701429284639,281.8331059198029,101645.67822454359
2021-01-09,Islamabad,0.0,0.39306181320947436,282.21795901893995,101726.5965945586
2021-01-10,Islamabad,0.0,0.3814390242427721,282.2824169833604,101636.74602607322
2021-01-11,Islamabad,0.970617913651242,0.3723231192697471,282.0654566282902,101683.0234144081
2021-01-12,Islamabad,0.0,0.364336077484986,281.49793718963156,101632.5125409969
2021-01-13,Islamabad,0.0,0.35725464308485755,281.7392568197236,101508.4117064225
2021-01-14,Islamabad,0.0,0.3518023777775645,282.4680080610702,101613.1083191704
2021-01-15,Islamabad,1.7183012004698954,0.34686353074980836,282.10601759318996,101494.02015703864
2021-01-16,Islamabad,0.0,0.3418317445294134,282.2593144976571,101297.37179520883
2021-01-17,Islamabad,0.01569377626307442,0.3368073635272761,282.33087585201946,101597.86783584766
2021-01-18,Islamabad,4.845990221126685,0.3328455651677192,282.28347264663483,101843.41070814477
2021-01-19,Islamabad,0.0,0.32768601986554313,282.9886579769845,101533.2545874591
2021-01-20,Islamabad,0.0,0.32138287292709905,282.8150892663745,101500.69543151173
2021-01-21,Islamabad,0.0,0.31552938757034843,282.9078391826836,101299.11032354142
2021-01-22,Islamabad,1.4610077937678954,0.3289876901178089,284.130504137367,101340.34307749476
2021-01-23,Islamabad,0.8466539054758027,0.42396526881064994,281.0887208530982,101380.11221209819
2021-01-24,Islamabad,0.0,0.3899993413380745,280.95291484214476,101813.4590151937
2021-01-25,Islamabad,0.0,0.3745023511942945,281.5228269046885,101832.30016931647
2021-01-26,Islamabad,1.528761085408603,0.36317825441700324,281.41019937736354,101788.28145569492
2021-01-27,Islamabad,0.0,0.3536474861837845,281.2570265439115,101756.65938338407
2021-01-28,Islamabad,0.0,0.34540321869108787,281.2959316344096,101837.92721418709
2021-01-29,Islamabad,0.0,0.33807440088706425,281.0839413917004,101921.28709472057
2021-01-30,Islamabad,0.0,0.3309204745180272,281.19964531899706,101665.35202717876
2021-01-31,Islamabad,4.853220712742319,0.32484887831009407,283.10896557039774,101779.33846268072
2021-02-01,Islamabad,0.0,0.31879343103350954,283.8689482867299,102012.55260106406
2021-02-02,Islamabad,1.5443357156214321,0.31433659505636696,283.2352588103906,101770.54212483234
2021-02-03,Islamabad,1.473032899965591,0.3174858860560959,283.8948577305065,101840.2923596585
2021-02-04,Islamabad,0.3795623175634173,0.3209365447315283,282.4787032301554,101957.60079371958
2021-02-05,Islamabad,0.0,0.31542191675935044,282.5863049927379,101974.96960155571
2021-02-06,Islamabad,3.221398721845602,0.30837988210545136,283.0580370667978,101931.58206197992
2021-02-07,Islamabad,0.0,0.30116855863092074,284.66555616424944,101801.10164740689
2021-02-08,Islamabad,0.0,0.29469694001373276,286.2779882562376,101755.43959034381
2021-02-09,Islamabad,0.8840150475355653,0.28836577638963173,286.53245278437487,101422.42911055945
2021-02-10,Islamabad,3.093170515680306,0.2818323279381912,286.6761511240251,101442.85154047393
2021-02-11,Islamabad,0.07583879534400592,0.2748999498573243,286.73515605884603,101468.05560939704
2021-02-12,Islamabad,3.4802384806505455,0.2680736028750393,287.21599618997504,101536.13240146538
2021-02-13,Islamabad,0.0,0.26215445182388236,287.4014772219694,101532.0387726087
2021-02-14,Islamabad,0.08806834997798395,0.2565347871775625,287.3567137383773,101507.8191795791
2021-02-15,Islamabad,0.49659342672786805,0.25090880179534236,287.3611952341782,101343.08544262427
2021-02-16,Islamabad,0.0,0.24486127276357936,287.10838262480416,101382.75643054263
2021-02-17,Islamabad,0.0,0.23872739666309448,287.1591527231188,101510.08799196263
2021-02-18,Islamabad,1.853428541819833,0.23293227430107175,287.4718582885116,101849.50056273016
2021-02-19,Islamabad,0.07171455560843533,0.2273715657885601,288.13536025961986,102009.32091644022
2021-02-20,Islamabad,4.079905679837283,0.22264908844406311,288.3040729643148,101933.29088639957
2021-02-21,Islamabad,0.0,0.2179313669092971,289.58534120871906,101735.24440218441
2021-02-22,Islamabad,0.0,0.21529758703102783,289.7688302862663,101521.33085765205
2021-02-23,Islamabad,0.0,0.2192509224326899,290.0506872403468,101358.04089030741
2021-02-24,Islamabad,0.0,0.21433458881459977,290.5792256440097,101275.98944419023
2021-02-25,Islamabad,4.385607353266567,0.21291259508432298,291.1997342386864,101179.05882946435
2021-02-26,Islamabad,1.4606075355384422,0.32361039619098286,288.7332389209896,100759.65233540138
2021-02-27,Islamabad,0.0,0.3931895088604141,286.6769430964742,100846.64918638597
2021-02-28,Islamabad,0.0,0.3549135543006564,287.07906184103155,101305.37718057958
2021-03-01,Islamabad,0.0,0.3297315496952641,287.51765743760564,101648.13582971439
2021-03-02,Islamabad,0.0,0.3103588305989349,287.9090364169754,101512.36376529034
2021-03-03,Islamabad,0.0,0.29431846651263993,288.79436507418797,101284.97281558362
2021-03-04,Islamabad,0.0,0.2812178754301299,289.48304631046443,101388.70142153326
2021-03-05,Islamabad,0.0,0.268274362904746,289.22652733118366,101343.75344210416
2021-03-06,Islamabad,0.0,0.26058579653435116,289.9574744959887,101174.34262986851
2021-03-07,Islamabad,0.0,0.2643688256199247,290.104866041449,101228.74677815639
2021-03-08,Islamabad,0.0,0.29609443926253604,289.9958677924011,101531.50872764715
2021-03-09,Islamabad,0.0,0.280773903369405,290.9778307360407,101475.90463357167
2021-03-10,Islamabad,15.89540810359733,0.26745990714259543,291.1768773645735,101479.91836468609
2021-03-11,Islamabad,20.764201836947905,0.2941744441852225,288.5906805277805,101699.00542444923
2021-03-12,Islamabad,3.9244623679558797,0.34401877908349765,288.15366512428847,102028.61624784004
2021-03-13,Islamabad,5.64177120258265,0.3205840314153581,290.31223568434865,101789.78981955689
2021-03-14,Islamabad,7.509130084982434,0.3119522219217541,288.1512563850664,101545.8208595988
2021-03-15,Islamabad,6.200266419521247,0.2977069758289069,290.42652768341253,101403.58702814505
2021-03-16,Islamabad,0.0,0.28164621508430665,291.4089798089394,101388.5038034025
2021-03-17,Islamabad,1.0647376065613938,0.26866406644022905,291.2517390873109,101270.26553973787
2021-03-18,Islamabad,4.379895201224182,0.2551687993531034,291.9050247529253,101367.5997769684
2021-03-19,Islamabad,0.0,0.24111007491637307,292.48342321574347,101237.33000076735
2021-03-20,Islamabad,2.3806875047967337,0.2289830186531719,293.0317515886011,100960.18151566263
2021-03-21,Islamabad,26.810897762879172,0.26663354274591383,289.606070646237,101192.15540022058
2021-03-22,Islamabad,29.876451356138542,0.3832823278478501,287.6260213435463,101416.463007594
2021-03-23,Islamabad,22.0671418345992,0.4444089721003864,287.08213815146553,101530.23309180465
2021-03-24,Islamabad,0.09350658806353342,0.42489121985963463,287.69791371840466,101822.51098531786
2021-03-25,Islamabad,0.017354356863668794,0.3992632683954078,289.6321827542409,101521.61840035411
2021-03-26,Islamabad,0.0,0.3788605625342882,291.24628445407313,101198.22349164142
2021-03-27,Islamabad,0.07595744637565686,0.3626256000277739,292.5280233289537,101040.52995898892
2021-03-28,Islamabad,0.0,0.3553895290711801,294.5254716144177,100639.1245310582
2021-03-29,Islamabad,0.0,0.4008927050310905,292.8274422993181,100496.6247349768
2021-03-30,Islamabad,0.0,0.3691672844564637,292.0018600942749,100435.25581665513
2021-03-31,Islamabad,0.0,0.3433833416351063,290.93213004011244,100486.66799699313
2021-04-01,Islamabad,0.0,0.3201081557519102,290.96490782174163,100489.85148789563
2021-04-02,Islamabad,0.0,0.29979154479734377,289.5136511345607,100706.67546098406
2021-04-03,Islamabad,0.0,0.28531976869565884,290.88030258280367,101149.9986223057
2021-04-04,Islamabad,0.0,0.27838105530772306,291.84033560413525,101221.2371882958
2021-04-05,Islamabad,0.012826947353637635,0.2701516452898188,293.4890363059304,101169.39835507993
2021-04-06,Islamabad,12.909352247931073,0.34964570173301385,290.822373830672,101086.50126969558
2021-04-07,Islamabad,0.0,0.38219275948761844,290.22558177887703,101470.71094567096
2021-04-08,Islamabad,0.0,0.34855674940941356,290.88656914286713,101158.13084756266
2021-04-09,Islamabad,0.0,0.3228920342216672,292.3980235167925,101292.00001882874
2021-04-10,Islamabad,0.0,0.30224424749041334,293.4885166761699,101394.1714380315
2021-04-11,Islamabad,1.5119075897331808,0.2896456120925719,294.41194153771653,101458.63739498545
2021-04-12,Islamabad,1.7529910884424555,0.27714190702022157,294.2315809651367,101502.57412975763
2021-04-13,Islamabad,7.5197911484549085,0.2614090188204102,295.37389477630643,101300.49600902072
2021-04-14,Islamabad,7.519945664401703,0.24824272865123206,295.9991422430901,101105.02734570393
2021-04-15,Islamabad,3.5290129077607473,0.2505692524248128,292.95481822429724,101317.69990102484
2021-04-16,Islamabad,4.476458679816065,0.26832782784738174,291.5901817402845,101127.87850391923
2021-04-17,Islamabad,1.0989178181518549,0.3677909399714922,289.51803189914915,101323.71785510269
2021-04-18,Islamabad,6.146532451161625,0.3929180129478239,290.697635166866,101479.54503120595
2021-04-19,Islamabad,5.412756276664085,0.35197927870392004,292.4289825393138,101031.27838092855
2021-04-20,Islamabad,10.777812685378223,0.328689761584845,293.05253378129584,100836.0942747175
2021-04-21,Islamabad,1.3745855793968773,0.3182243063088005,292.3139300066299,101084.36932686952
2021-04-22,Islamabad,14.385365841772604,0.3915519926273456,289.5666582351756,101280.05646024227
2021-04-23,Islamabad,0.0,0.39019470191136696,290.2507924726969,101302.17876524775
2021-04-24,Islamabad,0.0,0.3513895440440969,292.7969662866663,101296.90274217294
2021-04-25,Islamabad,0.0,0.32192304823789003,295.1624318019462,101084.71458032544
2021-04-26,Islamabad,0.0,0.29671433300347716,296.9391868007249,100883.78957300712
2021-04-27,Islamabad,0.03821811849058019,0.27562546491163953,297.92906677989464,100894.29515625713
2021-04-28,Islamabad,0.0,0.25648234103138073,298.4610161833569,100910.08089104634
2021-04-29,Islamabad,1.2863204654418485,0.24491435836434192,298.5556142321386,100923.23754142318
2021-04-30,Islamabad,0.05221439078995673,0.23552887387651764,298.77272705468545,100863.22522530523
2021-05-01,Islamabad,0.7824150287900646,0.22192825712423403,299.3717479381139,100828.73616550522
2021-05-02,Islamabad,1.458911238290306,0.20903446050121233,299.6916047586107,100805.480898791
2021-05-03,Islamabad,2.9203723690898036,0.20045069024259737,300.1098375254373,100590.58810315866
2021-05-04,Islamabad,6.931870433617558,0.21282509637287705,298.8706170869444,100710.08729849712
2021-05-05,Islamabad,3.460059945010688,0.22248263562386777,297.33030430556096,100936.55018103994
2021-05-06,Islamabad,1.914670249362103,0.2142372904718216,297.60293296897925,100966.94032501934
2021-05-07,Islamabad,0.008533082453519693,0.20962866006779243,297.1830902412718,101104.3430401926
2021-05-08,Islamabad,1.5118059368045946,0.20318373510883925,298.46714929935706,100912.34889024206
2021-05-09,Islamabad,2.5139459687871724,0.20203671939571102,299.19969611703993,100683.00548093533
2021-05-10,Islamabad,11.080567773684795,0.2107470593644641,299.38251029237153,100531.28327994977
2021-05-11,Islamabad,0.0,0.3136273154641698,296.4904735853082,100593.16463198012
2021-05-12,Islamabad,4.123382843845533,0.28975470452430596,297.91685430258343,100276.5394955607
2021-05-13,Islamabad,0.0,0.28898236756362866,295.56106651892713,100582.70726945112
2021-05-14,Islamabad,6.094579039749262,0.2808147812797455,296.1407697745642,100598.99110360487
2021-05-15,Islamabad,0.0,0.2780925891297942,296.69622924250405,100793.56602843208
2021-05-16,Islamabad,0.0,0.2614392099060594,297.89710480148483,100970.47097463165
2021-05-17,Islamabad,0.0,0.23981916075967222,299.15509734590955,100821.12712693542
2021-05-18,Islamabad,0.0,0.21985204379587805,301.01599705967186,100534.88851724858
2021-05-19,Islamabad,0.0,0.20460414364630175,300.7897319232826,100355.04335935722
2021-05-20,Islamabad,0.0,0.19444137025551284,300.02225624201157,100277.789993989
2021-05-21,Islamabad,0.0,0.18917830943403555,299.53048364343437,100561.46177768747
2021-05-22,Islamabad,0.19078631314545696,0.18742445213321693,299.7302504648152,100641.89433674575
2021-05-23,Islamabad,0.0,0.21393226563515821,296.82675256136895,100879.78446758047
2021-05-24,Islamabad,0.0,0.2123319218121969,298.2986635547803,100782.93313955133
2021-05-25,Islamabad,0.0,0.19670432265107352,299.5142971375519,100386.8525586462
2021-05-26,Islamabad,0.0,0.1854523857703825,301.1066172600964,100124.04591864286
2021-05-27,Islamabad,0.0,0.17793696379810803,302.87401988855305,100127.56999987211
2021-05-28,Islamabad,0.0,0.17303855430759502,304.21618678479336,100115.81218666158
2021-05-29,Islamabad,0.0,0.1717865930190399,303.82633489012306,100263.41925674138
2021-05-30,Islamabad,0.0,0.17029203006953186,303.81934056653483,100245.3350862995
2021-05-31,Islamabad,3.0236965817972785,0.17050512465134282,303.12535604295056,100095.37769677084
2021-06-01,Islamabad,0.4210825998880361,0.1893721599543296,299.97667234880277,100454.3922218891
2021-06-02,Islamabad,4.1900770709207915,0.1963188717285147,301.8718274145586,100467.028636715
2021-06-03,Islamabad,0.6737603781726458,0.27399794742029765,298.3210427492963,100833.506960589
2021-06-04,Islamabad,0.0,0.2607309131449715,301.49698886729954,100611.71352058795
2021-06-05,Islamabad,15.627130829508962,0.23586413131509648,302.6918155413203,100464.7471316391
2021-06-06,Islamabad,2.766938459780503,0.21408652695511898,304.1962611010345,100332.13265440978
2021-06-07,Islamabad,0.0,0.1968743153401031,305.5261990795512,100035.19945268804
2021-06-08,Islamabad,0.0,0.18488812388410739,307.10296945556144,99753.64736923625
2021-06-09,Islamabad,0.0,0.17654854209827858,308.1441684387707,99570.19451210155
2021-06-10,Islamabad,0.0997619376079127,0.1713412966588064,308.9972045703808,99525.49954597904
2021-06-11,Islamabad,24.116891418818014,0.181420074865795,305.025273841044,99701.93024454608
2021-06-12,Islamabad,4.894079174201163,0.19123835674461254,305.00581112430945,99807.00855854386
2021-06-13,Islamabad,4.698377373859168,0.27105323924263447,301.1387081422342,100061.75654955437
2021-06-14,Islamabad,0.0,0.2835058746527549,301.04563849007684,99863.07476744746
2021-06-15,Islamabad,0.0,0.2585388903363225,301.54234830452066,99548.58204421694
2021-06-16,Islamabad,0.0,0.24250518813630575,300.8025108335841,99961.8546415295
2021-06-17,Islamabad,2.56240971951079,0.22679903103453727,301.0742323117973,100152.21269674243
2021-06-18,Islamabad,0.0,0.20906333925652723,302.4529393371175,100061.19508158168
2021-06-19,Islamabad,0.0,0.19342244575429607,303.86664348452126,99975.94468404692
2021-06-20,Islamabad,0.0,0.19139162291735728,302.4059958941413,100247.05398373198
2021-06-21,Islamabad,0.0,0.19088394038755602,302.3229567266258,100303.62670915089
2021-06-22,Islamabad,0.0,0.18244625173255372,303.2689357876278,100152.0785548633
2021-06-23,Islamabad,0.0,0.1765732467630782,304.77981822236603,100150.49286036046
2021-06-24,Islamabad,0.01605957851398637,0.17352332486000907,303.85164631197443,100160.76483952244
2021-06-25,Islamabad,2.3041876285128504,0.185552308051053,302.9864370555297,100074.66954805373
2021-06-26,Islamabad,5.813537302156419,0.19421712687935877,302.142775247268,100441.04129459213
2021-06-27,Islamabad,0.0,0.18508396822598203,303.66055192826406,100587.30118500182
2021-06-28,Islamabad,0.0,0.17771450692240243,304.62874311657316,100307.86268388206
2021-06-29,Islamabad,0.0,0.17270485612861958,305.8445645319139,99921.8248775778
2021-06-30,Islamabad,0.0,0.1687873475590238,307.3188162149348,99552.96601663754
2021-07-01,Islamabad,0.0,0.17367930497074138,306.25295126020177,99481.33408340349
2021-07-02,Islamabad,0.0,0.1799300605205304,305.62816547141523,99737.93743747441
2021-07-03,Islamabad,0.0,0.19451774318581103,303.33183292078246,100121.19718791213
2021-07-04,Islamabad,16.61881052037768,0.19857337186326876,304.04864177510416,100253.98679715568
2021-07-05,Islamabad,0.0,0.19351588054013594,303.6995644720527,100257.46463219331
2021-07-06,Islamabad,0.0,0.1855034316966412,305.1525340192219,100040.01963551853
2021-07-07,Islamabad,0.0,0.17772361693848387,306.17610661083967,99910.21020389022
2021-07-08,Islamabad,0.0,0.17202063342453158,307.2594806522021,99843.84164366958
2021-07-09,Islamabad,0.0,0.16944821464567833,306.4416002704304,100021.62812308165
2021-07-10,Islamabad,0.9071860824056931,0.1823479596302894,303.5350766180429,100113.61660452007
2021-07-11,Islamabad,0.0,0.24086973060121172,302.3243836926227,100243.01239853805
2021-07-12,Islamabad,36.1382889963802,0.37600255211637085,297.7928314137573,100482.84426441498
2021-07-13,Islamabad,0.0,0.37314456569462373,299.6559303842195,100467.17475721601
2021-07-14,Islamabad,27.3993754692853,0.41244902232116354,298.6325492497498,100472.92529863068
2021-07-15,Islamabad,0.0,0.3705906643269831,301.46540743091856,100459.65107991622
2021-07-16,Islamabad,0.0,0.34704523622992356,302.4002991843539,100508.54945311433
2021-07-17,Islamabad,0.0,0.3268499019795633,303.85009020266335,100092.17531674886
2021-07-18,Islamabad,13.695251310458747,0.314425613852945,304.2356326398524,99686.7083153335
2021-07-19,Islamabad,105.62648666095271,0.4132199634563968,299.15783622485196,99822.65273222572
2021-07-20,Islamabad,13.161850105425458,0.4241113447476969,297.9232520660757,99943.37121187364
2021-07-21,Islamabad,0.0,0.3995719102066727,299.1608394813443,99804.32287746975
2021-07-22,Islamabad,0.0,0.3778234126234532,300.60238197651296,99751.53393398147
2021-07-23,Islamabad,0.0,0.3533058001421814,301.1982627804934,99940.64873200972
2021-07-24,Islamabad,0.0,0.33225534269176704,302.6244167605253,99976.80843050852
2021-07-25,Islamabad,0.0,0.3236936007154165,302.94714838690896,99835.64804955717
2021-07-26,Islamabad,77.54742329555712,0.32850887200344264,301.8010993678122,99663.36576255628
2021-07-27,Islamabad,16.657556435891756,0.3893010547963999,300.17243729596385,99452.99764534352
2021-07-28,Islamabad,55.88290487643907,0.4272351772559354,298.9070877460987,99719.62079870743
2021-07-29,Islamabad,0.0,0.40572748844387885,300.2430737311706,99782.82209092642
2021-07-30,Islamabad,0.0,0.3919639672400827,300.3914976152231,100002.38325408688
2021-07-31,Islamabad,23.112792557634886,0.4088436566330396,299.7658157492608,100144.23055880818
2021-08-01,Islamabad,5.729025666837634,0.3851276082459002,300.8417531257024,99860.03716008826
2021-08-02,Islamabad,0.45582062880104207,0.3620332192841946,301.50602107802393,99974.22875267157
2021-08-03,Islamabad,43.62744820716951,0.37265746531641847,300.79920667473954,100100.54127434234
2021-08-04,Islamabad,0.052997715308056824,0.4240265719145013,299.18410889837486,100200.40776056118
2021-08-05,Islamabad,4.5854014140848065,0.38951105329397806,300.94841141092354,100073.8676042188
2021-08-06,Islamabad,1.589257821450861,0.37771005153316306,300.05877213143225,100174.24985718589
2021-08-07,Islamabad,0.0,0.3547349882424363,301.2914921373425,100287.31101892538
2021-08-08,Islamabad,19.393993412465537,0.3425177787420067,301.14332315790347,100408.29701887986
2021-08-09,Islamabad,0.5740545118745712,0.3522919360575079,300.53216831650815,100392.50780681588
2021-08-10,Islamabad,0.0,0.3329000615698488,301.02978187629145,100184.0565540306
2021-08-11,Islamabad,0.0,0.31379734767460327,302.05519390920057,100173.10399993183
2021-08-12,Islamabad,0.0,0.3024101056392427,302.1139940231743,100269.26158357396
2021-08-13,Islamabad,0.037822960603828566,0.31401399779503697,301.6340251794706,100096.93602070166
2021-08-14,Islamabad,0.8502916077854992,0.38122582803862404,299.86437101105247,100000.08414486321
2021-08-15,Islamabad,2.570779595681446,0.40563041381479753,298.04080136151566,100348.98073288507
2021-08-16,Islamabad,0.5640107581313074,0.3560080084257843,299.8998426928838,100524.49827415193
2021-08-17,Islamabad,0.0,0.3227101614622227,300.4901139471243,100425.1992512562
2021-08-18,Islamabad,0.0,0.2959918187714884,301.22915022238027,100215.9843618554
2021-08-19,Islamabad,0.0,0.27303651014031427,301.871836484157,100157.04226409388
2021-08-20,Islamabad,2.0236862044364554,0.2541399141860117,302.1615739089811,100470.23502228179
2021-08-21,Islamabad,2.55374017827947,0.24056124910171292,301.4692169935239,100714.10792270131
2021-08-22,Islamabad,0.0,0.23054716607412798,301.3086816750627,100586.65666352143
2021-08-23,Islamabad,0.0,0.21990835150413582,301.96505663101584,100281.81192057268
2021-08-24,Islamabad,0.0,0.20852637538505447,303.633646067035,100041.33706224986
2021-08-25,Islamabad,0.0,0.19954555303835456,304.1151735336056,99789.15098861462
2021-08-26,Islamabad,0.0,0.19741714112912914,303.6406407587766,99748.243553826
2021-08-27,Islamabad,1.9473734799015114,0.2377946329856222,302.200714169121,100031.85599328991
2021-08-28,Islamabad,2.0709608653130425,0.35238393353054903,300.3511803798327,100213.83569627917
2021-08-29,Islamabad,1.1367859174065664,0.34407813181907565,299.8775620561336,100380.33773511038
2021-08-30,Islamabad,62.79125643407475,0.3376086726548674,299.0942335839564,100767.717385095
2021-08-31,Islamabad,1.1564853325703695,0.3452675139857222,298.89680148711244,100947.56572894879
2021-09-01,Islamabad,0.0,0.3150027450879082,299.6654701100208,100774.55462248762
2021-09-02,Islamabad,0.0,0.2844809070065777,300.42586976273753,100535.22297083182
2021-09-03,Islamabad,0.0,0.2606256322302879,300.4382652161692,100440.59059743187
2021-09-04,Islamabad,0.0,0.24157212976851156,301.21015236842584,100341.71182458162
2021-09-05,Islamabad,0.0,0.23010950171042013,301.8820499282952,100382.07139284252
2021-09-06,Islamabad,0.0,0.2247719416548165,302.6052577157929,100518.12679014997
2021-09-07,Islamabad,46.83495210997377,0.23630798056168548,301.63500055210744,100632.09621336572
2021-09-08,Islamabad,109.48349276049106,0.38582923832147575,296.8727243696758,100718.32790758157
2021-09-09,Islamabad,0.0,0.36646476404917677,299.1209216724484,100590.2170166915
2021-09-10,Islamabad,51.918509459529155,0.3785739207591925,298.45046861188376,100602.9137708324
2021-09-11,Islamabad,0.0,0.3929834247743089,297.96155008303293,100664.08976754695
2021-09-12,Islamabad,0.0,0.3741235000570802,298.0797871183215,100461.97385542665
2021-09-13,Islamabad,0.0,0.3465617453383587,299.431928456089,100417.6400160861
2021-09-14,Islamabad,0.0,0.32407458360882563,300.08744792008156,100699.89588141175
2021-09-15,Islamabad,0.0,0.30471345596390953,300.17755432036967,100648.7047062577
2021-09-16,Islamabad,0.0,0.2852214288034309,300.9885188532297,100337.0451260601
2021-09-17,Islamabad,0.0,0.27086732437161337,300.55908280008146,100461.50568094623
2021-09-18,Islamabad,0.0,0.2632135509741742,300.54261458115064,100656.68826025422
2021-09-19,Islamabad,0.0,0.25413091302002977,301.3497184454305,100752.60509874776
2021-09-20,Islamabad,26.464845303737597,0.244883582234706,301.06092958180136,100660.73979589662
2021-09-21,Islamabad,44.05967293550631,0.28176402081470797,298.5206169896123,100622.06866303262
2021-09-22,Islamabad,0.13362207968245532,0.3207956756454876,298.6423724330057,100642.636366866
2021-09-23,Islamabad,0.0,0.377513339830909,298.0398790387456,100888.0914706585
2021-09-24,Islamabad,0.0,0.35092646449765025,298.11616389604325,100938.33798023901
2021-09-25,Islamabad,0.0,0.3207438609166148,299.22959373764604,100671.11221280861
2021-09-26,Islamabad,0.0,0.2977693891170386,299.7424948747845,100708.14111028373
2021-09-27,Islamabad,0.0,0.2793793932917757,299.92935559982817,100773.08447312255
2021-09-28,Islamabad,0.0,0.26246006624356727,300.6829598189041,100854.20291113415
2021-09-29,Islamabad,0.0,0.25326102442687404,300.3776377706149,100978.16225316611
2021-09-30,Islamabad,0.0,0.25308990383109164,300.31399461822764,101020.02422581965
2021-10-01,Islamabad,1.2903173993160835,0.2940701168147554,299.0780718761208,100956.60115004433
2021-10-02,Islamabad,0.6510691794327406,0.4036617458012128,297.28499672487436,100842.1063656013
2021-10-03,Islamabad,6.695296969269998,0.3829027673202273,297.9327852467337,100649.35102570373
2021-10-04,Islamabad,0.04259008029045955,0.3622364776911079,297.82888758907995,100662.19822882085
2021-10-05,Islamabad,0.008231424232615785,0.35455892284539564,297.4350903791064,101062.68572228414
2021-10-06,Islamabad,0.0,0.32967883771198697,297.3138614263259,100941.44447018097
2021-10-07,Islamabad,0.0,0.3082510600222223,297.32429754093494,100682.67839755463
2021-10-08,Islamabad,0.0,0.2902445104852058,297.58432838563436,100632.53997267345
2021-10-09,Islamabad,0.0,0.274222257754441,297.502271656616,100709.38526201062
2021-10-10,Islamabad,30.002610230412262,0.2908156583762101,295.7143123988621,100794.44526951361
2021-10-11,Islamabad,0.29580132718745633,0.3397973863915861,295.6165907466049,100838.2872208375
2021-10-12,Islamabad,0.0,0.3126542165945682,295.4717853893596,100871.59710684197
2021-10-13,Islamabad,0.1713475835832349,0.2918837986764646,294.95085078796535,100894.17308216997
2021-10-14,Islamabad,0.0,0.27468550958182825,294.98395136463586,100870.45651346004
2021-10-15,Islamabad,0.0,0.2600260827608317,295.32598245556034,100627.32045709042
2021-10-16,Islamabad,0.0,0.24765804903049687,296.61663319126274,100744.31943145777
2021-10-17,Islamabad,0.6112785836336401,0.23982729395814253,295.49870851083176,100969.18907948138
2021-10-18,Islamabad,0.0,0.23242005805621713,294.42493017628374,100820.84159926222
2021-10-19,Islamabad,0.0,0.2242970069303678,294.48441090752294,100894.60851491807
2021-10-20,Islamabad,0.0,0.21683268465890332,294.8536375546893,101123.64749357695
2021-10-21,Islamabad,0.0,0.21025909700333412,295.426230436515,100989.08356792267
2021-10-22,Islamabad,25.608716500829445,0.2523748664011178,293.9350588697347,101008.19461192927
2021-10-23,Islamabad,0.47300120056160677,0.3684857566668933,290.7847680485669,101335.12256363398
2021-10-24,Islamabad,0.35530921829700324,0.39941831731016386,288.6086423537175,101867.82109442497
2021-10-25,Islamabad,0.0,0.3622529489517412,289.7575127514879,101709.47749008116
2021-10-26,Islamabad,0.821658963152301,0.33584466297900817,290.27619768054547,101489.19718862264
2021-10-27,Islamabad,0.0,0.31685090057413295,290.1683903586704,101696.94120073263
2021-10-28,Islamabad,0.0,0.30157947972503396,290.093508112066,101678.73543225072
2021-10-29,Islamabad,0.0,0.2881923469285687,290.4670644750041,101868.92099324721
2021-10-30,Islamabad,0.0,0.27548220181727884,290.18152374922244,101703.79371568192
2021-10-31,Islamabad,0.0,0.26444501366406487,289.6547763038602,101376.8461160247
2021-11-01,Islamabad,0.0,0.2561024036482349,290.0406560504203,101508.24999857899
2021-11-02,Islamabad,0.0,0.24917612279194898,289.7367485157059,101741.19473698048
2021-11-03,Islamabad,0.0,0.2419763738847792,289.38283656350444,101702.90774990339
2021-11-04,Islamabad,0.0,0.23503332438881003,289.93692826157195,101497.44768847199
2021-11-05,Islamabad,3.4415492840718733,0.23675457577970435,289.21601171824415,101598.0285521634
2021-11-06,Islamabad,0.0,0.23249433305624792,289.3004116803503,101388.68015431032
2021-11-07,Islamabad,0.9882088800899265,0.2255260185993502,289.0312851519039,101362.86399336657
2021-11-08,Islamabad,0.0,0.21941139202457038,289.5110991870302,101503.09283272136
2021-11-09,Islamabad,0.0,0.21410481920708208,289.6889554406338,101515.7782121806
2021-11-10,Islamabad,0.0,0.20957623820689167,289.72173864924247,101474.87506252562
2021-11-11,Islamabad,0.0,0.20547211480086833,289.27867155482846,101464.99719984882
2021-11-12,Islamabad,0.0,0.2017958347619555,288.8217312605498,101480.33274834027
2021-11-13,Islamabad,0.0,0.19861731506757496,288.4846504995723,101428.63580946466
2021-11-14,Islamabad,0.0,0.19587187719108742,287.9841805971631,101345.28153100988
2021-11-15,Islamabad,0.0,0.19343130106403603,287.4733908187226,101341.83292383813
2021-11-16,Islamabad,0.0,0.19123796372781313,287.3429262146424,101440.5657051464
2021-11-17,Islamabad,0.0,0.1893128277455964,287.93979256115495,101634.99929232412
2021-11-18,Islamabad,0.0,0.18746669932865828,287.5794397314836,101444.55053097002
2021-11-19,Islamabad,0.0,0.185881467021876,287.4985493869045,101251.04908968443
2021-11-20,Islamabad,0.367569342863402,0.18449048597143763,287.5176433310666,101372.83932063114
2021-11-21,Islamabad,0.0,0.18315757724404091,287.4550686204928,101537.2425132724
2021-11-22,Islamabad,0.0,0.18184161148995281,287.18078128266603,101356.14916258358
2021-11-23,Islamabad,0.9173220365197395,0.1805980438305972,287.6672299673761,101189.41703068865
2021-11-24,Islamabad,0.0,0.17954808129455213,288.28878550069584,101452.02370181266
2021-11-25,Islamabad,0.0,0.1786425244753447,287.81837986729596,101595.13617076306
2021-11-26,Islamabad,0.0,0.1777344188291502,287.5652379661917,101504.3034181597
2021-11-27,Islamabad,0.0,0.1769999838778114,287.3337206396514,101708.61573129352
2021-11-28,Islamabad,0.0,0.17632476086524207,286.9679476437721,101927.09146284279
2021-11-29,Islamabad,0.0,0.17563275958561042,286.5770609951363,101957.13961215671
2021-11-30,Islamabad,0.3853135320685049,0.1749061757476374,286.4277130657357,101735.21170379363
2021-12-01,Islamabad,0.0,0.1743226904712453,286.4488126870607,101846.31016168547
2021-12-02,Islamabad,0.0,0.1738592477152908,286.71480733000004,101790.92169488368
2021-12-03,Islamabad,0.0,0.17338881634929385,287.15005741350956,101881.16765772078
2021-12-04,Islamabad,0.0,0.17585039670034472,288.31793992696794,101642.95455029901
2021-12-05,Islamabad,0.9414918100160086,0.35721544256466636,285.34509060831795,101837.87082499656
2021-12-06,Islamabad,0.0,0.3654331916579067,285.1678716833212,101961.69140642762
2021-12-07,Islamabad,0.0,0.33564262852135274,284.6924849010567,101919.83392602371
2021-12-08,Islamabad,0.0,0.31761869546446414,284.42852410389366,101853.28435993698
2021-12-09,Islamabad,0.010657067936594622,0.30408220827582205,284.54177288155284,102147.18637489481
2021-12-10,Islamabad,0.0,0.2928652710820866,283.7176858077349,102047.59810121192
2021-12-11,Islamabad,0.0,0.28364456575383346,283.37888544159057,101936.37391219698
2021-12-12,Islamabad,0.0,0.27645104422878686,283.210487648444,101985.81744982323
2021-12-13,Islamabad,0.0,0.2700791076992751,282.6745865555727,101867.93066979108
2021-12-14,Islamabad,0.0,0.2675751210552805,282.26287832082755,101941.36199112708
2021-12-15,Islamabad,0.0,0.26515263434027253,281.7560137781864,101891.48529050233
2021-12-16,Islamabad,0.0,0.26195873735043995,280.42055140045665,102131.84606273593
2021-12-17,Islamabad,0.0,0.2578623829214922,279.9500363781713,102216.85302687746
2021-12-18,Islamabad,0.0,0.25282710369707356,279.96517660724305,102119.68720087194
2021-12-19,Islamabad,0.25734683643459194,0.24812178699717233,280.81207804717235,102031.38557890165
2021-12-20,Islamabad,0.0,0.24776732845889524,281.67641112611926,101854.92517464534
2021-12-21,Islamabad,0.15487579347264321,0.2461154187444599,282.7844296192393,101781.68128154699
2021-12-22,Islamabad,0.0,0.242164884476509,283.95073577376974,101534.72613370244
2021-12-23,Islamabad,0.0,0.24203793727480466,283.8747648050898,101540.3813719249
2021-12-24,Islamabad,0.0,0.2382303047998359,283.7992759204313,101561.78403771714
2021-12-25,Islamabad,0.3164451560611577,0.2342292168451458,283.90834319897414,101714.95230044394
2021-12-26,Islamabad,0.4016052025314525,0.2481927396261901,282.69973777517293,102031.56076882305
2021-12-27,Islamabad,0.0,0.2708174900206829,281.60065251169505,102248.00605432341
2021-12-28,Islamabad,0.0,0.269264277654685,281.11697819866333,102037.29358317038
2021-12-29,Islamabad,0.0,0.26206845914679866,280.65683663808414,102052.81179623197
2021-12-30,Islamabad,28.212003966523994,0.2557155198073564,281.27592355976975,102451.4412771133
2021-12-31,Islamabad,0.0,0.2498333043848157,281.8942052785303,102309.88656510049
2022-01-01,Islamabad,30.031672211928445,0.24723235641414046,281.4858675528222,102248.78406223
2022-01-02,Islamabad,0.0,0.24453682875117544,282.90414601150894,102148.9658887443
2022-01-03,Islamabad,2.447039964693337,0.24558729694146664,284.1193279086065,102023.84861811365
2022-01-04,Islamabad,25.616439024686855,0.29253446880724104,283.60079095445013,101936.88882667907
2022-01-05,Islamabad,0.0,0.4201385503886907,282.5877772033119,101708.4962733334
2022-01-06,Islamabad,9.389720038141268,0.4069660044756503,282.35650941511864,101866.23947225565
2022-01-07,Islamabad,74.1849219534831,0.4425765982017223,282.46583634489065,101582.8981362404
2022-01-08,Islamabad,2.4805345371786345,0.43767159401420913,281.3769778264845,101729.09138965941
2022-01-09,Islamabad,0.0,0.41660844120179874,281.6047716222423,101725.80036826145
2022-01-10,Islamabad,0.0,0.40571415755920504,281.0793047026026,101965.67632817119
2022-01-11,Islamabad,0.0,0.39496585846583343,281.6911959097448,101884.81443438512
2022-01-12,Islamabad,0.28717407127079575,0.38486195655730127,281.6067477680983,101792.60186233859
2022-01-13,Islamabad,0.0,0.3763675823266308,281.63695188274306,101809.42069482966
2022-01-14,Islamabad,0.0,0.3683220436600748,281.0911970098219,101926.20367955923
2022-01-15,Islamabad,7.415957327781525,0.361791884563229,281.8452002512162,102002.86487725089
2022-01-16,Islamabad,4.319830057094207,0.35650473924786336,283.2965099030919,101995.57115339798
2022-01-17,Islamabad,7.404230619700889,0.3558180259436411,283.1040297232385,102138.62023277991
2022-01-18,Islamabad,0.0,0.35127436453556027,283.9233489821278,101845.71806896859
2022-01-19,Islamabad,0.0,0.39939972620468767,283.4793102208956,101539.38467725435
2022-01-20,Islamabad,0.0,0.38336391618682486,282.8076391406423,101205.68512758064
2022-01-21,Islamabad,0.0,0.3955456938379383,282.7572579183135,101216.10211848031
2022-01-22,Islamabad,0.0,0.45196745551888484,281.2827450930335,100967.65912084775
2022-01-23,Islamabad,0.0,0.4479672706008089,281.364193356415,101200.75969928037
2022-01-24,Islamabad,0.0,0.4321593271206661,282.1213786385514,101514.18737530409
2022-01-25,Islamabad,0.0,0.41616853391891284,281.5148378494227,101522.90040670044
2022-01-26,Islamabad,0.0,0.40379078434146537,280.63330210528926,101650.59895241231
2022-01-27,Islamabad,0.0,0.39324583819413644,280.6337758487627,101807.54533211031
2022-01-28,Islamabad,0.0,0.3838877145737348,281.1616230377578,101704.23516793804
2022-01-29,Islamabad,0.0,0.3756689674132624,282.14245034455274,101748.33156497264
2022-01-30,Islamabad,0.0,0.3681683320258879,283.1603494905551,101232.21063233253
2022-01-31,Islamabad,0.0,0.3624232368804027,283.67400645300484,101217.80729332454
2022-02-01,Islamabad,0.0,0.35619633470957696,282.5863673757272,101278.49119597228
2022-02-02,Islamabad,2.496731359622233,0.3605408240562265,283.57338539965315,101118.44849242308
2022-02-03,Islamabad,0.0,0.3725604188466985,282.6428485387141,100991.29469903884
2022-02-04,Islamabad,0.0,0.3625052134658543,281.73133992658035,101166.8575251665
2022-02-05,Islamabad,0.0,0.3533966008134404,283.26194855823263,101486.4481986239
2022-02-06,Islamabad,2.0477152862954737,0.35533377792952586,284.1731603554583,101639.27942254783
2022-02-07,Islamabad,0.0,0.36658315262632524,283.8651591870758,101662.98654314553
2022-02-08,Islamabad,0.0,0.35623085285410133,283.9405476423534,101461.49557347324
2022-02-09,Islamabad,0.0,0.3470407570121978,282.814778786023,101752.9388954572
2022-02-10,Islamabad,0.0,0.3364926962486537,282.6031538651496,101889.65100104871
2022-02-11,Islamabad,0.0,0.3268858545168705,282.9322760167402,101653.82774025455
2022-02-12,Islamabad,0.42414911717771375,0.3183747970786669,283.7148283399774,101422.85143851467
2022-02-13,Islamabad,0.0,0.31113962239350185,285.080726335321,101360.64437760049
2022-02-14,Islamabad,2.0333272127254967,0.3059684721095418,285.48014240106755,101414.29604404923
2022-02-15,Islamabad,0.0,0.30265708712173534,285.30022310248245,101422.17702483403
2022-02-16,Islamabad,0.0,0.30037347347394894,284.99107989608933,101200.74105280288
2022-02-17,Islamabad,0.23320396645463434,0.3001736965933733,284.889918341975,101313.69932515005
2022-02-18,Islamabad,1.6138164642470678,0.29491232435062137,285.1201516109897,101477.5313249597
2022-02-19,Islamabad,0.0,0.2865966857992957,285.1183252383308,101446.38285335478
2022-02-20,Islamabad,0.0,0.27746507252821884,285.50930567663573,100797.58083278385
2022-02-21,Islamabad,0.0,0.268818668650368,287.415628693687,100827.2299854202
2022-02-22,Islamabad,40.10535522548279,0.3053817763189851,286.90192902259264,101046.13682337379
2022-02-23,Islamabad,0.3828873850195499,0.4395924044698363,283.663204666736,101645.34559166254
2022-02-24,Islamabad,0.0,0.4356807091894094,284.3223754813196,101785.48886263127
2022-02-25,Islamabad,0.010184650873022274,0.4530106114688519,283.5916291223102,101861.44574094228
2022-02-26,Islamabad,1.017478783238737,0.43566452423489355,283.20340900358383,102105.13581728036
2022-02-27,Islamabad,0.0,0.41324027581008416,283.8900683990503,102119.91258178058
2022-02-28,Islamabad,0.005750845119456717,0.4001724472775612,285.191739803219,101734.25107678994
2022-03-01,Islamabad,0.0,0.39044574869209747,286.422800685848,101833.47329020964
2022-03-02,Islamabad,1.6173214692329194,0.3796817319045828,288.02070242462406,101762.14702747711
2022-03-03,Islamabad,6.5331013632104735,0.40141367042431303,284.54586956374607,101904.73345665558
2022-03-04,Islamabad,0.0,0.38697388182521475,286.20944784828606,101901.797805068
2022-03-05,Islamabad,11.792379845137875,0.37353815675430496,287.6268992675608,101498.05754484789
2022-03-06,Islamabad,16.366249519092452,0.40268272172777125,287.5556372717583,101509.60055249876
2022-03-07,Islamabad,7.063329074420838,0.43206415214987853,287.5044980339616,101903.6412591372
2022-03-08,Islamabad,2.3334996038404543,0.40958360529725807,288.8463134340345,101613.70717601801
2022-03-09,Islamabad,1.5175594486755932,0.39744293129395525,288.04221047950773,101563.6059044751
2022-03-10,Islamabad,0.23434682291584327,0.38416212657036686,289.0434868556567,101426.09904229289
2022-03-11,Islamabad,0.0,0.3712574055316534,289.9935226856173,101381.51415849097
2022-03-12,Islamabad,1.9279745236777066,0.3592223528128138,291.29764999105265,101233.0680406189
2022-03-13,Islamabad,0.11732890597144784,0.3471102274295577,292.39212259866747,101184.33265845971
2022-03-14,Islamabad,0.0,0.3348602875571385,293.8022334450505,101093.2012780086
2022-03-15,Islamabad,0.0,0.3226504715370807,294.14579342799055,100941.17625463258
2022-03-16,Islamabad,0.0,0.31004400222794737,294.8261398228816,100757.00888040845
2022-03-17,Islamabad,0.0,0.2974868630610507,295.4110847041675,100736.86442429572
2022-03-18,Islamabad,9.894448392111816,0.29855070342099366,295.55910304906246,100923.6158030558
2022-03-19,Islamabad,0.0,0.4002565422623026,293.3808877682229,100798.42499239744
2022-03-20,Islamabad,0.0,0.37183780865893834,294.04712781287026,100670.13349850512
2022-03-21,Islamabad,0.0,0.34960221726032165,293.668951003062,100981.11284374855
2022-03-22,Islamabad,0.0,0.33014372685881016,293.23403605975653,100874.13928744994
2022-03-23,Islamabad,0.0,0.32187383550342336,294.02235424341313,100774.58253944795
2022-03-24,Islamabad,0.0,0.31244296514995007,293.10212818465675,100825.88937129112
2022-03-25,Islamabad,0.0,0.29646526316027444,292.74131600215975,100965.87283363078
2022-03-26,Islamabad,0.0,0.2811769594728487,293.2060320964639,100996.34132819965
2022-03-27,Islamabad,0.0,0.2677329300211473,295.266372822762,100889.35816889581
2022-03-28,Islamabad,0.0,0.25447988999451343,296.1483815043578,100816.00161145469
2022-03-29,Islamabad,0.0,0.24223123556515277,296.2715729757719,100707.11304482514
2022-03-30,Islamabad,0.0,0.23098468171939987,295.2365921843837,100798.36171295929
2022-03-31,Islamabad,0.0,0.2206100637738237,295.4436439284432,101015.94145971652
2022-04-01,Islamabad,0.0,0.211483711937813,295.3677973955774,100769.03576853883
2022-04-02,Islamabad,0.0,0.20435120761525497,296.8382822962214,100837.48795068153
2022-04-03,Islamabad,0.0,0.19738949635520583,297.06058167577885,101000.14530624743
2022-04-04,Islamabad,0.0,0.19141529710563895,296.2320368850641,100963.09103049255
2022-04-05,Islamabad,0.0,0.18671799665901515,297.06116201229503,101160.69784265441
2022-04-06,Islamabad,0.0,0.18262956538976716,297.66051916033626,101117.7876279643
2022-04-07,Islamabad,0.0,0.17904775226114195,298.48119044766827,100999.33895791175
2022-04-08,Islamabad,0.0,0.17598346896796993,299.3180411296322,100716.0294850734
2022-04-09,Islamabad,0.19021256726693722,0.1744635201226155,299.6881407791117,100691.90799574264
2022-04-10,Islamabad,0.0,0.17244407019847116,299.53567708373237,100585.58790279264
2022-04-11,Islamabad,0.0,0.17084998657167355,300.3946992486938,100393.17871551144
2022-04-12,Islamabad,6.595801220731192,0.17694543855818692,300.18697509689287,100471.08921476401
2022-04-13,Islamabad,0.0,0.18185583517672957,298.52287833134403,100544.87079870743
2022-04-14,Islamabad,0.0,0.1906270733500936,297.5804781432751,100551.885901832
2022-04-15,Islamabad,0.0,0.1892306329973698,297.35973914125327,100506.47470911399
2022-04-16,Islamabad,0.0,0.18244095051588377,297.7379645278106,100432.67990172116
2022-04-17,Islamabad,2.1047086096423575,0.17735463620684955,299.2723172967408,100542.11110404538
2022-04-18,Islamabad,0.4957814872858442,0.17483973486127546,300.55143582453906,100732.25213723794
2022-04-19,Islamabad,0.0,0.17909237004695355,299.2485928314798,101016.15889170571
2022-04-20,Islamabad,4.988811503772408,0.18467346220779882,298.769296339719,100771.2688027915
2022-04-21,Islamabad,3.1253653269315844,0.19963861891920975,296.85055692896293,100990.739265495
2022-04-22,Islamabad,0.0,0.20590097676205554,295.65431604157965,101177.9283453316
2022-04-23,Islamabad,0.0,0.2034587009833471,296.52226498451046,101090.10677272808
2022-04-24,Islamabad,7.26465304204351,0.1930267727521573,298.47886719020727,100777.69324098493
2022-04-25,Islamabad,0.0815460828385885,0.19892072536670932,297.9741820186393,100659.71483859875
2022-04-26,Islamabad,0.0,0.19534373876424124,299.1951905749367,100753.4454013147
2022-04-27,Islamabad,0.0,0.18493264464443893,300.86150885895313,100540.13038004182
2022-04-28,Islamabad,0.8256111852328345,0.17852222707509982,302.8311326535736,100623.20539510481
2022-04-29,Islamabad,0.0,0.17557759077030421,302.05558414357154,100555.57681800227
2022-04-30,Islamabad,0.0,0.17276370754660866,302.0542915847232,100177.25335648675
2022-05-01,Islamabad,0.0,0.16948634560161344,302.7764084407915,100081.95229547033
2022-05-02,Islamabad,10.216781355686248,0.16731255563272202,303.40880953271954,100142.20449203654
2022-05-03,Islamabad,11.454485579600771,0.17054456154827047,301.51477958813683,100527.0789360562
2022-05-04,Islamabad,0.0,0.19066646263052367,297.3396651131096,100980.08866446785
2022-05-05,Islamabad,0.0,0.18632750122098993,298.70377094224926,100752.21838159647
2022-05-06,Islamabad,0.0,0.17937320041209814,299.9989684141651,100694.38318339041
2022-05-07,Islamabad,0.0,0.17439140764013564,300.6656108230163,100587.60458149074
2022-05-08,Islamabad,0.0,0.1706461138917034,302.4035686606656,100315.59974783723
2022-05-09,Islamabad,3.9745882122856298,0.1787196812709134,302.31342985542835,100402.46907506196
2022-05-10,Islamabad,0.0,0.18062540377286618,302.8078380897999,100437.19070230433
2022-05-11,Islamabad,0.0,0.17472267098839023,303.23819224855,100180.58957322028
2022-05-12,Islamabad,0.0,0.17041343343304335,304.00519841860694,100028.03355243338
2022-05-13,Islamabad,0.0,0.16750688526691948,303.9764537321525,99868.4036963985
2022-05-14,Islamabad,0.0,0.16537732321834453,304.9518521440893,99783.24134944413
2022-05-15,Islamabad,0.0,0.16489334095459124,305.8463036571271,99919.49852993836
2022-05-16,Islamabad,0.0,0.16602985467136389,303.97841085826815,100004.9981167722
2022-05-17,Islamabad,0.4386060617450456,0.1821039768307056,302.7178616803819,100199.20911857409
2022-05-18,Islamabad,0.0,0.184010223923642,302.52106593876783,100374.40808846515
2022-05-19,Islamabad,0.0,0.19096983846768778,303.02586048809036,100234.2098646179
2022-05-20,Islamabad,0.0,0.22380361443820104,300.2969490165932,100082.17499097639
2022-05-21,Islamabad,0.0,0.21285595724079737,300.9025002566965,99813.14968055119
2022-05-22,Islamabad,2.012103612900735,0.19550331665263865,301.42015367280436,99512.31409617858
2022-05-23,Islamabad,0.0,0.2068595549705858,297.0261572413314,99996.41915975574
2022-05-24,Islamabad,0.0,0.20582737339460322,297.9913113354253,100710.66880627307
2022-05-25,Islamabad,0.0,0.1932018495937011,300.2611133439616,100534.04838556118
2022-05-26,Islamabad,0.0,0.1826468722953598,302.6079949852864,100207.85268653941
2022-05-27,Islamabad,0.0,0.17641605863307647,303.7494389452453,99967.2711553164
2022-05-28,Islamabad,0.0,0.1723267286349606,303.5862730769057,99894.28273178515
2022-05-29,Islamabad,0.0,0.16978273985412026,303.4529880038668,100005.2689761579
2022-05-30,Islamabad,0.0,0.16784220824684637,302.7311864640727,100119.02506955969
2022-05-31,Islamabad,0.0,0.16628383875684624,302.59204695378077,100228.89785238843
2022-06-01,Islamabad,0.0,0.16600806915517724,303.23465490457573,100218.69604895181
2022-06-02,Islamabad,0.0,0.16503290236497672,303.628092438636,100153.06428375529
2022-06-03,Islamabad,0.29641545521958745,0.16358533415208124,304.2050657878749,99996.5355308706
2022-06-04,Islamabad,0.0,0.16275695803787996,304.67946946570515,100037.58396616798
2022-06-05,Islamabad,0.0,0.16220931873266892,305.7081322994294,99984.65081524829
2022-06-06,Islamabad,0.0,0.16186040599853585,306.3295564760339,99894.54554917356
2022-06-07,Islamabad,0.0,0.16164290118076172,306.5987828914029,99849.9314304005
2022-06-08,Islamabad,0.0,0.1615378709248726,306.44435850769105,99768.63514193303
2022-06-09,Islamabad,0.0,0.1624949167610749,307.13370649847104,99747.53054019259
2022-06-10,Islamabad,0.05003233397404335,0.16771643385075402,306.5012060391519,99855.0981555665
2022-06-11,Islamabad,0.0,0.16856078589258722,305.7539500691472,99863.63363918764
2022-06-12,Islamabad,1.520567565957172,0.1670722914878993,306.4955321316821,100057.94801921809
2022-06-13,Islamabad,0.3110886648555477,0.16502338632212366,306.1357733777226,100189.35751024568
2022-06-14,Islamabad,0.643719949618644,0.16355838237600143,307.19379348399855,99958.22735863533
2022-06-15,Islamabad,0.26346662530122356,0.16567752884334613,307.8850655573579,99740.14655427224
2022-06-16,Islamabad,2.3585304320088936,0.1778290691511324,305.2734195164889,99968.09354643665
2022-06-17,Islamabad,15.768484665792304,0.25141579919110557,299.8959949823805,100152.20879315688
2022-06-18,Islamabad,11.878242771175916,0.26342683946239054,300.00225136753596,100300.24394425562
2022-06-19,Islamabad,1.7160672377333368,0.29008901541514204,299.0279933730013,100220.35584763369
2022-06-20,Islamabad,9.89355132724106,0.28380603037728586,298.59030789003265,100029.46475049455
2022-06-21,Islamabad,0.7957864933691301,0.40136678147322863,293.2139381753717,100199.94763660416
2022-06-22,Islamabad,0.44155918298013325,0.412713016857347,295.6506419019415,100800.45524660654
2022-06-23,Islamabad,0.0,0.3634949897318685,298.7819752590758,100531.34368925075
2022-06-24,Islamabad,0.0,0.3273724202430476,300.44712331516087,100137.60553784785
2022-06-25,Islamabad,0.0,0.2964713408698969,302.03714654483724,99948.02678368421
2022-06-26,Islamabad,0.0,0.26898320088066985,303.5908380377196,100137.1793521355
2022-06-27,Islamabad,0.09220061849254382,0.24406159641638875,304.4546448850676,100140.17891445651
2022-06-28,Islamabad,0.0,0.22216876030560942,305.8043929482775,99724.28227776423
2022-06-29,Islamabad,0.9001730182129563,0.20427989605556443,306.9590489199573,99471.17145295239
2022-06-30,Islamabad,0.6841687044642653,0.20784489313038623,302.4967248579607,99765.13805043827
2022-07-01,Islamabad,0.5252166834519822,0.2869377467551088,299.0238186201633,100101.25434161985
2022-07-02,Islamabad,0.0,0.27320625890682343,302.1744369497122,99845.76636891227
2022-07-03,Islamabad,0.0,0.2614668303947016,302.72440491640873,99997.35638975892
2022-07-04,Islamabad,10.21871847128685,0.2805583405935223,302.43077055906656,100000.34521650903
2022-07-05,Islamabad,30.237482174308763,0.3397155545637572,301.386704114273,100060.25628737324
2022-07-06,Islamabad,28.795030752853922,0.3546799934716446,301.6370609380819,100400.16733159308
2022-07-07,Islamabad,0.0,0.3181222565796813,303.3372687292269,100397.248582872
2022-07-08,Islamabad,0.26494826574907976,0.30584447533820525,303.06505947579353,100065.4103646094
2022-07-09,Islamabad,44.38385027615307,0.32765349016514395,301.4009122769148,99978.15372837182
2022-07-10,Islamabad,9.761078085246037,0.4058453392755171,299.6971427078829,100182.5930895736
2022-07-11,Islamabad,20.026218599785484,0.39664712214649533,299.74726929632175,100272.49718279637
2022-07-12,Islamabad,9.64735731593497,0.404948993400863,299.8337349934956,100097.3597199565
2022-07-13,Islamabad,47.72635467194159,0.4005489914865354,299.29373357425123,100001.31061250913
2022-07-14,Islamabad,0.0,0.3969670943134907,298.8155558978459,100195.8245958574
2022-07-15,Islamabad,0.0,0.3755652535063431,300.0504762784753,100404.66755576148
2022-07-16,Islamabad,0.0,0.34753328833095004,301.56027055851695,100356.90390671184
2022-07-17,Islamabad,0.0,0.3313557620176671,301.73439451487116,100499.73597579694
2022-07-18,Islamabad,0.0,0.3114624562339452,303.35756749191637,100195.52740503216
2022-07-19,Islamabad,0.0,0.29166671549742834,303.6472339669446,99963.46448191874
2022-07-20,Islamabad,25.008143826475536,0.36290610924898664,300.68009694518497,99915.31080434895
2022-07-21,Islamabad,39.48222416245506,0.4200407036033133,297.8673913769876,100327.76703679915
2022-07-22,Islamabad,0.0,0.4228608001005408,299.04107131331796,100460.1334608476
2022-07-23,Islamabad,8.526799065967758,0.4210478493095199,299.60701921095944,100454.35160193374
2022-07-24,Islamabad,4.945838842443575,0.42754424903232097,299.1912465338302,100505.44813716409
2022-07-25,Islamabad,29.822429142784966,0.42178112293293324,299.0605978192752,100696.20913704755
2022-07-26,Islamabad,23.785797267541035,0.41019482112665556,300.05825574176185,100666.84251583037
2022-07-27,Islamabad,32.120494333839396,0.44126061137147937,298.99397546450354,100601.7209426584
2022-07-28,Islamabad,0.8809879604462934,0.445450859751547,298.2866392371099,100642.95336551036
2022-07-29,Islamabad,31.221284337260805,0.43696585562075463,299.0573125990178,100521.53380146992
2022-07-30,Islamabad,17.580986618285536,0.42248857659001104,299.3831405555808,100264.79338813323
2022-07-31,Islamabad,10.06522176351474,0.42470805917078147,299.2192879850964,100065.45678736472
2022-08-01,Islamabad,0.0,0.4282727300133262,298.64032746818435,100261.19380193889
2022-08-02,Islamabad,0.0,0.3960671238895402,300.411785734975,100109.14546185087
2022-08-03,Islamabad,0.0,0.37142091922570064,300.9535813197096,100246.2052977639
2022-08-04,Islamabad,0.0,0.34913364522170504,301.64032423474396,100279.22120519471
2022-08-05,Islamabad,6.930055783339312,0.34695843447713487,300.579786595523,100244.40062660577
2022-08-06,Islamabad,0.0,0.33899772909677706,300.60355100836546,100015.88909951804
2022-08-07,Islamabad,0.3885767881500895,0.32664757653220006,301.41827496666565,100020.02394800715
2022-08-08,Islamabad,0.0,0.3301445559987831,301.3423348041825,100088.03656041108
2022-08-09,Islamabad,0.0,0.3192052431661517,301.9720134622929,100114.19214465578
2022-08-10,Islamabad,0.0,0.29590917633566877,303.25305605726146,99813.53817790518
2022-08-11,Islamabad,28.47772354299269,0.3024778563117666,299.72020480164196,100297.73988613237
2022-08-12,Islamabad,0.0,0.31667046963761086,301.3608651029288,100162.69362324357
2022-08-13,Islamabad,0.0,0.290056830247713,303.3554251706126,100032.42586704502
2022-08-14,Islamabad,16.3894727991047,0.3388374304270178,301.0550089442886,100264.2188558672
2022-08-15,Islamabad,10.992332058526188,0.41096607565765997,298.2999461173157,100636.66317115525
2022-08-16,Islamabad,57.20049419804651,0.3754347244280505,301.07125724803024,100402.16881053612
2022-08-17,Islamabad,19.528641708507248,0.395969674573264,298.7734762241241,100507.59317590152
2022-08-18,Islamabad,0.0,0.36668901112594515,300.82891819911606,100264.2573840577
2022-08-19,Islamabad,0.0,0.3377652930296897,301.88702098625026,100147.0981772373
2022-08-20,Islamabad,0.0,0.34622307286885456,300.3684264881494,100357.4959251796
2022-08-21,Islamabad,0.0,0.35449001888221787,300.11589860938557,100287.08256005296
2022-08-22,Islamabad,0.0,0.3271592074150461,301.3824028224857,100089.65901746739
2022-08-23,Islamabad,0.0,0.30261296750220845,301.67381199173855,100348.85620111637
2022-08-24,Islamabad,9.930127100016259,0.3371272809078338,298.7876387295993,100709.89536664147
2022-08-25,Islamabad,0.0,0.36988225377200645,298.65226886312627,100620.95184784403
2022-08-26,Islamabad,0.0,0.3720649805508854,298.9395028138708,100524.05461502721
2022-08-27,Islamabad,0.0,0.3538010379398703,299.7599516987949,100362.46278555716
2022-08-28,Islamabad,0.0,0.32577008311890476,300.7938663758536,100354.85704272486
2022-08-29,Islamabad,0.0,0.3059448030096045,300.6677150551117,100794.09140742235
2022-08-30,Islamabad,0.0,0.28743465269141155,301.43216725103207,100789.10005620202
2022-08-31,Islamabad,0.0,0.2675929012636552,302.24868127098574,100480.93630455362
2022-09-01,Islamabad,0.0,0.2500795989118739,302.01435021572246,100517.82862058625
2022-09-02,Islamabad,0.0,0.23850085222764286,302.25251604232017,100625.17335252208
2022-09-03,Islamabad,0.0,0.23000105185566036,302.3148600509632,100263.88450424325
2022-09-04,Islamabad,1.6779679713028688,0.27696677683779297,299.96925594911005,100312.65441046904
2022-09-05,Islamabad,44.035780983826385,0.38275747232843477,297.93254754639173,100647.20245107372
2022-09-06,Islamabad,0.0,0.35716088874519336,299.64110406669164,100731.8385557586
2022-09-07,Islamabad,0.0,0.3292517474487909,300.84343671582616,100865.84736404948
2022-09-08,Islamabad,0.0,0.3089239698617644,301.47423699114887,100859.10228367575
2022-09-09,Islamabad,0.0,0.2975468746216122,301.31170135242365,100806.67966511869
2022-09-10,Islamabad,2.975398094666768,0.33493581463687727,299.5781603487303,100742.12496553989
2022-09-11,Islamabad,42.59743445634377,0.39044880696067835,298.3738856551888,100636.92801458559
2022-09-12,Islamabad,0.0,0.38921077701037254,298.5796484828167,100532.8054068994
2022-09-13,Islamabad,0.0,0.35308280997326696,299.29250013395887,100545.90562083636
2022-09-14,Islamabad,0.0,0.3282266236959017,299.7517694514578,100510.99020977336
2022-09-15,Islamabad,0.0,0.30551792249606846,299.97467720665236,100259.42096056342
2022-09-16,Islamabad,0.0,0.2866613450133548,299.98227903365995,100019.87113407192
2022-09-17,Islamabad,10.002465445902855,0.28974625631104617,298.6624344980751,100424.66505935664
2022-09-18,Islamabad,0.0,0.27410887917296617,299.39117065875394,100617.90980827386
2022-09-19,Islamabad,0.0,0.2551299147150331,299.99465812416094,100631.76766134439
2022-09-20,Islamabad,0.0,0.2399964586925521,300.55774553151014,100641.09441007116
2022-09-21,Islamabad,0.0,0.2276526622799105,300.56094729727783,100634.16800090093
2022-09-22,Islamabad,0.0,0.216613018335465,300.9315710688324,100589.47720232142
2022-09-23,Islamabad,0.0,0.2077298961373018,300.85147247507,100527.33969471889
2022-09-24,Islamabad,0.0,0.20356462164172215,299.7179263323394,100408.05830510204
2022-09-25,Islamabad,0.0,0.22572581985193996,297.65655343386163,100630.76161412627
2022-09-26,Islamabad,13.531524651719822,0.23857462377066727,298.8478402503524,100964.73680568188
2022-09-27,Islamabad,0.2605908311712732,0.226517296794358,299.2906872019889,100749.46851020023
2022-09-28,Islamabad,6.842525826719339E-4,0.21624888193919384,299.751661681967,100651.20868977648
2022-09-29,Islamabad,0.7297274253164393,0.20765319263806986,299.61443756396886,100688.35333808437
2022-09-30,Islamabad,7.139048885460292E-5,0.20077468223075087,300.02941494867804,100681.39624626268
2022-10-01,Islamabad,1.9223251918031035,0.2108258747580003,299.0657456055285,100605.61852860259
2022-10-02,Islamabad,0.0,0.2618536966865732,297.39118667891535,100768.56525112546
2022-10-03,Islamabad,0.0,0.24627801792420634,298.8698347271299,100824.32832039242
2022-10-04,Islamabad,0.0,0.22829824487558006,298.7272678884832,100967.29566925108
2022-10-05,Islamabad,0.0,0.21385457522835893,298.27290601691163,100794.35336757085
2022-10-06,Islamabad,0.0,0.21794810753417385,297.1130630956667,101006.48705329739
2022-10-07,Islamabad,0.0,0.23453506836434304,296.3465831148823,101084.25002948649
2022-10-08,Islamabad,0.0,0.22033495808548284,296.2055991028249,101085.55132781592
2022-10-09,Islamabad,0.0,0.2086743362357603,296.20155075713006,101107.13201671994
2022-10-10,Islamabad,0.0,0.20100299674517458,296.4536664311199,101155.58420028366
2022-10-11,Islamabad,7.671457286074241,0.1963545309343191,295.8067517681792,101106.64174051321
2022-10-12,Islamabad,0.0,0.20065041511219592,294.97281815615304,101302.51678349954
2022-10-13,Islamabad,0.0,0.20032248260589172,295.395392680926,101346.61450387376
2022-10-14,Islamabad,0.0,0.19368451970058648,295.7818251632887,101265.99408280663
2022-10-15,Islamabad,0.0,0.18782350168567413,295.7828963154266,101164.8500270707
2022-10-16,Islamabad,0.0,0.18314468014074564,296.03495005113695,101415.48753751536
2022-10-17,Islamabad,0.0,0.17953554011518044,296.21336191782865,101322.99089897577
2022-10-18,Islamabad,0.0,0.1783724903343008,295.33556083659073,101213.28162728505
2022-10-19,Islamabad,11.880767323029632,0.19592548602401394,294.86756076355664,101287.07072637677
2022-10-20,Islamabad,0.0,0.28419210358126273,292.08808473314673,101679.69765720917
2022-10-21,Islamabad,0.0,0.26352653756678757,292.30637952827584,101857.32287000938
2022-10-22,Islamabad,0.0,0.24553397354732645,291.8997458211235,101821.89540536473
2022-10-23,Islamabad,0.0,0.23151032590331957,292.21400527693316,101664.59682370063
2022-10-24,Islamabad,0.0,0.21998410423461173,292.3188871642972,101160.60091415237
2022-10-25,Islamabad,0.0,0.2103192031030259,292.57614447443785,101021.95995130116
2022-10-26,Islamabad,0.0,0.20234298743639037,293.2030097593158,101399.32662296505
2022-10-27,Islamabad,0.0,0.19579779745628134,292.9915884500268,101395.79575628955
2022-10-28,Islamabad,0.0,0.19052457769695558,292.848702439066,101402.37272740841
2022-10-29,Islamabad,0.0,0.18626191647752083,293.18648682845065,101462.20690992907
2022-10-30,Islamabad,0.0,0.18281142655588115,293.45004920753644,101490.05443384513
2022-10-31,Islamabad,4.881705408575298,0.1812984150901902,293.54239960633856,101485.2545124994
2022-11-01,Islamabad,0.0,0.18068001373759615,293.483056742843,101577.44982251264
2022-11-02,Islamabad,0.0,0.17868775893383046,293.2561984762201,101428.19308928943
2022-11-03,Islamabad,0.0,0.17631234825330525,293.87483072098,101276.56814648608
2022-11-04,Islamabad,0.0,0.17454242100612352,294.4293919452666,101426.26858004408
2022-11-05,Islamabad,15.744967200194369,0.18565390277808363,292.5132491165661,101726.36294464211
2022-11-06,Islamabad,14.378840946000887,0.2604904800150676,290.54108588899675,101863.53177329649
2022-11-07,Islamabad,4.057339926624867,0.3153077167282418,289.66096277202104,101791.43313813036
2022-11-08,Islamabad,0.0,0.29228576147968105,290.5145604934428,101701.11586309456
2022-11-09,Islamabad,4.888140019466942,0.30447779257886254,288.5312359733709,101822.46628343697
2022-11-10,Islamabad,0.0,0.3028797605701087,288.3965870272643,102001.00383750738
2022-11-11,Islamabad,0.0,0.28487667989639054,287.6568019293868,101875.30757078182
2022-11-12,Islamabad,0.0,0.27029286998176166,287.3926944006999,101765.6259318443
2022-11-13,Islamabad,13.385009756756535,0.2810895321427825,287.53935631749744,101631.95511658181
2022-11-14,Islamabad,0.0,0.38344606779976614,285.53161673535516,101962.35772517734
2022-11-15,Islamabad,0.0,0.3449155405255694,287.01268375429606,101729.59818896085
2022-11-16,Islamabad,0.0,0.3226893460562838,286.86569152963193,101598.32124469955
2022-11-17,Islamabad,0.0,0.30620166724269476,286.14798602890465,101550.13892508583
2022-11-18,Islamabad,0.0,0.29252734396833613,286.5611259890993,101658.48322680307
2022-11-19,Islamabad,0.0,0.285141424356273,286.9364621609657,101820.87135895086
2022-11-20,Islamabad,0.0,0.2756828536329291,286.94141608363066,101658.56107967462
2022-11-21,Islamabad,0.0,0.26550641656238144,286.71888695626467,101492.99213740851
2022-11-22,Islamabad,0.0,0.2561151652165329,286.0834336770214,101493.54628242803
2022-11-23,Islamabad,0.0,0.24773766364107022,286.14165956271876,101491.34178932574
2022-11-24,Islamabad,0.0,0.24047229720530225,286.63775870890856,101434.8085562702
2022-11-25,Islamabad,0.0,0.23442799664146502,287.06759444921295,101730.53817364202
2022-11-26,Islamabad,0.0,0.22881883295070285,287.00463935027284,101338.30181949436
2022-11-27,Islamabad,0.0,0.2237955765883699,286.7826633105573,101190.5580883941
2022-11-28,Islamabad,0.0,0.21923737777971997,286.5426443604848,101441.55046062877
2022-11-29,Islamabad,0.0,0.21487822226268966,286.6202168115633,101618.72672414279
2022-11-30,Islamabad,0.0,0.21065562392221468,286.5979913423276,101705.14668109962
2022-12-01,Islamabad,0.10931944337549697,0.20682104793972578,287.21772965321946,101480.83749353423
2022-12-02,Islamabad,0.0,0.20359320501284997,286.5205567108267,101470.1054330465
2022-12-03,Islamabad,0.0,0.20096959471169523,285.97698453499305,101664.04221400233
2022-12-04,Islamabad,0.0,0.1983013234316219,285.9147606086233,101621.51548680427
2022-12-05,Islamabad,0.0,0.1958369992196477,285.51501128353823,101838.2541337933
2022-12-06,Islamabad,0.0,0.19352840943231178,285.3043643007817,101713.62790246571
2022-12-07,Islamabad,0.0,0.19124727739332345,285.56856956497535,101579.38588762164
2022-12-08,Islamabad,0.0,0.189504207093981,286.3004888895906,101680.07217441226
2022-12-09,Islamabad,0.0,0.18869876018815196,286.2897937703478,101625.61271123693
2022-12-10,Islamabad,0.46278357670591325,0.1881883602221262,286.38158603640636,101799.73622554398
2022-12-11,Islamabad,0.0,0.18674988395590658,286.0067889819668,101782.10529982437
2022-12-12,Islamabad,0.0,0.18524638882217911,285.46854530540776,101705.39681751905
2022-12-13,Islamabad,0.0,0.1839462799111122,285.17287461885934,101870.0354136351
2022-12-14,Islamabad,0.0,0.182659949485579,284.96594288572004,101600.72645698811
2022-12-15,Islamabad,0.0,0.18147199052313948,285.3774357412457,101415.03855199287
2022-12-16,Islamabad,0.4773699394553232,0.18038403279744522,285.20345975800024,101372.70782543147
2022-12-17,Islamabad,0.0,0.1794774313931279,285.3112538583321,101595.61438201994
2022-12-18,Islamabad,0.0,0.1786705192753379,285.22563134137715,101587.51064959816
2022-12-19,Islamabad,0.0,0.17796228580053622,284.53797362903174,101499.75997176401
2022-12-20,Islamabad,0.0,0.177303371828705,284.1377763397043,101430.08336009624
2022-12-21,Islamabad,0.0,0.17666337045321437,283.47047783455224,101605.38449323017
2022-12-22,Islamabad,0.0,0.1760440321802566,282.8457944847238,101516.18111102266
2022-12-23,Islamabad,0.0,0.17551803111834874,282.1691022993224,101502.23000531463
2022-12-24,Islamabad,1.694138263171846,0.17510777278112208,281.9465408850798,101782.96310422449
2022-12-25,Islamabad,0.8140385880335189,0.17472495024875684,282.34778274662295,101731.82648903252
2022-12-26,Islamabad,0.0,0.17420668728692418,282.99207190440364,101971.53465515721
2022-12-27,Islamabad,0.0,0.17368403447141814,282.891050296795,101860.46323957817
2022-12-28,Islamabad,0.0,0.17320733088226095,283.0879729481135,101814.1657602826
2022-12-29,Islamabad,5.811699398781126,0.24203448066979133,282.9382864359543,101971.4782432302
2022-12-30,Islamabad,0.0,0.3052651345185034,282.81032510233325,102258.41689817715
2022-12-31,Islamabad,0.0,0.29073889346991,281.8960688471904,101986.29500917987
2023-01-01,Islamabad,0.0,0.2784661905409169,281.5840934720576,102043.7020567362
2023-01-02,Islamabad,0.0,0.2688473776978255,280.9323814060422,102186.49942661198
2023-01-03,Islamabad,0.0,0.2606954689795488,280.59293296924625,102306.55885291149
2023-01-04,Islamabad,0.0,0.2531827678260921,280.5591933145033,102298.32053986572
2023-01-05,Islamabad,0.0,0.24647599590149388,281.03541462434373,102372.66456199413
2023-01-06,Islamabad,0.009986694954865236,0.2415391749600485,282.1136915928443,102399.11261780387
2023-01-07,Islamabad,5.129908850798963,0.23777518640220735,283.08604691192784,102183.93623527813
2023-01-08,Islamabad,0.0,0.2385007236602082,283.2659878706996,101980.69643192101
2023-01-09,Islamabad,0.0,0.23934247477734405,284.2660289743764,102028.78343413216
2023-01-10,Islamabad,5.230571626754971,0.2347312761181028,285.44990470592165,101853.16696034746
2023-01-11,Islamabad,7.103029634112212,0.3178521896535079,283.47105914068743,101424.73270741441
2023-01-12,Islamabad,0.0,0.4281890062464536,281.9900129616399,101381.89090778613
2023-01-13,Islamabad,0.0,0.39861365192781006,279.2465235966715,101674.40219898196
2023-01-14,Islamabad,0.0,0.36826269063538625,279.81219625311854,101840.31122035725
2023-01-15,Islamabad,0.0,0.3514963685196842,280.12826449222035,101556.03582395922
2023-01-16,Islamabad,0.0,0.33937401744296725,279.634405988059,101788.67984736655
2023-01-17,Islamabad,0.0,0.3293994516272039,279.44414002001315,101771.39887944215
2023-01-18,Islamabad,6.816381352578008,0.3215836184145478,281.1656410368547,101982.93971148714
2023-01-19,Islamabad,0.0,0.3143084489359436,282.88658942633884,101962.58055852394
2023-01-20,Islamabad,0.0,0.31128300280889915,281.6884929596037,101969.9395764887
2023-01-21,Islamabad,0.0,0.3215458102793853,280.86014680060276,101963.87149252821
2023-01-22,Islamabad,0.0,0.3305936077308096,280.83341776969985,101911.20382983383
2023-01-23,Islamabad,0.0,0.3303736559974962,281.54068376672,101901.31013184374
2023-01-24,Islamabad,0.0,0.3720609284939077,282.04750747715946,101592.88214638946
2023-01-25,Islamabad,0.0,0.3895987206724842,280.9095072693154,101880.31393702254
2023-01-26,Islamabad,0.0,0.3659581677653067,281.35927407783066,102058.81340981822
2023-01-27,Islamabad,0.0,0.3481482786134326,282.4752811355386,101953.54584759107
2023-01-28,Islamabad,0.9108061634129813,0.33666475555728476,283.1961776188484,101479.63186822174
2023-01-29,Islamabad,24.687648591400684,0.3618228574903751,284.09101357453585,101456.13871548306
2023-01-30,Islamabad,0.0,0.44471762651686886,282.1867516633155,102072.03975099184
2023-01-31,Islamabad,0.0,0.42035731541017796,283.08481774162374,102129.65735627644
2023-02-01,Islamabad,3.0781584603795897,0.4011083023267654,284.3590482418028,101888.58057344488
2023-02-02,Islamabad,3.109102486696756,0.3865783449073837,286.30530922401283,101737.06710202471
2023-02-03,Islamabad,0.0,0.37658165806271054,286.29397405858265,101650.12026404263
2023-02-04,Islamabad,0.0,0.36599735813772,285.8069883685136,101472.83404112761
2023-02-05,Islamabad,0.0,0.36313501031077167,286.3812353705642,101299.17623900119
2023-02-06,Islamabad,0.0,0.39899611408395,284.4506143335449,101505.42476183441
2023-02-07,Islamabad,0.0,0.37793762615602206,284.0552604182013,101373.67924093944
2023-02-08,Islamabad,0.0,0.363609484771321,284.54067146284297,101488.799529495
2023-02-09,Islamabad,0.0,0.4026069451456802,283.45855082357997,101222.44668060228
2023-02-10,Islamabad,0.0,0.4193491206665602,283.72683076082404,101354.92736801419
2023-02-11,Islamabad,0.0,0.392823906905249,281.84735150623675,101691.12801259606
2023-02-12,Islamabad,0.0,0.3760223224168005,281.66985654585926,102131.28829620639
2023-02-13,Islamabad,0.0,0.36249998698424574,282.85778473910796,101717.696779009
2023-02-14,Islamabad,0.0,0.3508438620747221,285.78644515923327,101635.98829066436
2023-02-15,Islamabad,0.0,0.3398924995505511,287.77316891138287,101448.35751273249
2023-02-16,Islamabad,4.861540748338941,0.3298779920509457,289.2281551040169,101577.15185757808
2023-02-17,Islamabad,4.026301624407293,0.32148183767382815,289.4467085738762,101707.95714795259
2023-02-18,Islamabad,2.4185115578533343,0.31429721204963473,289.5960037275449,101532.8568615428
2023-02-19,Islamabad,0.0,0.30688971791422,290.0803865568302,101371.19386481972
2023-02-20,Islamabad,0.0,0.3141441697929641,287.86202134204694,101258.97069504287
2023-02-21,Islamabad,0.0,0.3068606890527387,287.82659089413687,101397.8185408235
2023-02-22,Islamabad,0.0,0.29536926073283026,287.56700091726054,101492.61404345813
2023-02-23,Islamabad,0.06180325897072473,0.28386573741776905,287.99420133999536,101443.27951988885
2023-02-24,Islamabad,0.0,0.27329071259094917,288.52545309992644,101596.25862284566
2023-02-25,Islamabad,11.410055497914403,0.26475586312302846,289.6077596880308,101738.0605453652
2023-02-26,Islamabad,3.6287837735378563,0.26462200450378265,288.65652934451106,102018.18131671766
2023-02-27,Islamabad,0.0,0.25968756933100823,288.9338665747802,101926.03131288083
2023-02-28,Islamabad,2.727807270163843,0.2651610754125035,287.3359913011204,102106.85986454682
2023-03-01,Islamabad,0.26952266758165094,0.2928914276597651,287.50712673891013,102280.3493865388
2023-03-02,Islamabad,0.0,0.36456803111987535,287.37796600446075,102268.49535143634
2023-03-03,Islamabad,0.0,0.3535206279124668,288.9950317964331,102198.02913869594
2023-03-04,Islamabad,0.0,0.32893952858908243,289.48498143096407,102060.75017869532
2023-03-05,Islamabad,0.0,0.31096538411693325,289.37390085731226,101959.9767145508
2023-03-06,Islamabad,0.0,0.2952271384106394,289.7924718397561,101647.86890730866
2023-03-07,Islamabad,0.0,0.2799526781429636,290.0149390120162,101645.29413488755
2023-03-08,Islamabad,0.0,0.26627845296379393,290.2914311055979,101696.14119448017
2023-03-09,Islamabad,0.0,0.2535039960336094,290.6702474054319,101767.01382632388
2023-03-10,Islamabad,0.0,0.24183597891103004,291.48957700291237,101581.97210932884
2023-03-11,Islamabad,0.0,0.23110745196839527,292.52471644379693,101564.29759084685
2023-03-12,Islamabad,0.0,0.22574790127271266,291.519085812467,101667.99474039096
2023-03-13,Islamabad,0.0,0.21853945213466944,292.2738023175983,101416.25996394835
2023-03-14,Islamabad,0.0,0.2101284366399681,292.47785738983066,101068.0318404404
2023-03-15,Islamabad,0.27408485975062113,0.2085712910992257,293.4744920988042,100997.86427224489
2023-03-16,Islamabad,24.1239682711855,0.23179145888041366,291.4853720510957,101323.21446735316
2023-03-17,Islamabad,0.21457205237863522,0.32867285078953423,288.22565233903845,101515.47817857306
2023-03-18,Islamabad,0.30207958900556087,0.34939783857917234,289.035855538483,101315.82634621838
2023-03-19,Islamabad,0.20146262241870222,0.3274770589855118,289.29858671768363,101036.67427051118
2023-03-20,Islamabad,3.2016442213218497,0.3135874482262786,290.0221221432282,100870.64877535123
2023-03-21,Islamabad,5.030073381631417,0.3277073552366976,288.4422468790504,101063.90262102961
2023-03-22,Islamabad,6.162058699782054,0.32014201758671207,289.54774576884773,101153.92662800978
2023-03-23,Islamabad,4.000487527105289,0.3159931610687031,289.6389437702899,101088.86877195502
2023-03-24,Islamabad,13.627616900126199,0.3348898489312298,288.74246165153704,101033.38648019363
2023-03-25,Islamabad,2.527289011138972,0.41683903011953255,286.6224835222218,101513.68757034127
2023-03-26,Islamabad,0.0,0.3717651996581034,289.03808475943237,101341.09879041424
2023-03-27,Islamabad,0.0,0.34330283367312014,290.38395550297514,101125.56985137385
2023-03-28,Islamabad,0.0,0.3237417672457544,291.0351966790952,101122.71085579038
2023-03-29,Islamabad,2.0876822518671383,0.3226812132914791,291.4697204316806,101285.7979667108
2023-03-30,Islamabad,0.6164669171128146,0.33807564443801313,290.6675952119039,101040.08962118022
2023-03-31,Islamabad,0.0,0.40391170405203897,288.60068259734237,101025.70925499352
2023-04-01,Islamabad,0.0,0.4019511752793337,288.5188559298462,101114.9816888869
2023-04-02,Islamabad,0.7045754900484293,0.3784764625961355,290.20733475379745,100995.33509482573
2023-04-03,Islamabad,2.222941072926798,0.40210051131299446,289.2577805304511,101016.75280157225
2023-04-04,Islamabad,0.0,0.39998830089540455,289.2903335597252,101268.743811744
2023-04-05,Islamabad,2.2396309571563022,0.37357451870097635,290.4698748547004,101265.69868994706
2023-04-06,Islamabad,0.0,0.36261170257327374,290.2917660523583,101624.42058434422
2023-04-07,Islamabad,0.0,0.33805768980927936,291.7023053597638,101619.92617008091
2023-04-08,Islamabad,0.0,0.31561589523994743,292.67055596964576,101536.16281838315
2023-04-09,Islamabad,0.0,0.2963447261452555,293.7540887294866,101502.78394463928
2023-04-10,Islamabad,0.0,0.27865500776323193,294.0943033866772,101351.82805714553
2023-04-11,Islamabad,0.0,0.2633248246867296,294.5918008329805,101324.9477495765
2023-04-12,Islamabad,0.0,0.24869976182763312,295.60875206978943,101242.0798075065
2023-04-13,Islamabad,0.0,0.2340084309413366,296.57949331149223,101021.23262428382
2023-04-14,Islamabad,0.0,0.2208784614916746,297.4098371336001,100912.76486794314
2023-04-15,Islamabad,0.037802714917665285,0.2096892463510961,299.04877330250997,100884.02537579296
2023-04-16,Islamabad,1.1475147803371502,0.20258430747054318,297.29240329041556,101010.2929344675
2023-04-17,Islamabad,0.17116833125621786,0.1984271544644592,298.726031346989,100952.68757709114
2023-04-18,Islamabad,6.494851253632334,0.22710701731667846,294.8312757460062,101159.35732124794
2023-04-19,Islamabad,3.2109703856966005,0.36346041677199525,291.23241441858033,100841.18020404657
2023-04-20,Islamabad,1.440840236731167,0.41816730489726917,290.4634042153292,100615.75006145981
2023-04-21,Islamabad,0.008926276723509473,0.3878211162986293,291.187837825289,100841.9780116014
2023-04-22,Islamabad,0.006891342937786405,0.3666626307767477,291.45902167224807,100910.67945089753
2023-04-23,Islamabad,0.0,0.34031215741910353,293.67244880013294,100907.48810699546
2023-04-24,Islamabad,0.0026343759662766425,0.3137229341328259,295.0485259546382,101089.42633563162
2023-04-25,Islamabad,0.0,0.2916065264230259,295.4981403895226,101152.29377643131
2023-04-26,Islamabad,1.0419152528488005,0.288079204029965,295.68563240721085,100925.43565798229
2023-04-27,Islamabad,4.952701826705098,0.29466180242107365,295.5634081944898,101062.92182739529
2023-04-28,Islamabad,0.9171180011717522,0.28603340255202797,295.4613728510751,101178.62888440154
2023-04-29,Islamabad,0.0,0.26475460925083516,296.4201533035528,100811.22874911896
2023-04-30,Islamabad,0.7248638488332311,0.24744883156490605,296.11013968784886,100623.03763222737
2023-05-01,Islamabad,9.518509702681198,0.2875450814785615,293.52458399236514,100908.00653605454
2023-05-02,Islamabad,1.822298555982145,0.4094564376777167,291.9197446426951,101152.26431871277
2023-05-03,Islamabad,4.482744302828129,0.38004419119981525,292.99883660733394,101160.8068879741
2023-05-04,Islamabad,16.74023976839232,0.3755161422207473,292.70286054800425,101203.93181052763
2023-05-05,Islamabad,0.0,0.3549427997637162,294.61275693170563,100934.03824540439
2023-05-06,Islamabad,2.1263383563460048,0.34444732284968005,294.73515087674286,100804.0992899084
2023-05-07,Islamabad,0.09016401690429797,0.37849088646301515,292.63036141467774,100830.85713935528
2023-05-08,Islamabad,0.0,0.37675385206791856,293.2174130539027,100855.10829359174
2023-05-09,Islamabad,0.0,0.33829797604214373,294.48122972896596,101090.2776309769
2023-05-10,Islamabad,0.0,0.3078095926702237,296.08778709895716,100759.79819620815
2023-05-11,Islamabad,1.2147966769505836,0.28220076306050956,298.15910006991174,100797.42973759155
2023-05-12,Islamabad,1.5889092293601366,0.26041183192977185,299.3988742196085,100689.70929940089
2023-05-13,Islamabad,1.1141262152506026,0.2629218257404296,298.7128281183292,100787.7894557717
2023-05-14,Islamabad,0.0,0.2575405949671561,297.7067480824659,100473.49767660636
2023-05-15,Islamabad,0.07560173184022448,0.24202503713584922,298.8964393557556,100397.1647051635
2023-05-16,Islamabad,0.14234522594489893,0.23284463817540987,299.2457584866059,100605.5687490053
2023-05-17,Islamabad,8.60710154692715,0.2246392505504609,300.66324585434137,100693.04421659716
2023-05-18,Islamabad,6.771386496383558E-4,0.2155618490811475,298.46493195662765,101171.42124867845
2023-05-19,Islamabad,0.0,0.20420998295222303,298.73805704389014,100683.6709893394
2023-05-20,Islamabad,0.0,0.19372362180756716,300.7504517679538,100440.65597538481
2023-05-21,Islamabad,0.0,0.18528905493871992,302.78896837030817,100514.15869844482
2023-05-22,Islamabad,0.8194671010836633,0.1805019634235782,303.8941761462829,100530.39888477107
2023-05-23,Islamabad,6.8017717104459905,0.1879562104546809,302.0601864537315,100675.89165454052
2023-05-24,Islamabad,0.0,0.22225841583912978,298.64826339867506,100550.12269969817
2023-05-25,Islamabad,3.891862432447464,0.2799569382149385,296.7403440827746,100591.29496761461
2023-05-26,Islamabad,0.0,0.37002067467042155,295.24516635016073,100784.69455117999
2023-05-27,Islamabad,0.0,0.32142822395493453,297.5033624198992,100702.07008620002
2023-05-28,Islamabad,1.2757576257078522,0.28387998316367596,298.83821766834694,100785.12350968868
2023-05-29,Islamabad,14.160611827953206,0.27217676296491167,297.40705878882085,101082.84069264133
2023-05-30,Islamabad,0.7262236195877768,0.3152289206472865,296.1294243319499,101110.6740793819
2023-05-31,Islamabad,0.0,0.3896847379239594,293.78769182086626,100888.49380321783
2023-06-01,Islamabad,1.390764465772636,0.42819177878713743,292.2062714797472,100950.0205439157
2023-06-02,Islamabad,0.0,0.38892784961120297,295.72312809714026,100756.15440336391
2023-06-03,Islamabad,0.0,0.36143495106569523,297.22731885924077,100766.85382017073
2023-06-04,Islamabad,0.0,0.33856049836989227,298.6100472772369,100685.33343114801
2023-06-05,Islamabad,1.7869602208746596,0.3236423475258477,298.8528535828238,100514.58206055882
2023-06-06,Islamabad,0.0,0.3077945839906457,299.2959375912132,100473.23757623856
2023-06-07,Islamabad,0.0,0.29433469208717955,299.2586436137017,100576.70436947221
2023-06-08,Islamabad,0.0,0.2766154757908164,300.77789855311624,100375.79969149313
2023-06-09,Islamabad,0.0,0.25668964614672724,302.38816677278123,100021.31395265396
2023-06-10,Islamabad,21.452365301742887,0.24228764000978023,303.2402803056656,99953.97355878541
2023-06-11,Islamabad,0.0,0.22821956160553758,302.72286309129515,100018.13882206073
2023-06-12,Islamabad,0.0,0.22850756668114644,302.2512147970312,99937.7641446359
2023-06-13,Islamabad,0.0,0.2285104553864251,303.9224999283979,99890.30610036493
2023-06-14,Islamabad,0.0,0.21800857328731474,303.1539451657001,99978.39973561627
2023-06-15,Islamabad,0.01627102178341424,0.21403687231526908,301.9379493361589,100197.69567237736
2023-06-16,Islamabad,0.0,0.20462017447601563,302.54063352761443,100132.93985323544
2023-06-17,Islamabad,0.0,0.19589544949683263,303.5140749167059,100097.75861467476
2023-06-18,Islamabad,0.011083388674400669,0.18900303333754245,305.05917892972394,100090.31567352837
2023-06-19,Islamabad,0.0,0.18241723663273185,304.76320717629017,100025.10493994699
2023-06-20,Islamabad,0.0,0.1765795619480571,306.01657607223535,99900.23153434928
2023-06-21,Islamabad,0.0,0.17239253619588388,306.86186835847997,99919.6804573462
2023-06-22,Islamabad,0.0,0.16944050184277085,307.76766446692267,99875.25059967715
2023-06-23,Islamabad,0.0,0.16752309121085687,308.41060026106203,99856.66685199343
2023-06-24,Islamabad,9.20180586225572,0.16861352343323122,307.27384580510693,99866.29806795962
2023-06-25,Islamabad,26.7724124871499,0.195509418329521,303.87699761687827,99972.28825215428
2023-06-26,Islamabad,47.36112604509418,0.26051755402706256,301.24532152362406,100365.54037731345
2023-06-27,Islamabad,0.0,0.2423637419279056,302.7325755925612,100189.09991516413
2023-06-28,Islamabad,22.9278039316012,0.2955727134219926,301.93071760538686,100359.76964475523
2023-06-29,Islamabad,0.289452984075983,0.3018874057565492,302.05569223894827,100113.4507422781
2023-06-30,Islamabad,3.661142582988995,0.3079380817559909,301.64557256142496,100069.17180430342
2023-07-01,Islamabad,0.0,0.2706334005065598,303.1206803475574,100080.87043385646
2023-07-02,Islamabad,0.0,0.23992252357081292,304.254175140767,100070.64116215157
2023-07-03,Islamabad,0.0,0.22024014681569104,305.0659831255809,99973.83011729234
2023-07-04,Islamabad,0.0,0.32396744481231377,300.83072304972484,99931.16926882022
2023-07-05,Islamabad,0.0,0.40229430655536286,298.6248203939535,100101.20403126565
2023-07-06,Islamabad,0.0,0.36234490791526547,300.6606854354403,100295.87505257835
2023-07-07,Islamabad,0.0,0.3974026849454791,299.72169258584665,100431.15044045007
2023-07-08,Islamabad,0.0,0.37443771375025536,299.1339021382963,100398.22358933777
2023-07-09,Islamabad,0.0,0.3597561120679759,300.21257158107994,100278.08925668459
2023-07-10,Islamabad,0.0,0.32203037880138946,301.13615839234865,100296.71575943002
2023-07-11,Islamabad,0.0,0.29054000412962644,302.5270825879659,100166.10360772589
2023-07-12,Islamabad,0.0,0.26353273788816883,303.7835478617354,100099.54806014393
2023-07-13,Islamabad,0.0,0.24982688592957003,302.60089903892754,100185.34413083766
2023-07-14,Islamabad,21.82684912405551,0.27693970852127453,301.8709142643103,100224.28303446581
2023-07-15,Islamabad,34.081881845432704,0.3665774368541244,300.7388915541773,100180.1770848728
2023-07-16,Islamabad,0.04798142630614514,0.37605884175522264,300.6544541875633,100232.8565592174
2023-07-17,Islamabad,0.0,0.3451016661581376,303.03558291209066,100067.36445165065
2023-07-18,Islamabad,28.941196131058987,0.34578160490972426,302.07112826404517,100033.59824757857
2023-07-19,Islamabad,173.9843268584199,0.4188396187066261,298.43914475824846,100235.46297100239
2023-07-20,Islamabad,0.0,0.3804868361277487,301.407899403994,100216.27562873736
2023-07-21,Islamabad,2.222619177477567,0.3942573727710406,300.8095054414837,100374.11740172119
2023-07-22,Islamabad,0.0,0.411933354154886,299.7193135315063,100699.95581821827
2023-07-23,Islamabad,0.0,0.3907427061896599,300.4921399308878,100651.00980550282
2023-07-24,Islamabad,9.658748122789401,0.36348416251512333,301.9692132277735,100318.81697803926
2023-07-25,Islamabad,0.0,0.40097315650088666,300.1878459979221,100355.91136501869
2023-07-26,Islamabad,1.1201579331712028,0.42288326846679253,300.5125794202185,100402.80564847555
2023-07-27,Islamabad,0.0,0.43134632035137865,299.6097580164097,100334.47530275173
2023-07-28,Islamabad,50.723444279097464,0.4319989713226746,299.6574719065475,100077.02815889171
2023-07-29,Islamabad,0.0,0.42403899314193066,299.51448288502775,100131.27681707857
2023-07-30,Islamabad,0.0,0.3895013822011694,301.060732922833,99957.95742683082
2023-07-31,Islamabad,0.0,0.36365831163001716,301.6254997696048,99905.44473271734
2023-08-01,Islamabad,0.0,0.34215380112521665,302.4382217200747,99771.77751054404
2023-08-02,Islamabad,0.12227622392932053,0.34121635778971593,302.3037893900599,99823.11737010308
2023-08-03,Islamabad,0.0,0.36295961044607805,301.4901518782759,99917.29483972139
2023-08-04,Islamabad,33.61983460266785,0.36944770237658403,301.6461154461346,100143.75287688719
2023-08-05,Islamabad,2.711743659360809,0.40319885278885415,300.56642251853617,100278.56234581763
2023-08-06,Islamabad,16.537348241946102,0.40998726223012133,300.800694158356,99857.43169648945
2023-08-07,Islamabad,39.38905456853126,0.3944225969294769,300.3726360884001,99752.78694195919
2023-08-08,Islamabad,0.0,0.3622161164199261,301.901705499738,99864.58656417685
2023-08-09,Islamabad,0.0,0.3368811331910821,302.5387190508471,100186.64897465156
2023-08-10,Islamabad,0.20029528858413273,0.34926705118065754,301.1342522710476,100383.42086428824
2023-08-11,Islamabad,0.0,0.3678701520824421,301.3516859919845,100332.91646547169
2023-08-12,Islamabad,0.0,0.34481914646258016,302.7778533685871,99999.24814767973
2023-08-13,Islamabad,0.0,0.31737499275512226,303.6851201879591,99784.1712881122
2023-08-14,Islamabad,46.26621143663192,0.3457339840176131,300.61600836223244,100364.72817288889
2023-08-15,Islamabad,1.0699656154626844,0.3666301794831132,300.1084959823675,100528.7053133953
2023-08-16,Islamabad,0.0,0.3364079057508075,301.5156066684868,100381.60542594132
2023-08-17,Islamabad,7.559526677791042,0.31569196885415585,302.30192584322725,100340.64699870115
2023-08-18,Islamabad,0.0,0.296768719688176,302.6562918141658,100389.50028456244
2023-08-19,Islamabad,0.0,0.2785814940778535,303.29632417093865,100469.50077908294
2023-08-20,Islamabad,0.23355764100476906,0.2614950515103857,303.7262947593726,100457.15585779409
2023-08-21,Islamabad,0.0,0.24761104674810042,304.7083862602124,100218.7317055841
2023-08-22,Islamabad,0.0,0.23166520869518878,305.7029568964168,99909.17151618846
2023-08-23,Islamabad,33.06991519097942,0.23482241340070456,303.49402686791524,99809.68844712045
2023-08-24,Islamabad,0.0,0.3113364489593533,300.0789129926116,99922.0364591623
2023-08-25,Islamabad,0.0,0.2962683930543831,300.1963366084834,100025.88433691616
2023-08-26,Islamabad,0.0,0.2969458406565252,299.9873340547366,100260.97162511086
2023-08-27,Islamabad,0.4838953027729124,0.276541196136107,301.2173570859567,100130.10990504643
2023-08-28,Islamabad,0.0,0.2640475507499743,301.0320225239285,100199.64766125909
2023-08-29,Islamabad,0.0,0.2743984869036631,300.96323464046253,100464.42546418143
2023-08-30,Islamabad,0.0,0.24888630013651428,302.4923227924048,100548.76986146322
2023-08-31,Islamabad,0.0,0.2292302462554242,303.45119759259245,100603.84578137075
2023-09-01,Islamabad,0.0,0.21536568495416053,304.15952453184246,100540.13356884634
2023-09-02,Islamabad,22.39976647376017,0.2259111248154727,302.85195635464174,100423.2080300606
2023-09-03,Islamabad,0.0,0.23172141527259726,302.4949439791507,100336.49796969496
2023-09-04,Islamabad,0.40739333325500066,0.22270274078811828,303.28989704408417,100327.77401195373
2023-09-05,Islamabad,0.0,0.2510488574401098,301.1249526164678,100606.14888583687
2023-09-06,Islamabad,0.0,0.24668170061681421,301.49757790208076,100638.17924022899
2023-09-07,Islamabad,0.0,0.22694610899963008,303.39397040094764,100463.45035433528
2023-09-08,Islamabad,0.0,0.2098475117067823,303.79820001051786,100411.38131792551
2023-09-09,Islamabad,1.695768257230622,0.1977147625978421,303.86926332834855,100310.39742465672
2023-09-10,Islamabad,0.0,0.19036553660000394,303.7062695042554,100158.1120973495
2023-09-11,Islamabad,0.0,0.1905735347421051,303.1339347691562,100232.2101566408
2023-09-12,Islamabad,0.0,0.19083111562227711,303.78511643572733,100224.77222464587
2023-09-13,Islamabad,0.0,0.18624868244486106,304.42869062754613,100276.69251696719
2023-09-14,Islamabad,0.0,0.18425081927344156,304.080729937175,100417.19667740501
2023-09-15,Islamabad,22.858292323744728,0.19626503684009605,302.9796918781099,100554.42981077489
2023-09-16,Islamabad,40.0045042110386,0.2961925862891563,300.1158789342024,100657.02619715166
2023-09-17,Islamabad,11.255413488131591,0.28223931244605616,300.67157243719953,100503.43660439213
2023-09-18,Islamabad,0.0,0.29619726016497483,299.22094116027654,100638.42290951413
2023-09-19,Islamabad,0.0,0.2756267010613597,300.6401812459865,100795.42002907443
2023-09-20,Islamabad,0.0,0.2512824708004974,301.4341141229191,100673.99666696033
2023-09-21,Islamabad,0.0,0.23440119922147545,301.3603258286597,100623.15521797272
2023-09-22,Islamabad,3.529808715357852,0.24741412402410004,299.8358895374081,100681.62170461782
2023-09-23,Islamabad,0.0,0.25510786654196677,298.9381470696934,100786.6695221198
2023-09-24,Islamabad,29.233254364679436,0.2986242323135841,297.8739660921163,100705.64008358534
2023-09-25,Islamabad,0.0,0.32579368199390424,297.33455065195744,100892.42887573328
2023-09-26,Islamabad,0.0,0.28823696459873593,298.0424145504022,100916.26046948187
2023-09-27,Islamabad,0.0,0.26107303837431883,298.31247034946415,100829.09127455548
2023-09-28,Islamabad,2.127795760029091,0.24203023115034955,297.9599845534906,100767.54408941446
2023-09-29,Islamabad,0.0,0.2289947420546129,296.8278500978165,100955.86512593218
2023-09-30,Islamabad,0.0,0.21551109478063965,297.0837043142183,100869.51248344497
2023-10-01,Islamabad,0.0,0.20348525875965187,297.6012466325948,100692.36627590549
2023-10-02,Islamabad,0.0,0.19429552994351473,297.3496889288686,100825.69955891046
2023-10-03,Islamabad,0.0,0.18712262150488645,297.7467201740241,100862.96497288665
2023-10-04,Islamabad,0.0,0.18171743807210752,297.890658216916,100883.12530197015
2023-10-05,Islamabad,0.0,0.17758673688333368,298.3467579920066,100708.54732404737
2023-10-06,Islamabad,0.0,0.1744220072967287,299.5094606010019,100612.61977449578
2023-10-07,Islamabad,0.0,0.17204136579793788,299.96086988333013,100793.26340321035
2023-10-08,Islamabad,0.0,0.17062246505841144,299.77013798366283,100842.19822349199
2023-10-09,Islamabad,7.143299066929888,0.18516420011636175,297.4749388217803,101052.03215910772
2023-10-10,Islamabad,0.0,0.18873027265329353,295.9543559285294,101332.40780212644
2023-10-11,Islamabad,0.0,0.18272813928802545,296.71845366504414,101124.99289837321
2023-10-12,Islamabad,0.0,0.17856160065683013,297.22024092452307,101253.87621605145
2023-10-13,Islamabad,3.888803135459168,0.18873651368143193,297.56947350526207,101310.19668983905
2023-10-14,Islamabad,11.695940835431145,0.2914501336648922,294.21487856884823,101426.75331172411
2023-10-15,Islamabad,5.722564065794108,0.28065624063305133,294.4525739474563,101172.25695099702
2023-10-16,Islamabad,12.066057533810408,0.39706798456499165,289.64437726986915,101436.89148792405
2023-10-17,Islamabad,0.0,0.40671353038534414,289.40397325821937,101916.24653125143
2023-10-18,Islamabad,0.0,0.3677026683231523,290.69745607636145,101699.30893639724
2023-10-19,Islamabad,0.0,0.3440191071371701,291.73386118896366,101585.62797280712
2023-10-20,Islamabad,0.0,0.3257580699709313,292.2277107581943,101640.35852593108
2023-10-21,Islamabad,5.271767089042858,0.31072283374418086,292.963858985262,101673.66873699751
2023-10-22,Islamabad,0.132186174793841,0.32506581554615516,291.39048691903764,101859.17170092312
2023-10-23,Islamabad,0.0,0.3180494762808815,291.8347017526348,101575.86740030012
2023-10-24,Islamabad,0.0,0.3029230412199063,292.4975422808643,101573.62588352908
2023-10-25,Islamabad,0.0,0.28969638307475526,292.11095239350965,101618.07520121867
2023-10-26,Islamabad,0.0,0.2767135764441143,292.14607803408103,101521.46784160282
2023-10-27,Islamabad,0.0,0.2651333095880181,292.6081174124191,101426.40075520951
2023-10-28,Islamabad,0.0,0.2549048403485988,292.7484729018859,101470.15879614103
2023-10-29,Islamabad,0.0,0.24597472425224373,293.0720518034789,101501.32168060231
2023-10-30,Islamabad,0.0,0.2380361864186731,293.33158272595267,101616.75809031252
2023-10-31,Islamabad,0.0,0.23155205058937325,293.6018277257421,101745.19764974879
2023-11-01,Islamabad,10.087139473427182,0.22706105143756503,293.5306045205011,101828.69701774309
2023-11-02,Islamabad,0.07450235212523021,0.2230619832954883,292.7223370935295,101578.49304438467
2023-11-03,Islamabad,0.0,0.21732281242868923,291.83613101130686,101326.60345176722
2023-11-04,Islamabad,0.0,0.2114594440900522,291.35290504200475,101418.30657321459
2023-11-05,Islamabad,0.0,0.20627441823725545,291.01067345726324,101535.48814429768
2023-11-06,Islamabad,0.43004293937452404,0.20192348091717935,291.26309658412663,101706.21697867881
2023-11-07,Islamabad,8.029151692038521,0.19855891162628944,291.1912319944926,101606.81267159007
2023-11-08,Islamabad,0.0,0.19559938931149645,291.3575320521454,101514.50136064184
2023-11-09,Islamabad,21.20193774516616,0.2448254661403361,290.5126496387672,101547.58070773268
2023-11-10,Islamabad,0.0,0.3864644683041797,287.48635878224746,101948.06690414541
2023-11-11,Islamabad,0.02294266970354616,0.3492344824214308,287.9724646413869,101986.99337122295
2023-11-12,Islamabad,0.0,0.32596612712048356,287.9021318737586,101894.79112868616
2023-11-13,Islamabad,0.0,0.3093130538045573,288.1989387527357,101888.89218778416
2023-11-14,Islamabad,0.0,0.29581703904879475,288.4525717450413,101896.27647496422
2023-11-15,Islamabad,0.0,0.2835134642078604,288.63066751393546,101807.97853560834
2023-11-16,Islamabad,0.0,0.27292801703462494,288.6958696245866,101984.9404092157
2023-11-17,Islamabad,0.0,0.2634649222236071,288.86760322064634,101904.69632676433
2023-11-18,Islamabad,0.0,0.25597989747276084,288.66513979833746,101719.99644741033
2023-11-19,Islamabad,0.022369727361555135,0.2495226724525844,288.7440699139227,101861.46611646528
2023-11-20,Islamabad,0.0,0.24295790755291405,288.1650742918563,101876.24462528709
2023-11-21,Islamabad,0.0,0.236594481337595,287.870795932312,101682.68845315978
2023-11-22,Islamabad,0.0,0.23064536155566656,287.846538136258,101392.10668995269
2023-11-23,Islamabad,0.0,0.22574555762744003,287.63339307191,101532.65960826303
2023-11-24,Islamabad,0.0,0.22101703382616425,287.82242905881293,101808.30376844505
2023-11-25,Islamabad,0.21495846026504595,0.21643238476140086,288.4567915956758,101797.49952288721
2023-11-26,Islamabad,0.0,0.2131974697293731,288.39920430639285,101911.27951953362
2023-11-27,Islamabad,7.318858188451177,0.2102063894723585,288.6085621650201,101748.18202510399
2023-11-28,Islamabad,0.0,0.20669199821089745,288.4772029651087,101678.80103756937
2023-11-29,Islamabad,0.0,0.20766972675132392,288.80652541976036,101658.74653054096
2023-11-30,Islamabad,0.02940968672253795,0.2686367249721202,286.2621363193923,101929.21856597585
2023-12-01,Islamabad,0.0,0.2982575249733733,286.775138876259,101960.63719852723
2023-12-02,Islamabad,0.0,0.28464884357071624,287.14750097641166,101897.66361309741
2023-12-03,Islamabad,0.0,0.27394630427850075,286.43903138166195,101834.92287683033
2023-12-04,Islamabad,0.19144400395766367,0.2647833209581092,285.3695743969536,101784.03750149212
2023-12-05,Islamabad,0.0,0.2569660295588767,284.56331056977024,101777.42081774939
2023-12-06,Islamabad,0.0,0.24987938047284763,285.026818424011,101807.29803669684
2023-12-07,Islamabad,0.0,0.24315176113777964,285.11373127516725,101647.48415296315
2023-12-08,Islamabad,0.09512825677558685,0.23720295521419843,284.66660772851554,101630.95885390615
2023-12-09,Islamabad,0.2512059438971802,0.23192159861360995,284.5300219256272,101712.3409065072
2023-12-10,Islamabad,0.0,0.22677031076959267,284.36649947549313,101460.5716912601
2023-12-11,Islamabad,0.0,0.22219693293746456,284.10598858815126,101550.46670477417
2023-12-12,Islamabad,0.0,0.21866935950976524,283.8784003355543,101587.3075420058
2023-12-13,Islamabad,0.0,0.21524875363843463,283.99707933581186,101805.11650966594
2023-12-14,Islamabad,0.0,0.21175163111998135,284.2158916255631,101797.75263317944
2023-12-15,Islamabad,0.0,0.2086181019326558,284.0941123110105,101887.74359610188
2023-12-16,Islamabad,0.2564004520391801,0.20909254352134246,283.1363180426302,101784.69821709729
2023-12-17,Islamabad,0.0,0.20781180206414926,283.33961671081,102027.32572202836
2023-12-18,Islamabad,0.0,0.204922873736812,283.5115076851183,102099.1528292114
2023-12-19,Islamabad,0.0,0.20197986185712413,283.7426552400654,102028.71053570214
2023-12-20,Islamabad,0.0,0.1993462027403063,284.80618296283467,101880.87882791548
2023-12-21,Islamabad,0.0,0.1969364811207446,284.91460055271955,101766.15290310525
2023-12-22,Islamabad,1.7901492390960698,0.19503428995886646,286.1092923109017,101784.7379421553
2023-12-23,Islamabad,3.864530871398106,0.19318172866006927,286.5449000159341,102168.74053874318
2023-12-24,Islamabad,0.05807387383777445,0.19149995166373301,285.67434874652525,102218.52439776502
2023-12-25,Islamabad,0.0,0.18980912189519203,285.7419823868047,101902.654675137
2023-12-26,Islamabad,1.1233164537522702,0.18824644809931224,285.5314307012838,101946.06931315653
2023-12-27,Islamabad,0.0,0.1867353194367737,285.6905442111903,102088.03780488331
2023-12-28,Islamabad,0.0,0.1851751491064453,285.3152577098652,101852.53722581109
2023-12-29,Islamabad,0.0,0.18403557145452618,284.7075947262866,102023.08219378101
2023-12-30,Islamabad,0.06172964259691418,0.18318796105074264,284.41897453142286,101888.3618912993
2023-12-31,Islamabad,0.0,0.18229299882998048,283.86341600535326,101876.84875559887
2024-01-01,Islamabad,0.0,0.18138019889676693,283.733569727746,101844.02383325848
2024-01-02,Islamabad,0.0,0.18056933969801806,282.99335973632446,101760.91800622987
2024-01-03,Islamabad,0.0,0.17991342810970973,282.66253792411493,101859.93991256366
2024-01-04,Islamabad,0.20737837016959237,0.17927481296119452,283.056374884034,101835.90834389639
2024-01-05,Islamabad,0.08433984650915487,0.1785705781735743,282.920405195432,101856.082985298
2024-01-06,Islamabad,0.0,0.17788732557973422,282.8032954520453,102013.36607731569
2024-01-07,Islamabad,0.0,0.1772187996671006,282.64270613089553,102047.61497743396
2024-01-08,Islamabad,0.0,0.17677959804509755,282.92443833209416,102026.27089242476
2024-01-09,Islamabad,0.0,0.17650360649330574,282.7961844203344,102071.51163899434
2024-01-10,Islamabad,0.0,0.17588769331231802,282.7268308965615,101854.9298061565
2024-01-11,Islamabad,0.030162938777022773,0.1752658838963618,282.92029152982155,101888.24880810622
2024-01-12,Islamabad,2.2853108425104818,0.17482583546973496,284.23719803310826,101737.20696428366
2024-01-13,Islamabad,0.0,0.17436845137102178,283.81534605309724,101720.1649815549
2024-01-14,Islamabad,0.0,0.17385271537942318,284.0668031319755,101739.85279773547
2024-01-15,Islamabad,0.0,0.17335239030682667,283.8183433309868,101570.03235272384
2024-01-16,Islamabad,0.0,0.17291153797957254,282.91237970634677,101477.75619891375
2024-01-17,Islamabad,0.0,0.17247185192403344,283.3385579791769,101597.02615203375
2024-01-18,Islamabad,0.0,0.1720229556178059,283.6451970411874,101729.0974049043
2024-01-19,Islamabad,0.0,0.17157839047582277,283.6668445639836,101798.07403170614
2024-01-20,Islamabad,0.0,0.17127881233622747,282.86514382163386,101906.24585128576
2024-01-21,Islamabad,0.0,0.1710329659304281,282.5374113993906,101842.17628482962
2024-01-22,Islamabad,0.04870729704225412,0.17078579603462934,282.0038923427734,101968.94163947755
2024-01-23,Islamabad,0.0,0.17062577791768932,281.4848606796315,101896.09417346877
2024-01-24,Islamabad,0.0,0.1703873257439489,281.9362405955329,101952.8290291341
2024-01-25,Islamabad,0.019084099689841157,0.1710755331711813,283.68012396362997,102109.53596606285
2024-01-26,Islamabad,0.0,0.1850472319390484,284.0875167238681,102248.68120445583
2024-01-27,Islamabad,0.0,0.18428542577013154,285.4877461889959,101936.0672096682
2024-01-28,Islamabad,0.0,0.20153281912497845,285.9444620348324,101743.15680136191
2024-01-29,Islamabad,0.0,0.22935883028507648,285.0242397789488,101942.17890060143
2024-01-30,Islamabad,0.012206425679168556,0.2518451058909587,284.73025456726424,101721.94282035831
2024-01-31,Islamabad,20.679115315358775,0.4089495213774458,283.02882493505535,101525.50569870917
2024-02-01,Islamabad,0.0,0.3962609576992482,281.1661173933957,101792.45549955097
2024-02-02,Islamabad,0.0,0.3655855626578423,282.4803197262056,102163.90680598031
2024-02-03,Islamabad,0.0,0.3589784677614864,282.10693385027776,101981.75167398027
2024-02-04,Islamabad,0.0,0.36783146487792495,280.7843324861233,101830.0245405791
2024-02-05,Islamabad,0.0,0.35838723533586075,281.2969366016105,101953.445737745
2024-02-06,Islamabad,0.0,0.34452878525212577,281.4376083560676,102069.91454920478
2024-02-07,Islamabad,0.0,0.3313982047963547,281.9000027431786,102188.06121076523
2024-02-08,Islamabad,0.0,0.31855308038682834,282.52935567932184,101842.40894144193
2024-02-09,Islamabad,0.0,0.3074354238219431,283.2607515901249,101915.6628954743
2024-02-10,Islamabad,0.0,0.29773401986014403,283.99401367375077,102188.82165466837
2024-02-11,Islamabad,0.0,0.2885147238587941,283.9287507898196,102142.08340201675
2024-02-12,Islamabad,1.0910535328146773,0.28079599759777235,284.7650092741336,102012.16971289382
2024-02-13,Islamabad,0.0,0.27249723497503237,285.0073389758169,101963.78917724865
2024-02-14,Islamabad,0.0,0.26345703612787225,285.18486919876926,101934.29327942396
2024-02-15,Islamabad,0.0,0.2553535538213527,285.7817989562326,101953.62925919979
2024-02-16,Islamabad,0.0,0.24787146967111812,286.92095609697316,101914.90203591816
2024-02-17,Islamabad,0.03557998721756024,0.24086687129846981,288.26248367546884,101405.29987089889
2024-02-18,Islamabad,34.158341482930155,0.2996839194857001,286.4273316543514,101168.02883104165
2024-02-19,Islamabad,17.185248721351154,0.41824839359549615,284.5054649697763,100809.35046972339
2024-02-20,Islamabad,0.0,0.4236200125436115,283.3353049755132,101136.5114475098
2024-02-21,Islamabad,0.0,0.3948077962969989,283.1408443597798,101310.31398960085
2024-02-22,Islamabad,0.0,0.3768845247473919,282.9991882229333,101636.93318005091
2024-02-23,Islamabad,0.0,0.3620840947509087,282.77865607929346,101655.25913832648
2024-02-24,Islamabad,0.0,0.3497315980206604,282.75993911757394,101763.62643524627
2024-02-25,Islamabad,0.0,0.33949727186529954,283.6722300670002,102079.17097548429
2024-02-26,Islamabad,3.0096566743661195,0.33180788783261816,284.0349696063393,102140.870999784
2024-02-27,Islamabad,0.0,0.3223623114982493,285.3276084943096,101950.75650052862
2024-02-28,Islamabad,0.0,0.3116592745312371,286.039175097,101650.14752626076
2024-02-29,Islamabad,10.944835673163041,0.30519682516886976,286.6803551106177,101584.56694784232
2024-03-01,Islamabad,29.55127207964333,0.3663324219300929,285.5078812840978,101360.63501048724
2024-03-02,Islamabad,8.842412751138708,0.44477695837866965,284.9941136778786,100536.63670862516
2024-03-03,Islamabad,2.515314604444505,0.439551791962925,282.1810197399571,101296.78749474214
2024-03-04,Islamabad,0.0,0.4167484670681856,282.27853609942304,101930.28992187143
2024-03-05,Islamabad,0.0,0.3970499493322537,283.6349713232103,101774.48435936865
2024-03-06,Islamabad,0.10106589474222041,0.3822462317736606,286.0078317815881,101493.2002054818
2024-03-07,Islamabad,0.0,0.37335584500949287,285.40963986004067,101683.33742319304
2024-03-08,Islamabad,0.0,0.36090038652217526,286.0770039101256,101732.17895992957
2024-03-09,Islamabad,0.0,0.34686589619401204,287.1429304571018,101633.40877695708
2024-03-10,Islamabad,5.777659327373148,0.3371515463270669,287.98932314169866,101584.31239342225
2024-03-11,Islamabad,1.7948483205644976,0.3315057300468577,288.53751559350945,101758.39088682587
2024-03-12,Islamabad,3.809246133161022,0.32154280682615355,289.2975422034346,101500.93874731423
2024-03-13,Islamabad,3.1124709601899045,0.3949999694849661,286.4866056433156,101353.06046720818
2024-03-14,Islamabad,0.0,0.4071175463934356,286.833802138771,101892.2807856765
2024-03-15,Islamabad,0.0,0.38383895068330337,287.5070430663734,101564.43517767212
2024-03-16,Islamabad,0.0,0.3659815923355916,288.5715930107184,101694.5495163504
2024-03-17,Islamabad,0.22329498576541146,0.35078683101201946,289.34329185635045,101633.39623276284
2024-03-18,Islamabad,0.0,0.3370667752863567,289.77266204177363,101368.21388188636
2024-03-19,Islamabad,0.0,0.32287891831955373,290.55728488049186,101446.26853492623
2024-03-20,Islamabad,0.18639663116738175,0.30896072878604935,292.5041946343019,101363.797249443
2024-03-21,Islamabad,0.09984366212154194,0.303520252421545,291.7273207548224,101309.8174672309
2024-03-22,Islamabad,0.0,0.3962217330383307,289.9992550659144,101227.59832040672
2024-03-23,Islamabad,1.5269805658650182,0.3693969174592755,291.37163775614033,101091.71173647737
2024-03-24,Islamabad,0.0,0.3486698354978059,291.7806515365161,101329.59412692979
2024-03-25,Islamabad,0.0,0.3275235637954889,292.456907232268,101323.71065471384
2024-03-26,Islamabad,9.176346048511483,0.3154445914926697,292.8872021296712,101334.30861240109
2024-03-27,Islamabad,22.23640300992198,0.32219000913442986,291.9561810310971,101702.40118507284
2024-03-28,Islamabad,0.8934287231727716,0.32554540515186303,292.90272308140777,101355.77611331055
2024-03-29,Islamabad,10.214952072588323,0.3689903976676112,292.8637558955563,101206.85986774418
2024-03-30,Islamabad,7.568486512653237,0.4254627258428914,289.6025327724966,101442.76451836829
2024-03-31,Islamabad,2.165294322683045,0.4045276444961463,290.0101876014767,101556.83738731184
2024-04-01,Islamabad,0.02860347701313768,0.3781630716246805,290.8239115669823,100979.53768693731
2024-04-02,Islamabad,0.0,0.35781618678322075,292.03326592821134,100857.60775253228
2024-04-03,Islamabad,0.014380486718055025,0.35341377128779283,291.7028592185297,101148.77745086058
2024-04-04,Islamabad,0.08081981946152364,0.3438875701040666,292.2398491082407,101225.87786267677
2024-04-05,Islamabad,0.0,0.32851248331147853,291.909242664207,101080.05583498644
2024-04-06,Islamabad,0.0,0.31113949061694074,292.64021738251364,100997.42622301453
2024-04-07,Islamabad,0.0,0.2936900616190854,293.0071878209601,100933.10447597882
2024-04-08,Islamabad,0.0,0.27767417371357067,293.71636991836357,101067.33071448261
2024-04-09,Islamabad,0.005909245751747672,0.262450424842406,294.5847333351516,101132.24408671446
2024-04-10,Islamabad,0.8304039525764009,0.2686984021560344,295.00404058461066,101242.63317095628
2024-04-11,Islamabad,0.800098540634832,0.2702609333047986,294.67384134579106,101421.18093694579
2024-04-12,Islamabad,0.479791423753341,0.2619505685335574,295.9209454170006,101210.26641509596
2024-04-13,Islamabad,2.8027495385885923,0.3334445215848282,291.31411352353166,101479.05950943001
2024-04-14,Islamabad,4.880070151294391,0.4267050450075093,291.10801890721353,101538.02241328837
2024-04-15,Islamabad,21.404270148744562,0.43234635047021586,291.13790494287315,101439.88526023431
2024-04-16,Islamabad,0.0,0.4050561928527556,292.41693342851045,101353.86131649028
2024-04-17,Islamabad,0.42850516536411337,0.38266465626795343,294.6270047376116,100924.29653004352
2024-04-18,Islamabad,13.359492823033664,0.4025041490200097,292.41272635780297,100946.16547465444
2024-04-19,Islamabad,19.78137657965554,0.4502115565197888,291.0141570481387,100763.2628973216
2024-04-20,Islamabad,0.0,0.42534619257448797,291.8581872703599,100858.4593633475
2024-04-21,Islamabad,0.0,0.4077501938099582,293.63344151104246,100798.82936130122
2024-04-22,Islamabad,0.0,0.3941980549889205,294.0013464748906,100893.12459322845
2024-04-23,Islamabad,5.1211593904912,0.38451983297588327,294.14704496607925,100867.08807900104
2024-04-24,Islamabad,0.0,0.37178311511236584,294.4838233016991,100869.61666349303
2024-04-25,Islamabad,1.5219823895629998,0.3518958719756101,296.2418234058139,100844.72821552
2024-04-26,Islamabad,12.584559938287594,0.357334603211377,294.6081598883876,100795.25623941331
2024-04-27,Islamabad,15.699110210925744,0.39735578708979147,291.6538349786381,101015.48202069878
2024-04-28,Islamabad,12.031395025540819,0.42883555181134175,291.5323834474396,101087.2645403944
2024-04-29,Islamabad,0.0,0.4354107529636428,289.51923347567856,101184.5983008674
2024-04-30,Islamabad,0.0,0.4115067170723818,290.77133005811305,100863.13175098621
2024-05-01,Islamabad,0.0,0.38827363943812593,291.7734805275914,100630.09412017987
2024-05-02,Islamabad,0.0,0.3668096013083824,293.79281245313973,100660.33563730618
2024-05-03,Islamabad,5.345518445866715,0.3536804415126465,295.21373584049906,100842.43830075371
2024-05-04,Islamabad,0.0,0.33879466205209696,295.80660864836796,100929.4523256673
2024-05-05,Islamabad,0.0,0.3199974774045859,296.51645559012235,100463.53248132761
2024-05-06,Islamabad,0.0,0.30366025686484477,297.76869954645525,100556.82553089902
2024-05-07,Islamabad,0.0,0.2868797963788716,298.4206761943057,100676.6380674907
2024-05-08,Islamabad,0.0,0.2698521540857475,299.2776876897157,100571.06837172026
2024-05-09,Islamabad,0.0,0.2544146173169069,299.83685481338176,100553.54426917546
2024-05-10,Islamabad,8.118031169170083,0.25062690542200067,299.53960865836575,100920.21443537986
2024-05-11,Islamabad,0.0,0.25546575777581954,298.6933885463643,100925.83536659884
2024-05-12,Islamabad,4.081147556561662,0.311546408484838,295.3124961254858,101160.50086114777
2024-05-13,Islamabad,0.0,0.3059971462324521,296.8299106705277,101152.7781834046
2024-05-14,Islamabad,0.0,0.2773279302209436,298.222803777214,100974.81180333719
2024-05-15,Islamabad,0.20563354473106207,0.2537759851976058,300.2709675157276,100945.53712811491
2024-05-16,Islamabad,0.0433536821579356,0.2394255782287505,301.3828303954478,100848.21752435656
2024-05-17,Islamabad,0.8993526358601396,0.22784364927644946,301.9569831891683,100612.03170117892
2024-05-18,Islamabad,1.3117260465295182,0.21582454140586413,301.7579711475887,100349.25023340515
2024-05-19,Islamabad,0.42043791245004225,0.20647300687371892,301.83412555837816,100213.58845593082
2024-05-20,Islamabad,0.0058335120028928265,0.20102660374417863,302.4264090231005,100355.1353959432
2024-05-21,Islamabad,0.0,0.19383374613246032,302.7338685988369,100326.30704784062
2024-05-22,Islamabad,0.0,0.18515993871447875,303.3313829218666,100253.48506207077
2024-05-23,Islamabad,0.0,0.17904024654807815,303.74063803898713,100206.69375220258
2024-05-24,Islamabad,0.0,0.1767089646807934,304.08871993604,100307.61563039993
2024-05-25,Islamabad,0.0,0.1738968866051727,303.5006544667008,100129.58272880098
2024-05-26,Islamabad,0.0,0.17051180064621285,304.2518599306384,99865.08255863197
2024-05-27,Islamabad,0.0,0.16797137841910495,304.46937966622505,99590.29729029775
2024-05-28,Islamabad,0.0,0.1661510048029976,304.5613664768711,99439.960233732
2024-05-29,Islamabad,0.0,0.16483139617000792,304.3777471697929,99646.81585222365
2024-05-30,Islamabad,0.0,0.1640156152410176,304.35897345840203,99972.66948908081
2024-05-31,Islamabad,0.0,0.16361070651755666,304.92537489494345,100090.83084344165
2024-06-01,Islamabad,0.0,0.1630833961320636,304.72757159546717,100193.41771953586
2024-06-02,Islamabad,0.0,0.16252809881038266,304.95567745746314,100271.35899522815
2024-06-03,Islamabad,0.0,0.16363218693544354,305.26447408490895,100132.1230251154
2024-06-04,Islamabad,0.0,0.17043583524606065,304.2148854297872,100185.47972181803
2024-06-05,Islamabad,14.460095196963714,0.1852310740902368,302.70231020511125,100476.3447621328
2024-06-06,Islamabad,2.337625187636235,0.1843381475831651,300.9221691214104,100761.82175982506
2024-06-07,Islamabad,0.8888539986495274,0.1800350423215014,300.6062314574419,100459.9964808047
2024-06-08,Islamabad,0.0,0.17716221967458357,301.3265949345138,100358.95312144737
2024-06-09,Islamabad,0.0,0.17323635789343494,302.33011823410794,100262.32386047131
2024-06-10,Islamabad,0.0,0.1694889688456406,303.3897190878352,100212.00570510383
2024-06-11,Islamabad,1.0173812006479461,0.16693273496348096,304.5176086776761,100102.77652185838
2024-06-12,Islamabad,1.0173842774495399,0.1650667351152635,305.5638892061722,100079.14476412229
2024-06-13,Islamabad,1.4595005950402564,0.16476029089065153,306.3394065312712,99951.08825805158
2024-06-14,Islamabad,2.0234614153263073,0.17008113339239558,305.6934146714576,99972.23163382181
2024-06-15,Islamabad,1.0173812006479461,0.17081361280038287,306.2991109782424,99954.82407256092
2024-06-16,Islamabad,0.0,0.16735708278239514,306.71794113043063,99919.5677368725
2024-06-17,Islamabad,0.0,0.16978352464454413,307.09051734237136,99902.61036155417
2024-06-18,Islamabad,0.0,0.17575413533907044,306.6176676518388,99659.67090656408
2024-06-19,Islamabad,0.0,0.1735589809145094,306.3060597422385,99468.55905114587
2024-06-20,Islamabad,1.9415044814468834,0.17692634281035113,304.1042339061341,99830.72689857501
2024-06-21,Islamabad,1.8006321934169247,0.191916060701026,301.80198323070545,100137.90507622436
2024-06-22,Islamabad,0.012723672157430881,0.19018228744334062,303.33439869302686,100052.51740058437
2024-06-23,Islamabad,0.0,0.1817286264745875,304.804764853651,100040.85743031239
2024-06-24,Islamabad,0.0,0.17551237782292492,305.70517236776305,99845.1772987387
2024-06-25,Islamabad,0.0,0.17060476088609516,306.55208065397306,99736.9929612541
2024-06-26,Islamabad,0.07062807173549189,0.1675526688907803,306.9110561419016,99753.76607262634
2024-06-27,Islamabad,13.071578579218716,0.1691183058957118,306.0510604719855,100124.15688733458
2024-06-28,Islamabad,0.0,0.17485894417171166,304.78908259511604,99928.85429195465
2024-06-29,Islamabad,2.373944440321016,0.1809536293504736,305.1765875831739,99805.21246760042
2024-06-30,Islamabad,3.3800169436203378,0.19012143095737313,305.1286212203629,99683.65520482804
2024-07-01,Islamabad,0.4113952148758066,0.19772525638345967,304.8249239078887,99403.48699183755
2024-07-02,Islamabad,4.522244065125877,0.20841022683597932,305.5239673189685,99320.59354323927
2024-07-03,Islamabad,22.904466080007502,0.2057722795456468,306.0327481487581,99539.31113260821
2024-07-04,Islamabad,3.9555171164531315,0.32896867540764346,301.6149283497254,99970.15622015829
2024-07-05,Islamabad,11.82335770338859,0.34373701786930955,300.7833428865615,99634.22189830506
2024-07-06,Islamabad,0.0,0.38527727082985835,299.83124618862166,99639.890276491
2024-07-07,Islamabad,0.0,0.35636817767682866,300.3424205443502,100075.64267164694
2024-07-08,Islamabad,0.0,0.31692212065926467,302.7989126242191,100226.61694947649
2024-07-09,Islamabad,0.0,0.3236337579953808,302.5521347501018,100277.84809410668
2024-07-10,Islamabad,0.0,0.32514001011564764,302.3307822822772,100287.70142295425
2024-07-11,Islamabad,0.0,0.3099064905531106,302.6260206396783,99759.44884022161
2024-07-12,Islamabad,0.7728235307112109,0.30492471712264,301.45862943260653,99710.46674420786
2024-07-13,Islamabad,0.0,0.28932564434896707,301.70793604122565,99807.60564122819
2024-07-14,Islamabad,0.0,0.2702757167094833,302.38034638044076,99833.55206533357
2024-07-15,Islamabad,0.0,0.24552874058964333,304.36325238240426,100095.31314763712
2024-07-16,Islamabad,0.0,0.2206632270007527,305.3448478566089,100103.36536217942
2024-07-17,Islamabad,0.08524036481193878,0.21531804052845574,305.281630739896,100014.47646622483
2024-07-18,Islamabad,0.0,0.3421483849582161,302.5580439610428,99941.13154777806
2024-07-19,Islamabad,7.843727270971731,0.29598508330659085,304.0363254509823,99806.93740265904
2024-07-20,Islamabad,0.0,0.26378158092419285,304.7260220917529,99847.83170032626
2024-07-21,Islamabad,0.0,0.24404172287460302,305.1061510583879,99818.6208559041
2024-07-22,Islamabad,0.0,0.26492702844420346,304.9714510937336,99812.98751584454
2024-07-23,Islamabad,10.588020470548818,0.32004495296085367,302.0817979121908,99790.80505696932
2024-07-24,Islamabad,0.0,0.3191574088815884,303.05928271243897,99398.65719179154
2024-07-25,Islamabad,33.22975302178387,0.28355875310585166,304.3575359849152,99342.2666239882
2024-07-26,Islamabad,0.0,0.2854968434930627,303.9583739573758,99496.79626359935
2024-07-27,Islamabad,0.0,0.2732105901288897,304.1651470368549,99751.47197468566
2024-07-28,Islamabad,54.032277147005935,0.3453469461386658,301.04552619938937,99935.26800274833
2024-07-29,Islamabad,79.69019386909392,0.3553164444835903,301.243088318992,99969.57838362848
2024-07-30,Islamabad,42.11120731305537,0.33547819797121003,301.7561783816245,100104.82279611545
2024-07-31,Islamabad,0.9910485241315651,0.31196646020861046,304.151358248117,99745.10619365596
2024-08-01,Islamabad,50.573722870405916,0.31876867901241174,299.42947354294364,100009.2521283565
2024-08-02,Islamabad,0.0,0.2982093554941083,302.7814647394472,99852.43237361305
2024-08-03,Islamabad,0.0,0.29740459181418843,301.6762079153864,100098.64184460406
2024-08-04,Islamabad,0.029247193559607837,0.3521748470030991,300.0743405346425,100296.69719999089
2024-08-05,Islamabad,0.0,0.37297615360155184,301.3335508868374,100199.57772000477
2024-08-06,Islamabad,0.7112316711663085,0.3650362651015963,301.0193812273577,99936.95413002765
2024-08-07,Islamabad,5.669332506223957,0.37733794560386963,300.7563597254275,100097.47434852607
2024-08-08,Islamabad,14.266262628009656,0.37770001011872834,300.5669919678747,100352.84443458403
2024-08-09,Islamabad,1.673925978290363,0.351136449667235,301.92800935810527,100347.7278258009
2024-08-10,Islamabad,52.85971425375506,0.36966922429787735,300.7543562591504,100192.46424034261
2024-08-11,Islamabad,20.30938099398901,0.41492195965502077,298.9928399745851,100224.3779085052
2024-08-12,Islamabad,0.0,0.3747610223679449,300.4011376062483,100380.6912412322
2024-08-13,Islamabad,0.0,0.343249727111847,302.2212051734891,100409.0354761607
2024-08-14,Islamabad,0.31941229575794094,0.3295691785658716,302.3812439895836,100347.65028520196
2024-08-15,Islamabad,13.199454689008531,0.37680607464495913,300.01837105029927,100371.12587677917
2024-08-16,Islamabad,0.3744775951545608,0.390198620312565,300.6538331572133,100331.05017073748
2024-08-17,Islamabad,0.0,0.4259519658989191,299.0158618410765,100642.0686729799
2024-08-18,Islamabad,0.0,0.38947210033909907,300.64110550018825,100502.55267815529
2024-08-19,Islamabad,0.0,0.38592443743298926,300.4246319146089,100333.90286757938
2024-08-20,Islamabad,4.0960194255216,0.3994236350639537,299.42742795670847,100450.77152336464
2024-08-21,Islamabad,3.9955041448436064,0.42162375598809315,299.3003674952184,100588.19389004311
2024-08-22,Islamabad,1.3391046252627314,0.38319830175813807,300.8122545113105,100390.88864478645
2024-08-23,Islamabad,0.8874853312830977,0.35222687018063464,301.52568137434116,100463.07671106931
2024-08-24,Islamabad,1.9854960972179376,0.3330929954075138,301.4678464627623,100452.98314686974
2024-08-25,Islamabad,3.7419518726019803,0.31722921671238624,301.8780702391427,100312.32688443568
2024-08-26,Islamabad,2.305128379595794,0.3118197954691404,302.05112238346453,100345.11923521271
2024-08-27,Islamabad,6.187357199890795,0.33882633028997045,299.22410629857836,100749.48723234789
2024-08-28,Islamabad,17.043479609666164,0.38941840532233546,298.15641383625467,100614.00871094996
2024-08-29,Islamabad,38.81598032164296,0.43386374074555933,298.0688202822278,100606.98236920788
2024-08-30,Islamabad,24.421225114341624,0.42757677977351766,297.8930337245068,100866.52215039676
2024-08-31,Islamabad,0.0019722079585946387,0.39014673639955255,300.18212769111864,100588.0167643155
2024-09-01,Islamabad,0.0,0.373916949317734,301.3510139264921,100479.51355099813
2024-09-02,Islamabad,26.615401276808786,0.4429682580322444,298.5755303443167,100664.86954961691
2024-09-03,Islamabad,0.0,0.4319416689586881,298.19861096400416,100800.37075998419
2024-09-04,Islamabad,0.0,0.4009150025619537,299.6713118350568,100341.63158543555
2024-09-05,Islamabad,0.0,0.3834562421472041,299.6696285329159,100194.81033078881
2024-09-06,Islamabad,0.7722572243222869,0.378846469641097,299.50148196698353,100483.73464037845
2024-09-07,Islamabad,0.0,0.4025889743267589,298.840907070337,100611.00409862274
2024-09-08,Islamabad,0.0,0.37668273007797626,299.8169993739889,100504.91464192739
2024-09-09,Islamabad,0.0,0.3497209911061084,300.13123535746763,100247.43162721404
2024-09-10,Islamabad,0.0,0.32921279064874226,300.50842770867666,100271.28273924562
2024-09-11,Islamabad,1.1752577527519312,0.3115920364805224,300.46044959109537,100285.70697884932
2024-09-12,Islamabad,0.0027907899855646096,0.29346926339916934,301.2002779009878,100055.85768041475
2024-09-13,Islamabad,13.693847192769748,0.2964086528400673,300.7341368072739,100023.98345274772
2024-09-14,Islamabad,4.579303576564523,0.3898447719419764,297.79590109532165,100363.88139927975
2024-09-15,Islamabad,1.06683066640315,0.35219874528092115,298.67313227349143,100399.77079543904
2024-09-16,Islamabad,0.0,0.32284947929702074,299.15760697954613,100566.10172414285
2024-09-17,Islamabad,0.0,0.300152765629972,299.2369988175933,100659.74074053022
2024-09-18,Islamabad,0.0,0.2804144492620675,299.677007745049,100699.91257183337
2024-09-19,Islamabad,0.0,0.26284613886932323,300.42985689356533,100736.64778062615
2024-09-20,Islamabad,0.0,0.2473522255839281,301.272096754268,100564.51855482071
2024-09-21,Islamabad,0.0,0.233193517314904,301.5324984942178,100671.13465416251
2024-09-22,Islamabad,0.0,0.22077791568641103,302.09136836621593,100607.92928570208
2024-09-23,Islamabad,0.0,0.21000520092308464,302.6912853660522,100587.00577722143
2024-09-24,Islamabad,0.0,0.20066926491373818,303.22249046091963,100425.1235231885
2024-09-25,Islamabad,0.0,0.19336631608027774,303.5659039621561,100427.51003890797
2024-09-26,Islamabad,15.557776883692407,0.2340219190732059,300.8383981012494,100475.559993648
2024-09-27,Islamabad,28.057679456348538,0.37969850181635195,297.6227790314491,100612.75934686344
2024-09-28,Islamabad,0.0,0.3884545962088068,297.6435479352668,100809.04648066258
2024-09-29,Islamabad,0.0,0.354327213479959,298.34468683834285,101030.30973288792
2024-09-30,Islamabad,0.0,0.3292081379358118,298.339488785981,100829.76980071397
2024-10-01,Islamabad,2.7124429850852987E-4,0.3072765166120597,298.1969928921282,100535.11865543
2024-10-02,Islamabad,0.0,0.2884918569248217,298.2270821643095,100533.00354868182
2024-10-03,Islamabad,2.656776296543121E-6,0.27198827035585404,298.3908713202576,100449.69038825543
2024-10-04,Islamabad,4.254053562696022E-4,0.26433688443283804,298.381960132254,100601.3485584302
2024-10-05,Islamabad,30.518173917840027,0.26142348131245113,298.2213166637455,100935.20936903164
2024-10-06,Islamabad,0.0,0.2581809692951782,297.05525332655213,101360.96742097614
2024-10-07,Islamabad,0.0,0.2454932523348711,297.91779519573015,101416.49473612789
2024-10-08,Islamabad,0.0,0.2476535823890773,295.7080288576041,101472.27173794109
2024-10-09,Islamabad,0.0,0.24025104447478512,295.5013716410043,101234.48827467769
2024-10-10,Islamabad,0.0,0.22941004435799572,295.54277388114565,101111.14563628304
2024-10-11,Islamabad,0.0,0.21934218004307718,295.66040000313006,101032.50838695373
2024-10-12,Islamabad,0.0,0.210841358128091,296.01929159738154,101089.98209032963
2024-10-13,Islamabad,0.0,0.20371428801302788,296.27921417558065,101167.02295932142
2024-10-14,Islamabad,0.0,0.19860209366049883,296.32663712570854,101260.75704229852
2024-10-15,Islamabad,0.0,0.19404209823253368,296.29017885543004,101083.3410795183
2024-10-16,Islamabad,0.0,0.18934599580195655,297.0374722424325,100984.79796138196
2024-10-17,Islamabad,0.0,0.18577050476805096,297.19949962968747,101079.31108322725
2024-10-18,Islamabad,0.0,0.18375476843923383,296.66901638834776,101118.98806258809
2024-10-19,Islamabad,0.0,0.18141447066133204,296.33246005419676,101132.52275966588
2024-10-20,Islamabad,0.0,0.17885617339760854,296.29063471814254,101333.57276449741
2024-10-21,Islamabad,0.0,0.1782605968555888,295.8680177716668,101326.94655306434
2024-10-22,Islamabad,0.0,0.18186828707878203,295.5166464529169,101497.35781434737
2024-10-23,Islamabad,0.0,0.18602344077018645,295.47026785175376,101501.16800587456
2024-10-24,Islamabad,0.0,0.1851897363207516,295.6854875801156,101333.96302748848
2024-10-25,Islamabad,0.0,0.1815039075695003,295.71755213619895,101196.31872520293
2024-10-26,Islamabad,0.0,0.17839486179071673,296.2746327914693,101067.77646856953
2024-10-27,Islamabad,0.0,0.17589594056487656,296.4985178920173,100993.06231952841
2024-10-28,Islamabad,0.0,0.1785925467256118,296.4816342129282,100974.66985535277
2024-10-29,Islamabad,1.093444453380339,0.31260633457786313,292.9321800657387,101192.64077847186
2024-10-30,Islamabad,0.0,0.3209300193921346,294.3372723695905,101335.61322209936
2024-10-31,Islamabad,0.0,0.2935676448943969,293.67074713317334,101304.31815998591
2024-11-01,Islamabad,0.0,0.27397170000410365,292.88710703481263,101274.7558074184
2024-11-02,Islamabad,0.3263571395603416,0.2590193363740336,292.91307287823446,101416.63630434038
2024-11-03,Islamabad,0.0,0.2465393160135871,292.8533389991044,101550.44409147491
2024-11-04,Islamabad,0.0,0.23556065293044165,293.04591560641313,101313.15966048608
2024-11-05,Islamabad,0.0,0.2262707835552143,293.34312984637756,101625.5405634691
2024-11-06,Islamabad,0.0,0.2180737651585393,293.6298074391695,101521.99712524442
2024-11-07,Islamabad,0.0,0.21105079239763788,294.1088200882073,101511.18230220604
2024-11-08,Islamabad,0.0,0.20523713978789696,294.1434388583314,101490.54476156438
2024-11-09,Islamabad,0.0,0.20020040983595275,294.2629543204585,101523.35517654954
2024-11-10,Islamabad,0.0,0.20017393697139865,293.4978025918726,101553.81027607888
2024-11-11,Islamabad,2.544481890886001,0.2865115106110324,291.07207009729217,101569.72223402475
2024-11-12,Islamabad,0.0,0.28297446843895596,291.2954499959357,101556.98252978495
2024-11-13,Islamabad,0.0,0.27384509369257753,290.9931764612346,101380.38074169554
2024-11-14,Islamabad,0.0,0.31347191230233057,290.2307301417902,101655.41235832269
2024-11-15,Islamabad,5.222944123168948,0.3036695151367855,289.6529520061766,101567.57208417654
2024-11-16,Islamabad,0.004302607211023251,0.3120353059738465,288.74732702324434,101492.07371765721
2024-11-17,Islamabad,0.0,0.2941340437986773,288.2851101297648,101567.53180811187
2024-11-18,Islamabad,0.0,0.27965371118294324,287.5738963253376,101637.84639881084
2024-11-19,Islamabad,0.0,0.2677119768540604,287.37021939965126,101714.10517051016
2024-11-20,Islamabad,0.0,0.25756492685289034,287.34703732449026,101577.26742189983
2024-11-21,Islamabad,0.0,0.24896764758862905,287.6862268379211,101539.15392092222
2024-11-22,Islamabad,0.0,0.24169200683101555,287.8696062034151,101516.27071550579
2024-11-23,Islamabad,0.0,0.23782201747337173,288.3074324600058,101646.83870674366
2024-11-24,Islamabad,0.0,0.23348704717632432,288.07507911708615,101691.8638523288
2024-11-25,Islamabad,0.0,0.22689901376821134,287.199476739509,101592.29785302802
2024-11-26,Islamabad,0.0,0.22105262775082002,286.5914743184163,101557.76960709783
2024-11-27,Islamabad,0.0,0.2158230116644417,286.17199276216166,101543.4110467066
2024-11-28,Islamabad,0.5582589468913278,0.2113939411359405,286.71555352689114,101753.64584268854
2024-11-29,Islamabad,2.457787220032792,0.21011876097921384,287.366854581523,101851.88883911315
2024-11-30,Islamabad,0.19117713829954003,0.208793071051631,287.3412801753453,101593.34498061702
2024-12-01,Islamabad,0.0,0.20498669785522175,287.6200067739779,101427.42346229708
2024-12-02,Islamabad,0.0,0.20138131461809097,287.5059720339272,101590.27286979614
2024-12-03,Islamabad,0.0,0.19793205266434458,287.01121946699726,101847.38885474461
2024-12-04,Islamabad,0.0,0.19476230033229328,285.57063791068236,101601.65053423843
2024-12-05,Islamabad,0.0,0.19208412224762939,284.9544575888557,101470.54605470704
2024-12-06,Islamabad,0.0,0.1898116705198018,284.520988463835,101353.38640061564
2024-12-07,Islamabad,0.0,0.18786127845234862,284.52682049687553,101278.5167653813
2024-12-08,Islamabad,0.04342470100873446,0.19311713542102416,282.775628802721,101473.66088719536
2024-12-09,Islamabad,0.0,0.19454759043235498,281.3910401802986,101891.29517579633
2024-12-10,Islamabad,0.0,0.1923684809171885,281.45564436240727,101900.66686194071
2024-12-11,Islamabad,0.918065484627918,0.19036690469975157,282.2708765125049,101740.95073375187
2024-12-12,Islamabad,0.0,0.18899280379891228,282.11087469564364,101877.35845558977
2024-12-13,Islamabad,0.0,0.18744339884459535,282.3674914097087,101997.99471694387
2024-12-14,Islamabad,0.0,0.18581999024935333,282.8991831884904,101866.41528103831
2024-12-15,Islamabad,0.2601488964884307,0.18461904435698914,283.2240269378937,101941.1347326747
2024-12-16,Islamabad,1.2482871693351856,0.18340680514394855,283.2137810338461,101770.8962551442
2024-12-17,Islamabad,0.0,0.1821822843149339,283.06879600666105,101778.39887588959
2024-12-18,Islamabad,4.09498400112697,0.1812001707200678,282.7860823270724,101590.33779230707
2024-12-19,Islamabad,0.0,0.18020808767036822,282.5493916574318,101660.60274302562
2024-12-20,Islamabad,0.0,0.17925325962964234,282.70111439532457,101743.72449240605
2024-12-21,Islamabad,0.0,0.17834120323078584,283.28941474380724,101655.25382329701
2024-12-22,Islamabad,0.0,0.17755717452626615,284.1910437273899,101547.19863346085
2024-12-23,Islamabad,0.0,0.17765627648483368,282.9603152308406,101876.68592193966
2024-12-24,Islamabad,0.0,0.1774294105006958,282.375392505681,101970.68359179607
2024-12-25,Islamabad,0.0,0.17663893526830204,282.21088770785923,102101.62565900534
2024-12-26,Islamabad,0.0,0.17579749332592373,282.9415346083209,102123.98589763993
2024-12-27,Islamabad,0.14964366749523283,0.17720248660772675,283.74832090936064,102002.58414273166
2024-12-28,Islamabad,0.0,0.18121621016527426,282.5531393516065,102109.42497179235
2024-12-29,Islamabad,0.0,0.18026629862188978,282.45118761510025,102232.05050077304
2024-12-30,Islamabad,0.0,0.17918907542411786,282.5031702097627,101980.42753960432
2024-12-31,Islamabad,0.37251040497622384,0.1782202579050228,282.93774400786555,102053.8685016029
2025-01-01,Islamabad,0.8169608100212686,0.17782974471561347,284.2190208884623,101901.41846096127
2025-01-02,Islamabad,0.07871386694889712,0.1808443190450749,284.9888236132122,101846.739789502
2025-01-03,Islamabad,0.0,0.1804097294870676,285.75750171588,101778.43054616093
2025-01-04,Islamabad,0.0,0.1882492571835621,285.5613068038878,101560.14483730565
2025-01-05,Islamabad,0.0,0.22728424852285728,284.81454745782094,101661.24309660771
2025-01-06,Islamabad,0.10512834371320712,0.2526894890410806,283.3354907812451,101963.76721016562
2025-01-07,Islamabad,0.0,0.24659039721132545,282.43387754759283,101809.1306713542
2025-01-08,Islamabad,0.0,0.2388210891331137,282.40980588075615,101535.61578316131
2025-01-09,Islamabad,0.0,0.23181792471958265,282.13081036047964,101867.39007044076
2025-01-10,Islamabad,2.633623738681564,0.225653669409253,282.1503224950145,101922.74828445443
2025-01-11,Islamabad,0.4287739204875791,0.22089205705700155,282.7155085525164,101951.11822450095
2025-01-12,Islamabad,0.0,0.21660438321227365,282.3236200534066,102243.27695634005
2025-01-13,Islamabad,0.0,0.21237262891606043,282.0804888634054,101987.88628515643
2025-01-14,Islamabad,0.8660845969894304,0.2086160045806092,282.60188665759074,101956.0441995447
2025-01-15,Islamabad,0.0,0.2049747210484367,282.92099962463914,101951.07562291107
2025-01-16,Islamabad,0.0,0.20811316771607952,281.8865815795911,102325.79703273499
2025-01-17,Islamabad,0.009641874146046253,0.209043225145903,283.21360718520384,102099.83386385345
2025-01-18,Islamabad,0.0,0.20496208891490525,284.2253817282954,101801.03773702882
2025-01-19,Islamabad,1.832710247335555,0.20714338584003555,282.79453778651066,101869.19992731405
2025-01-20,Islamabad,0.07005834603319389,0.21437698166390595,283.6474045718829,101757.03180349356
2025-01-21,Islamabad,0.01833284234324092,0.21559154755143362,284.23277330906683,101554.69229812763
2025-01-22,Islamabad,3.867695284770112,0.2115021334799872,284.48107438851207,101495.66307061697
2025-01-23,Islamabad,0.07172996455425835,0.20723677003153984,284.3574307212318,101730.9859757969
2025-01-24,Islamabad,8.140210965689798E-4,0.2025085626616947,284.1338489130258,101668.84421432346
2025-01-25,Islamabad,0.18238762006199846,0.19786577784304799,283.4729898512117,101515.70792099608
2025-01-26,Islamabad,0.0,0.19396542474297052,284.26633788465534,101432.72579052224
2025-01-27,Islamabad,0.0,0.1905186417671169,284.6538579588168,101295.29019719719
2025-01-28,Islamabad,0.18463116460594353,0.18737343951248656,286.98931482844216,101207.5865908213
2025-01-29,Islamabad,6.398880736845519,0.1881109716177671,286.00646316820644,101500.14638659003
2025-01-30,Islamabad,0.0,0.1874808072555951,285.31687215430037,101290.43231925844
2025-01-31,Islamabad,0.0,0.18688383561090793,285.39227789850145,101212.13744045861
2025-02-01,Islamabad,0.0,0.19891776123250413,283.9947758020176,101622.51415955677
2025-02-02,Islamabad,0.0,0.2028675008802744,285.20803381900043,101677.96359767922
2025-02-03,Islamabad,0.0,0.1979894147874689,285.86481621877124,101426.75808214159
2025-02-04,Islamabad,0.0,0.1938854432800967,285.12865282811885,101585.76404196606
2025-02-05,Islamabad,0.0,0.1917891429885916,284.1601698446979,101683.81932345903
2025-02-06,Islamabad,2.173190494967842E-8,0.19034657361170493,284.020131224462,101955.64925708242
2025-02-07,Islamabad,4.46988317937562E-6,0.18705161871519865,285.184996316546,101740.54212909543
2025-02-08,Islamabad,0.0021409671422708146,0.18408367929543465,287.002831358941,101564.21106148542
2025-02-09,Islamabad,0.11255906680206267,0.1817712522891261,288.18829459207893,101423.14893059945
2025-02-10,Islamabad,2.1557622668872254,0.18079009825197495,287.07328681979914,101455.40144228033
2025-02-11,Islamabad,0.0,0.18927826337230483,286.0833990233712,101578.26346893334
2025-02-12,Islamabad,0.0,0.18902226991109772,285.3061084333889,101687.84992830871
2025-02-13,Islamabad,0.0,0.1854326867935102,285.23926696351197,101624.49013374785
2025-02-14,Islamabad,0.05682840295683817,0.18240158205140924,287.1328545145195,101358.5625152762
2025-02-15,Islamabad,0.0,0.17958159717974237,287.94130243114626,101160.63667061235
2025-02-16,Islamabad,0.0,0.18136913752943623,288.0771062983162,101372.06544261002
2025-02-17,Islamabad,0.0,0.1868701163352022,288.1828190987966,101724.4067949673
2025-02-18,Islamabad,0.31821582804250503,0.185053958557165,288.88403364786353,101585.84610252496
2025-02-19,Islamabad,14.764056916419234,0.19520966721511987,288.74997503001873,101241.13431489022
2025-02-20,Islamabad,3.4098322239184924,0.41506390148553335,283.2686382504923,101680.41146946473
2025-02-21,Islamabad,0.0,0.3708981585430709,285.6931943712305,101944.17427832697
2025-02-22,Islamabad,0.0,0.34432706517321643,286.7497556428602,101710.59946043267
2025-02-23,Islamabad,0.0,0.32446533788747217,287.3370679527755,101806.86010541247
2025-02-24,Islamabad,2.9081583949489715,0.30729174143063925,289.085417529031,101889.77055919185
2025-02-25,Islamabad,18.395442368567792,0.35306496751940325,286.35539034861256,102039.9686725535
2025-02-26,Islamabad,13.046889267906225,0.43985402399225887,287.50394851063913,101872.26719595514
2025-02-27,Islamabad,24.848286074368232,0.4441141039175988,286.32319826629714,101378.65823270037
2025-02-28,Islamabad,3.1800857940272436,0.443124643418061,284.9233156009103,101260.21097622318
2025-03-01,Islamabad,0.0,0.4180659585739716,285.5200802557569,101671.728244296
2025-03-02,Islamabad,0.1177733109389921,0.3994928353942943,287.0778241814897,101321.70600792652
2025-03-03,Islamabad,0.5617277567689435,0.44471336051812904,283.60404007744154,101332.95764815723
2025-03-04,Islamabad,0.0,0.4195669897635514,283.8527318924024,101792.81307907215
2025-03-05,Islamabad,0.0,0.397942080149436,285.1383281206618,101547.23982538315
2025-03-06,Islamabad,0.0,0.38026942735247865,286.2491634507324,101274.23851056966
2025-03-07,Islamabad,0.0,0.3651996213460707,287.73621620966463,101126.00569444604
2025-03-08,Islamabad,0.0,0.35043875539730907,288.268752874909,100951.46372628295
2025-03-09,Islamabad,2.791664634870424,0.3381390399501222,290.9150150471615,101395.18735789646
2025-03-10,Islamabad,3.9614344850080214,0.35908669893307177,288.2636677830169,101954.29847331016
2025-03-11,Islamabad,13.140686726462798,0.36301791853872434,290.34852948556744,101635.26397730893
2025-03-12,Islamabad,0.0,0.3520566408835804,290.3750350421862,101125.49376982347
2025-03-13,Islamabad,0.0,0.3591979173387909,289.0535740068503,100967.07581688248
2025-03-14,Islamabad,0.0,0.3779142037540655,288.43911889497355,101258.84204866481
2025-03-15,Islamabad,0.9870549259599508,0.4060675661927392,287.5399714529713,101478.6580810047
2025-03-16,Islamabad,0.0,0.37580544242461633,288.8615945510133,101398.93768615565
2025-03-17,Islamabad,0.0,0.35398252751227194,289.4694463662118,101435.11797617492
2025-03-18,Islamabad,0.007773790042487418,0.33500455409618607,290.24920712729005,101357.07341604233
2025-03-19,Islamabad,11.563094100806438,0.32113101909443714,290.5853049084684,101519.509484704
2025-03-20,Islamabad,0.0,0.30737439219284124,290.30493596464834,101707.89997079773
2025-03-21,Islamabad,0.0,0.29189359295925255,290.8884812825528,101470.15745361739
2025-03-22,Islamabad,0.0,0.277028969736998,292.10881241521474,101356.28230369813
2025-03-23,Islamabad,0.018012742717368753,0.2640557614300559,293.0047190422785,101496.86374433005
2025-03-24,Islamabad,0.027719082142157413,0.25249099393186053,294.12930489757355,101378.50389470407
2025-03-25,Islamabad,0.42364928424344817,0.2437258792343093,294.5165424927746,101029.05462852701
2025-03-26,Islamabad,14.042840335179488,0.2441697128111099,294.281348954917,100654.92826149052
2025-03-27,Islamabad,5.305526298258239,0.2847997127862141,291.5872482561565,100643.29938703621
2025-03-28,Islamabad,0.0,0.2975217765063473,287.95312890776205,101336.5434844084
2025-03-29,Islamabad,0.0,0.2769015711181754,289.50207149894817,101239.35525506173
2025-03-30,Islamabad,0.0,0.25851922359526985,291.2008181648821,101229.46210559146
2025-03-31,Islamabad,0.0,0.24171795926777725,291.9911958528131,101238.27270104813
2025-04-01,Islamabad,0.0,0.22712569168597554,292.8762047533619,101079.81421128246
2025-04-02,Islamabad,0.0,0.21461513885821393,294.2783697371234,101175.41825988473
2025-04-03,Islamabad,0.18412637006406554,0.21066409960097082,291.18307516754226,101638.50005044678
2025-04-04,Islamabad,0.0,0.2043197536082545,293.73563579997466,101352.83401661477
2025-04-05,Islamabad,0.0,0.1954758510983078,295.53694156052734,100919.55590745935
2025-04-06,Islamabad,0.0,0.18810447059256546,297.9035623224964,100730.35664980847
2025-04-07,Islamabad,0.0,0.18234291505700115,299.6785113473558,100907.60436584854
2025-04-08,Islamabad,7.18587343799353,0.19562370330129156,298.96760982880426,101238.10348160897
2025-04-09,Islamabad,5.271526978820457,0.19907738482927004,298.9615704593379,100994.16629672362
2025-04-10,Islamabad,3.0483494542380227,0.20323514488064923,297.7284676736546,100403.79930532664
2025-04-11,Islamabad,0.09579468241796493,0.22007793553548827,295.5160078954459,100605.81428268949
2025-04-12,Islamabad,0.0,0.21406502560563273,296.750239981048,100799.87407312937
2025-04-13,Islamabad,0.0,0.20019120973304272,298.2245993400037,100910.33183923249
2025-04-14,Islamabad,0.0,0.18979319748704948,299.9928669920471,100816.96398633247
2025-04-15,Islamabad,0.0,0.18231376693744328,300.8679449385768,100830.61660380957
2025-04-16,Islamabad,7.9623584056701775,0.20244829749341148,299.07084236921577,100820.12331394093
2025-04-17,Islamabad,0.514687085855295,0.21152120855642312,300.02519237262794,100593.5312109215
2025-04-18,Islamabad,15.762850090619418,0.22228929489209995,299.66344102494054,100320.66948765969
2025-04-19,Islamabad,0.19567331787042766,0.36291919199012707,293.76879857957664,100308.97071920046
2025-04-20,Islamabad,4.567654199670908,0.36671654441886364,294.5408996672059,100459.80819284024
2025-04-21,Islamabad,0.0,0.3457357104698126,297.0966062853824,100946.30958083706
2025-04-22,Islamabad,0.0,0.30971194362346904,296.75298691324974,101030.82790438413
2025-04-23,Islamabad,0.0,0.28147197128572743,296.5369752336308,100694.23236210266
2025-04-24,Islamabad,0.0,0.2607753268765997,297.0043093575071,100523.5572844431
2025-04-25,Islamabad,0.03762053953317095,0.24077619702631758,297.86783455234655,100703.06819586706
2025-04-26,Islamabad,0.0,0.22291235554934388,298.1707567225345,100717.01585165523
2025-04-27,Islamabad,0.0,0.2082891512370295,299.191938999074,100707.47872744814
2025-04-28,Islamabad,0.0,0.1967424902373077,300.49205074565,100430.79997889766
2025-04-29,Islamabad,0.0,0.18811270833338894,301.72698911320236,100483.3424479759
2025-04-30,Islamabad,0.0,0.18315832546198796,302.30739733394853,100624.45036819037
2025-05-01,Islamabad,15.995809516023797,0.1941155460007207,300.6841411974803,100837.25904666963
2025-05-02,Islamabad,0.0,0.25065825841379613,296.7840018739964,101016.68061046282
2025-05-03,Islamabad,2.57612284313667,0.26353517520524017,297.512267997887,100673.39468845214
2025-05-04,Islamabad,12.71190756195906,0.2640485890324754,297.3920275930577,100647.41053619944
2025-05-05,Islamabad,0.0,0.25572796514660084,297.9246528542168,100781.2724253672
2025-05-06,Islamabad,0.13582346254924893,0.2402038955844596,298.91296346564195,100682.73123699757
2025-05-07,Islamabad,2.5710005204179196,0.2249716532253325,300.42674198387397,100566.63103407357
2025-05-08,Islamabad,5.529875987635634,0.24204754537043768,298.3595948713317,100821.32352794889
2025-05-09,Islamabad,0.5366721889054507,0.24861229954410882,298.12911355884495,100965.98401725423
2025-05-10,Islamabad,0.4161301479512632,0.2282826016852105,300.4177689871993,100714.76030393118
2025-05-11,Islamabad,0.0,0.2197474207810244,300.7396723905813,100551.42936279331
2025-05-12,Islamabad,0.0,0.23483633381057764,299.39785804324697,100504.93815829491
2025-05-13,Islamabad,0.0,0.23124984137085647,300.9483111672101,100460.52337355341
2025-05-14,Islamabad,0.0,0.20872225199165956,302.5917367202428,100446.48492778298
2025-05-15,Islamabad,0.0,0.19273504008827333,303.66154504271543,100304.79093862264
2025-05-16,Islamabad,0.021584462883159013,0.1822786845648874,304.2661800400423,100207.7365697899
2025-05-17,Islamabad,0.13561356346234765,0.17519355995846986,305.06619805549394,100137.44599886035
2025-05-18,Islamabad,3.369753110761678,0.17593312491524685,306.19835669520245,100083.58504508946
2025-05-19,Islamabad,1.3781778179080302,0.17490424090459689,305.59415769528607,100203.18698700605
2025-05-20,Islamabad,0.021584462883159013,0.16982404665987225,305.7483805368089,99975.15476785958
2025-05-21,Islamabad,0.0,0.16672798304069,306.29676063240026,99941.2617850058
2025-05-22,Islamabad,0.0,0.1649093662912056,305.7587501187389,100049.66336690294
2025-05-23,Islamabad,0.0,0.16436312648314136,305.0657549740962,100007.7760884424
2025-05-24,Islamabad,17.001780649459004,0.16617248062402779,303.47192974656355,100275.45250223104
2025-05-25,Islamabad,0.0,0.16573641223695545,303.23505436495435,100557.07840600984
2025-05-26,Islamabad,0.0,0.1641930673854326,304.50265956228935,100217.86726601221
2025-05-27,Islamabad,10.741369400824095,0.18308061660993966,302.9914008604254,100097.2044813788
2025-05-28,Islamabad,0.0,0.191256336092293,303.59973389037754,99855.59057149802
2025-05-29,Islamabad,1.8202774752471649,0.1873273024221412,303.98502856291265,99677.34397274732
2025-05-30,Islamabad,0.0,0.1921311956512061,301.6800655429288,99766.01147024639
2025-05-31,Islamabad,0.0,0.2954694703025947,297.3376915708379,100145.65033635919
2025-06-01,Islamabad,0.0,0.2710595383819812,299.45554406980494,100092.69231802218
2025-06-02,Islamabad,0.0,0.2399879360911631,300.75060918919405,99944.59097898004
2025-06-03,Islamabad,0.0,0.21685558778950945,300.4811683427428,100238.12315869276
2025-06-04,Islamabad,0.0,0.20443433624818513,299.94266194078494,100551.18964363265
2025-06-05,Islamabad,0.0,0.19351937455604665,301.70573136945734,100729.13717081705
2025-06-06,Islamabad,0.0,0.1832563085051388,304.45719823270167,100526.25172620335
2025-06-07,Islamabad,0.6958956022844985,0.1777727183365007,306.33019009908253,100365.52276357378
2025-06-08,Islamabad,0.0,0.17409801776601433,306.516481221791,100270.32413792859
2025-06-09,Islamabad,0.0,0.16920902255146195,307.52563194107324,99966.9629379633
2025-06-10,Islamabad,0.0,0.16605588033981247,308.3476681612366,99820.65452912552
2025-06-11,Islamabad,3.892729670986118E-5,0.16405076737593466,309.11626766589325,99917.03758178063
2025-06-12,Islamabad,1.1533338046923705E-5,0.16284167131431426,309.0148589029108,99915.93942195097
2025-06-13,Islamabad,0.11255804296308679,0.1624554178788583,308.11852282343625,100101.3341615604
2025-06-14,Islamabad,2.3566103947855948,0.16260756927046616,306.9372648255874,99957.47511162239
2025-06-15,Islamabad,0.031530624115464805,0.16216956945185748,307.99256416430546,99764.35376439511
2025-06-16,Islamabad,0.0,0.17211403305453613,304.4022558528944,99966.18467498069
2025-06-17,Islamabad,0.0,0.1752455753300223,304.74047539924527,99969.99129935254
2025-06-18,Islamabad,0.0,0.17120417152469422,306.4566053087199,99663.51337372392
2025-06-19,Islamabad,0.0,0.16766203054220205,307.99114836745605,99553.16051275238
2025-06-20,Islamabad,0.0,0.16658277556264253,307.533750109817,99750.25324351442
2025-06-21,Islamabad,25.637136498944272,0.18330949477417396,305.56860647646334,99896.08097204537
2025-06-22,Islamabad,8.344659267660758,0.27114960743023475,302.6283514902507,99916.46574450913
2025-06-23,Islamabad,0.0,0.2612045994325041,304.4727730493368,99584.30367643296
2025-06-24,Islamabad,0.26491871359761254,0.2642775495642882,304.00521828743626,99539.83596698652
2025-06-25,Islamabad,12.947079468822908,0.27646584396821394,302.61014442827786,99971.5301252501
2025-06-26,Islamabad,21.79215861123569,0.4127147202674408,298.79590984478796,100288.25692293156
2025-06-27,Islamabad,0.0,0.369187332360786,301.60242992115076,100147.4176626944
2025-06-28,Islamabad,13.726403067693193,0.3449126947242875,302.6326732916223,99812.3556380309
2025-06-29,Islamabad,19.922467670273292,0.3857234592405074,301.6157454433606,99534.900665329
2025-06-30,Islamabad,10.600158464273823,0.4103900144784404,300.47431079296183,99692.0973484181
2025-07-01,Islamabad,10.73336258997485,0.4207511429333284,299.3694271885417,99910.19422292072
2025-07-02,Islamabad,8.460525475204907,0.42570226755842283,300.10978972043955,100014.46288574017
2025-07-03,Islamabad,15.842189998712575,0.3900633281100459,302.28024884902857,100036.71784835274
2025-07-04,Islamabad,15.356307408140847,0.37013634566679054,302.75327637668533,99930.65139254408
2025-07-05,Islamabad,20.948975399036932,0.3653102560955336,302.8289808080162,99726.76300851771
2025-07-06,Islamabad,42.45556227835936,0.4221013892120297,299.6380169833936,99831.36824439546
2025-07-07,Islamabad,16.557552344411675,0.4157413751943526,301.1725758541899,99913.03295204575
2025-07-08,Islamabad,1.9894664187281939,0.43179736226219334,299.7895202626022,99915.79319416183
2025-07-09,Islamabad,43.44104977355725,0.43241638115479286,299.50443398190873,100051.13909063647
2025-07-10,Islamabad,2.489735123741584,0.43028532943550957,299.31929322775636,100284.88266897536
2025-07-11,Islamabad,0.0,0.41387836558701757,299.2230867240702,100249.29093720159
2025-07-12,Islamabad,0.0,0.38426351909352124,301.53302154629466,100248.88174032845
2025-07-13,Islamabad,34.502516366846656,0.3785947400103012,301.02718429894463,100241.35987023103
2025-07-14,Islamabad,0.0,0.38939072449633405,300.7191682985868,100244.51001759239
2025-07-15,Islamabad,0.0,0.41574436945387094,298.2791737792414,100199.4202170064
2025-07-16,Islamabad,61.98137949088832,0.44277450063443874,298.02774989204,100192.89503980326
2025-07-17,Islamabad,70.91242619418583,0.440219529268876,298.17526142289273,100410.05080878254
2025-07-18,Islamabad,0.0,0.4249319265587433,299.69839370371574,100321.51253460224
2025-07-19,Islamabad,0.0,0.3995040344938623,301.9524670753932,99927.08903464768
2025-07-20,Islamabad,3.090542412472045,0.395317018716001,301.82760934391854,99816.43500963462
2025-07-21,Islamabad,59.22343623264658,0.43553757868111936,300.26695236072624,100022.55183121785
2025-07-22,Islamabad,8.615118574886885,0.4364062841474183,297.97264048078637,99962.91509701413
2025-07-23,Islamabad,21.84980647585943,0.42439852501999015,298.4548195734893,99737.56815820964
2025-07-24,Islamabad,0.0,0.40134662298414403,300.34338366538105,99700.10989048074
2025-07-25,Islamabad,0.0,0.3841776347172266,301.35910745778904,99643.37274232929
2025-07-26,Islamabad,0.0,0.3699224654272237,302.30392364374876,99768.84355105498
2025-07-27,Islamabad,1.9963566942845083,0.35820208825556665,302.6477335650777,99699.53905113171
2025-07-28,Islamabad,0.6156363813577118,0.35783336468771276,302.69143822593816,99634.72129685155
2025-07-29,Islamabad,22.256960652479616,0.39645438496178514,301.22916395559093,99710.87300166828
2025-07-30,Islamabad,15.216469517303175,0.4229652480011707,299.21374582475653,100046.73689272032
2025-07-31,Islamabad,0.0,0.39472510130089233,300.58800686210344,100030.92285658054
2025-08-01,Islamabad,4.7379725443097715,0.39688532481788324,299.93033705303685,100051.72910899627
2025-08-02,Islamabad,10.57352290475067,0.41008972096384994,300.0793279637101,100110.88004112482
2025-08-03,Islamabad,2.096418970869636,0.39169284474260085,301.13040226150844,100164.12376973823
2025-08-04,Islamabad,0.0,0.3820691295396711,301.7710326094454,100142.89641358965
2025-08-05,Islamabad,15.761194931317537,0.39660963616715134,300.17687167357815,100211.2002097449
2025-08-06,Islamabad,9.790312564658693,0.43191862072352777,299.02260987143904,100356.16351895379
2025-08-07,Islamabad,7.313025429056804,0.4167354799647951,300.1631980601569,100272.94128599479
2025-08-08,Islamabad,19.67715527668618,0.3992498524833388,301.45937374744636,100404.16342196809
2025-08-09,Islamabad,0.998297107978069,0.3962095649271349,301.05246073478366,100575.88292405133
2025-08-10,Islamabad,9.626384797576971,0.38770729147511374,301.2557400428817,100384.744928323
2025-08-11,Islamabad,10.083984037651426,0.374113584550264,302.40711481669894,100115.80377022136
2025-08-12,Islamabad,10.490982208184302,0.3642988797777112,300.87881791382216,100151.91613259405
2025-08-13,Islamabad,0.0,0.3568098548363096,300.95121757394355,100162.71107178787
2025-08-14,Islamabad,42.34039997578556,0.3918937291476399,299.36687601542314,100442.28797789435
2025-08-15,Islamabad,0.0,0.3936607898354067,299.37947794118753,100331.20036250631
2025-08-16,Islamabad,0.0,0.3920101954869654,300.78243142567254,100168.2314842578
2025-08-17,Islamabad,39.75247771161775,0.4292908718924481,299.49002860795207,100422.20954204276
2025-08-18,Islamabad,40.36948677881056,0.45062171560538444,298.2646479913157,100639.84018497623
2025-08-19,Islamabad,0.0,0.4340257174415108,298.1688691483364,100522.27821360163
2025-08-20,Islamabad,0.0,0.4095628594513032,299.6715887876697,100458.37743352399
2025-08-21,Islamabad,0.0,0.3879031053736534,300.39324862625995,100318.16676459975
2025-08-22,Islamabad,0.0,0.3699922314311484,301.05027983093333,99954.63150052867
2025-08-23,Islamabad,50.17778160223926,0.3961252525313052,300.05716171491326,100053.94872405188
2025-08-24,Islamabad,17.080382574000847,0.4366400934090733,298.0006954733232,100347.85475876491
2025-08-25,Islamabad,0.0,0.4150232454964042,298.55007648926266,100328.06637445431
2025-08-26,Islamabad,0.0,0.3994774167271313,298.3595464885759,100414.70124425905
2025-08-27,Islamabad,0.0,0.4295942891013232,297.4377808534939,100506.42302248643
2025-08-28,Islamabad,0.0,0.40215146015595055,300.30241969607005,100287.6214683706
2025-08-29,Islamabad,25.086160445645902,0.4060510273380736,300.11049180358003,100418.76553547478
2025-08-30,Islamabad,16.939522425218016,0.4316022118433158,298.0373978610687,100697.28873601698
2025-08-31,Islamabad,0.0,0.42387933921747456,298.2756860381273,100371.53081409722
2025-09-01,Islamabad,23.79418206634476,0.42141352201002136,297.92453059121215,100193.7095441743
2025-09-02,Islamabad,0.0,0.4215607958763816,297.58203614640405,100372.04222537059
2025-09-03,Islamabad,1.5778492607766157,0.410353885872845,297.39071214839635,100663.84331374198
2025-09-04,Islamabad,0.0,0.3910387536541347,298.93278213830456,100717.4761216236
2025-09-05,Islamabad,0.0,0.3743214001190908,299.61354703618287,100653.47473753465
2025-09-06,Islamabad,3.6923918909885827,0.3626116662320848,300.0611917045496,100647.32007589754
2025-09-07,Islamabad,4.1561578332816795,0.40726475674222123,298.2391866507285,100687.52189212346
2025-09-08,Islamabad,0.0,0.3978095020005482,298.29429945862546,100763.6715382145
2025-09-09,Islamabad,0.0,0.3816156853519765,298.78980579939696,100803.92785507422
2025-09-10,Islamabad,0.0,0.3617775371371629,299.95709564005205,100552.1649581079
2025-09-11,Islamabad,0.0,0.34599256516225696,300.15094831881646,100492.16378113485
2025-09-12,Islamabad,0.0,0.3335408562934338,300.3705008960983,100655.34678249058
2025-09-13,Islamabad,0.0,0.3218640093317481,300.5954475926413,100685.80604565504
2025-09-14,Islamabad,6.239626809111029,0.3119740291790495,301.0350197622967,100595.31413383604
2025-09-15,Islamabad,2.15450546451038,0.30470128368952265,301.5225668877344,100364.7115581374
2025-09-16,Islamabad,7.500827079070586,0.30189448107082706,300.8467900391237,100510.02159228486
2025-09-17,Islamabad,4.450609384565972,0.2949609867054489,300.6655667746046,100516.82201951936
2025-09-18,Islamabad,10.661224883183044,0.2928276326258706,299.495620402492,100645.47582320607
2025-09-19,Islamabad,1.7263117903799226,0.2806210573609348,299.6258993237417,100699.41489700328
2025-09-20,Islamabad,0.0,0.26695175654291187,299.54164613881017,100624.09232256946
2025-09-21,Islamabad,0.08732866229380437,0.2535721261636508,299.97509777767647,100488.694562193
2025-09-22,Islamabad,1.254082792414893,0.24153021658241888,300.3078007406274,100573.02470826132
2025-09-23,Islamabad,7.032495932366328,0.23118301790458384,300.3978897987962,100511.60384184153
2025-09-24,Islamabad,0.0,0.2228770760612563,300.9741748245587,100367.36355995065
2025-09-25,Islamabad,0.0,0.2251912695037453,299.91054040157314,100628.1299349024
2025-09-26,Islamabad,0.0,0.22245152302744414,299.6553392561339,100728.71235924636
2025-09-27,Islamabad,0.0,0.21254856918608112,299.4996661827944,100916.75288363703
2025-09-28,Islamabad,9.33806649922273,0.20446660540221098,299.5257108429687,100784.802439066
2025-09-29,Islamabad,0.0,0.1979499079547138,299.4746478086257,100596.39791242724
2025-09-30,Islamabad,0.0,0.1924628765328296,299.56756895195196,100362.89308481314
2025-10-01,Islamabad,0.0,0.18842360905164218,299.6369451225016,100446.70852564687
2025-10-02,Islamabad,2.2629329318114704,0.22385060347933664,297.70373362534167,100879.71337990543
2025-10-03,Islamabad,5.546095281065549,0.2523468617135458,297.0791008021395,101258.79173120539
2025-10-04,Islamabad,0.0,0.24189788879997745,296.7023053700854,100894.31174116682
2025-10-05,Islamabad,0.1355816033336325,0.24449617975852048,295.17954445709233,100888.14235013755
2025-10-06,Islamabad,10.881017305283857,0.41072580142288095,290.3526951735201,101159.49289411014
2025-10-07,Islamabad,0.295753290940695,0.40541730521112745,291.397517428013,101307.26069293977
2025-10-08,Islamabad,1.9271447369933534E-4,0.38036680447786586,292.5805584841887,101361.80074021757
2025-10-09,Islamabad,5.589012027047237E-10,0.36354306357338345,292.85150783579815,101430.98295431938
2025-10-10,Islamabad,8.178636123402335E-8,0.3495148774729114,293.30984125326273,101234.46638575157
2025-10-11,Islamabad,0.2593734919317455,0.33509798911331473,293.26557245489147,101285.77704799693
2025-10-12,Islamabad,0.746464716450893,0.3225342113913562,293.48128509608233,101213.69318769613
2025-10-13,Islamabad,2.213789844885892,0.31162568717793365,293.74996052288776,101261.59790759571
2025-10-14,Islamabad,0.0,0.3012387792610903,294.5071150266973,101139.81474736825
2025-10-15,Islamabad,0.0,0.2914455361720649,294.27433754614196,101236.49159634911
2025-10-16,Islamabad,0.0,0.2822910731401783,294.79186055144623,101230.20033230926
2025-10-17,Islamabad,0.0,0.27351659666913153,295.06562839403597,101348.04617300826
2025-10-18,Islamabad,0.0,0.2651825694764054,294.87102071135195,101280.85786585994
2025-10-19,Islamabad,0.085218698438185,0.2571461183909562,294.76448308908186,101244.5290520128
2025-10-20,Islamabad,0.0,0.24952867768220754,294.34625754570976,101319.84017183173
2025-10-21,Islamabad,0.0,0.24257621723504819,293.5605594177119,101497.81552396437
2025-10-22,Islamabad,0.0,0.23608639035249418,293.59360319270013,101439.58234618713
2025-10-23,Islamabad,0.0,0.22947585284407265,293.679935409903,101354.59272614367
2025-10-24,Islamabad,0.0,0.2231113632225509,293.47002175859205,101329.61260750136
2025-10-25,Islamabad,1.986010645558101,0.21732967374338277,293.1675439375515,101313.94739787011
2025-10-26,Islamabad,0.0,0.2120607648527448,293.2620771235571,101385.47460360208
2025-10-27,Islamabad,0.0,0.2072547124308997,293.05988372645567,101449.0384741912
2025-10-28,Islamabad,0.0,0.20292666598314468,292.85153053082706,101515.50886264555
2025-10-29,Islamabad,0.0,0.19925979646175607,292.4381708030045,101365.25724515146
2025-10-30,Islamabad,0.08107179166686188,0.1960279285964664,292.9501020055588,101279.82859571815
2025-10-31,Islamabad,4.739180836268386,0.19312151376810027,292.45847788617834,101151.95146807219
2025-11-01,Islamabad,0.0,0.1906066604148675,292.1230229175412,101202.5399456738
2025-11-02,Islamabad,0.0,0.18844247651783552,291.72905494286687,101168.80804931563
2025-11-03,Islamabad,0.0,0.18645074494623398,292.2258808996725,100887.37806481913
2025-11-04,Islamabad,1.0985950553603139,0.25354709353191174,288.19614705290184,101102.16633757846
2025-11-05,Islamabad,0.0,0.27206664953948395,288.433805819396,101412.65041167414
2025-11-06,Islamabad,0.0,0.2589568458355791,287.968149070086,101476.41319282608
2025-11-07,Islamabad,0.0,0.24776427912382876,288.1075518082505,101538.83402371994
2025-11-08,Islamabad,0.0,0.2385248267439012,288.0487399665964,101608.17296742134
2025-11-09,Islamabad,0.0,0.2305138283677326,287.79016636793847,101442.6067748596
2025-11-10,Islamabad,0.0,0.22369194516467344,287.7901517308816,101459.04035066898
2025-11-11,Islamabad,0.0,0.21773583324555482,287.690604598161,101611.50796561665
2025-11-12,Islamabad,0.0,0.21240300884868132,287.7214849396097,101655.10389264359
2025-11-13,Islamabad,0.0,0.20768330447853373,287.62414896898537,101767.31029064447
2025-11-14,Islamabad,0.0,0.20365904134026694,287.24598259947766,101760.88501084251
2025-11-15,Islamabad,0.0,0.20019098717578765,287.2997826109941,101908.92052075276
2025-11-16,Islamabad,0.0,0.19710874280671817,287.71735510077946,102008.08716989339
2025-11-17,Islamabad,0.0,0.19443943260810065,287.84064394891453,101914.76806349758
2025-11-18,Islamabad,0.0,0.19224993659621925,287.7553791186187,101743.70478334889
2025-11-19,Islamabad,0.0,0.1903277478641552,287.80906945633154,101794.84482963201
2025-11-20,Islamabad,0.0,0.18859569776280993,287.73477621978924,101817.10065587908
2025-11-21,Islamabad,0.0,0.18692728082239593,287.5617411747628,101970.01915236627
2025-11-22,Islamabad,0.0,0.18539428288836193,286.57945606807647,101724.25010231457
2025-11-23,Islamabad,0.006968283955741127,0.18413287812368662,286.45349917197075,101798.31084484849
2025-11-24,Islamabad,0.23012089620553847,0.1830279823684733,285.99681532974034,101957.42405913214
2025-11-25,Islamabad,3.1160658591576698,0.18200965970856267,285.63548905195387,101830.39357045214
2025-11-26,Islamabad,0.3694971372228945,0.18106989513385235,285.5999211520411,101992.07643254625
2025-11-27,Islamabad,0.0036458619947958015,0.1802559017750192,285.4180489551765,102129.04154682602
2025-11-28,Islamabad,0.9556187704577519,0.179433602994597,285.3177085128129,101923.22047016393
2025-11-29,Islamabad,2.176787470018689,0.178626751243077,285.4501564678459,101715.06502731233
2025-11-30,Islamabad,0.0,0.177917563790393,285.4201693394417,101544.75922039132
2025-12-01,Islamabad,0.0,0.17732410032803061,285.1102468032564,101508.95200486854
2025-12-02,Islamabad,0.0,0.17685179604646023,284.65526406916393,101671.41589741253
2025-12-03,Islamabad,0.0,0.1763934927498565,284.9963172238507,101964.73553527588
2025-12-04,Islamabad,0.0,0.1758834199412607,285.9651436450336,101926.47299498947
2025-12-05,Islamabad,0.0,0.17581760405395525,285.9516427484737,102180.29628242807
2025-12-06,Islamabad,0.0,0.17524144423023677,285.72861206442445,102002.2067717333
2025-12-07,Islamabad,0.0,0.174667129538574,285.4441758547378,101950.79628669113
2025-12-08,Islamabad,0.0,0.1741377995139339,285.5090198897025,102021.16324753598
2025-12-09,Islamabad,0.0,0.17365718102181574,285.486924687409,101874.56618332506
2025-12-10,Islamabad,0.0,0.1732190954530356,286.035611046907,101796.13931693646
2025-12-11,Islamabad,0.0,0.1728094725806649,286.2373525877886,101679.41006761289
2025-12-12,Islamabad,0.0,0.1724614479361337,286.99426612037547,101611.88556717803
2025-12-13,Islamabad,4.363878464743242,0.1722729974793858,286.6870569118656,101813.62662921766
2025-12-14,Islamabad,0.1856900792314652,0.1724023939673356,286.56103141423523,101955.72771780216
2025-12-15,Islamabad,0.0,0.17216040788043696,286.4394516514904,101898.28004567209
2025-12-16,Islamabad,0.0,0.17182075260873506,287.3925729857142,101762.48394300508
2025-12-17,Islamabad,5.830217584652528,0.17143829250527945,287.7130104272119,101805.18890575973
2025-12-18,Islamabad,0.0,0.1711054064954913,287.63710998929025,101872.47065489857
2025-12-19,Islamabad,0.10039255448943689,0.17078492725760822,287.3691947250606,101535.05363060457
2025-12-20,Islamabad,8.573801151884677,0.17723693337087118,287.4750802384704,101511.80186461225
2025-12-21,Islamabad,0.0,0.21311053218138726,285.7852976357843,101872.09129054216
2025-12-22,Islamabad,0.0,0.3079108257489428,285.95736540014576,101874.49653658032
2025-12-23,Islamabad,0.0,0.2989434385979815,285.44331801337876,101705.5528383771
2025-12-24,Islamabad,0.0,0.28489247518778854,284.25470997620704,101546.99881805346
2025-12-25,Islamabad,0.0,0.27380797225264986,284.378226791432,101648.0982163158
2025-12-26,Islamabad,0.0,0.264793439275934,284.08203616305696,101745.97853418729
2025-12-27,Islamabad,0.0,0.2570899192147764,283.944172335627,101691.86980966644
2025-12-28,Islamabad,0.0,0.2508114854409804,284.5595125231871,101759.07815271016
2025-12-29,Islamabad,2.5699874180508457,0.24573206873000633,285.31402754490574,101674.50935503445
2025-12-30,Islamabad,16.546362456323052,0.24220727845334597,285.33584749218545,101402.6853144468
2025-12-31,Islamabad,0.0,0.25727930537762395,283.41664715517805,101267.02579428797
2026-01-01,Islamabad,0.0,0.33819389805838485,283.0826919167912,101715.82803334316
2026-01-02,Islamabad,0.1666050841736656,0.32291929037327044,283.02414013490795,101852.71702628356
2026-01-03,Islamabad,0.0,0.3069457200616014,283.1199992957014,101840.18549953678
2026-01-04,Islamabad,0.0,0.2975485117386705,282.3275565524587,102085.73224877511
2026-01-05,Islamabad,0.0,0.29302424799650956,281.755831274877,102177.74114161765
2026-01-06,Islamabad,0.0,0.2841904123138098,281.3324598333744,102204.11503036754
2026-01-07,Islamabad,0.0,0.27617726197262327,281.16333492575626,102278.4653597637
2026-01-08,Islamabad,0.0,0.26862901549398366,280.63284579876324,102189.90205154954
2026-01-09,Islamabad,0.0,0.2621009255030898,280.26506383278127,102246.02827364036
2026-01-10,Islamabad,0.0,0.2560923262973666,281.0673955844183,102111.49736611001
2026-01-11,Islamabad,0.0,0.25014846933823487,281.912060074347,102193.47634650252
2026-01-12,Islamabad,0.04311302224175243,0.24508689883956083,282.1777194279876,102161.72322732882
2026-01-13,Islamabad,0.0,0.24034295712280865,282.46013784481534,101984.93811601908
2026-01-14,Islamabad,0.0,0.2354132498027813,282.91773845409585,101672.23184591139
2026-01-15,Islamabad,0.0,0.23127271917538378,283.44543081641535,101731.62689210927
2026-01-16,Islamabad,4.0253639129796355,0.22937260995596312,283.41047764739494,101592.65806750488
2026-01-17,Islamabad,0.0,0.2262607372837234,283.5982063519774,101499.7609245686
2026-01-18,Islamabad,0.0,0.22166186138087915,284.53089738167887,101341.65770585122
2026-01-19,Islamabad,0.0,0.21958415843963675,284.4842464724916,101648.69594521627
2026-01-20,Islamabad,0.0,0.21777026861774593,283.9264784566849,101780.82376774873
2026-01-21,Islamabad,0.0,0.21382792007964135,283.7769234300682,101810.28625062526
2026-01-22,Islamabad,33.35177656972258,0.2825267511831268,283.7540040433286,101260.91247129512
2026-01-23,Islamabad,5.117789274196357,0.4221859064426412,279.6274766614238,101562.55135161825
2026-01-24,Islamabad,5.84467260856311,0.3869472491403826,280.49834039289203,102569.25266870536
2026-01-25,Islamabad,0.0,0.3668155697053289,282.53959120384013,102059.70196579002
2026-01-26,Islamabad,10.288521666756855,0.3602840247862628,283.2421034114913,102068.49384798047
2026-01-27,Islamabad,2.163309393570469,0.3912078661173676,281.1010858918752,102122.68236046849
2026-01-28,Islamabad,0.0,0.37454265131732156,281.4253644287969,102184.5714560786
2026-01-29,Islamabad,0.0,0.3596258542909666,282.7204675895464,102081.88518634037
2026-01-30,Islamabad,1.1595628729383074,0.3476730694942185,283.7203139819342,101869.37298568165
2026-01-31,Islamabad,5.31084322116259,0.3380998819869948,284.5871735907708,101904.3736752393
2026-02-01,Islamabad,0.0,0.3362695900886103,283.8883993568219,102105.12306135178
2026-02-02,Islamabad,0.0,0.3315360385113657,284.3766650175504,102048.5360044308
2026-02-03,Islamabad,0.314059829902727,0.3283625149642663,284.1942753428614,102150.08733011513
2026-02-04,Islamabad,0.0,0.3215140826293064,284.222885609215,102295.11943771028
2026-02-05,Islamabad,0.0,0.31141759030460053,284.2253025874501,102014.62216965179
2026-02-06,Islamabad,0.0,0.307919105121677,284.47441705193745,102010.84290022054
2026-02-07,Islamabad,0.0,0.30290310109597457,283.98074350488173,101816.03807274855
2026-02-08,Islamabad,3.4751711218490766,0.29418069009932835,285.2294581743449,101540.40541833869
2026-02-09,Islamabad,6.886318845338221,0.2934217491020962,286.56621756241464,101609.86873216595
2026-02-10,Islamabad,5.4735610837755555,0.38948973596331843,282.7093445450028,102099.38453834805
2026-02-11,Islamabad,0.0,0.36702105903333493,284.8511694105181,102146.93047297756
2026-02-12,Islamabad,0.0,0.34516429107514757,285.88810009178894,101756.37394559136
2026-02-13,Islamabad,0.0,0.32907775711337817,286.43341333811566,101555.83012048966
2026-02-14,Islamabad,0.0,0.31554503316033494,287.07225050469503,101522.42710334626
2026-02-15,Islamabad,0.30369387333880216,0.303282923586612,287.10486219003485,101419.65949742222
2026-02-16,Islamabad,0.0,0.29248344606764376,287.74405969493677,101356.72508639898
2026-02-17,Islamabad,0.0,0.28375459429642147,288.0915545566963,101602.66335553465
2026-02-18,Islamabad,0.7431652812850216,0.27517601524793506,287.8460434531762,101666.52592751014
2026-02-19,Islamabad,0.04554880586372359,0.26624440465272614,288.31349195046363,101831.86914284542
2026-02-20,Islamabad,0.0,0.25763991743029374,288.89872642115114,101876.73390143979
2026-02-21,Islamabad,0.5052898941799332,0.24927315839111458,288.9173194294084,101216.96858658087
2026-02-22,Islamabad,0.42745893688360936,0.2410630368710091,289.1168684500953,100972.18784211442
2026-02-23,Islamabad,0.42745893688360936,0.23299448018133811,289.4084629910383,101076.53672986961
2026-02-24,Islamabad,0.4553560525677623,0.2254136961384939,289.81342481258974,101267.34554086045
2026-02-25,Islamabad,0.4465407799504353,0.21832265190806924,290.3652206076742,101315.45071385743
2026-02-26,Islamabad,0.0,0.21245778771175902,290.2811769265431,101025.07612773406
2026-02-27,Islamabad,0.0,0.20863885081427083,290.4793861255243,100855.32055691816
2026-02-28,Islamabad,0.0,0.2041904802524622,290.5307486710203,100963.49009431418
2026-03-01,Islamabad,0.0,0.1983056273327471,290.6586433119106,101025.63737722252
2026-03-02,Islamabad,0.0,0.1930668922100397,291.2395729391464,101276.97638344947
2026-03-03,Islamabad,0.0,0.1883370379801129,292.7821807893707,101257.58419566527
2026-03-04,Islamabad,0.0,0.18432126480266062,294.84262580837475,101333.22313105356
2026-03-05,Islamabad,0.0,0.18071713798189545,295.7776738342979,101025.76429988403
2026-03-06,Islamabad,0.0,0.17801419214852285,296.73852581388303,100922.49850116241
2026-03-07,Islamabad,0.0,0.17615222073695597,295.29634256004255,101277.6006299452
2026-03-08,Islamabad,0.0,0.17429441205386217,296.3632713286822,101289.982938688
2026-03-09,Islamabad,6.799619710156474,0.17370274234862115,295.9603133603532,101327.11331801928
2026-03-10,Islamabad,5.208807316013327,0.29430779642744576,292.50905410595794,101616.81796956706
2026-03-11,Islamabad,2.6938997887257563,0.4034309662440218,292.47623023054734,101372.79218060803
2026-03-12,Islamabad,0.0,0.3841601309273906,291.0561778658456,101152.80025315753
2026-03-13,Islamabad,0.0,0.351538773540542,290.65759834534833,101158.39464049212
2026-03-14,Islamabad,0.8657697480337765,0.32630065267585784,292.4632353146682,100880.17265728026
2026-03-15,Islamabad,29.327289574446898,0.35938997618355895,287.8351719116875,101064.14299599834
2026-03-16,Islamabad,0.0,0.38826967608024693,286.9239960850401,101230.30169195634
2026-03-17,Islamabad,5.244046655815103,0.3568135458810189,289.9559238248749,101220.91651840523
2026-03-18,Islamabad,2.059439774235222,0.38848750938535886,287.4833989554415,101555.78025882744
2026-03-19,Islamabad,0.0,0.40894502437942487,288.39323378931226,101466.28705351056
2026-03-20,Islamabad,0.0,0.4067050692199343,287.8317163417478,101220.93103535258
2026-03-21,Islamabad,0.0,0.3821758105008113,288.7456247855226,101491.4787235403
2026-03-22,Islamabad,0.0,0.3571158707726422,290.4847335572865,101273.33565755589
2026-03-23,Islamabad,0.0,0.3392801746065825,291.4138061224845,101174.36213571749
2026-03-24,Islamabad,0.0,0.3217051557518601,292.13257667430804,101155.33846800965
2026-03-25,Islamabad,7.596217609959914,0.3141891330079888,292.9613518389583,101215.31974621722
2026-03-26,Islamabad,0.0,0.3512420045719295,291.66296522814616,101490.53587227447
2026-03-27,Islamabad,0.0,0.3268663211135756,293.1256016937152,100846.19871445988
2026-03-28,Islamabad,10.299145126238697,0.3261253884328948,293.95053101268246,100544.9387437617
2026-03-29,Islamabad,12.894346282348907,0.4042387308619124,292.53139958111274,100919.39323295608
2026-03-30,Islamabad,36.71683538902734,0.4356095131582706,290.280246802878,101128.13794847894
2026-03-31,Islamabad,0.0,0.4104926519113629,292.2119740195921,101147.26450628947
2026-04-01,Islamabad,0.9456014278656973,0.3879305006163134,293.0281982398166,101239.11794810944
2026-04-02,Islamabad,10.717880088610482,0.37685361470177686,293.1173667078837,101143.47120839209
2026-04-03,Islamabad,21.332287048253804,0.4266708035706344,290.30960836678406,101109.31610516805
2026-04-04,Islamabad,14.4851473010387,0.41907548686863305,290.0106714620252,101241.7503705351
2026-04-05,Islamabad,0.0,0.40655657880554485,290.4347132595097,101038.81491505045
2026-04-06,Islamabad,0.0,0.39170930813942917,292.10050229187993,100911.60605688124
2026-04-07,Islamabad,0.6569041451340586,0.43882413613216725,288.13326386753585,100847.73448477506
2026-04-08,Islamabad,0.0,0.4407904285537705,287.75826268007245,101131.83933164422
2026-04-09,Islamabad,0.0,0.4261423748479455,288.36600066807705,101658.17227928468
2026-04-10,Islamabad,0.0,0.4005232979193057,291.08823396573666,101483.48137093017
2026-04-11,Islamabad,0.0,0.3984332136767928,290.7840847806215,101189.8349846955
2026-04-12,Islamabad,0.0,0.38122008867500734,291.82669688481786,101032.1590952691
2026-04-13,Islamabad,0.0,0.3592216984112202,293.18756160077214,101036.5183334944
2026-04-14,Islamabad,0.0,0.339952591483829,294.0189332411715,100907.97741014793
2026-04-15,Islamabad,0.0,0.3218204627003006,294.9744566376971,100614.58249468537
2026-04-16,Islamabad,15.292255203165887,0.31450345303600213,296.4747129639245,100827.14143854307
2026-04-17,Islamabad,19.35295790775124,0.32947350519751095,294.65161657244494,101260.770477127
2026-04-18,Islamabad,14.104368840128643,0.3172468301618309,295.96764535048004,101157.90019993974
2026-04-19,Islamabad,0.0,0.29848666137109703,295.8388339886535,100913.58919202742
2026-04-20,Islamabad,0.0,0.2783125706993106,296.42635621070923,100799.33711624925
2026-04-21,Islamabad,0.0,0.26030776678251877,297.05857764504265,100620.26798320902
2026-04-22,Islamabad,2.3484490323232587,0.2445109459033087,299.3116109968089,100555.63336919076
2026-04-23,Islamabad,1.1992555131344567,0.23359108962840383,299.58489325615625,100664.86073741819
2026-04-24,Islamabad,2.7164623185766597,0.2391620733011808,299.10916832219664,100792.75088388432
2026-04-25,Islamabad,0.0,0.23635033108521578,298.81022193721566,100918.86161455256
2026-04-26,Islamabad,0.0,0.22132965888611042,299.78387264715843,100528.99891219706
2026-04-27,Islamabad,3.9108382846869922,0.20891602124299502,300.69424964727045,100213.05872359713
2026-04-28,Islamabad,3.48539921843953,0.22808196533697153,297.21677273840845,100436.0291287487
2026-04-29,Islamabad,0.13722940016224344,0.2432438635579283,296.60012808038766,100445.43137924324
2026-04-30,Islamabad,0.0,0.24720550889130302,296.98493709679536,100457.22890223561
2026-05-01,Islamabad,0,0.24036847173064516,298.51736181672356,100371.83460101578
2026-05-02,Islamabad,0,0.2354493521282334,299.0326641028352,100230.71415188319
2026-05-03,Islamabad,0,0.2591678081697079,297.02595573059773,100458.94436466905
2026-05-04,Islamabad,0,0.26544590061965967,295.60504670697003,100800.31285952205
2026-05-05,Islamabad,0,0.24956055292319154,296.7196566165537,101082.63258087117
2026-05-06,Islamabad,0,0.2290817498564475,298.0337962559852,100633.75556051338
2026-05-07,Islamabad,0,0.21310833343829205,299.6722168328518,100704.23573706286
2026-05-08,Islamabad,0,0.200938380695312,300.2014855340635,100863.65809628085
2026-05-09,Islamabad,0,0.19120136173270197,301.6723732351216,100767.93682749476
2026-05-10,Islamabad,0,0.1923567477727243,302.18299730520135,100737.18515458031
2026-05-11,Islamabad,0,0.30657829636341966,297.6656356968682,100933.38143018732
2026-05-12,Islamabad,0,0.3226703663284875,297.013715685358,100624.55854277033
2026-05-13,Islamabad,0,0.30694047088481974,298.54910973237855,100409.73262357326
2026-05-14,Islamabad,0,0.29617719051954394,298.5674173861247,100396.4806515307
2026-05-15,Islamabad,0,0.27796471573372544,299.0788446844763,100421.74280494012
2026-05-16,Islamabad,0,0.2514283542477806,300.4836851307659,100443.0759032104
2026-05-17,Islamabad,0,0.22698142023204934,302.2428258805641,100292.87394026249
2026-05-18,Islamabad,0,0.21235950144952687,304.4717893123867,100008.14072447244
2026-05-19,Islamabad,0,0.20633841981168372,304.2981065808206,100119.7778352508
2026-05-20,Islamabad,0,0.20245452588742133,304.1177387050782,100157.02942894251
2026-05-21,Islamabad,0,0.20212770992582796,302.0263156443906,100540.14412891923
2026-05-22,Islamabad,0,0.20063420931281387,301.3102402692784,100598.77586782665
2026-05-23,Islamabad,0,0.19406824651274104,301.8150446883993,100561.05765391234
2026-05-24,Islamabad,0,0.1840826133450598,302.3018416953933,100442.40064543449
2026-05-25,Islamabad,0,0.1774015753475151,301.73744492057216,100357.65641484018
2026-05-26,Islamabad,0,0.1727040344766081,302.50868487618663,100417.02164486326
2026-05-27,Islamabad,0,0.16928207753413768,304.49900755504177,100260.86594586995
2026-05-28,Islamabad,0,0.16749533935040814,303.8942747538045,100219.19742558035
2026-05-29,Islamabad,0,0.16707885626196367,303.26134247920265,100263.73110697277
2026-05-30,Islamabad,0,0.17897526448433554,300.38378930931367,100658.0559376563
2026-05-31,Islamabad,0,0.1807663212270921,301.42599028604883,100809.43008645585
2026-06-01,Islamabad,0,0.17620391713290523,302.5316597207652,100743.08616699727
2026-06-02,Islamabad,0,0.17318313007922267,303.54156044802215,100617.54988333293
2026-06-03,Islamabad,0,0.17225784586358178,303.5513758681119,100241.51949057283
2026-06-04,Islamabad,0,0.18403063095688404,300.504509275189,100287.76488606136
2026-06-05,Islamabad,0,0.19156309856973186,298.93516412266365,100331.98936319121
2026-06-06,Islamabad,0,0,0,0
2026-06-07,Islamabad,0,0,0,0
2026-06-08,Islamabad,0,0,0,0
2026-06-09,Islamabad,0,0,0,0
2026-06-10,Islamabad,0,0,0,0
2026-06-11,Islamabad,0,0,0,0
2026-06-12,Islamabad,0,0,0,0
2026-06-13,Islamabad,0,0,0,0
2026-06-14,Islamabad,0,0,0,0
2026-06-15,Islamabad,0,0,0,0
2026-06-16,Islamabad,0,0,0,0
2026-06-17,Islamabad,0,0,0,0
2026-06-18,Islamabad,0,0,0,0
2026-06-19,Islamabad,0,0,0,0
2026-06-20,Islamabad,0,0,0,0
2026-06-21,Islamabad,0,0,0,0
2026-06-22,Islamabad,0,0,0,0
2026-06-23,Islamabad,0,0,0,0
2026-06-24,Islamabad,0,0,0,0
2026-06-25,Islamabad,0,0,0,0
2026-06-26,Islamabad,0,0,0,0
2026-06-27,Islamabad,0,0,0,0
2026-06-28,Islamabad,0,0,0,0
2026-06-29,Islamabad,0,0,0,0
2026-06-30,Islamabad,0,0,0,0
2026-07-01,Islamabad,0,0,0,0
2026-07-02,Islamabad,0,0,0,0
2026-07-03,Islamabad,0,0,0,0
2026-07-04,Islamabad,0,0,0,0
2026-07-05,Islamabad,0,0,0,0
2026-07-06,Islamabad,0,0,0,0
2026-07-07,Islamabad,0,0,0,0
2026-07-08,Islamabad,0,0,0,0
2026-07-09,Islamabad,0,0,0,0
2026-07-10,Islamabad,0,0,0,0
2026-07-11,Islamabad,0,0,0,0
2026-07-12,Islamabad,0,0,0,0
2026-07-13,Islamabad,0,0,0,0
2026-07-14,Islamabad,0,0,0,0
2026-07-15,Islamabad,0,0,0,0
2026-07-16,Islamabad,0,0,0,0
2026-07-17,Islamabad,0,0,0,0
2026-07-18,Islamabad,0,0,0,0
2026-07-19,Islamabad,0,0,0,0
2026-07-20,Islamabad,0,0,0,0
2026-07-21,Islamabad,0,0,0,0
2026-07-22,Islamabad,0,0,0,0
2026-07-23,Islamabad,0,0,0,0
2026-07-24,Islamabad,0,0,0,0
2026-07-25,Islamabad,0,0,0,0
2026-07-26,Islamabad,0,0,0,0
2026-07-27,Islamabad,0,0,0,0
2026-07-28,Islamabad,0,0,0,0
2026-07-29,Islamabad,0,0,0,0
2026-07-30,Islamabad,0,0,0,0
2026-07-31,Islamabad,0,0,0,0
2026-08-01,Islamabad,0,0,0,0
2026-08-02,Islamabad,0,0,0,0
2026-08-03,Islamabad,0,0,0,0
2026-08-04,Islamabad,0,0,0,0
2026-08-05,Islamabad,0,0,0,0
2026-08-06,Islamabad,0,0,0,0
2026-08-07,Islamabad,0,0,0,0
2026-08-08,Islamabad,0,0,0,0
2026-08-09,Islamabad,0,0,0,0
2026-08-10,Islamabad,0,0,0,0
2026-08-11,Islamabad,0,0,0,0
2026-08-12,Islamabad,0,0,0,0
2026-08-13,Islamabad,0,0,0,0
2026-08-14,Islamabad,0,0,0,0
2026-08-15,Islamabad,0,0,0,0
2026-08-16,Islamabad,0,0,0,0
2026-08-17,Islamabad,0,0,0,0
2026-08-18,Islamabad,0,0,0,0
2026-08-19,Islamabad,0,0,0,0
2026-08-20,Islamabad,0,0,0,0
2026-08-21,Islamabad,0,0,0,0
2026-08-22,Islamabad,0,0,0,0
2026-08-23,Islamabad,0,0,0,0
2026-08-24,Islamabad,0,0,0,0
2026-08-25,Islamabad,0,0,0,0
2026-08-26,Islamabad,0,0,0,0
2026-08-27,Islamabad,0,0,0,0
2026-08-28,Islamabad,0,0,0,0
2026-08-29,Islamabad,0,0,0,0
2026-08-30,Islamabad,0,0,0,0
2026-08-31,Islamabad,0,0,0,0
2026-09-01,Islamabad,0,0,0,0
2026-09-02,Islamabad,0,0,0,0
2026-09-03,Islamabad,0,0,0,0
2026-09-04,Islamabad,0,0,0,0
2026-09-05,Islamabad,0,0,0,0
2026-09-06,Islamabad,0,0,0,0
2026-09-07,Islamabad,0,0,0,0
2026-09-08,Islamabad,0,0,0,0
2026-09-09,Islamabad,0,0,0,0
2026-09-10,Islamabad,0,0,0,0
2026-09-11,Islamabad,0,0,0,0
2026-09-12,Islamabad,0,0,0,0
2026-09-13,Islamabad,0,0,0,0
2026-09-14,Islamabad,0,0,0,0
2026-09-15,Islamabad,0,0,0,0
2026-09-16,Islamabad,0,0,0,0
2026-09-17,Islamabad,0,0,0,0
2026-09-18,Islamabad,0,0,0,0
2026-09-19,Islamabad,0,0,0,0
2026-09-20,Islamabad,0,0,0,0
2026-09-21,Islamabad,0,0,0,0
2026-09-22,Islamabad,0,0,0,0
2026-09-23,Islamabad,0,0,0,0
2026-09-24,Islamabad,0,0,0,0
2026-09-25,Islamabad,0,0,0,0
2026-09-26,Islamabad,0,0,0,0
2026-09-27,Islamabad,0,0,0,0
2026-09-28,Islamabad,0,0,0,0
2026-09-29,Islamabad,0,0,0,0
2026-09-30,Islamabad,0,0,0,0
2026-10-01,Islamabad,0,0,0,0
2026-10-02,Islamabad,0,0,0,0
2026-10-03,Islamabad,0,0,0,0
2026-10-04,Islamabad,0,0,0,0
2026-10-05,Islamabad,0,0,0,0
2026-10-06,Islamabad,0,0,0,0
2026-10-07,Islamabad,0,0,0,0
2026-10-08,Islamabad,0,0,0,0
2026-10-09,Islamabad,0,0,0,0
2026-10-10,Islamabad,0,0,0,0
2026-10-11,Islamabad,0,0,0,0
2026-10-12,Islamabad,0,0,0,0
2026-10-13,Islamabad,0,0,0,0
2026-10-14,Islamabad,0,0,0,0
2026-10-15,Islamabad,0,0,0,0
2026-10-16,Islamabad,0,0,0,0
2026-10-17,Islamabad,0,0,0,0
2026-10-18,Islamabad,0,0,0,0
2026-10-19,Islamabad,0,0,0,0
2026-10-20,Islamabad,0,0,0,0
2026-10-21,Islamabad,0,0,0,0
2026-10-22,Islamabad,0,0,0,0
2026-10-23,Islamabad,0,0,0,0
2026-10-24,Islamabad,0,0,0,0
2026-10-25,Islamabad,0,0,0,0
2026-10-26,Islamabad,0,0,0,0
2026-10-27,Islamabad,0,0,0,0
2026-10-28,Islamabad,0,0,0,0
2026-10-29,Islamabad,0,0,0,0
2026-10-30,Islamabad,0,0,0,0
2026-10-31,Islamabad,0,0,0,0
2026-11-01,Islamabad,0,0,0,0
2026-11-02,Islamabad,0,0,0,0
2026-11-03,Islamabad,0,0,0,0
2026-11-04,Islamabad,0,0,0,0
2026-11-05,Islamabad,0,0,0,0
2026-11-06,Islamabad,0,0,0,0
2026-11-07,Islamabad,0,0,0,0
2026-11-08,Islamabad,0,0,0,0
2026-11-09,Islamabad,0,0,0,0
2026-11-10,Islamabad,0,0,0,0
2026-11-11,Islamabad,0,0,0,0
2026-11-12,Islamabad,0,0,0,0
2026-11-13,Islamabad,0,0,0,0
2026-11-14,Islamabad,0,0,0,0
2026-11-15,Islamabad,0,0,0,0
2026-11-16,Islamabad,0,0,0,0
2026-11-17,Islamabad,0,0,0,0
2026-11-18,Islamabad,0,0,0,0
2026-11-19,Islamabad,0,0,0,0
2026-11-20,Islamabad,0,0,0,0
2026-11-21,Islamabad,0,0,0,0
2026-11-22,Islamabad,0,0,0,0
2026-11-23,Islamabad,0,0,0,0
2026-11-24,Islamabad,0,0,0,0
2026-11-25,Islamabad,0,0,0,0
2026-11-26,Islamabad,0,0,0,0
2026-11-27,Islamabad,0,0,0,0
2026-11-28,Islamabad,0,0,0,0
2026-11-29,Islamabad,0,0,0,0
2026-11-30,Islamabad,0,0,0,0
2026-12-01,Islamabad,0,0,0,0
2026-12-02,Islamabad,0,0,0,0
2026-12-03,Islamabad,0,0,0,0
2026-12-04,Islamabad,0,0,0,0
2026-12-05,Islamabad,0,0,0,0
2026-12-06,Islamabad,0,0,0,0
2026-12-07,Islamabad,0,0,0,0
2026-12-08,Islamabad,0,0,0,0
2026-12-09,Islamabad,0,0,0,0
2026-12-10,Islamabad,0,0,0,0
2026-12-11,Islamabad,0,0,0,0
2026-12-12,Islamabad,0,0,0,0
2026-12-13,Islamabad,0,0,0,0
2026-12-14,Islamabad,0,0,0,0
2026-12-15,Islamabad,0,0,0,0
2026-12-16,Islamabad,0,0,0,0
2026-12-17,Islamabad,0,0,0,0
2026-12-18,Islamabad,0,0,0,0
2026-12-19,Islamabad,0,0,0,0
2026-12-20,Islamabad,0,0,0,0
2026-12-21,Islamabad,0,0,0,0
2026-12-22,Islamabad,0,0,0,0
2026-12-23,Islamabad,0,0,0,0
2026-12-24,Islamabad,0,0,0,0
2026-12-25,Islamabad,0,0,0,0
2026-12-26,Islamabad,0,0,0,0
2026-12-27,Islamabad,0,0,0,0
2026-12-28,Islamabad,0,0,0,0
2026-12-29,Islamabad,0,0,0,0
2026-12-30,Islamabad,0,0,0,0
