Date,Location,precipitation_mm,soil_moisture,temp_2m,sea_level_pressure
2010-01-01,Swat,0.0,0.26279272061581277,277.3780690551449,101712.60894326254
2010-01-02,Swat,0.18424585435855817,0.25950689168731605,279.0915530084145,101849.52506505145
2010-01-03,Swat,0.25082550211805493,0.28386568788230826,275.6005712960719,102042.61690928605
2010-01-04,Swat,0.0,0.2895938646221289,276.722593519004,101736.23627697154
2010-01-05,Swat,0.0,0.28251859670330287,277.93902815227915,101397.99725807524
2010-01-06,Swat,0.0,0.27606351971941434,278.3670959402467,101556.6602524866
2010-01-07,Swat,0.0,0.2703343144558345,278.1180773902828,101852.73643681803
2010-01-08,Swat,0.0,0.2650307671564028,277.294872651565,101863.83734779168
2010-01-09,Swat,0.0,0.2602371050046241,277.13102941193915,101794.42947226351
2010-01-10,Swat,0.0,0.25576178694913176,277.05379478219254,101847.69383189603
2010-01-11,Swat,0.0,0.251487976375222,277.36327125812903,101827.96777018109
2010-01-12,Swat,0.06328452220642766,0.24777324647327198,277.86402623952154,101661.05662589222
2010-01-13,Swat,0.0,0.24455114057096022,276.9209711585342,101934.56339256078
2010-01-14,Swat,1.5156913324131647,0.2414960822613256,276.74535464710453,102340.7521159433
2010-01-15,Swat,0.0,0.23811117876976529,279.1338445335217,102315.21628983007
2010-01-16,Swat,2.443830739261609,0.2350830417865109,280.8536131480505,102266.5452411254
2010-01-17,Swat,1.2209583253692047,0.23182624670262464,280.27323778762855,102204.52592802046
2010-01-18,Swat,0.0,0.22843838288627655,278.8412450727442,102132.54503979965
2010-01-19,Swat,0.26470074768940755,0.22521621721144144,278.4683428034094,101998.67223339008
2010-01-20,Swat,0.5655574067771488,0.22211937906055987,279.63033048441264,102088.94333793981
2010-01-21,Swat,0.0,0.21860903885315988,280.62538677464073,101890.0441950411
2010-01-22,Swat,1.3716975740289752,0.22465647599546504,279.38194015103863,101887.11817819446
2010-01-23,Swat,2.161046871960986E-5,0.23123261868533668,280.99383893767805,101906.34179668529
2010-01-24,Swat,0.3419760606427765,0.24088717995610787,279.6735226436256,101835.21701824469
2010-01-25,Swat,0.0,0.24516019428343738,279.10580227633756,102004.52980480512
2010-01-26,Swat,2.195813426882208,0.2404150680175946,280.5515204385811,101948.50080479697
2010-01-27,Swat,3.2751298108126026,0.2509054977242613,279.2476617301896,101977.7421609431
2010-01-28,Swat,26.039539795640607,0.35904868646033217,277.39192360989927,101900.24327304016
2010-01-29,Swat,3.6194477133476264,0.40460504895785293,275.26016927335826,102092.32497334208
2010-01-30,Swat,1.1494692776541147,0.3799321237821142,277.6239539031397,101975.73568285834
2010-01-31,Swat,0.0,0.37221374753772785,278.2521940606528,101735.33899102427
2010-02-01,Swat,0.0,0.3683250447664255,276.53209812404646,101861.02358166533
2010-02-02,Swat,0.0,0.3628364168703687,275.19252004599434,101923.18473000087
2010-02-03,Swat,0.0,0.3591994741153451,277.09209972121727,101905.34091171205
2010-02-04,Swat,1.1978476556747815,0.35627307130486996,278.6499670235481,101931.51927794878
2010-02-05,Swat,11.585684552514238,0.375337997256712,277.3195912726704,102141.22844094974
2010-02-06,Swat,31.70331031377943,0.4080278511726183,278.4383160125346,102065.2538519982
2010-02-07,Swat,34.34849583277128,0.42846823962810976,278.150464198925,101749.02395801299
2010-02-08,Swat,26.208573090856053,0.43038699736191666,277.53775271743444,100520.06359919792
2010-02-09,Swat,0.008992635365144393,0.4198798975018854,274.79373301562487,101199.35269331308
2010-02-10,Swat,0.8528324897694728,0.4047676673324449,276.2300357934278,102104.84575769272
2010-02-11,Swat,7.19179374161533,0.397810093282396,277.7637883545848,101978.39878906113
2010-02-12,Swat,5.802462442845373,0.4062898451586223,276.2622526587003,102064.51345695465
2010-02-13,Swat,9.240353749389527,0.40195042077906873,276.6362136278004,101899.07748637254
2010-02-14,Swat,7.785116230774994,0.41519203358107554,275.1964115155087,101611.2773494407
2010-02-15,Swat,19.5255986934937,0.4165273362147098,272.92400064972344,101790.40688432773
2010-02-16,Swat,0.0,0.40591799098686077,274.2094055833687,102089.81359110445
2010-02-17,Swat,0.0,0.39990647624608133,275.37461147950296,102067.2673008595
2010-02-18,Swat,0.2067677181927698,0.3991166277133575,276.1672166690985,101680.03380046284
2010-02-19,Swat,0.0,0.3998954493887277,277.6962424995807,101822.2119767554
2010-02-20,Swat,0.038039518740275245,0.40117977460173954,280.8141075169965,101825.69141927539
2010-02-21,Swat,3.3758250238471725,0.40102865914465785,282.68721679574617,101669.51182156264
2010-02-22,Swat,2.0088297066195624,0.39964417273950875,282.75729685637475,101513.63345492122
2010-02-23,Swat,2.2133996434640713,0.39847838603207614,281.68437723790447,101341.85781801357
2010-02-24,Swat,3.533769409416244,0.40859765584624697,280.74758987416845,101432.83462837692
2010-02-25,Swat,11.556850641550025,0.42328962501230205,279.4761335284275,101726.02695134186
2010-02-26,Swat,7.690171865713147,0.4223865530768664,280.4824186390711,101776.97498325651
2010-02-27,Swat,9.745139055027613,0.41690441529540107,281.64658743816443,101716.36507282125
2010-02-28,Swat,12.684145079499137,0.4266865895452518,282.1750748924646,101388.70479554811
2010-03-01,Swat,4.927780148673409,0.4209313410803497,279.4184419686564,101626.52748323626
2010-03-02,Swat,3.9478781266057923,0.4003023431646576,281.44301339765866,101586.25862412585
2010-03-03,Swat,9.086070951482597,0.39714205032587835,280.78169019231984,101261.839411886
2010-03-04,Swat,0.0,0.4106142532147909,279.63962108772125,101305.48305272513
2010-03-05,Swat,0.0,0.39361438454622166,280.43874573334244,101518.08827930246
2010-03-06,Swat,3.475257932894735,0.38663945942179606,281.032955379643,101492.04786341822
2010-03-07,Swat,0.0,0.38036277170224553,281.474291453469,101746.02147963262
2010-03-08,Swat,0.0,0.3688897938454425,282.5220068186552,101687.62899186394
2010-03-09,Swat,4.591355686478885,0.3593335840836795,283.05353637680554,101872.45420143499
2010-03-10,Swat,2.8038730412319297,0.3504228876682326,283.33192877780965,101882.12776924019
2010-03-11,Swat,0.0,0.3422381210372428,283.9457905551468,101910.2838566115
2010-03-12,Swat,0.0,0.3369568651429805,284.0114137452205,101884.37747989778
2010-03-13,Swat,0.0,0.3321910775082015,283.95224039802093,101617.66495227869
2010-03-14,Swat,0.07118588819327488,0.3242289622097279,285.31277685692186,101279.59436991112
2010-03-15,Swat,0.0,0.3150018346451552,286.5075996761842,101282.36722467947
2010-03-16,Swat,0.0,0.30624181749556556,286.6286571425541,101602.39073350339
2010-03-17,Swat,0.0,0.2977478047062096,286.7282430009561,101942.8244176729
2010-03-18,Swat,0.0,0.289491777659731,287.3434761138584,102009.11988819839
2010-03-19,Swat,0.0,0.2812959326731592,288.31306613625827,101556.30841708412
2010-03-20,Swat,0.16379886444182498,0.2738525903713659,288.66166014990694,101395.83177440795
2010-03-21,Swat,0.3747823043170435,0.3189204113490659,287.1318757251912,101279.1216055371
2010-03-22,Swat,17.132509488965894,0.3907450882070471,286.85961931543454,100837.47041245474
2010-03-23,Swat,0.24012342362726646,0.4016415431355989,286.80924511874815,100742.33918273897
2010-03-24,Swat,0.0,0.37762126862711354,287.1448011826334,101030.92228397443
2010-03-25,Swat,0.12163366938444684,0.3578793904224237,288.2806168731093,100966.69269855363
2010-03-26,Swat,7.988050193899925,0.35908000785951677,286.83347085646915,101139.85999642874
2010-03-27,Swat,0.0,0.35102349211051576,286.8955585408888,101391.72467823283
2010-03-28,Swat,0.0,0.337095470647262,287.99321460677555,101215.25513582905
2010-03-29,Swat,1.7917753145151263,0.3633685674065,285.93151088147204,101167.42301213615
2010-03-30,Swat,0.26623748375276585,0.38665652410674783,284.2645677065563,100951.7114289269
2010-03-31,Swat,0.0,0.36403511786122045,285.7352861896574,100987.31714541379
2010-04-01,Swat,2.078892473377325,0.35078030356466305,285.61505984452117,101057.88822072581
2010-04-02,Swat,5.340473524336789,0.3451596654777339,285.8589766225942,101328.58989471367
2010-04-03,Swat,1.2537476666007081,0.3875755142432071,284.6405751433962,101653.00754541461
2010-04-04,Swat,3.3909084563997984,0.3897154232538359,285.71601491839544,101643.23632426785
2010-04-05,Swat,0.0,0.3682173917553582,286.2823214809792,101649.25508119799
2010-04-06,Swat,0.0,0.3475164853327694,288.0493838960361,101492.30768614025
2010-04-07,Swat,0.0,0.3314624940418811,289.29233623598356,101530.7076505288
2010-04-08,Swat,0.0,0.3256817221331511,289.026258510349,101714.01236660902
2010-04-09,Swat,0.021091430232147344,0.32005309768375895,288.9853507286071,101230.80265527371
2010-04-10,Swat,0.3755211923215336,0.30827650191855493,290.5402653266122,100795.56061320372
2010-04-11,Swat,7.904651194871648,0.3153138336534347,289.4337091319645,100999.95782656246
2010-04-12,Swat,0.37900391872010436,0.32633154848692286,287.93379909761916,101081.83333771724
2010-04-13,Swat,0.0,0.30619548154311776,290.35707253559804,101212.2434141704
2010-04-14,Swat,0.0,0.2861612309798956,291.60935215407284,101165.0490979292
2010-04-15,Swat,0.08595769567995032,0.27402675836589796,291.97137994474036,101386.2969503706
2010-04-16,Swat,1.3462793173565049,0.26642397119061706,292.6599429614446,101288.41483340536
2010-04-17,Swat,2.0982739425877943,0.2658612969220961,292.79386936047626,101064.33429047352
2010-04-18,Swat,1.8145245756496742,0.30247630978522877,290.3526087722666,100787.05042880347
2010-04-19,Swat,0.007162002427444669,0.3046201888522856,290.95794388885287,100537.42472315185
2010-04-20,Swat,5.615313500664749,0.36096897919946996,286.57613555244797,100742.24384565496
2010-04-21,Swat,5.7301118351487,0.38542473116153264,287.2821695052009,100920.94206169674
2010-04-22,Swat,1.7574666005208395,0.3805508066546397,286.75014350236415,101317.01706842441
2010-04-23,Swat,1.2838035362235862,0.36116795828684445,287.31598707496687,101282.0903375797
2010-04-24,Swat,1.2704382023330776E-4,0.3400202277991397,289.35414296811643,101106.66353869895
2010-04-25,Swat,0.0,0.3267990925820255,289.85353442774004,101129.62026884561
2010-04-26,Swat,5.165501048108047,0.3184995726681169,292.0510711865042,101547.87873944806
2010-04-27,Swat,7.137457804811238,0.3445303931534667,291.1934368807589,101477.52395598954
2010-04-28,Swat,1.7946805149396856,0.3302257795374103,291.8114121174733,101395.17289402173
2010-04-29,Swat,9.351724508114414,0.3147059398654703,292.0020591941833,101280.84221400616
2010-04-30,Swat,0.26443952667218784,0.3118766434471783,291.35652348720055,101369.82591446383
2010-05-01,Swat,0.0,0.3017370201625491,291.1506408545595,101402.47167681047
2010-05-02,Swat,0.0,0.2822951725680437,292.91525644351776,100930.54282749313
2010-05-03,Swat,2.1752090338554715,0.2621766967561024,294.7324985231345,100760.26367168527
2010-05-04,Swat,7.414330312805816,0.25560881502416016,293.5893028706992,100811.86233595494
2010-05-05,Swat,3.538014236174672,0.3482897992911966,289.30010791355244,100847.846186901
2010-05-06,Swat,6.168343826675424,0.3965817711571916,290.51076802448165,100881.70305418191
2010-05-07,Swat,0.2485600782585396,0.40059532732707637,289.40965042961017,100896.9590456453
2010-05-08,Swat,0.3267365378549906,0.3828868919070483,290.036152987476,100963.6489919044
2010-05-09,Swat,4.431626572409498,0.3729194889465645,291.02659984577,100670.13959662014
2010-05-10,Swat,6.631353781359063,0.3629990867431885,290.3957162871238,100847.88552457988
2010-05-11,Swat,0.010533139829849571,0.34589225549383024,290.36346934353065,100834.0936675475
2010-05-12,Swat,4.486480609670328,0.33567122989491416,291.8454450643543,100795.92502488743
2010-05-13,Swat,0.006361497996473916,0.33889716399682446,289.77904521209337,100845.01349893959
2010-05-14,Swat,0.0256519087806849,0.3246517236558453,290.8938806301778,100677.16317525037
2010-05-15,Swat,0.0,0.3053116141448563,292.4877184298813,100738.62213136148
2010-05-16,Swat,7.716008308945784,0.29174122154852233,293.48280447476446,100708.70114209338
2010-05-17,Swat,3.471759765634971,0.36290478095307227,288.9205767666015,101087.0247934134
2010-05-18,Swat,0.9439844861421599,0.39337789772698334,289.6974974059058,101026.01277937736
2010-05-19,Swat,0.0,0.3778764855905784,289.82083652474563,100959.81513772084
2010-05-20,Swat,0.0,0.34877957551293315,292.50443775188876,100710.37751606554
2010-05-21,Swat,1.1837959824774975,0.32299002161099777,295.09728272297923,100614.21403730898
2010-05-22,Swat,4.060118537995947,0.31888790355585495,294.0104258526782,100722.95703567611
2010-05-23,Swat,0.8509812543162085,0.31990309520176646,293.56127595879366,100731.43181254846
2010-05-24,Swat,0.0,0.3013887414760693,294.1971227522231,100335.43147135708
2010-05-25,Swat,0.0,0.2768094965989823,295.25155871324597,100132.61070941511
2010-05-26,Swat,0.08915695160296427,0.2571692570833474,296.1487401229962,99944.054748454
2010-05-27,Swat,0.0,0.2514609500146866,295.6905064809904,99861.6262329935
2010-05-28,Swat,0.0,0.262483390520687,292.769499401186,100322.51902629169
2010-05-29,Swat,0.0,0.250566013234955,292.50615781898256,100781.04628898023
2010-05-30,Swat,0.0,0.2304821405683798,293.54348677003577,100740.07498902311
2010-05-31,Swat,0.0,0.21286745964808634,295.0277645818476,100531.60745760016
2010-06-01,Swat,0.0,0.19897973528054153,296.2681041170931,100609.62329556023
2010-06-02,Swat,7.8988456885385245,0.19083152559898622,296.24376272524063,100805.42533446365
2010-06-03,Swat,23.051945571333786,0.20185562388686742,294.30443003430076,100976.45287536623
2010-06-04,Swat,0.0,0.3223630172876208,289.73217879943337,101044.8921736398
2010-06-05,Swat,0.0,0.2948548926834957,291.4539178379614,100676.19837184147
2010-06-06,Swat,0.0,0.2674142239860927,293.0443452258575,100549.87735065471
2010-06-07,Swat,0.0,0.25605546454692124,293.6016702480624,100456.05317781007
2010-06-08,Swat,0.11065940458038442,0.25169702447761144,292.1483350158713,100672.33381118682
2010-06-09,Swat,0.0,0.24776179272813031,292.0028378098449,100850.03218226957
2010-06-10,Swat,0.0,0.2323032606467108,293.8642122782278,100804.62787749074
2010-06-11,Swat,0.0,0.22383621380729884,294.4064146458238,100689.69029706156
2010-06-12,Swat,0.0,0.21418134453513604,295.00999345264535,100549.87156684013
2010-06-13,Swat,0.0,0.2053744976305472,295.17219666462006,100505.20961826005
2010-06-14,Swat,0.01621871596769869,0.22802620066223758,294.11043267984525,100607.54927775661
2010-06-15,Swat,10.737645735609904,0.23991088371553065,293.27898107763735,100576.50208533983
2010-06-16,Swat,0.0,0.2364647914992639,293.1631059081915,100541.73967851626
2010-06-17,Swat,0.0,0.228218305600674,294.0800934251811,100625.04849572251
2010-06-18,Swat,0.0,0.21229020185123856,296.07614397179043,100694.6152240684
2010-06-19,Swat,0.0,0.1926392378605305,297.5669267354257,100455.63341951213
2010-06-20,Swat,0.0,0.17598041420930136,298.0536325951926,100383.7397452875
2010-06-21,Swat,0.0,0.16338028727110132,299.0511367986018,100246.00946559652
2010-06-22,Swat,0.0,0.1544116812013618,299.13764061969437,100028.3192717269
2010-06-23,Swat,21.18464145631377,0.15304745107457235,298.77528131826176,100172.74111334131
2010-06-24,Swat,0.014087069643956666,0.18763541638081216,295.63784444529574,100092.81007245695
2010-06-25,Swat,0.0,0.2127163009876552,295.3143835887458,100308.5024558701
2010-06-26,Swat,0.0,0.2010498534070463,296.9366425334702,100159.06073182392
2010-06-27,Swat,0.0,0.18324018778470563,297.53942732274936,100146.71457603222
2010-06-28,Swat,0.0,0.16856457690105223,297.84742041145745,100114.07434407267
2010-06-29,Swat,0.0,0.1712824432569982,296.67215800151286,100244.14441857324
2010-06-30,Swat,0.0,0.18690779396775128,295.78501730529064,100232.89596493695
2010-07-01,Swat,0.0,0.1815394286152683,296.7954771807611,100273.6970412201
2010-07-02,Swat,0.0,0.19097979700365794,295.2204457691722,100530.3858657713
2010-07-03,Swat,0.0,0.18755629806027033,297.5198466009419,100492.92979372707
2010-07-04,Swat,0.0,0.19577430214561267,296.02017159971217,100720.60167226796
2010-07-05,Swat,0.0,0.2219481584648015,295.31192697069764,100676.18649868276
2010-07-06,Swat,0.0,0.21798359425508596,296.4900285120898,100655.11656860048
2010-07-07,Swat,0.0,0.2128184910700061,297.0278759285284,100834.33111984636
2010-07-08,Swat,0.0,0.19646822851898257,298.5803564768114,100780.76604940266
2010-07-09,Swat,0.0,0.19498335113503987,298.40868693660695,100437.7238585135
2010-07-10,Swat,0.0,0.19021471450797253,298.7161200629163,100237.89412290773
2010-07-11,Swat,18.7054724637879,0.2072320320399193,298.00138380673957,100102.76751938388
2010-07-12,Swat,0.0,0.2872987424021449,294.6479667768667,100164.22187864209
2010-07-13,Swat,0.0,0.32465222904652735,294.4698469328972,100547.65051904597
2010-07-14,Swat,0.0,0.28115385270570714,296.2667134871469,100578.05197010862
2010-07-15,Swat,0.0,0.24485602627845926,297.92551614941095,100453.76973042579
2010-07-16,Swat,0.0,0.21627810754010002,299.5372486095563,100245.1633925103
2010-07-17,Swat,0.0,0.1962706554649584,300.33700974793607,100304.48833448993
2010-07-18,Swat,0.0,0.1884568490730637,300.1337149415243,100062.74947999285
2010-07-19,Swat,1.0198873502113894,0.20720287200200896,298.8336999010329,99832.98148587478
2010-07-20,Swat,0.0,0.2575993081015577,295.5612456640445,100179.6184048123
2010-07-21,Swat,0.0,0.34282642752982184,293.2355093246247,100320.08331925391
2010-07-22,Swat,0.0,0.34256628149436946,293.42047690136985,100515.67119666385
2010-07-23,Swat,0.0,0.31135989232196903,296.0077186904615,100207.99288682861
2010-07-24,Swat,0.0,0.27850895061149394,297.14710005965446,99932.02137871685
2010-07-25,Swat,0.0,0.25679539153735575,297.9951856121165,99948.59382157687
2010-07-26,Swat,22.36787154552653,0.2818102138388008,297.20931632848067,100188.81125208408
2010-07-27,Swat,34.98677863677662,0.3844839807597007,295.3232879801272,100504.11179141441
2010-07-28,Swat,59.622528848892244,0.43295873914299127,293.5829306316405,100567.04071888444
2010-07-29,Swat,115.62614959987991,0.43219915084133254,293.2446666891947,100464.19179233504
2010-07-30,Swat,0.0,0.41309550303853576,294.8099359848672,100385.15546872462
2010-07-31,Swat,0.0,0.4015944869695267,295.7347907687609,100418.21794899671
2010-08-01,Swat,0.0,0.3879419430704907,296.0520909522512,100515.26957993735
2010-08-02,Swat,2.0714901826231085,0.3899807872823879,295.65473914353015,100491.96536186017
2010-08-03,Swat,46.02531873477062,0.39694865272429164,295.4697609322977,100439.25046916974
2010-08-04,Swat,0.04561969469702675,0.39517717920170947,296.30130122633017,100356.44512685543
2010-08-05,Swat,0.17854303342510525,0.396636533759309,296.4266645385064,100592.20958715066
2010-08-06,Swat,51.33742197346655,0.42448198918944197,294.90043485082157,100874.82999763255
2010-08-07,Swat,46.616718113906714,0.42664290717175346,294.1317074255865,100843.62809525628
2010-08-08,Swat,1.6321154466632908,0.4220039293948099,293.84372415466134,100686.27761172049
2010-08-09,Swat,0.0,0.4173748474284104,294.0914004352202,100575.19433672783
2010-08-10,Swat,34.3053741639706,0.40895292328683364,295.82056660536745,100540.68938047318
2010-08-11,Swat,0.0,0.40965299733833843,295.75086164585065,100524.04161093952
2010-08-12,Swat,19.855912708287526,0.4115143339512013,295.3213109113123,100586.16239852775
2010-08-13,Swat,14.981018741965428,0.41624478657711017,295.0059226518728,100627.46569925777
2010-08-14,Swat,0.0,0.412094413035855,295.4424552872405,100541.37015680135
2010-08-15,Swat,4.652607450071821,0.403333345915202,295.35222625901196,100748.47177519712
2010-08-16,Swat,0.0,0.3987931985890196,295.7305809714309,100758.92528337351
2010-08-17,Swat,0.0,0.3963003265291277,296.03876683805277,100360.35484719477
2010-08-18,Swat,0.0,0.39003076783563595,296.00306101001854,100262.74927891998
2010-08-19,Swat,16.37113854061453,0.38412724570195184,296.09231932369795,100534.74117024864
2010-08-20,Swat,0.0,0.39359789661260575,295.59684529106363,100783.9818819502
2010-08-21,Swat,0.0,0.3864017497563492,295.81777847834485,100458.47483883818
2010-08-22,Swat,0.0,0.3816102895345924,296.2726160184027,100294.9103781887
2010-08-23,Swat,0.0,0.3905044412489932,295.2707505415958,100275.03959009475
2010-08-24,Swat,2.116206575772997,0.4058482411037237,293.3688370223843,100395.82047791079
2010-08-25,Swat,0.0,0.4002619232512331,292.68182635368765,100736.76740986884
2010-08-26,Swat,0.0,0.3991097245426365,291.7588428347387,100967.6383383344
2010-08-27,Swat,0.0,0.3749992460922907,293.85791799954086,100631.09501157368
2010-08-28,Swat,0.0,0.35691534252694274,294.7030969366563,100574.48273556112
2010-08-29,Swat,0.0,0.3439635626362838,295.1601242447774,100512.61177295107
2010-08-30,Swat,0.0,0.33842111034443295,295.6919994730913,100414.79107449247
2010-08-31,Swat,0.0,0.34745005235127885,295.2723565365959,100542.85910133863
2010-09-01,Swat,4.953865728187182,0.34712852226011204,296.0303609364468,100701.17323369555
2010-09-02,Swat,2.6321181662050472,0.3470830185741888,295.6258888735526,100676.76596796182
2010-09-03,Swat,0.0,0.35583685441330853,294.8531575617526,100515.18622805648
2010-09-04,Swat,0.0,0.3529814048814099,294.38680897143723,100454.50795792993
2010-09-05,Swat,0.0053586025275703655,0.3560476673488519,294.6232555294967,100667.17508204782
2010-09-06,Swat,0.0,0.3408954059520515,294.46251738541866,100545.96897332995
2010-09-07,Swat,0.0,0.32968404073930396,294.3097106238675,100445.05791908115
2010-09-08,Swat,0.0,0.3272563330384924,293.8692719794836,100769.00025317463
2010-09-09,Swat,4.773144166256307,0.32573944497772517,293.8329049681512,100902.18189778317
2010-09-10,Swat,0.3497022539603944,0.33590220461306775,293.94645850410154,100682.95932740005
2010-09-11,Swat,0.0,0.34335901645954064,293.69199240875673,100649.17105072796
2010-09-12,Swat,3.539638885579059,0.33019502614186047,293.0812342118037,100704.15472614634
2010-09-13,Swat,5.0391150764797015,0.32181105767616525,292.56972940981234,100718.47157462999
2010-09-14,Swat,4.122050537442938,0.32205355017262927,291.6876480276629,100724.54357437104
2010-09-15,Swat,0.0,0.30351792168923136,291.7695555005399,100696.02396003633
2010-09-16,Swat,0.0,0.2962538205131486,291.012454563348,100756.17947352813
2010-09-17,Swat,18.246831219504045,0.33202748000863,289.5649226583634,100862.37325205772
2010-09-18,Swat,0.0036226374498865167,0.3719782749989337,288.90487900510146,100982.19572931503
2010-09-19,Swat,0.0,0.3413444933869218,289.3915002214592,100968.30747292718
2010-09-20,Swat,0.0,0.32125047888329683,290.67246180734253,100986.4467144452
2010-09-21,Swat,0.0,0.30647270932668336,292.1639821654402,100920.61200361574
2010-09-22,Swat,0.0,0.2964907350229048,292.2956405246807,100829.35818879699
2010-09-23,Swat,2.913207318128348,0.3089044821559909,290.5196723341087,101080.4049965197
2010-09-24,Swat,0.0022812320652790398,0.3054429242109406,290.14244787540196,101064.42682139066
2010-09-25,Swat,0.0,0.2902476641815008,289.94683056455455,101156.17246860733
2010-09-26,Swat,0.0,0.2776159904416011,289.8732905131364,101309.21823833922
2010-09-27,Swat,0.0,0.26707204619298563,290.28818466345194,101336.9704941483
2010-09-28,Swat,3.3063986812159176,0.2633306797074557,290.8326257434836,101320.63246447961
2010-09-29,Swat,6.922436765022229,0.27961031509418,290.1031879019281,101536.77808822515
2010-09-30,Swat,0.0,0.2734689295413467,289.86390664919196,101423.47562972459
2010-10-01,Swat,0.0,0.2612674831938828,290.35652485307713,101303.19264594589
2010-10-02,Swat,0.0,0.2476431577508507,289.9944551028799,101238.14793899111
2010-10-03,Swat,0.0,0.23621441489581105,289.4226690589554,101211.99310864095
2010-10-04,Swat,0.0,0.22644371668230143,289.75534752991416,101114.65551930906
2010-10-05,Swat,0.0,0.21819259752808307,289.9036756303274,101037.42472846314
2010-10-06,Swat,0.0,0.2108372376638613,290.3258502233259,101045.00475998729
2010-10-07,Swat,0.0,0.20423577849046542,290.4319582670778,100973.43727919928
2010-10-08,Swat,0.0,0.2010983563604622,289.68247453244834,100833.6710236653
2010-10-09,Swat,0.0,0.19739855199105757,289.8369873557988,100548.04977575951
2010-10-10,Swat,0.03773772630846206,0.19255425133545062,289.36000041895164,100666.19509953984
2010-10-11,Swat,0.0,0.1877942838237303,289.1565856456277,101148.66150900195
2010-10-12,Swat,0.0,0.1839718062297194,289.25743376758317,101400.43691625659
2010-10-13,Swat,0.0,0.17983916925856777,290.29586340594335,101235.87650007891
2010-10-14,Swat,0.0,0.17520395531872995,290.95663336164216,101067.28392312996
2010-10-15,Swat,0.0,0.17084346972828418,291.18101316167946,101133.39856699591
2010-10-16,Swat,0.0,0.16675253897361508,291.31795775289686,101052.09270973274
2010-10-17,Swat,0.0,0.16344523174386294,290.82329459789673,101190.89055418191
2010-10-18,Swat,0.0,0.16113620121512182,291.0356331524878,101335.45676909655
2010-10-19,Swat,0.0,0.16075313226481505,290.67225903449025,101321.11644062199
2010-10-20,Swat,0.0,0.1703787575417248,289.4653296805675,101212.41464447287
2010-10-21,Swat,9.996627593859401,0.19071811069367203,288.3204101520425,100743.43062558679
2010-10-22,Swat,0.4878090642482602,0.22179503387701766,285.09600625081384,100680.42436552038
2010-10-23,Swat,0.0,0.2134905660166714,284.5939331326998,101196.2897059329
2010-10-24,Swat,0.0,0.2030345531190571,285.054155649479,101251.77683095114
2010-10-25,Swat,0.0,0.19434562791453444,285.6255691898441,101380.85254661848
2010-10-26,Swat,0.0,0.18718635292493274,285.51635974612896,101570.1505855644
2010-10-27,Swat,0.0,0.18135715409574152,285.1861037767122,101738.48202813907
2010-10-28,Swat,0.0,0.17618854514101456,286.96153938135944,101614.14428528355
2010-10-29,Swat,0.026973550863598497,0.17303841486619037,286.9644467327688,101632.44417637541
2010-10-30,Swat,0.0,0.16997274788045513,285.59964328508045,101975.44582947198
2010-10-31,Swat,0.0,0.16638258883665105,286.0504506668824,101803.20031200418
2010-11-01,Swat,0.0,0.16298501525791298,286.15830613847726,101535.23214423003
2010-11-02,Swat,0.0,0.15990496038360127,286.2504686914638,101637.70304634134
2010-11-03,Swat,0.0,0.15716537748020187,286.78424914189617,101727.7402875517
2010-11-04,Swat,0.0,0.15495684559901177,287.41891865687705,101640.09967696825
2010-11-05,Swat,0.10562287292682998,0.15405435183512706,286.4418971807332,101688.39233778609
2010-11-06,Swat,0.0,0.1579603948336574,284.7967538334379,101727.33974827208
2010-11-07,Swat,0.0,0.15801129247525061,285.32555151503874,101742.55755993228
2010-11-08,Swat,0.0,0.15533974494684194,285.5537723283479,101898.59998932664
2010-11-09,Swat,0.0,0.15286792049259554,285.30575340784986,102025.48199930595
2010-11-10,Swat,0.0,0.15065635830501317,285.0763189491015,101641.97135939368
2010-11-11,Swat,0.0,0.14891850534490303,284.6859674706388,101376.58752635439
2010-11-12,Swat,0.0,0.14766659661969073,283.9718333895798,101187.23485251621
2010-11-13,Swat,0.0,0.1470506151400167,283.6008199457971,101444.10430316003
2010-11-14,Swat,0.0,0.14616173835558535,283.68808604602475,101896.59998072735
2010-11-15,Swat,0.0,0.1451477688149004,283.3910020781955,101843.81512128096
2010-11-16,Swat,0.0,0.1441603116610309,283.24919894306896,101657.09174736557
2010-11-17,Swat,0.8249299499894308,0.14321711013291563,283.94729134653244,101646.97736122686
2010-11-18,Swat,0.4302657118442277,0.1430462268073256,283.3437477053031,101686.23207037692
2010-11-19,Swat,0.0,0.14278032295302545,282.06063839227005,101572.9474246495
2010-11-20,Swat,0.0,0.1423358206717212,282.06467221659443,101317.01074183972
2010-11-21,Swat,0.0,0.14196171107517505,282.9765514350435,101166.91755484343
2010-11-22,Swat,0.0,0.14144643921700661,283.1966670295234,101304.94910202659
2010-11-23,Swat,0.0,0.14092576006549784,282.19148100204455,101532.8481060713
2010-11-24,Swat,0.0,0.14035196792237165,282.75356595220063,101536.94677969906
2010-11-25,Swat,0.0,0.13995745809118823,283.1107197797685,101567.71370193463
2010-11-26,Swat,0.0,0.13974068194078776,282.2305614861026,101446.71109582897
2010-11-27,Swat,0.16709175856711075,0.13940907408690528,281.91701165535335,101403.44313534955
2010-11-28,Swat,0.0,0.13903479962193183,281.82534171341945,101580.49544285587
2010-11-29,Swat,0.0,0.13868282668887721,281.1856509529388,101704.12543350781
2010-11-30,Swat,0.0,0.13831990890044338,281.2795683260693,101386.82324639232
2010-12-01,Swat,0.0,0.13804216520837234,280.83911016379534,101450.96290295488
2010-12-02,Swat,0.0,0.13786134052244692,280.3009224386488,101695.08178326009
2010-12-03,Swat,0.0,0.13769587183826584,280.34213981417207,101717.37853356969
2010-12-04,Swat,0.0,0.13757364954218707,280.1461000252624,101586.95622607358
2010-12-05,Swat,0.0,0.1374874700159944,279.675727791587,101589.15789019746
2010-12-06,Swat,0.0,0.13735951873760524,280.1852053974346,101668.4531705259
2010-12-07,Swat,0.0,0.1372835749884751,279.8337829213216,101691.52868436165
2010-12-08,Swat,0.0,0.13737187664507805,279.4921194780655,101294.71883978725
2010-12-09,Swat,0.0,0.13737116602304913,279.14715850878474,101265.36425993069
2010-12-10,Swat,0.0,0.1373168649496139,278.7665927013055,101129.3391141972
2010-12-11,Swat,0.0,0.13726983344176563,278.76522560399127,100953.14179046339
2010-12-12,Swat,0.0,0.1372278948451903,279.96891771233555,100747.72770140658
2010-12-13,Swat,0.0,0.1372392409627407,279.7902353485511,101322.40959944276
2010-12-14,Swat,0.0,0.13725283799743673,279.0464976438742,101528.36256257267
2010-12-15,Swat,0.0,0.1371650567981439,280.7690113197957,101439.29523176732
2010-12-16,Swat,0.0,0.1371169601496906,279.60790774871776,101544.63169483867
2010-12-17,Swat,0.11696566466650066,0.13752374510422513,277.8421983246596,101659.77548920126
2010-12-18,Swat,0.0,0.13780905144072617,277.3333249693581,101730.57952264561
2010-12-19,Swat,0.0036528226784246654,0.13784567621056887,277.86246814308095,102044.73900928526
2010-12-20,Swat,0.0,0.1377843749595588,278.71313795141396,101842.43389308278
2010-12-21,Swat,0.0,0.13766736656059778,278.9414228766619,101348.72892706543
2010-12-22,Swat,0.0,0.13764888048750884,277.90126382860126,101039.05114533083
2010-12-23,Swat,0.0,0.13791753939408413,277.1406659277532,101394.41944492773
2010-12-24,Swat,0.0,0.13806052185665862,277.07933248967186,101606.98446655764
2010-12-25,Swat,0.014712069476772673,0.13815712660423402,278.49585040475733,101404.70782757411
2010-12-26,Swat,0.0,0.13818893649560168,277.30550598228814,101557.21301929884
2010-12-27,Swat,0.0,0.13823397914683064,276.98262970686307,101683.36484417993
2010-12-28,Swat,0.4727715464893958,0.13832591095509128,277.9553065585626,101768.2441496669
2010-12-29,Swat,0.006259131784317747,0.1466946444460523,278.76928208494263,101715.43265781304
2010-12-30,Swat,10.472509750400912,0.22858724800253183,276.1057703748115,101321.57326434969
2010-12-31,Swat,1.9447648504861033,0.28332439776920154,275.5729513995043,101465.58542432173
2011-01-01,Swat,0.0,0.26902929611458776,275.13986423676874,101524.9377208006
2011-01-02,Swat,0.0,0.258442868833097,274.8889237926602,101466.49680205727
2011-01-03,Swat,0.0,0.25108224904856086,275.5417929019959,101704.90479266486
2011-01-04,Swat,0.0,0.24533790316191612,275.3801211388681,101713.20954769499
2011-01-05,Swat,0.0,0.23984555156526263,275.34149543395137,101729.96184877696
2011-01-06,Swat,9.241139747127859E-4,0.2352178418763806,277.6036562614938,101796.96490685393
2011-01-07,Swat,0.561508198835151,0.23234046766350352,277.3903990528015,101538.80517589184
2011-01-08,Swat,0.0,0.2339755303872546,275.5667876334844,101528.59176456423
2011-01-09,Swat,0.0,0.23113928088489172,274.88431071206963,101702.50528454705
2011-01-10,Swat,0.040281887162734724,0.22628526359223086,277.2169692567142,101570.16767270511
2011-01-11,Swat,0.0,0.22210645512540278,277.3062679134094,101391.96816296851
2011-01-12,Swat,0.0,0.21856760046039472,277.5120916342187,101280.76287447584
2011-01-13,Swat,0.04628569691791486,0.2423917392752655,277.0627770540852,101457.13694827638
2011-01-14,Swat,16.594554703558796,0.35588769639894346,273.3301679606738,101235.52466138828
2011-01-15,Swat,0.0,0.3334309368624855,270.6626610667257,101748.61034470197
2011-01-16,Swat,0.0,0.31942389118336556,271.3692506115887,101557.23563758536
2011-01-17,Swat,0.0,0.31774613568775256,273.43317330790876,101285.70479226018
2011-01-18,Swat,0.0,0.31782292948696717,268.74721398623666,101522.61064921969
2011-01-19,Swat,0.025060786447673514,0.31668431029708277,272.8400752901282,101462.45477404977
2011-01-20,Swat,0.0,0.3192266213143515,276.2246333121871,101645.98077794675
2011-01-21,Swat,0.0,0.3318539598996763,275.17103635119474,101769.39840082626
2011-01-22,Swat,0.0,0.3365742128507975,273.5983433846994,101781.52563336663
2011-01-23,Swat,0.0,0.33508462805130823,273.7741444850436,101968.06441208844
2011-01-24,Swat,0.0,0.3318020601420879,274.5583898689272,101867.78437130727
2011-01-25,Swat,0.0,0.32794298118090637,273.54231151749315,101920.79783686138
2011-01-26,Swat,0.0,0.3242301114105891,273.5188867511396,102332.19107530187
2011-01-27,Swat,0.3386809064191188,0.32098720158269617,275.83258978922015,102018.02134305495
2011-01-28,Swat,0.21187983573731525,0.319269718291728,277.5661223332922,101745.89831761502
2011-01-29,Swat,4.237469719792271,0.32918848895632413,277.6601131286933,101794.64902579597
2011-01-30,Swat,0.0,0.355183802710296,277.06514076708675,102082.02507896214
2011-01-31,Swat,0.19537361271426365,0.34232572689145085,277.86407490771364,101974.08664112825
2011-02-01,Swat,1.1285117989224898,0.33302567952404755,279.65326854764214,101872.42442622173
2011-02-02,Swat,10.013494211100136,0.34010760802442125,281.1001637494912,101928.65811782712
2011-02-03,Swat,12.939308456659981,0.40132262957429654,280.6192628180475,101970.3753108408
2011-02-04,Swat,11.9049674877788,0.42487070584048353,278.8996311915015,101862.19753846424
2011-02-05,Swat,10.357458802749019,0.41356777632581343,278.98882360799115,101606.86594034285
2011-02-06,Swat,34.347902136563086,0.42721093048422026,277.2802788148659,101184.49987100984
2011-02-07,Swat,14.536189262754814,0.41530429521012946,275.6424604555216,101031.73436564184
2011-02-08,Swat,0.0,0.39742157966033875,275.03046036750453,101483.92670074698
2011-02-09,Swat,2.9308015453166685,0.3885558695815122,275.2836533736146,101346.53466596111
2011-02-10,Swat,0.0,0.38169889246200345,277.3849760360351,101635.25645076924
2011-02-11,Swat,15.420921892534583,0.38175825431692234,278.7473879066611,101879.6956481271
2011-02-12,Swat,32.30388356956295,0.4213702093279148,277.1995547503726,101718.75872200655
2011-02-13,Swat,5.6741478650852155,0.4259140502626047,276.48605297984835,101173.536159717
2011-02-14,Swat,4.235842444642061,0.4197961425912977,276.1107170662731,101323.56837183138
2011-02-15,Swat,0.0,0.4071420421964859,277.1292192055539,101268.50057767323
2011-02-16,Swat,0.0,0.3975072205957527,276.61639606469595,101393.27555673134
2011-02-17,Swat,0.0,0.39022825876418876,276.431944465882,101715.74976503562
2011-02-18,Swat,3.8960219265099445,0.3836982555431184,278.20551551323933,101506.0281995107
2011-02-19,Swat,0.5500429960587566,0.3834593762586476,276.73736958971574,101905.48979865403
2011-02-20,Swat,3.7566993029684332,0.4080497790645172,274.7960026984818,102156.0810910133
2011-02-21,Swat,1.8376011216145316,0.39740936496816126,279.0176204723303,101985.91134612034
2011-02-22,Swat,13.301832585256198,0.3916870921234976,280.168936438606,101692.20348161964
2011-02-23,Swat,5.332596835516134,0.40110118083448965,277.347874298004,101855.1737124764
2011-02-24,Swat,1.539063878781689,0.40729582090644445,276.15266918683466,101803.23592869827
2011-02-25,Swat,6.017228383083069,0.4135559067664434,275.5933610008905,101545.33966278445
2011-02-26,Swat,0.05830844402112546,0.40964357896700004,274.43929669551017,101889.71206957768
2011-02-27,Swat,1.0853311346836059,0.3977448974315941,275.5799946843065,102348.77988751049
2011-02-28,Swat,7.141965372595056,0.4009023642485178,275.92801342967374,102158.0953259554
2011-03-01,Swat,1.2679051909242476,0.4109695362571586,277.24487556553333,101881.97485249606
2011-03-02,Swat,23.34219764461366,0.41836437140664,275.7274153264401,101741.1651680208
2011-03-03,Swat,15.807231851948428,0.41715604753350266,277.843249612056,101604.38843520342
2011-03-04,Swat,0.9401089077325581,0.41728849033418813,276.828353574411,101703.96280128036
2011-03-05,Swat,0.004557684003610191,0.41754272714353174,275.6646494698846,102057.54459415155
2011-03-06,Swat,5.04573561780994,0.40587606891829364,277.9590943134043,102129.22664824044
2011-03-07,Swat,0.6655685304842834,0.4182219121388914,278.6458708822515,102059.2479887662
2011-03-08,Swat,0.0,0.405543038461887,280.03794731085674,101463.73401989789
2011-03-09,Swat,0.0,0.3918270947487652,281.1734011152585,101423.38839170084
2011-03-10,Swat,0.0,0.3816527227981981,280.40456366475917,101718.38397669877
2011-03-11,Swat,0.0,0.37276196630309233,280.3790958979457,101599.14535767183
2011-03-12,Swat,0.0,0.3645343870052862,282.0443933856336,101479.75137007708
2011-03-13,Swat,0.42574215667601023,0.35716058818206214,284.0983994989763,101426.50860237454
2011-03-14,Swat,0.0,0.34890725592134725,286.17123124308887,101394.91906301593
2011-03-15,Swat,0.0,0.34121502628639483,285.60551393685427,101532.1484367412
2011-03-16,Swat,0.0,0.3336155923002799,285.9992361206526,101254.21035628585
2011-03-17,Swat,0.0,0.34376303884906806,285.4561692005404,101003.60940459181
2011-03-18,Swat,2.2215256717415053,0.3516082697601007,285.5523130662279,100691.10111356384
2011-03-19,Swat,0.5828225678942802,0.3660801171404855,281.7587888361715,100358.20788372269
2011-03-20,Swat,0.0,0.3552318126844733,282.17813733527436,100905.64767822885
2011-03-21,Swat,0.0,0.339736744709849,282.6509324211622,101191.03268381338
2011-03-22,Swat,0.0,0.3272986572748743,283.73643425198,101221.50045930585
2011-03-23,Swat,0.0,0.31654079475992736,285.0607113444909,101392.96810934914
2011-03-24,Swat,0.07259017267672992,0.3071535068628749,285.3277884141076,101402.38201250847
2011-03-25,Swat,0.0,0.298096104716496,286.53958865665265,101423.25653119828
2011-03-26,Swat,7.168821662916227,0.2910175995721385,286.69889574502565,101492.45143978228
2011-03-27,Swat,4.695743729819744,0.3173412237085337,284.62875403085064,101484.00620897606
2011-03-28,Swat,0.0,0.3932461665363026,283.3368466324453,101174.37667611234
2011-03-29,Swat,0.0,0.4032135174634053,283.03726964528585,101356.22190772806
2011-03-30,Swat,1.0104695420578722,0.3952107150658575,282.4277223204832,101590.41908628466
2011-03-31,Swat,2.8483303138624585,0.3790929059442924,283.5939528194923,101395.6792734671
2011-04-01,Swat,0.024782102651156716,0.38797240867698285,282.2859241236089,101400.29911386335
2011-04-02,Swat,5.8671024384196455,0.3895045661269677,281.5661860064049,101563.06455119523
2011-04-03,Swat,0.18949396964773427,0.37350421697095904,282.2355461425232,101520.15057013615
2011-04-04,Swat,3.803565567458039,0.38089291401331943,280.55595215449534,101634.34936789784
2011-04-05,Swat,0.0,0.3718177781166838,281.42186159632024,101703.21886634387
2011-04-06,Swat,0.0,0.3540091001406119,281.83154203130533,101660.2077261524
2011-04-07,Swat,0.0,0.33850928776310507,282.8296272939527,101745.50219232573
2011-04-08,Swat,0.05414020481042928,0.32495094427012255,285.31559048182436,101531.47313945701
2011-04-09,Swat,4.29580264492625,0.3342497755013176,283.89148758411915,101735.11308435039
2011-04-10,Swat,11.546250845214349,0.4209057091856175,281.51559317967303,102026.6127464469
2011-04-11,Swat,4.224153909544601,0.4115538431157905,284.6017185403712,101692.546263941
2011-04-12,Swat,0.0,0.38912490651577303,285.52228460972884,101447.19530086553
2011-04-13,Swat,0.0,0.3701794945307472,286.88449436893205,101401.99637411366
2011-04-14,Swat,0.0,0.3535267358146965,287.8064482405053,101204.95769479015
2011-04-15,Swat,9.81590720950281,0.352603288035271,287.27736428669857,101277.20778660076
2011-04-16,Swat,9.782892813814229,0.3889887381620366,286.0345480072919,101451.06067162863
2011-04-17,Swat,5.8835196147798134,0.42576572538375385,284.53552731926607,101348.86373031257
2011-04-18,Swat,2.8031110826919154,0.4194767032417337,284.08811385722066,101325.14674140663
2011-04-19,Swat,0.15025812025273028,0.3951799401612554,285.86056993038153,101236.10338024859
2011-04-20,Swat,0.4128520666806175,0.37842245940781727,286.22452968064835,101230.077620674
2011-04-21,Swat,0.0,0.3616782072153439,287.1873135925318,101279.93542224777
2011-04-22,Swat,0.0,0.3455504111219037,288.6893653666679,101137.78054839495
2011-04-23,Swat,0.0,0.3303466858499975,290.6228644808324,101004.77118649632
2011-04-24,Swat,0.0,0.3155619252545837,291.2775309688023,100890.68531121504
2011-04-25,Swat,0.0,0.3009790530259262,291.5151791151702,100888.58433928738
2011-04-26,Swat,0.0,0.2866570434855177,292.3752742447765,101014.68167040643
2011-04-27,Swat,0.0,0.2733781846416825,292.58816244022097,100900.73744445828
2011-04-28,Swat,8.694248549684795,0.2735947874023664,292.0652680029476,100891.60971669716
2011-04-29,Swat,0.04118884546418901,0.2833728958239053,290.1828343656741,100942.86490563994
2011-04-30,Swat,0.07974231471216968,0.2910393999946036,290.7166936435708,101031.18679080732
2011-05-01,Swat,0.0,0.2792397813106342,291.5054410878685,100956.13006425224
2011-05-02,Swat,0.0,0.2586599265359591,292.36991543689373,100545.58383243217
2011-05-03,Swat,0.0,0.2412163210407604,293.68209696057363,100466.20238520391
2011-05-04,Swat,0.0,0.22704479664958732,294.16090062285997,100659.95673191712
2011-05-05,Swat,0.0,0.24202713007261423,291.0784787832748,101116.60510416319
2011-05-06,Swat,0.06702138481546437,0.3207073888844859,288.90924245445376,101081.88531743702
2011-05-07,Swat,0.11671051167381234,0.3004943272942613,290.3939212073444,100851.52002836768
2011-05-08,Swat,0.0,0.2721819274907941,291.7352916097327,100581.9775483889
2011-05-09,Swat,2.7202892202971136,0.2650908911109955,292.1799678174505,100608.19015390787
2011-05-10,Swat,8.608943628482937,0.2515234675871499,293.4515412591297,100653.92713956622
2011-05-11,Swat,0.004556570748079665,0.23544144804614262,293.25573308399373,100676.82258828993
2011-05-12,Swat,0.24821236486390777,0.22477349166016314,292.3541782547556,100717.60320067413
2011-05-13,Swat,0.0,0.21095639091667118,292.5944898098327,100924.39678389755
2011-05-14,Swat,0.0,0.19562988775649442,293.7850123178457,100766.66910146
2011-05-15,Swat,0.0,0.18229031171988794,295.1452684431381,100861.56799826592
2011-05-16,Swat,0.0,0.17107318343967184,296.7378814430552,101071.4456041187
2011-05-17,Swat,3.7934032849107076,0.16226881575692217,296.989601367634,100944.67029221561
2011-05-18,Swat,0.061192872224086675,0.15503736657732084,297.15610113231065,100599.71568964676
2011-05-19,Swat,0.04159034472871231,0.14907547758305484,297.02067408652806,100240.54371145471
2011-05-20,Swat,0.0,0.1441069267497137,297.1825035968996,100026.81480892256
2011-05-21,Swat,0.0,0.14187702011946035,294.6725665946685,100131.36251375885
2011-05-22,Swat,0.0,0.14565838434409412,295.0571724971534,100559.03883562911
2011-05-23,Swat,0.0,0.14151496497779967,295.66768629543407,100680.52253431638
2011-05-24,Swat,1.8674509560843027,0.13796964775860257,297.2771262243465,100474.72207971488
2011-05-25,Swat,2.983298992774125,0.13658532060276993,298.72379460348594,100488.94015036697
2011-05-26,Swat,1.176133748523205,0.14663492712574772,294.6009113908417,100948.45377096208
2011-05-27,Swat,0.0,0.16011756890303827,294.658775784326,100840.71292420023
2011-05-28,Swat,0.0,0.15893654997897022,295.7496379459903,100634.68225490862
2011-05-29,Swat,0.11051880730186811,0.15212386399058875,296.77739822396876,100523.65638986569
2011-05-30,Swat,0.0,0.14420021943260675,296.88025029047463,100377.01874580144
2011-05-31,Swat,1.1038720776794013,0.13811910364309754,297.29610952167604,100021.06361133815
2011-06-01,Swat,7.393588124893338,0.14354981906501474,294.064932026471,100366.97162951414
2011-06-02,Swat,0.0,0.1683849684954144,292.07945503050763,100946.82159734245
2011-06-03,Swat,0.0,0.1744658067666957,294.2237025717687,100893.68073434303
2011-06-04,Swat,0.7667284631718315,0.15970640439677508,296.2961594428065,100482.71606397093
2011-06-05,Swat,0.17618285802674272,0.14864205769156602,297.1068818068891,100416.66304145484
2011-06-06,Swat,0.0,0.14048743930049185,297.65325773227306,100529.37420784909
2011-06-07,Swat,0.0,0.13428872187384297,298.115280039273,100195.67302402348
2011-06-08,Swat,0.0,0.13017973197503865,298.3144972183712,100076.87749279672
2011-06-09,Swat,1.5583221902234121,0.1287234230580361,297.4259288770387,100019.13570693643
2011-06-10,Swat,0.0,0.1270479944919411,297.74599421187025,100034.7616753739
2011-06-11,Swat,8.628478342749894,0.14349055314664275,297.7919623540535,100088.65723007178
2011-06-12,Swat,0.0,0.188984589883045,295.10679763429164,100463.57983222172
2011-06-13,Swat,0.0,0.20792008109056034,295.95332244369075,100383.02528408171
2011-06-14,Swat,0.0,0.18843107036104115,297.7657373551161,100065.45498878039
2011-06-15,Swat,0.0,0.16621006639780195,299.54665394058424,99933.43737075696
2011-06-16,Swat,0.0,0.15140612398865286,299.25785563983027,99827.28729660029
2011-06-17,Swat,0.0,0.14693795747682947,298.9833226453843,99799.85275704942
2011-06-18,Swat,0.0,0.17136978398383915,296.7814145670328,100049.72931934707
2011-06-19,Swat,0.0,0.17369266720654386,297.28730532900875,99947.78966799467
2011-06-20,Swat,0.0,0.17962815757526787,297.6311669478571,100144.06011140687
2011-06-21,Swat,0.0,0.1702390722418672,299.0928504514121,100133.55975099343
2011-06-22,Swat,4.963433084863345,0.1763820961258125,298.64476861552043,100021.36952677318
2011-06-23,Swat,0.0,0.18135184951069722,299.6966224592074,99957.55380353842
2011-06-24,Swat,0.0,0.16395693305823417,301.23220205409405,99779.49937705362
2011-06-25,Swat,0.1401889643890959,0.15321023458516886,301.56185655992044,99680.60759569544
2011-06-26,Swat,6.089846003217273,0.18550662606810148,297.84852084800445,99931.73550758355
2011-06-27,Swat,4.513429396335193,0.24195405149387267,296.344936237061,99967.04249186594
2011-06-28,Swat,0.0,0.3078503570059356,295.2601085978666,99973.93670961943
2011-06-29,Swat,0.0,0.30599849903092247,295.4485232467557,100028.98652281151
2011-06-30,Swat,0.0,0.30821615202629415,295.38035613592285,99998.59126529662
2011-07-01,Swat,0.0,0.29924417243155693,295.0414072201792,100096.63293415529
2011-07-02,Swat,0.0,0.2927104695094635,294.99067284544316,100173.191188105
2011-07-03,Swat,0.0,0.2884744235822374,295.1879146178719,100349.72133713661
2011-07-04,Swat,0.0,0.2591873813887545,296.75973816018404,100509.38584351419
2011-07-05,Swat,0.0,0.22851848545692133,297.533295061748,100537.80271673363
2011-07-06,Swat,0.0,0.21312875455507446,297.6001623334547,100529.69771980919
2011-07-07,Swat,0.0,0.24562817559890643,295.71876613598783,100527.12716020468
2011-07-08,Swat,0.0,0.3153483432910273,294.46878535843194,100672.16545508712
2011-07-09,Swat,0.0,0.3109763823228905,294.5424362700355,100508.9154578692
2011-07-10,Swat,0.0,0.28462769583911085,295.84646806695616,100411.16112911349
2011-07-11,Swat,0.0,0.2534343984548039,296.84251633475844,100237.38697989161
2011-07-12,Swat,0.0,0.22776487253457012,298.4015394245784,100122.4151477872
2011-07-13,Swat,0.0,0.2188628595601162,298.85814217204745,100113.9320851982
2011-07-14,Swat,14.862867778447221,0.2510998840012584,296.12755262550286,100130.33454238354
2011-07-15,Swat,38.78193548049933,0.3531031506027618,294.61733607917955,100100.44235129215
2011-07-16,Swat,0.0,0.3721770463438562,293.79161159272877,100259.95924039504
2011-07-17,Swat,0.0,0.3238836858575809,295.893113432221,100159.38267212837
2011-07-18,Swat,0.0,0.3116028724873027,295.9962734952811,100132.75383960501
2011-07-19,Swat,0.0,0.2847547824536096,296.42518243202306,99857.19294034682
2011-07-20,Swat,0.0,0.2608466381734241,297.73133425704503,99686.72905251457
2011-07-21,Swat,11.581093769066692,0.25212184980474506,297.3426427265174,99954.9385154808
2011-07-22,Swat,0.0,0.27041967081311213,296.9782635049488,100012.6414308087
2011-07-23,Swat,2.1283242021475637,0.2740323921526433,297.51236212826933,100117.03934956616
2011-07-24,Swat,0.0,0.29750351613186443,296.7428744338528,100495.78250626226
2011-07-25,Swat,48.1668026197446,0.36450470404012747,295.4923558381768,100886.79828225654
2011-07-26,Swat,0.0,0.4046311028004952,293.86368617972187,100913.29548367744
2011-07-27,Swat,0.0,0.38476560172082475,295.26185608805474,100465.5114515381
2011-07-28,Swat,0.0,0.3719835426789729,295.5970296207576,100312.92321093265
2011-07-29,Swat,0.0,0.3688764010747005,295.377553849234,100389.59751625777
2011-07-30,Swat,0.0,0.3548869066585118,295.19964601702645,100254.82357013207
2011-07-31,Swat,0.38415994365988143,0.3379773857645844,295.4513454448986,100117.51225380594
2011-08-01,Swat,0.0,0.3139744722719801,296.2381326912592,100054.17165344048
2011-08-02,Swat,0.0,0.2882260789564224,297.57444541887355,100056.61771762389
2011-08-03,Swat,0.0,0.26938240834816496,298.05993587800145,100117.93317301458
2011-08-04,Swat,25.741440369329595,0.29097029882035813,296.14334556937456,100209.19966907712
2011-08-05,Swat,0.0,0.3015152399363472,296.24992989547457,100076.5627761905
2011-08-06,Swat,0.0014496031149890403,0.34576639388673663,295.9373554667859,100035.89650593651
2011-08-07,Swat,9.174703433524519,0.3749396350822765,295.8290742687068,100126.73454192837
2011-08-08,Swat,0.0,0.38939090206655846,295.3448665744901,100346.50064672086
2011-08-09,Swat,0.0,0.3712205735659971,295.6398799763932,100386.24276239114
2011-08-10,Swat,16.215494769231377,0.35371608491870954,295.97108513193814,100330.59636596961
2011-08-11,Swat,2.686940785313266,0.3538647900446674,294.8606821756682,100299.50280768429
2011-08-12,Swat,2.2593465416223557,0.3915372199307862,293.52381862868964,100271.83546934181
2011-08-13,Swat,0.0,0.3989133734085938,292.9214723764602,100525.17709404025
2011-08-14,Swat,0.0,0.37329174306319624,294.5855055753065,100650.44665273235
2011-08-15,Swat,0.0,0.3671444825752413,294.21560979272556,100337.46190770782
2011-08-16,Swat,16.45045375740613,0.3615896197456349,294.3909493795565,100287.7389695765
2011-08-17,Swat,0.0,0.3590382037717021,294.30002709365004,100356.99359374482
2011-08-18,Swat,0.0,0.3471245572258937,294.4819330472549,100476.21033883421
2011-08-19,Swat,0.0,0.33053384152469545,295.1564449426101,100638.80132667563
2011-08-20,Swat,0.0,0.3201218242711743,295.3269370520324,100972.86482141697
2011-08-21,Swat,0.0,0.3105254813559032,296.4909352574831,100867.26303811622
2011-08-22,Swat,0.0,0.3346262630933702,296.95401697913024,100728.74817567536
2011-08-23,Swat,0.0,0.33169541155229243,297.86212951152334,100450.06397225744
2011-08-24,Swat,23.852006056737185,0.37447113094247275,295.2367227396185,100547.45869863663
2011-08-25,Swat,5.093752860281964,0.400366561475357,293.8975286797136,100784.99095754146
2011-08-26,Swat,0.0,0.38214188945957583,294.70279126754576,100690.15714180206
2011-08-27,Swat,44.24855988842827,0.401628325483531,294.3574889905286,100654.79420237578
2011-08-28,Swat,4.513782887086918,0.4105061996002031,293.09992809613254,100751.41545382257
2011-08-29,Swat,0.0,0.4009994583115887,293.93126503706276,100876.90986222841
2011-08-30,Swat,0.0,0.3871905523728269,294.5609211545076,100845.70847353626
2011-08-31,Swat,0.0,0.37189036703002165,295.2216250050678,100697.06913034368
2011-09-01,Swat,0.5028792797502212,0.37801989852235224,293.580663479627,100746.21659283031
2011-09-02,Swat,0.0,0.3895863297521627,292.3537272337498,100678.81699796044
2011-09-03,Swat,0.0,0.3668102988425743,294.8177087761934,100570.10762680486
2011-09-04,Swat,3.45575407618143,0.35254174794116117,294.5946947442314,100813.95497790471
2011-09-05,Swat,7.954806143747618,0.3411933099653523,295.3437741906645,100699.4957352333
2011-09-06,Swat,3.6427471621902763,0.33246870492789476,295.68812067080273,100462.60419592132
2011-09-07,Swat,8.470439273814218,0.34792066001461885,295.16581553826825,100281.81313559228
2011-09-08,Swat,8.106588791595259,0.36998891070423506,294.79260555985957,100294.23330868184
2011-09-09,Swat,11.069851521826028,0.39080895278131866,294.24295675796844,100718.36760052113
2011-09-10,Swat,0.0900045611974223,0.3769935608239481,294.0547964460038,100889.76965910186
2011-09-11,Swat,0.5540669271970574,0.35901203888471966,294.54900825478893,100681.38946408912
2011-09-12,Swat,7.463736554464772,0.3533554355428227,294.567625800178,100747.74467877919
2011-09-13,Swat,3.3460755950253174,0.36101024965696643,294.358702692776,100739.51235269834
2011-09-14,Swat,12.746932200211651,0.36602558572465654,294.1415291670854,100543.06500771908
2011-09-15,Swat,0.019096452438293717,0.3851008908746853,292.88781909301866,100421.97764424633
2011-09-16,Swat,0.01750971664363998,0.384075353539426,291.4943254513164,100618.94724532794
2011-09-17,Swat,0.0,0.3573791094472699,292.1377429642916,100511.55086812857
2011-09-18,Swat,5.310190542830462,0.34086666479521016,291.7746205254405,100628.6946313817
2011-09-19,Swat,0.06671474772568806,0.3353572454879301,290.9402349540526,101034.6295912885
2011-09-20,Swat,0.0,0.3207626804034542,291.3138366470623,100979.88546767255
2011-09-21,Swat,0.0,0.3053108140698706,291.71514029636995,100750.9844632697
2011-09-22,Swat,0.04528401467532227,0.2936551177837561,291.4493107443799,100874.94703009157
2011-09-23,Swat,0.0,0.28302005059073265,291.49095720595756,100823.42248378268
2011-09-24,Swat,0.0,0.27132297840130937,291.97691809133187,100837.31547916526
2011-09-25,Swat,0.18091237735275906,0.26249602106825815,291.7310046961324,100984.86764984092
2011-09-26,Swat,1.4892159277841137,0.2559715574469262,291.114478032713,100976.94169496009
2011-09-27,Swat,0.0,0.24661129768053197,291.69434053494126,100854.34765637641
2011-09-28,Swat,0.0,0.23582172283680708,291.8234687137343,100883.42499251351
2011-09-29,Swat,0.0,0.22599214714399612,291.65339094493334,100973.9459463219
2011-09-30,Swat,0.0,0.21683715091598138,292.0156387670693,101066.41562454468
2011-10-01,Swat,0.0,0.2094301237154302,291.82238943532275,100873.0774825787
2011-10-02,Swat,0.0,0.201641784329258,292.51627130998367,100775.5778472919
2011-10-03,Swat,0.0,0.19405199533138326,292.7921744443384,100826.92163093049
2011-10-04,Swat,6.317668688448164,0.1926853113613777,292.9660345784719,101009.42253613744
2011-10-05,Swat,10.670520102311244,0.31518349137119384,289.4768987179745,101572.62722495252
2011-10-06,Swat,14.21904349678281,0.33890654274622484,290.93764008507964,101587.57444498844
2011-10-07,Swat,7.041945796488491,0.35497064427952707,288.14005337837744,101602.67589468537
2011-10-08,Swat,0.005981833432537277,0.3276320101612326,289.04847246385077,101572.46449964991
2011-10-09,Swat,1.0685556511250829,0.31449163418920856,289.11747341612323,101661.5178370536
2011-10-10,Swat,0.24304140358560258,0.2983439616734417,289.7832936159486,101680.57120354335
2011-10-11,Swat,0.0,0.28396007100209775,290.6198292939644,101622.12293489384
2011-10-12,Swat,0.0,0.27055875737917656,290.4371342256449,101441.29109624379
2011-10-13,Swat,0.0,0.25926572007305604,290.39333668323434,101292.8063967452
2011-10-14,Swat,0.0,0.2500297296675886,288.37224054586073,101350.86655216051
2011-10-15,Swat,0.0,0.24109870411058187,288.8412314916814,101143.96104069204
2011-10-16,Swat,0.0,0.23268992025023416,288.5634812664781,101251.9608135682
2011-10-17,Swat,0.0,0.22543098058797997,288.00147353429196,101430.38043958813
2011-10-18,Swat,0.0,0.22052840404787744,287.808329341467,101481.08643272074
2011-10-19,Swat,0.0,0.21801171623938903,288.04262515699315,101183.00394659098
2011-10-20,Swat,5.175965182535536,0.23011719780046863,286.8904668767904,101341.35022024425
2011-10-21,Swat,3.5159425804014433,0.23620589698189576,286.7098994368013,101520.11310458415
2011-10-22,Swat,16.10685618288283,0.27521856791823823,285.8427985208006,101669.12682913008
2011-10-23,Swat,8.982815126721444,0.3698016874149575,282.7274184323674,101859.82461646934
2011-10-24,Swat,0.0,0.3372448068632131,284.2495208502791,101776.91452838188
2011-10-25,Swat,0.0,0.3154651296424734,284.38629359347453,101668.25807604435
2011-10-26,Swat,0.0,0.2996747752753018,284.8583731758493,101776.39345342392
2011-10-27,Swat,0.0,0.2873016601616507,285.61728240230076,101581.33140261298
2011-10-28,Swat,0.0,0.27723088976065025,286.15391206480416,101588.59087529128
2011-10-29,Swat,0.0,0.269807801637768,285.97976205992836,101593.79600241993
2011-10-30,Swat,0.0,0.2654728303112108,286.2976742889069,101373.25969853744
2011-10-31,Swat,0.0,0.28795451356972857,285.3188735105625,101533.93573157112
2011-11-01,Swat,0.7624713807228121,0.35639113899891295,284.6317517020422,101630.27901644795
2011-11-02,Swat,0.016626307761249647,0.3731085328072853,284.1976462786378,101522.14442742565
2011-11-03,Swat,14.271964884386293,0.3817163140531383,284.34809485991235,101564.92792817618
2011-11-04,Swat,0.0,0.37872250679300373,283.93923429390145,101756.73097067318
2011-11-05,Swat,0.0,0.3568299937235618,283.91904183228155,101758.6423699071
2011-11-06,Swat,0.0,0.3393916461933093,283.4029501254541,101541.78461815896
2011-11-07,Swat,0.6122591656793209,0.3277450282091006,284.61628789122756,101535.09174230702
2011-11-08,Swat,0.0,0.34521338296633514,284.21243507601906,101914.43127256054
2011-11-09,Swat,0.0,0.4005233730851441,285.3445081884021,101823.72391061536
2011-11-10,Swat,9.539366078718697,0.3804526566309034,286.31784127516426,101695.62643280166
2011-11-11,Swat,0.0,0.3628126188435838,285.2441331657844,101546.1567753184
2011-11-12,Swat,0.0,0.3483333732343743,284.322837162912,101492.25449796038
2011-11-13,Swat,0.0,0.33821919575515785,284.32011236876804,101686.85617098717
2011-11-14,Swat,0.0,0.3322828452919307,284.19639577681056,101754.29714132658
2011-11-15,Swat,0.0,0.34243032588471123,282.30158708445094,101870.05849548985
2011-11-16,Swat,0.0,0.3316717827986595,282.00990081383765,101661.40745820715
2011-11-17,Swat,0.0,0.3219791429107933,283.8925499320666,101578.0720017643
2011-11-18,Swat,0.0,0.3146530067677417,284.6012354510362,101595.13407129154
2011-11-19,Swat,0.0,0.31532250717350635,283.84792027060826,101796.34609483746
2011-11-20,Swat,0.0,0.30813407323688397,284.4634778267092,102010.27072693751
2011-11-21,Swat,0.1465960883653122,0.3008463667715887,284.6692106041178,102028.68598752788
2011-11-22,Swat,0.08590514323390994,0.29528952961683647,285.284254705701,101898.61218319013
2011-11-23,Swat,0.6108299890118395,0.2907481633140162,283.42683801981633,101959.68133907892
2011-11-24,Swat,9.205654114431717E-5,0.2859796503279781,283.7707173215545,102000.70318570118
2011-11-25,Swat,0.0,0.28154093343382836,283.03914014150274,101766.35156072945
2011-11-26,Swat,0.0,0.2772106988327594,282.7739130555274,101640.7212534194
2011-11-27,Swat,0.0,0.27361814110771027,282.63235717220226,101634.05926563656
2011-11-28,Swat,0.0,0.27782769372839966,281.45340408834744,101608.52297161805
2011-11-29,Swat,0.0,0.27393258105377477,281.7906668813681,101531.73664826062
2011-11-30,Swat,0.0,0.2687967122723511,285.11674282856893,101406.77644954511
2011-12-01,Swat,0.0,0.26701501085592827,282.6653661424407,101602.93534763576
2011-12-02,Swat,0.0,0.26420791474322286,282.19621872755,101534.97299857951
2011-12-03,Swat,0.0,0.2606491560131546,281.81298868617574,101251.14632433877
2011-12-04,Swat,0.0,0.25739605250007574,281.42003220083507,101248.91797798153
2011-12-05,Swat,0.0,0.25596210031812877,280.3625310633353,101482.01792405864
2011-12-06,Swat,0.0,0.2539644951543379,279.7586006725348,101683.05792085157
2011-12-07,Swat,0.0,0.25083531123824304,279.14801590776096,101895.64259424875
2011-12-08,Swat,0.0,0.259441433631908,278.8651021194826,101654.928087517
2011-12-09,Swat,0.0,0.26734295935112423,278.89496987749,101753.00373464247
2011-12-10,Swat,0.0,0.2615951817930022,278.4547767361085,101572.37900375128
2011-12-11,Swat,0.0,0.25659587105993864,277.9191365916143,101538.22536086866
2011-12-12,Swat,0.0,0.2525508762099325,277.7883261605958,101854.2613728795
2011-12-13,Swat,0.0,0.24908722299505828,277.9346535340682,101934.77528231127
2011-12-14,Swat,0.0,0.245991324861789,278.20622840071684,101799.00461253394
2011-12-15,Swat,0.0,0.24324249973486683,277.2934947642815,101816.6171834532
2011-12-16,Swat,0.0,0.2407528411685091,276.7591094335515,101866.25764582455
2011-12-17,Swat,0.0,0.23847207653918348,277.44644606867917,101736.51570138233
2011-12-18,Swat,0.0,0.23643770489280036,277.3516216078831,101882.52992772497
2011-12-19,Swat,8.1075217167647,0.23899098219216916,277.6268184033714,101799.100046487
2011-12-20,Swat,0.01452960438215665,0.2812198439591937,274.2242383283334,102084.7588641485
2011-12-21,Swat,0.0,0.30196781082908325,274.5436870481673,102200.28040321798
2011-12-22,Swat,0.0,0.29949935444538484,273.7264473911283,102095.91142907867
2011-12-23,Swat,0.0,0.2941914910716566,274.4403102551234,101761.2704621285
2011-12-24,Swat,0.0,0.29203616630734236,273.77468923284454,101681.03949626075
2011-12-25,Swat,0.0,0.29199256021379294,274.0638159957586,101646.56132644303
2011-12-26,Swat,0.0,0.29231399615911813,274.81077603211025,101669.9299376395
2011-12-27,Swat,0.0,0.2916206843065677,276.2731031454092,101847.4855819425
2011-12-28,Swat,0.0,0.292054767047349,276.80919990523904,102026.52580231833
2011-12-29,Swat,0.0,0.2898719043363873,276.3466078028488,102143.24787646889
2011-12-30,Swat,0.0,0.2861329188514559,276.35000775178827,102003.28181654461
2011-12-31,Swat,0.0,0.28264394995578745,275.6270594321825,102030.27484551536
2012-01-01,Swat,0.0,0.2793099835013477,276.0753240351197,101713.42518271065
2012-01-02,Swat,0.0,0.2760482600247074,276.59447275323697,101785.7805602823
2012-01-03,Swat,0.5897156422651262,0.2729752800642078,277.17330835266586,101560.89888947117
2012-01-04,Swat,2.2350626195243914,0.28516765241157616,274.94352741231756,101769.61614470363
2012-01-05,Swat,3.052235725443986,0.33974755126922823,273.8634948280527,101893.71263283442
2012-01-06,Swat,16.744023790464155,0.36387352276176665,273.4258083021712,101647.28062452452
2012-01-07,Swat,0.3226037024602617,0.35827736024705176,271.86682037026554,102262.03133877543
2012-01-08,Swat,0.0,0.35166448361603436,271.8377110952202,102254.50419824806
2012-01-09,Swat,0.0,0.34903433232676534,270.805278608144,102127.86931027222
2012-01-10,Swat,0.0,0.3482853636924359,270.8614051666162,102272.97862457097
2012-01-11,Swat,0.0,0.3492869077522341,270.51574946959045,102114.84889265792
2012-01-12,Swat,0.0,0.3500148968071544,270.94190683360415,102038.90277232588
2012-01-13,Swat,0.007478300938273897,0.3512602747872788,274.1972725103255,101947.98898196968
2012-01-14,Swat,6.862150044519795,0.35435908112962344,276.12215371980767,101669.59095698505
2012-01-15,Swat,7.958590289056655,0.3955267923138918,273.6319525493915,101285.81252655677
2012-01-16,Swat,0.0,0.3813656963138565,272.139455151807,101177.08714494835
2012-01-17,Swat,0.0,0.37270141562537434,270.7993312900815,101301.30412044938
2012-01-18,Swat,0.0,0.3673808204777424,268.7020595583508,101182.85366655591
2012-01-19,Swat,0.0,0.36344995794741153,268.778233208249,101624.96561275853
2012-01-20,Swat,0.0,0.3609168783888486,268.3016500464068,102024.99821234899
2012-01-21,Swat,6.7271764080778125,0.3593483231564138,271.44777949251227,101957.81000113298
2012-01-22,Swat,0.7552630115047027,0.36546325438658095,272.36171226973204,102108.5711456242
2012-01-23,Swat,0.0,0.37187215775476157,274.02926880924764,102160.31535902739
2012-01-24,Swat,3.4699304526519605,0.36602615531316995,275.57800982732107,101709.91522973377
2012-01-25,Swat,0.0,0.3655027706522453,276.30111653277305,101762.21932640864
2012-01-26,Swat,0.0,0.3655591570745829,273.37273888268516,101964.82849982988
2012-01-27,Swat,0.0,0.3631270142278322,273.9501129905861,101673.41575783445
2012-01-28,Swat,0.0,0.3603455106554982,274.66008913661204,101773.88993452361
2012-01-29,Swat,0.0,0.35841382841021524,275.00064166798046,102015.3005067034
2012-01-30,Swat,1.517281721907514,0.35854072920297114,276.731870137374,101916.94823197571
2012-01-31,Swat,0.0,0.36101642827108693,276.12469719089364,102097.85216597124
2012-02-01,Swat,10.680806283562713,0.3592856791642403,276.5039380306636,102138.37707193501
2012-02-02,Swat,7.016198160054863,0.35783265102602624,278.63769804814257,101942.61495850053
2012-02-03,Swat,18.510755390219213,0.39330029765735247,275.4100564191209,102200.0169095895
2012-02-04,Swat,13.410373900205192,0.4099016829186474,274.36838930809176,101718.4589389122
2012-02-05,Swat,0.0,0.4037219931403762,273.9049329108197,102117.1401889629
2012-02-06,Swat,0.0,0.3924862776019038,273.6232597596379,101908.88523903121
2012-02-07,Swat,0.0,0.38487005531701024,273.1147954218687,101551.5847636901
2012-02-08,Swat,0.0,0.37880963800727,272.3804309952042,101530.43259483551
2012-02-09,Swat,0.0,0.37378745362208726,271.51316081484066,101866.51473420959
2012-02-10,Swat,0.0,0.37046694026664895,271.9347490873833,101685.36002753813
2012-02-11,Swat,1.6318963547624192,0.36857074324369177,274.2988834575611,101776.8669072626
2012-02-12,Swat,3.6348293436600514,0.38985181528113044,273.74674804198264,101785.26226670487
2012-02-13,Swat,0.0,0.39808672579008314,272.8527343286104,101722.87258914976
2012-02-14,Swat,0.0,0.39064898152266864,271.9664625267695,102026.02082684162
2012-02-15,Swat,0.0,0.3838832160183774,271.99386768585356,101709.88725279419
2012-02-16,Swat,0.0,0.3811896927841679,271.8280518131966,101949.45468021584
2012-02-17,Swat,1.5139949407191269,0.3771899957506707,273.6087370616682,102249.702497754
2012-02-18,Swat,5.6635620356061445,0.37914666295191757,275.9191393635651,102129.98846120376
2012-02-19,Swat,4.905507020100655,0.3859682905516649,278.3028104913978,101755.74872299805
2012-02-20,Swat,8.127151661258184,0.4084739161225699,277.79692396110636,101414.71327171478
2012-02-21,Swat,0.0,0.4189599860164372,276.01491560546896,101328.25864410662
2012-02-22,Swat,0.0,0.40833814639640287,274.8412290455158,101496.87711569044
2012-02-23,Swat,0.0,0.39813262808299366,273.78242066187306,101573.1974415953
2012-02-24,Swat,0.0,0.39092439507430105,274.2186927030963,101701.88225961295
2012-02-25,Swat,2.2282368879396346,0.38562828649011077,276.5512618328,101577.4136087583
2012-02-26,Swat,4.414031031927605,0.382340589896667,278.50359175437745,101578.48370425147
2012-02-27,Swat,0.0,0.38457270230593105,278.42919511004726,101281.77905893883
2012-02-28,Swat,0.0,0.37958693750040945,277.4072095606132,100816.55485291076
2012-02-29,Swat,0.0,0.3747220895047161,277.7000351890104,100863.11422679792
2012-03-01,Swat,0.0,0.3719106661206571,277.7882058377446,101231.58181108152
2012-03-02,Swat,0.0,0.36807024271154465,279.38033960252164,101105.97039854385
2012-03-03,Swat,0.0,0.3750981135509697,280.21744345105793,100991.46875556422
2012-03-04,Swat,0.0,0.42190802462794313,278.5327596984387,101003.92624144105
2012-03-05,Swat,0.0,0.4147897485260471,278.25756108655696,100964.30717473244
2012-03-06,Swat,0.0,0.4003444561183417,278.49230154760045,100884.0321579891
2012-03-07,Swat,1.3651832790866265,0.41625408542398423,276.9370765074722,100782.49346450182
2012-03-08,Swat,0.0,0.4041653309277799,277.1341200796885,101021.3160669554
2012-03-09,Swat,1.4225750975365066E-4,0.39360217609064035,277.3331890025932,101255.87745308809
2012-03-10,Swat,0.0,0.3868897850004261,277.7157300326278,101648.17833715076
2012-03-11,Swat,11.408576860760983,0.3831662798375018,277.66311298302327,101848.11577746116
2012-03-12,Swat,17.731062345836037,0.41029639989538014,276.6003773000866,101892.6393988353
2012-03-13,Swat,0.13761141513310832,0.4099434816960935,277.5501807296797,101937.43155861505
2012-03-14,Swat,0.0,0.4026005380299043,277.56247639265223,101878.96639378088
2012-03-15,Swat,0.0,0.39273547804099534,280.1594137416349,101674.02674875155
2012-03-16,Swat,2.6442020748945096,0.3923083017641863,281.22514771254805,101524.04373472354
2012-03-17,Swat,0.0,0.3954733627172622,282.8092277158876,101420.78635775477
2012-03-18,Swat,1.4512896156483925,0.3993937427030425,284.80277452352874,101462.68651664026
2012-03-19,Swat,3.3825323793415625,0.4278283553756552,283.3010927772292,100911.56236215761
2012-03-20,Swat,0.0,0.4169979507115484,278.94881188493724,101120.1401707525
2012-03-21,Swat,0.0,0.3970429022615474,280.5391965995942,101565.13961735972
2012-03-22,Swat,0.0,0.3836372446334362,282.72109700773416,101637.42014627976
2012-03-23,Swat,0.0,0.3748124899713887,283.41984063253165,101758.32306150651
2012-03-24,Swat,0.0,0.3669609081062437,284.7117580816131,101746.9156533777
2012-03-25,Swat,11.914042493061975,0.381891395101782,282.8017332000518,101780.9802192427
2012-03-26,Swat,0.11373332703100812,0.4040006201032108,281.26892320262266,101794.76334794538
2012-03-27,Swat,0.0954395079181264,0.3850639836467365,283.38478009945976,101879.61750390503
2012-03-28,Swat,0.0,0.37339973202713095,284.09687257176574,102013.80416395183
2012-03-29,Swat,0.0,0.3600038631788745,285.338570534572,101542.85365087488
2012-03-30,Swat,0.0,0.3475960014164026,286.7220694056288,101161.79546597283
2012-03-31,Swat,8.755212784129933,0.33939948845541573,288.05712721687325,101563.5167163572
2012-04-01,Swat,8.657410494070714,0.3469244216513379,286.82125143026235,101900.10271911106
2012-04-02,Swat,1.3326273445613932,0.337587277076513,288.1740030176538,101747.18624323182
2012-04-03,Swat,0.0,0.3353846126382965,287.58768628569226,101760.90189038776
2012-04-04,Swat,0.0,0.325325019061112,286.8415753314759,101429.88897670888
2012-04-05,Swat,0.05486627379009907,0.31359215541809426,286.61184865823975,101235.45194638452
2012-04-06,Swat,0.004820544056903353,0.3017195888974866,286.50865021794664,101199.0815323618
2012-04-07,Swat,0.0,0.29044196740679956,286.59528502284655,101185.32625110264
2012-04-08,Swat,4.0565706379859945,0.2828396089717609,288.386648910108,101237.8322516712
2012-04-09,Swat,5.4520327093540315,0.29433994652794837,288.31199946579426,101211.86980271085
2012-04-10,Swat,0.7428716327964306,0.3313046591569559,285.13578889886236,101116.887544413
2012-04-11,Swat,5.579440023804215,0.3510849264706542,284.05428819194174,101122.82696940051
2012-04-12,Swat,5.07361299825118,0.34296276248094276,284.1776133069682,101134.24072460058
2012-04-13,Swat,1.6277159459578017,0.3351851652299078,285.0934903854952,101185.43170126287
2012-04-14,Swat,0.0,0.3218667149725148,285.0618707364849,101488.16699335721
2012-04-15,Swat,0.0,0.30729638503227535,285.3197410635404,101357.11543019964
2012-04-16,Swat,0.0,0.2928882753536298,286.84563819724053,101166.3579439686
2012-04-17,Swat,0.7180793493848155,0.27633241168531575,287.06035191682906,100974.34348342041
2012-04-18,Swat,0.0,0.2612760988144682,287.9488995400044,100941.84901481913
2012-04-19,Swat,6.138212298554998,0.25792857268315916,288.19375016230396,101268.62191308997
2012-04-20,Swat,10.30875542177047,0.32263153874209166,288.39168848743276,101427.39112831427
2012-04-21,Swat,1.006263868741363,0.39246860350067336,286.3954201698638,101385.90472184676
2012-04-22,Swat,2.915157858645942,0.37523107615031454,286.7545071052026,100918.0751306593
2012-04-23,Swat,2.6300836822947913,0.37904943143674236,286.7537988303776,100986.41077552892
2012-04-24,Swat,8.53770072321472,0.36726565226565633,288.1305868971146,101068.29979093486
2012-04-25,Swat,4.66894972287708,0.3797874014739363,288.2268046828482,101191.58611479806
2012-04-26,Swat,5.178269910296777,0.4149805876413361,285.87180179571766,101429.1329597004
2012-04-27,Swat,1.9462658871358278,0.3976711409369333,287.252687559278,101012.08774487885
2012-04-28,Swat,2.114997297003437,0.39206617953215966,286.83495644955883,100756.6800898985
2012-04-29,Swat,10.466650049469301,0.3955400230154709,284.4314331143729,100844.60090212125
2012-04-30,Swat,1.6356079157159273,0.39793097851817105,284.5160491292363,100884.86347688493
2012-05-01,Swat,0.06493005857072766,0.3873158523775439,284.9899929930085,101131.23671806706
2012-05-02,Swat,0.21221578558441678,0.36707734796641617,287.01790851223046,101120.35258202748
2012-05-03,Swat,0.06399901047001155,0.34564362869806897,288.2766717057214,100807.02476129238
2012-05-04,Swat,0.0,0.32697227284795755,289.3779771806186,100664.82776357485
2012-05-05,Swat,0.8342198495044537,0.31387369250420705,290.5963695658511,101061.99000883193
2012-05-06,Swat,3.127314866953396E-4,0.3107236584746717,289.63070041472866,101128.74826546262
2012-05-07,Swat,2.185116130669915,0.3025915278077506,289.41676385598726,100995.87718853186
2012-05-08,Swat,0.0,0.28762016754148734,290.94306885966506,101008.07987825353
2012-05-09,Swat,0.13848060817746902,0.2715685789866611,291.81174323570247,101112.28524641659
2012-05-10,Swat,4.923019104551303,0.2658855822266767,292.01745215150476,101224.5658845989
2012-05-11,Swat,1.7490495649815565,0.29550060315152554,290.04956682644803,100995.50177045222
2012-05-12,Swat,0.3987469252070733,0.32431937486143286,288.0327167765596,100978.21094711099
2012-05-13,Swat,0.0,0.3045950060542088,290.09509625018535,100961.27268961038
2012-05-14,Swat,0.0,0.28201538059673786,290.8558783032209,100830.90341955263
2012-05-15,Swat,3.23760113561677,0.27285369589744857,290.9286012940883,100929.5155685983
2012-05-16,Swat,5.319910195211183,0.26493850871929403,291.8857464134417,100681.6320861087
2012-05-17,Swat,1.5315526380694533,0.2697409285543156,290.0782794575105,100871.37041402265
2012-05-18,Swat,0.6373434832299174,0.2810696581665633,290.59155641170236,101068.50740934271
2012-05-19,Swat,1.146729598014011,0.26945475897413906,291.4384456914324,100990.6556832022
2012-05-20,Swat,2.5953888548339386,0.25840859984989284,290.7813744092829,101006.13256843045
2012-05-21,Swat,4.07886307747182,0.26677801094803155,289.9015102284793,101033.77398659305
2012-05-22,Swat,0.0042401650033056845,0.2554672169829701,290.81048806186266,101007.98882364066
2012-05-23,Swat,0.0,0.23758912133055443,291.3788193879677,100953.89148417517
2012-05-24,Swat,4.9535921701026,0.21956534488955456,293.79207234103376,100661.3901348376
2012-05-25,Swat,2.261537615179787,0.23686519176443588,291.611436063042,100782.882223951
2012-05-26,Swat,0.0,0.30745563996745473,290.7412225741231,100900.86424172026
2012-05-27,Swat,0.0,0.2763967566627201,293.01925530246814,100679.24387904064
2012-05-28,Swat,0.0,0.2462408313674857,294.0987359721362,100571.585449361
2012-05-29,Swat,0.0,0.22197510018876077,295.12499359828865,100701.29287883626
2012-05-30,Swat,0.0,0.20249262652325686,295.87960845402404,100367.73932897834
2012-05-31,Swat,0.0,0.1957195366618996,295.53065849475075,100273.03946034588
2012-06-01,Swat,0.0,0.1876031526587388,295.9872790724419,100442.13549347052
2012-06-02,Swat,0.0,0.17424783117275836,295.5839976501808,100213.85364708099
2012-06-03,Swat,0.0,0.16250744574221793,295.8280172601913,100025.90676621326
2012-06-04,Swat,0.0,0.15340228627583705,296.27961367680484,100030.88851107997
2012-06-05,Swat,0.0,0.15215630258434223,296.54520913649856,100135.12287141047
2012-06-06,Swat,0.4564015935487629,0.1534979154592615,293.7830253650553,100375.76080987565
2012-06-07,Swat,2.5599117603849693,0.16312487901086206,293.83686403921683,100566.73050807932
2012-06-08,Swat,4.982525768321399,0.1825631940368823,293.0500069491157,100624.79174852895
2012-06-09,Swat,0.0,0.1898239651588943,294.05977473790534,100433.11941194681
2012-06-10,Swat,0.0,0.17905841819035936,294.94853062355764,100208.50925718897
2012-06-11,Swat,0.3341526443325591,0.16918239319548461,295.46655976734104,100326.05336851304
2012-06-12,Swat,0.0,0.16102723674878533,295.4949196991851,100508.57809060259
2012-06-13,Swat,0.0,0.15425832933802586,295.5030796246725,100580.43280046085
2012-06-14,Swat,0.0,0.14758879201852945,296.7062414873387,100425.4308909016
2012-06-15,Swat,0.0,0.1408613249147379,297.85112242825403,100173.3059435094
2012-06-16,Swat,0.0,0.13578909606663533,298.15591916274644,99872.9842877419
2012-06-17,Swat,0.0,0.1344247035825235,298.4507878374836,99811.7613749028
2012-06-18,Swat,0.0,0.13398243336449742,297.0622721082182,100148.85924778027
2012-06-19,Swat,0.0,0.13803658289927204,296.7003265964464,100041.77450660027
2012-06-20,Swat,0.0,0.14148188483797777,298.46524870742576,99850.63191690404
2012-06-21,Swat,0.0,0.13962619650216881,299.52526535374915,99849.08410204678
2012-06-22,Swat,0.0,0.1351413306505356,300.2418042901809,100023.50373211336
2012-06-23,Swat,0.0,0.13197314162264975,299.70552350697056,99860.31364952937
2012-06-24,Swat,0.019007232684787153,0.1315173445573604,299.2634564712092,99784.71216644676
2012-06-25,Swat,5.209717183219764,0.14714563964121208,296.8664629666776,100027.5637742197
2012-06-26,Swat,1.9364089864552805,0.1542864146437352,296.6819364737355,99982.39670979147
2012-06-27,Swat,0.004862208268985821,0.14706658877058715,297.2165777693265,100133.10996380178
2012-06-28,Swat,0.0,0.14137265448270905,297.2350834167644,100300.85842932551
2012-06-29,Swat,0.0,0.14010874333599252,298.0148552561532,100175.75532096773
2012-06-30,Swat,0.0,0.13637728711014943,299.44317974430277,99973.94068023807
2012-07-01,Swat,0.0,0.1309100018539493,300.4352223606254,99884.41662611492
2012-07-02,Swat,0.0,0.12732478978919018,301.45802361414,99873.15767597276
2012-07-03,Swat,0.0,0.12488714167485301,302.0229051837718,99590.69232321777
2012-07-04,Swat,0.061151015607616536,0.12495773539206154,301.1370195427713,99594.7274113054
2012-07-05,Swat,0.4608962357173504,0.17076997426500756,297.815587789694,99865.76789598436
2012-07-06,Swat,12.777067669606001,0.1859707058267838,298.9723751785178,99710.74743891432
2012-07-07,Swat,1.7134430776267129,0.23379148183405182,295.75463454086065,99825.30615216981
2012-07-08,Swat,0.0,0.3088652233403007,295.01949803002026,100168.47255672517
2012-07-09,Swat,0.05126032385776246,0.3061766190101621,296.3213457008767,100287.53040675879
2012-07-10,Swat,0.0,0.2662250380441076,298.06967414865323,100387.0944698153
2012-07-11,Swat,21.96689864533165,0.26715919265912563,296.8317737806373,100424.70784401399
2012-07-12,Swat,1.9302079455518826,0.2948551601984703,296.32634767996683,100269.83099490305
2012-07-13,Swat,0.0,0.29603494553209525,295.56924918167516,100141.04568778524
2012-07-14,Swat,0.12767254289323698,0.31028027816315185,294.92797517954,100159.86108449807
2012-07-15,Swat,0.6766732158084773,0.3439694299351776,294.5054813223308,100271.40737727222
2012-07-16,Swat,2.560318264826476,0.30563386226786865,295.9666602399923,100488.15772807476
2012-07-17,Swat,0.0,0.26802190723234115,297.0971369647996,100369.71845913996
2012-07-18,Swat,0.0,0.2538126740562709,297.2977352664313,99947.64522615242
2012-07-19,Swat,0.0,0.24676489058932988,297.1123122876875,99832.83148025998
2012-07-20,Swat,0.0,0.23206298679352347,297.1371831745414,100176.68793502536
2012-07-21,Swat,0.0,0.21360902245852803,297.5550908793615,100477.77249157266
2012-07-22,Swat,0.0,0.19245071462178226,299.0497787104928,100128.84042888446
2012-07-23,Swat,0.0,0.1747392261307571,299.95966247171964,99751.00526962463
2012-07-24,Swat,0.0,0.18388884602200015,299.18554928222323,99700.18259761766
2012-07-25,Swat,0.9528191118420348,0.20312202862223505,297.8748607316256,100097.82005907236
2012-07-26,Swat,0.13086780497894188,0.22621855208395356,296.29029104874166,100187.07517669107
2012-07-27,Swat,0.0,0.2182492439732472,297.9911384406944,100008.70822364952
2012-07-28,Swat,0.0,0.19230803674385014,299.68078057065367,99915.42729991862
2012-07-29,Swat,0.0,0.17352968420720896,300.3334343397178,99969.92989009022
2012-07-30,Swat,26.330072110204576,0.17291500492053324,298.78312505057846,100045.97556877031
2012-07-31,Swat,3.2384908848055187,0.1940421449882992,297.8355345374405,100075.41337126477
2012-08-01,Swat,7.414199411002636,0.21521117186625313,297.5472343088576,100155.5176038597
2012-08-02,Swat,0.0,0.2272209830370925,297.80096221635705,99950.4210960009
2012-08-03,Swat,6.328977107708401,0.2533184081441097,297.138227597236,99735.37902449086
2012-08-04,Swat,0.0,0.297499753920802,294.0519700029204,100167.10858082565
2012-08-05,Swat,0.0,0.2657147210276236,295.00488325704765,100431.50018564453
2012-08-06,Swat,0.0,0.2374373892532049,296.0655660780656,100412.26173455757
2012-08-07,Swat,0.0,0.21814639186491713,296.75093827583146,100451.77883586187
2012-08-08,Swat,0.0,0.20063574251056798,297.73091927216046,100325.40740661112
2012-08-09,Swat,1.9117214806533938,0.20998974684773988,296.47598988999005,100218.85993977425
2012-08-10,Swat,0.03962193722823556,0.24883447757603908,295.04269201529837,100350.14660179387
2012-08-11,Swat,0.0,0.30768161307974595,295.0278236107544,100578.23101468157
2012-08-12,Swat,0.0,0.2969492868111443,296.09663419620483,100480.04017257354
2012-08-13,Swat,0.0,0.2718039852899247,295.98625826880647,100337.68847526623
2012-08-14,Swat,0.0,0.28218269529273393,295.6364306052709,100407.18721116328
2012-08-15,Swat,0.044553155098478854,0.31711515867334594,295.5289980846491,100580.11208783863
2012-08-16,Swat,0.04382338939586349,0.30577404215242554,296.09649760757037,100553.3334904819
2012-08-17,Swat,0.0,0.28797652268145496,297.0386881002882,100469.99919520285
2012-08-18,Swat,0.0,0.27137351948662763,298.6468161307621,100324.24167381586
2012-08-19,Swat,0.011650005423195624,0.2720490012613007,297.6690702099044,100320.03362518823
2012-08-20,Swat,0.05665856861273934,0.3173773294618637,296.21348848334344,100323.03629553599
2012-08-21,Swat,0.05738809571924873,0.3125844089710136,296.56973605578054,100302.86769359645
2012-08-22,Swat,2.312028721995218,0.3494216626216375,294.280018659568,100566.33068052134
2012-08-23,Swat,0.054699075122060015,0.35626202761076536,294.9341941654299,100699.32030035972
2012-08-24,Swat,0.051491209261893364,0.33013242208036697,295.58347009747763,100492.32323754004
2012-08-25,Swat,84.02033219551572,0.33946697286934957,295.0201004044002,100621.92552440803
2012-08-26,Swat,0.5856590051171521,0.36254087570361493,293.8399661710026,100674.93847071363
2012-08-27,Swat,4.379281055275441,0.3493102147345657,294.1450694701845,100608.60572862708
2012-08-28,Swat,0.045084905792654215,0.35240120616937765,294.54207423498286,100772.4532868699
2012-08-29,Swat,0.0,0.33358526317849957,295.1471956545059,100789.94600929932
2012-08-30,Swat,0.0,0.3406948261383863,295.2810936166981,100675.49088318243
2012-08-31,Swat,0.006077444431036076,0.3294043628380139,295.43901783686715,100558.03444920719
2012-09-01,Swat,0.9035681552162032,0.3356666935432251,295.48295076515484,100567.15719390396
2012-09-02,Swat,43.7914833380492,0.366278695542008,295.4069330815708,100599.37958698889
2012-09-03,Swat,10.299327469276518,0.37766562959576616,294.1910341527037,100625.6658213178
2012-09-04,Swat,0.11859015310998132,0.3664763552908909,294.05424594616727,100836.45645597947
2012-09-05,Swat,1.2504804080261787,0.38371990984810905,293.3592659955614,101026.46214798342
2012-09-06,Swat,0.7297506369600912,0.3791829911644197,293.5293033733269,101131.67463083535
2012-09-07,Swat,3.939504688063737,0.4073029980963131,292.05580749868994,101105.03513209584
2012-09-08,Swat,0.0,0.40358496049324016,293.6987568281648,101023.5422176989
2012-09-09,Swat,0.0,0.39932913471830184,293.51775980943,101016.30440574508
2012-09-10,Swat,0.0,0.3883187326125841,293.4391640980089,100910.21673750154
2012-09-11,Swat,0.0,0.3646470339242392,294.96679429724816,100669.88682257436
2012-09-12,Swat,0.3252994807796396,0.3594469504135272,294.8000485090703,100632.2006112107
2012-09-13,Swat,1.937613854755135,0.3677151033578769,294.62831505958593,100497.65806167842
2012-09-14,Swat,0.8868890516755414,0.36432649345529233,293.7246406390141,100331.2627313222
2012-09-15,Swat,0.0,0.3474022345589373,293.8742999479515,100295.54146500365
2012-09-16,Swat,0.0,0.35833537088068323,292.57775686730594,100500.55077353578
2012-09-17,Swat,2.7998211465559115,0.41717016117652067,289.677498928066,100826.35843994831
2012-09-18,Swat,0.0,0.40602793231406603,289.8045637004006,100976.90580384604
2012-09-19,Swat,0.0,0.37640599963545807,290.5255131502341,100985.07442222552
2012-09-20,Swat,0.0,0.35695378753890306,290.72110261715073,100976.1088340003
2012-09-21,Swat,0.0,0.3417776577014743,291.1124622070559,100941.0232088587
2012-09-22,Swat,4.3196364637446045,0.3448212790821349,290.0436207214544,101090.27275461113
2012-09-23,Swat,0.0,0.3327165623994108,290.2852387065868,100916.3881289152
2012-09-24,Swat,0.040350548172626885,0.3190001013369862,290.69268940588205,100909.75692626215
2012-09-25,Swat,36.55661375100637,0.32155911657219366,290.7197548477473,101092.15637064364
2012-09-26,Swat,3.7488836341216207,0.3371601350289428,290.833999509016,101495.99842834417
2012-09-27,Swat,0.0,0.31741094047390517,290.6674861129106,101505.91923272636
2012-09-28,Swat,0.0,0.299604170772693,290.8175428117513,101335.56620935032
2012-09-29,Swat,0.0,0.285106082719364,290.977092842273,101354.55302681567
2012-09-30,Swat,0.0,0.2733816144607056,290.6737124715269,101356.38027771817
2012-10-01,Swat,0.0,0.2615794866686352,290.84909839760417,101254.19662212877
2012-10-02,Swat,0.0,0.25102771567736404,290.88994379747584,101081.95410178372
2012-10-03,Swat,0.10734508171792882,0.24252706943462427,290.0567212566726,100887.52855208368
2012-10-04,Swat,2.1180081696920783,0.23409893741015064,289.55350824481803,100874.30670480386
2012-10-05,Swat,0.0,0.2255379655422998,289.58865937735146,101079.83891034217
2012-10-06,Swat,2.325138611442167,0.21793511626863674,289.7393628974948,101417.3195835794
2012-10-07,Swat,0.0069390119594415975,0.21102149739684745,289.29827638315453,101475.34805523408
2012-10-08,Swat,0.0,0.2042082523789422,289.4786681419419,101346.98816907911
2012-10-09,Swat,4.549126845283109,0.19827371738261804,289.0287162907715,101265.11843465708
2012-10-10,Swat,0.006135278395849405,0.20276146511789342,287.7167625353146,101511.52331559164
2012-10-11,Swat,0.0,0.20152233690671442,287.7772361601369,101350.58713913115
2012-10-12,Swat,2.311361058261812,0.19613857708318766,288.1174079310217,101271.73562696259
2012-10-13,Swat,0.7983608318828583,0.19491693848937972,287.1263402982907,101523.0696387164
2012-10-14,Swat,4.008190100628889,0.19339152450797814,288.22401795971865,101547.2346008591
2012-10-15,Swat,6.770377549608285,0.22140974467797428,285.99101273269736,101905.2324798572
2012-10-16,Swat,0.041527833590954695,0.26017843755246794,285.6282092998446,101987.9012917219
2012-10-17,Swat,0.0,0.25453402393578206,285.7181711390686,101902.2316267522
2012-10-18,Swat,2.658183709415544,0.24653331896925484,286.2366022075219,101834.62095173438
2012-10-19,Swat,6.554789448151825,0.2879426424254813,284.3905976224758,101940.83563652309
2012-10-20,Swat,3.9586133567507846,0.3406457320050741,284.3017683853001,102058.43642584124
2012-10-21,Swat,0.964966254645481,0.3764463636253473,283.18647860895123,102095.57203616173
2012-10-22,Swat,0.0,0.33491675228808937,284.1514081042826,101895.40274602194
2012-10-23,Swat,0.8873552699948739,0.31444248225932386,283.45656857685105,101762.8807984841
2012-10-24,Swat,0.0,0.29968770594104266,282.59485957287205,101622.88606305035
2012-10-25,Swat,0.0,0.2876302201108255,283.14215408262254,101418.68137651143
2012-10-26,Swat,0.0,0.2774262373584833,283.3446821288326,101609.15362745435
2012-10-27,Swat,0.0,0.2682576474507732,284.05916172955335,101701.06745574877
2012-10-28,Swat,0.0,0.2601419821586914,284.5040728285715,101756.79142327156
2012-10-29,Swat,0.0,0.2525311320116732,284.8629399646782,101670.652700496
2012-10-30,Swat,0.0,0.24500333179290798,285.33496963094393,101627.82104850229
2012-10-31,Swat,0.0,0.23829796226582392,285.2640692693081,101700.48274416052
2012-11-01,Swat,0.0,0.2320191134937411,285.09367066311,101588.41469101053
2012-11-02,Swat,0.0,0.22645137396656026,284.449347017657,101494.83737991274
2012-11-03,Swat,0.0,0.22127253845587616,284.5706207994099,101461.44287939275
2012-11-04,Swat,0.0,0.21647055870223345,284.1543656151101,101435.35689459635
2012-11-05,Swat,0.4532697776425299,0.21357061313718592,283.34618063431105,101514.09321102366
2012-11-06,Swat,0.0,0.20965647042657623,282.95877162522055,101613.24569805391
2012-11-07,Swat,0.0,0.2052826843999406,282.6291536970908,101431.35832436301
2012-11-08,Swat,0.0,0.20122618150730087,282.37119181118794,101294.24360512629
2012-11-09,Swat,0.0,0.19751116416620185,282.2256909644926,101406.35007329674
2012-11-10,Swat,0.0,0.19422396715908385,281.9178534615225,101687.39572845507
2012-11-11,Swat,0.0,0.19131384867692097,282.2702594809444,101590.1975812081
2012-11-12,Swat,0.0,0.1888788297714679,282.6124084643946,101738.87239819385
2012-11-13,Swat,0.0,0.18669806107477802,282.4781443858222,101864.96807925147
2012-11-14,Swat,0.0,0.18418462446755873,282.834762806157,101605.48038490638
2012-11-15,Swat,0.0,0.18176251171370203,283.585362393479,101677.09566006504
2012-11-16,Swat,0.0,0.1818319457328084,283.8949604478188,101894.5785109586
2012-11-17,Swat,0.013586039132370121,0.28754597481443495,280.7416370204582,102024.24284762572
2012-11-18,Swat,0.0,0.3241870451016219,281.2819390128826,101772.83867588376
2012-11-19,Swat,0.0,0.30215366048237663,280.75583363232835,101873.69307414252
2012-11-20,Swat,0.0,0.2870416360382702,281.27333448553435,101854.92169846057
2012-11-21,Swat,0.0,0.2758492087122007,282.698464470585,101742.90761350108
2012-11-22,Swat,0.0,0.2669174432643885,282.88938549191204,101500.96549919671
2012-11-23,Swat,0.0,0.2626547628118645,280.61787054522176,101529.02451014121
2012-11-24,Swat,0.002727169144431076,0.28429136951670503,277.5827724008248,101886.1526408065
2012-11-25,Swat,0.0,0.27994047467875566,279.83628866425425,101726.37708559263
2012-11-26,Swat,0.0,0.27175513154342407,279.77413809963394,101746.25203273213
2012-11-27,Swat,5.4358230694742975,0.26438760294847297,281.5730559606253,101612.86045269955
2012-11-28,Swat,8.094086191221885,0.31866434182441167,279.4667848745955,101590.91979851236
2012-11-29,Swat,0.0,0.3498556307778326,277.25841496445,101591.209751044
2012-11-30,Swat,0.0,0.32679674982431534,276.2050162383734,101802.00509814375
2012-12-01,Swat,0.0,0.3133433662032612,275.9797273024534,101730.32282502466
2012-12-02,Swat,0.0,0.3044332994575926,275.75224759320463,101876.55086104678
2012-12-03,Swat,0.0,0.29754733124400096,277.0716369765412,101985.06708066573
2012-12-04,Swat,0.0,0.29114086440888026,279.0253478950763,101888.71470299893
2012-12-05,Swat,0.0,0.2866565834593818,280.8643151569083,101773.0871196563
2012-12-06,Swat,0.0,0.28265143170971585,280.5437114067875,101834.12291187794
2012-12-07,Swat,0.03335319233911667,0.2785848303274556,281.825632876064,101642.36850699276
2012-12-08,Swat,0.0,0.27805935095244333,280.27198504441395,101582.03482479595
2012-12-09,Swat,0.012502807080253633,0.27316187150192744,279.3000092502958,101451.33353347865
2012-12-10,Swat,0.02903574169648846,0.26977000165037335,279.8847470139684,101360.16509669695
2012-12-11,Swat,0.4505820466082039,0.2801193463633427,277.8071014699825,101622.82766164727
2012-12-12,Swat,0.25741996392793404,0.28140304839016567,278.13641172431653,101682.16993382547
2012-12-13,Swat,30.699520163940672,0.35929069694820226,276.06594066847686,101675.33874695475
2012-12-14,Swat,0.10008992859820845,0.3821093229229828,275.9357071993979,102203.88090142314
2012-12-15,Swat,0.23004258680468656,0.38665778017363595,275.34705754504347,102321.32380990195
2012-12-16,Swat,0.0,0.3806054812240151,273.9633007476444,102576.02534377117
2012-12-17,Swat,6.321845524262202,0.372898604562721,275.74301361684894,102262.03312187378
2012-12-18,Swat,0.0,0.3824379354612754,275.2480538213328,102293.49193584282
2012-12-19,Swat,0.0,0.36927725350336904,273.34037125013504,101865.07313839474
2012-12-20,Swat,0.0,0.3608582412140277,274.21647700915355,101659.65865073322
2012-12-21,Swat,0.0,0.3548208821225975,274.77283547441635,101778.78442037404
2012-12-22,Swat,0.0,0.35002329960133066,275.4589716155627,101747.1786947821
2012-12-23,Swat,0.0,0.34647708297443475,277.2527565234326,101762.80096398594
2012-12-24,Swat,0.0,0.34335294366172264,277.1646851594535,101825.2861764099
2012-12-25,Swat,0.0,0.33804849921870345,276.6430425177409,101681.62474100805
2012-12-26,Swat,0.0,0.3332618851613157,277.6266723202507,101536.27000939852
2012-12-27,Swat,9.259820191648474,0.3679697410794836,276.49170249563826,101557.32751849358
2012-12-28,Swat,0.003861116063942537,0.41989937478207207,274.9879784657989,101341.54974945563
2012-12-29,Swat,0.0,0.4052942025240418,275.48305408181756,101650.69332757
2012-12-30,Swat,0.0,0.39014507945229865,275.4539927713824,101615.3056329215
2012-12-31,Swat,0.0,0.38189586754379995,274.9870261376612,101392.6522955684
2013-01-01,Swat,0.0,0.376013644970119,273.2446372525854,101493.95180727764
2013-01-02,Swat,0.0,0.37029669550261773,271.34808717025123,101654.2331791859
2013-01-03,Swat,0.0,0.36588523030977005,271.3259646510709,101775.760045546
2013-01-04,Swat,0.0,0.3617600856927018,271.3258595205879,101763.47296038833
2013-01-05,Swat,0.0,0.3581835886018235,272.25684799467183,101545.66367325337
2013-01-06,Swat,0.0,0.35496862792425354,270.2014299452986,101763.24036469292
2013-01-07,Swat,0.0,0.351521054403246,269.30954583229664,102020.54944822587
2013-01-08,Swat,0.005722103324518901,0.3496030823981956,272.97174866814083,101930.69245347242
2013-01-09,Swat,0.0,0.3496784772239689,275.80419456519957,101931.29083017002
2013-01-10,Swat,0.0,0.3475020437847693,276.2690119040185,101742.96613934156
2013-01-11,Swat,0.007506750930474422,0.35038001107116223,278.53209136139486,101711.1259977763
2013-01-12,Swat,0.0,0.4087126500922971,275.5834357913012,101882.041063111
2013-01-13,Swat,0.0,0.38926616813069104,275.30687772551664,101659.97291789747
2013-01-14,Swat,0.0,0.3804828326164674,276.55752753188455,101590.38282388147
2013-01-15,Swat,0.8609907254685222,0.3753155286745859,276.1626610948831,101707.52441858339
2013-01-16,Swat,0.09656058581488478,0.3857668564066877,275.40025821891874,102014.12926704276
2013-01-17,Swat,2.8056769761591798,0.39265510293316574,274.632083780049,101785.76305430324
2013-01-18,Swat,0.0,0.38474298455128564,274.2553302351752,101495.88193612602
2013-01-19,Swat,0.20700898509007193,0.37772624749699,273.21474294711766,102375.69424112346
2013-01-20,Swat,0.0,0.37069388322106583,274.0312769813255,102220.5139010853
2013-01-21,Swat,0.0,0.3650099287422403,275.25826800007553,102205.56263430137
2013-01-22,Swat,4.868292924542659,0.36114963267745814,276.40488372842736,102176.75948962405
2013-01-23,Swat,0.0,0.36073544974109273,275.2107611917001,102278.4146563601
2013-01-24,Swat,0.0,0.3552676034794175,274.7259098385266,102159.52464722464
2013-01-25,Swat,0.0,0.3507597327601564,273.54534946153353,102079.53680618497
2013-01-26,Swat,0.0,0.3466705410689437,274.63926804246455,102033.53615339394
2013-01-27,Swat,2.3759036310755905,0.34391045604592446,274.92045759416527,101850.46805471803
2013-01-28,Swat,0.25227247142518494,0.34062033345782733,275.1683049537926,101900.00572083706
2013-01-29,Swat,0.0,0.33678704006274873,276.72586071712084,101741.73587052627
2013-01-30,Swat,1.3276811260145702,0.33560380521233757,278.7909104580439,101927.21330484748
2013-01-31,Swat,3.4399198974057605,0.34639360342087805,278.21352172345274,102081.74390939125
2013-02-01,Swat,14.059698571491616,0.3418511595865923,279.868786358646,102002.8328862519
2013-02-02,Swat,0.0,0.36398102520946946,277.9345527919256,102029.11043878882
2013-02-03,Swat,19.46795451851412,0.3996288460065412,276.4506055247623,101673.84934690538
2013-02-04,Swat,19.598514413072547,0.4237955459490493,274.5834247451574,101522.24402497646
2013-02-05,Swat,18.072564516669857,0.4210727295678003,275.69912601963966,101599.39623050472
2013-02-06,Swat,0.0,0.41057112865642886,276.7857735453226,102118.76562525294
2013-02-07,Swat,0.0,0.39997819185074257,277.31930411846974,101997.87903384904
2013-02-08,Swat,0.0,0.39424042818683075,275.477055439143,101851.70993592984
2013-02-09,Swat,0.0,0.39057863554034017,273.8611163403082,101693.75668244551
2013-02-10,Swat,0.0,0.3883600619781262,274.33270686408105,101874.92815251778
2013-02-11,Swat,0.0,0.3873122587398176,276.7156623564029,101870.3888669408
2013-02-12,Swat,0.0,0.38774313508813946,277.46277611078654,101923.45953277245
2013-02-13,Swat,0.0,0.3870140381832528,278.06862357447284,101872.93477097417
2013-02-14,Swat,1.1608732701652327,0.3993681380805529,278.2863793716689,101825.26394231155
2013-02-15,Swat,4.330421219971496,0.41591644215069457,277.2114930372976,101501.27684334425
2013-02-16,Swat,0.0,0.40412402976070866,278.7438844486089,100943.21409320462
2013-02-17,Swat,0.0,0.39770862718032746,278.32932283939357,101400.64098389594
2013-02-18,Swat,0.0,0.392434029212428,278.33696209336546,101628.17230066725
2013-02-19,Swat,2.259250583821268,0.3890286922243861,279.14603589045646,101708.93977528402
2013-02-20,Swat,0.0,0.3835841396691202,279.9090924329124,101876.4295676151
2013-02-21,Swat,17.120236811152687,0.3879321920601198,278.7502144874845,101725.62448833922
2013-02-22,Swat,0.26285073286262317,0.42452091754787874,275.8678812618134,102085.78297239715
2013-02-23,Swat,0.0,0.4146384306780479,277.96395502900685,101951.48197148455
2013-02-24,Swat,0.5844544258927813,0.40239972404544083,279.60305852819073,102149.42295750498
2013-02-25,Swat,1.8945311873870458,0.39786661374008936,281.3333431921977,101954.18143190129
2013-02-26,Swat,21.049191328570643,0.41526807281393047,279.2944700327393,101674.55758269518
2013-02-27,Swat,17.484701615469113,0.42498536291927924,275.19023814690155,101756.6994530819
2013-02-28,Swat,0.0,0.41435964775914896,275.79918317395374,102359.30788544261
2013-03-01,Swat,0.0,0.4032781132013648,280.088908978147,102138.37585917511
2013-03-02,Swat,0.0,0.3972937637140229,283.3744042871276,101977.9603289702
2013-03-03,Swat,0.0,0.3930050434975089,284.7961315295937,101800.96329144263
2013-03-04,Swat,0.0,0.3886726353089677,282.71772422050765,101770.71499284732
2013-03-05,Swat,0.0,0.38245326023887455,281.86744230732387,102010.22546861334
2013-03-06,Swat,0.0,0.37502274120164103,283.29978769139666,101916.03078184178
2013-03-07,Swat,0.0,0.36799346511101255,283.2168401106849,101746.33945766487
2013-03-08,Swat,12.601418789841933,0.3773063382129154,282.79386496966606,101749.30238186521
2013-03-09,Swat,11.19485166239643,0.42577199985208936,279.6390899105882,101455.77310060812
2013-03-10,Swat,0.0,0.4060560818999373,282.55312439553194,101400.89151503159
2013-03-11,Swat,0.0,0.39222068773859675,284.02865889472065,101527.44168560197
2013-03-12,Swat,5.553906428184484,0.3900301296857333,282.9239367086222,101608.2030238312
2013-03-13,Swat,16.731417401942462,0.42300153386076106,280.2879817344175,101636.32038357093
2013-03-14,Swat,6.582906546846339,0.41891521872223897,279.3052024553558,101800.0382341812
2013-03-15,Swat,0.0,0.3993593939202268,281.0010170387898,102089.74890029614
2013-03-16,Swat,7.025513386455451,0.39830706954093703,281.6116263339272,101989.72950575034
2013-03-17,Swat,0.0,0.41253503631914856,281.3868277713365,102049.80537342376
2013-03-18,Swat,0.0,0.3956660624170055,283.56978876326957,101423.1466447906
2013-03-19,Swat,0.00668075677548821,0.3801326150896321,285.8756908171111,101223.93087825555
2013-03-20,Swat,11.021937317953013,0.3965812871520644,282.8834086177157,101674.32213404236
2013-03-21,Swat,0.0,0.39330442443140895,284.1603647587294,101464.91548796695
2013-03-22,Swat,6.477606424466705,0.3784741633815754,285.7555664435706,100943.655125004
2013-03-23,Swat,19.627737279994033,0.40869422609700806,282.70033310043385,101330.89930982696
2013-03-24,Swat,8.463593048431735,0.42227585930333233,280.4286641586668,101706.1040649078
2013-03-25,Swat,0.0,0.3994796227079676,282.43312486651854,101485.69945004697
2013-03-26,Swat,0.0,0.3838455268489125,285.0241161172591,101130.02010373841
2013-03-27,Swat,0.0,0.37310761954734534,285.19771232519764,101247.71830182256
2013-03-28,Swat,0.2493706797827149,0.36685513846481876,284.4814660844399,101390.447228888
2013-03-29,Swat,0.15719576513760675,0.3577067858581038,284.4200037950341,101358.602835708
2013-03-30,Swat,0.006993550809529068,0.34763746527012185,284.63698245480555,101153.2749444078
2013-03-31,Swat,0.6464974652887634,0.33869957373555876,285.5787858595916,101172.07431650424
2013-04-01,Swat,3.9203456490696422,0.3700512110661472,283.99348667732636,101408.01756212767
2013-04-02,Swat,2.065117325597221,0.3859419158433653,284.13853821458093,101569.46528648952
2013-04-03,Swat,2.1880749976277207,0.37417315132845586,283.7327226789683,101545.0425505438
2013-04-04,Swat,0.0,0.3623593065163309,283.25120622353995,101336.95908813612
2013-04-05,Swat,0.0,0.34801285149579864,284.44104250614,101111.39986473732
2013-04-06,Swat,0.08040661676599449,0.3350870911156305,286.3607033301603,101122.68989769823
2013-04-07,Swat,0.0,0.33056200298685695,286.24185186532225,101174.79643061644
2013-04-08,Swat,0.0,0.32277239557517495,287.27511198523456,101224.9247406034
2013-04-09,Swat,0.1517178400120346,0.3338789151300893,286.96560614938056,101394.98287871486
2013-04-10,Swat,0.0,0.33736989609980317,286.66830955847956,101422.63999193677
2013-04-11,Swat,0.0,0.32945039797247583,287.414064464898,101260.27431817354
2013-04-12,Swat,0.9202924767904855,0.31723863326965585,287.99114173398766,101259.0226531896
2013-04-13,Swat,0.003448647649874246,0.305947194837372,288.84195244709133,101271.02527851735
2013-04-14,Swat,0.26811012618458113,0.3003796452896646,287.95325276057815,101238.79027045425
2013-04-15,Swat,7.620764623976826,0.3079168196061119,289.1404278795417,100878.60878164557
2013-04-16,Swat,0.8613215784768902,0.40015947757136233,284.4916276245015,100742.2490917579
2013-04-17,Swat,0.0,0.3597258727604818,286.87170866782077,100758.70621140416
2013-04-18,Swat,0.0,0.33920159237453734,287.31697453627845,100911.51554001823
2013-04-19,Swat,5.872911888481191,0.3269839310217162,288.50612509056293,100952.5866163419
2013-04-20,Swat,6.200555447387593,0.3400954013183801,285.3728152838056,101276.31763304689
2013-04-21,Swat,2.28367464607379,0.34248045119696685,286.22804418428785,101313.54650118151
2013-04-22,Swat,0.36520274281173715,0.3301163262289826,287.1611545729916,101439.28489586701
2013-04-23,Swat,0.17230814178021828,0.35085991922800247,287.32209744292345,101558.11154253929
2013-04-24,Swat,4.262312976349713,0.36602846886385154,288.54565425363035,101622.9684151316
2013-04-25,Swat,3.756406309933531,0.37556036189106007,288.40895117222357,101531.29848257056
2013-04-26,Swat,8.233834333775466,0.3791724177055317,286.96745444944946,101598.31735635053
2013-04-27,Swat,2.261763769018286,0.3907021208603019,286.89521223129924,101483.01533388693
2013-04-28,Swat,0.0,0.3653356765629664,287.7382245985324,101143.58450520411
2013-04-29,Swat,2.6901070091985195,0.3799202629086965,287.13460710069285,101286.22782230315
2013-04-30,Swat,0.7967266593932978,0.3873871610391744,287.0199799401244,101288.44575587181
2013-05-01,Swat,8.829679789850808E-4,0.3718148742505845,287.6036863235945,101062.4458112617
2013-05-02,Swat,0.0,0.3450916810864012,288.5536799327264,100671.54058078921
2013-05-03,Swat,0.0,0.3242170677863053,289.8113693079558,100430.82252151852
2013-05-04,Swat,0.0,0.31680375895459556,288.9968894263125,100718.11865394026
2013-05-05,Swat,3.860323873843334,0.3240719336363845,289.0575408285335,101009.30360145398
2013-05-06,Swat,0.0,0.321702951534209,289.66724932364696,101036.1209297301
2013-05-07,Swat,0.9765059926162596,0.3150523419128921,290.40158498000955,101069.11479840105
2013-05-08,Swat,0.13595091782158356,0.3006731466778906,290.16426359388987,101017.75372806647
2013-05-09,Swat,0.0,0.28024712023836473,291.22206827698994,100819.22688143437
2013-05-10,Swat,1.016494576236097,0.26468703239609087,292.664623744647,100708.13358719928
2013-05-11,Swat,10.061848929718057,0.26886361573605305,290.75506638470455,100617.18133427353
2013-05-12,Swat,0.00358270412473349,0.29675376154236716,288.7305469923153,101034.85409019991
2013-05-13,Swat,8.844369867743418E-5,0.30310504374512853,288.75206771061517,101007.64827815922
2013-05-14,Swat,0.0,0.3068490248051545,289.6469561461689,100819.55534990205
2013-05-15,Swat,0.0,0.28385627072535663,290.97161416240624,100645.49673351554
2013-05-16,Swat,0.0,0.2577721224254462,291.72432612447614,100486.11677321412
2013-05-17,Swat,0.0,0.2356335487445171,293.0604955513351,100602.5058703138
2013-05-18,Swat,0.0,0.21675812363327404,294.6834820413491,100624.41804829388
2013-05-19,Swat,0.0,0.20745119209309726,294.5140654093285,100630.91100897569
2013-05-20,Swat,0.0,0.2011403218176241,295.40940144761674,100688.6292288517
2013-05-21,Swat,0.0,0.188975666899136,295.9105902084202,100720.26670775797
2013-05-22,Swat,0.0,0.1769006792665155,295.8013609000763,100629.85886865052
2013-05-23,Swat,0.0,0.16616488736477525,296.7976850473645,100446.0118663298
2013-05-24,Swat,0.0,0.1625487420517428,297.50686437265193,100292.37725378564
2013-05-25,Swat,4.296615929350251,0.18225757409885435,295.7572227859095,100433.77077676315
2013-05-26,Swat,2.03227931156669,0.29679001610952166,291.0646247036338,100681.0962362208
2013-05-27,Swat,0.0,0.30935405511911757,292.1717294143656,100841.18481498261
2013-05-28,Swat,0.0,0.27747657387110475,290.9730304678417,100896.44414273687
2013-05-29,Swat,0.0,0.24944741973404352,292.1423785823135,100806.27602918912
2013-05-30,Swat,0.0,0.22408395556217356,294.2464435272808,100519.76103295262
2013-05-31,Swat,0.0,0.20236507027044248,295.27008530372837,100311.83422774886
2013-06-01,Swat,0.0,0.1842275150815331,296.37242686420586,100475.80860374038
2013-06-02,Swat,2.565235457966359,0.17853676748835084,296.31047895336553,100575.42862219345
2013-06-03,Swat,0.0,0.18327924731748538,295.8907572270104,100579.45592079703
2013-06-04,Swat,0.0,0.18704078342768252,296.2857964563324,100586.08134469381
2013-06-05,Swat,0.0,0.18424862544421086,296.672869426889,100441.19753644092
2013-06-06,Swat,0.0,0.17219563377089162,297.0814118457613,100247.02239697987
2013-06-07,Swat,0.0,0.15864846658715406,297.1951595224973,100260.3550955639
2013-06-08,Swat,0.0,0.14855507755523445,297.8549605840737,100083.195321858
2013-06-09,Swat,0.0,0.14130509539428643,298.98835913477103,99944.78413103172
2013-06-10,Swat,0.0,0.1363085698055881,299.87911969298824,99984.3693934835
2013-06-11,Swat,2.0397509936203604,0.13439152069323962,300.75175773518646,100140.8706694737
2013-06-12,Swat,0.0,0.15470605853286562,296.02349766857793,100491.90049476546
2013-06-13,Swat,3.3582066053624633,0.20776828934360134,295.9445414477236,100315.42738186529
2013-06-14,Swat,0.0,0.34985658518283885,292.52067744677737,100333.5845340372
2013-06-15,Swat,6.482611984115811,0.38095941131613864,290.5709943294973,100436.52473094185
2013-06-16,Swat,0.07757043656342971,0.3519597155052616,292.3904277763598,100247.02843245157
2013-06-17,Swat,6.598244147709956,0.33182649870638287,292.4674738565832,100021.96983579302
2013-06-18,Swat,0.0,0.313258262314914,293.0076843667696,100203.77695817071
2013-06-19,Swat,0.0,0.2870616818160802,294.6222726413186,100347.04128618799
2013-06-20,Swat,0.0,0.26210800874090057,296.6704764619678,100182.921015066
2013-06-21,Swat,0.0,0.2387945480270111,298.29287217013655,99956.67950691376
2013-06-22,Swat,0.0,0.21880621142716056,299.1415151252768,100005.79907668376
2013-06-23,Swat,0.0,0.203605408978135,299.39992620432815,99902.07918701836
2013-06-24,Swat,0.0,0.1902639001731069,299.8359761395197,99925.43407442777
2013-06-25,Swat,9.606188556939495,0.19231557956702014,298.55273708546974,100245.45315054507
2013-06-26,Swat,14.505949297713572,0.23461819572925852,296.85067313902505,100212.03294659902
2013-06-27,Swat,12.264874235910414,0.3015180968941888,295.27255216440807,100094.95521059274
2013-06-28,Swat,6.4397734000739995,0.34253680032322553,294.81441950880094,100086.93461163354
2013-06-29,Swat,0.6924450467190042,0.35160405178354703,295.03826729735977,100145.14202087512
2013-06-30,Swat,0.0,0.3212471374880891,296.1658357127505,100210.60507128344
2013-07-01,Swat,0.0,0.31911019337163493,295.2200472203113,100091.18417433182
2013-07-02,Swat,0.0,0.2922508524159568,295.62785996884065,100113.85419440366
2013-07-03,Swat,0.0,0.26098222045180497,296.87623733653754,100204.68818086525
2013-07-04,Swat,0.0,0.23462405524784413,298.946923995389,100122.13715263724
2013-07-05,Swat,0.0,0.21765034788484633,299.0769864012901,100101.0870005301
2013-07-06,Swat,24.52519047985442,0.2291486690651776,297.24750897862424,100353.11980852812
2013-07-07,Swat,0.36467966977349475,0.2577637493117036,296.3810031847273,100340.56113953379
2013-07-08,Swat,0.8749497481342452,0.3100953856523805,295.8675299086706,100108.07118786214
2013-07-09,Swat,0.0,0.37010586846944715,293.4463329845602,100033.49731245346
2013-07-10,Swat,0.0,0.3294985542493722,294.1658639331004,100073.29597308097
2013-07-11,Swat,0.0,0.3009620771352816,295.2760486578903,100308.74336232145
2013-07-12,Swat,0.0,0.2768282011999226,296.61895449111825,100491.97825808739
2013-07-13,Swat,0.0,0.25252692753745276,297.9051797382853,100317.94226125196
2013-07-14,Swat,6.789922214626487,0.24659394652382366,297.5946936704255,100144.00175047139
2013-07-15,Swat,0.0,0.25415220016404894,297.28753237817057,100232.74174362219
2013-07-16,Swat,0.0,0.26993776949784165,296.5490785479558,100320.95347529664
2013-07-17,Swat,7.850701600620958,0.30770970927377017,296.3672692449768,100270.61454598511
2013-07-18,Swat,0.0,0.2860734776497472,298.031141458675,99870.24115937298
2013-07-19,Swat,8.949865451577354,0.3068551583428879,296.77596017387003,99774.25738076256
2013-07-20,Swat,29.643634068158924,0.3451624903263683,294.66294236346613,100326.43424287355
2013-07-21,Swat,0.0,0.3554778262024573,296.0821910448639,100031.49375763815
2013-07-22,Swat,0.75916892784682,0.3775345625305125,295.8113293165972,100054.63012419463
2013-07-23,Swat,0.0,0.38026192423756144,295.3432121337366,100287.71172535121
2013-07-24,Swat,0.0,0.36316237918471284,295.45080390040226,100192.60646817021
2013-07-25,Swat,0.0,0.39599307797508165,294.8273298553208,99965.69698532441
2013-07-26,Swat,0.0,0.3642961019058044,296.37343831681704,99993.56773370977
2013-07-27,Swat,0.0,0.38322763929674003,296.97148649957546,100235.63130306294
2013-07-28,Swat,0.0,0.3743972860034123,297.8375992628669,100195.32656194353
2013-07-29,Swat,0.0,0.3803464853979825,298.18210607794157,100109.00403030805
2013-07-30,Swat,24.578048309938204,0.4021570831673927,296.26814662675974,100142.02919425195
2013-07-31,Swat,0.0,0.38226692096134285,297.27616682020397,99956.84736222841
2013-08-01,Swat,43.188736583474196,0.39843097468877736,295.60541814763906,100239.2769202325
2013-08-02,Swat,28.67371846977404,0.41315057419778073,294.61142157717904,100576.75947369004
2013-08-03,Swat,0.0,0.414384720542027,294.21050406018423,100768.96820394187
2013-08-04,Swat,0.0,0.40085034224953225,295.42708044893834,100547.86511328869
2013-08-05,Swat,0.0,0.3873638634631942,296.1395103893783,100357.41677154486
2013-08-06,Swat,3.6473185807758832,0.39463325121434967,295.4633204415592,100480.30669898668
2013-08-07,Swat,7.390845248565576,0.41876443238452704,294.220030067738,100609.55899551614
2013-08-08,Swat,0.0,0.399954266889677,295.88344799134217,100385.33726862709
2013-08-09,Swat,12.800981969745994,0.39182663002974566,295.8351330717053,100343.23099014815
2013-08-10,Swat,2.3552638191624005,0.3926337859189264,295.14543021383,100515.15393677764
2013-08-11,Swat,15.273219007653651,0.40794998165322693,294.76461080524194,100691.00170696879
2013-08-12,Swat,0.0,0.4078722371127487,294.6613082101945,100595.85182933234
2013-08-13,Swat,11.776079261031633,0.4272080503501182,292.7201774640224,100463.14679856702
2013-08-14,Swat,0.0,0.42614184660152427,291.8183713660599,100543.08431323651
2013-08-15,Swat,0.0,0.4056895272910103,293.70470015124573,100609.30920923503
2013-08-16,Swat,0.0,0.3987648891980956,293.66909853006035,100482.60986086269
2013-08-17,Swat,0.0,0.40202778918900545,293.57150294869814,100383.80332020496
2013-08-18,Swat,10.272540156177243,0.39660915032792776,294.10824353235347,100383.75514771635
2013-08-19,Swat,6.697527863593487,0.3975791694449855,293.79733481339167,100515.5827385456
2013-08-20,Swat,5.703212083757988,0.38246752475399826,293.86375495965945,100373.49508800662
2013-08-21,Swat,0.0,0.36721907436210244,294.5864490894257,100397.72413242771
2013-08-22,Swat,0.0,0.36779604961851314,294.57255528697067,100574.04105501751
2013-08-23,Swat,0.0,0.3622522337556798,295.05428398069586,100616.38991125485
2013-08-24,Swat,0.0,0.360240614158088,294.83676097743097,100617.55130037187
2013-08-25,Swat,0.0,0.35143383480632984,294.75053428511916,100425.58705414951
2013-08-26,Swat,0.0,0.3395636940333824,295.7276701033216,100274.4612549168
2013-08-27,Swat,0.0,0.33939130079292495,295.71127984776587,100346.76460319609
2013-08-28,Swat,48.79756027642061,0.37088207102151755,294.4088702698659,100739.80339178184
2013-08-29,Swat,0.0,0.37337727425098827,293.8834417119962,100832.70229819877
2013-08-30,Swat,0.0,0.3675912935702636,294.0425895309023,100710.02441276622
2013-08-31,Swat,0.0014537916375200687,0.35040294324025273,293.99074464500495,100750.10539072355
2013-09-01,Swat,0.0,0.3376386598964546,293.7670055746803,100841.68814672087
2013-09-02,Swat,4.729407801231839,0.3284529348487831,293.59225406854813,100796.61959632667
2013-09-03,Swat,0.0,0.32289781187285255,293.7914090952955,100704.76853233542
2013-09-04,Swat,0.0,0.317827786642564,293.6444338916532,100630.63600715458
2013-09-05,Swat,0.0,0.31622756852129763,293.8125625474995,100526.11580275332
2013-09-06,Swat,0.0,0.3081262690324209,294.53994481973444,100713.0708335188
2013-09-07,Swat,0.0,0.3106590728428792,294.0488036013255,100878.48427762499
2013-09-08,Swat,2.1426784914337746,0.36132222413051907,292.5337589091885,101120.87214046667
2013-09-09,Swat,0.0,0.363690180775776,292.2830212934225,101179.2687895569
2013-09-10,Swat,0.0,0.3450937769531268,293.2351071199248,100929.05723239864
2013-09-11,Swat,0.0,0.3380013754380513,293.42643988798466,101063.84513601118
2013-09-12,Swat,10.605746249188693,0.37973347093251436,292.55208694438414,101327.44946168132
2013-09-13,Swat,1.6728276608850023,0.3843764537978533,291.8309827187058,101311.15765927994
2013-09-14,Swat,3.3972729980827863,0.36897336976778516,291.5061400126162,100959.96306103104
2013-09-15,Swat,7.403177654752067,0.37033462619095053,291.0236054189048,100730.6308480567
2013-09-16,Swat,8.030272684477348,0.36441279452306635,290.24884096935745,100850.31569743677
2013-09-17,Swat,0.0,0.34343764044237707,291.2504016148163,100783.11292779172
2013-09-18,Swat,0.0,0.3273925140300831,291.48482358980374,100803.16404024283
2013-09-19,Swat,0.0,0.31311556539786906,292.7631558386133,100725.27663038413
2013-09-20,Swat,0.0,0.30015004770657516,293.2150542928684,100767.79822964882
2013-09-21,Swat,0.0,0.2927313685276954,292.9447687332788,100904.92809763379
2013-09-22,Swat,0.0,0.2829661770637357,293.76404649430975,100718.60404442111
2013-09-23,Swat,14.985853457312695,0.27641554437710797,293.27775348484397,100686.32053962366
2013-09-24,Swat,0.0,0.26963843252885555,292.9851297737316,100827.7826061664
2013-09-25,Swat,0.0,0.2595445652138344,293.9696192068285,100959.95555734847
2013-09-26,Swat,0.0,0.24982910996440902,294.4269505580374,101062.86762201952
2013-09-27,Swat,0.0,0.25834055564487046,293.78624065287613,100920.07586261492
2013-09-28,Swat,3.83272898030067,0.30903275520568124,291.9332611230491,100985.6937679068
2013-09-29,Swat,0.0,0.2996604027209294,292.43593761092916,100840.05416142268
2013-09-30,Swat,3.90729789722463,0.2947158377943988,291.8480534493884,101003.79972618683
2013-10-01,Swat,0.17187242885526482,0.2905480373310565,291.6633387777438,101331.85800694619
2013-10-02,Swat,8.266527757944438E-4,0.27724415131588354,292.58134696239847,101431.49494384121
2013-10-03,Swat,0.0,0.26369844302219075,292.61331201994415,101215.82941945347
2013-10-04,Swat,0.0,0.2545050448003195,293.1132680171785,101055.24664094612
2013-10-05,Swat,0.0,0.24511846783403843,294.12811273525443,100803.75233623813
2013-10-06,Swat,0.0,0.2374929334675144,294.2301338807357,101027.24955182255
2013-10-07,Swat,0.0,0.23154889408422655,294.2940377023379,101271.90814185461
2013-10-08,Swat,0.0,0.22884425997357136,294.41318613851973,101412.51245766079
2013-10-09,Swat,0.0,0.22954190253480738,294.0940361685917,101469.71983705768
2013-10-10,Swat,0.04186867367025289,0.23054055892718878,292.89152806294027,101548.17665420938
2013-10-11,Swat,0.0,0.23207563409551396,292.491137547791,101418.24383528518
2013-10-12,Swat,0.6930686124242006,0.2803811550588055,290.05207282897044,101393.11588975847
2013-10-13,Swat,0.5960302020235363,0.27307970447394747,289.88255313374486,101399.85436816092
2013-10-14,Swat,0.0,0.25999239258874873,289.7995149148345,101172.64730769851
2013-10-15,Swat,0.0,0.24769273656852314,290.09244956909714,101261.25967931542
2013-10-16,Swat,0.0,0.24088868130852026,289.2163067719432,101352.39427921355
2013-10-17,Swat,0.0,0.25701307481401425,287.1617985832975,101642.85414913067
2013-10-18,Swat,0.0,0.25096007275509574,288.1502515896645,101565.7131465185
2013-10-19,Swat,0.0,0.23773361352275055,288.19145893071095,101509.93723316754
2013-10-20,Swat,0.0,0.2266212081032351,287.6644622581015,101391.12946938023
2013-10-21,Swat,0.0,0.21697894978379428,287.9778130097103,101230.2670423734
2013-10-22,Swat,0.0,0.20912443501018393,287.7208321921968,101508.29763806493
2013-10-23,Swat,0.10880673126564759,0.20899266699682972,287.12262407990085,101785.47146056234
2013-10-24,Swat,0.0,0.2074944506044831,287.43463308379717,101722.81182874567
2013-10-25,Swat,0.0,0.20084370209026406,287.3939180419735,101452.4927479746
2013-10-26,Swat,18.005072965136904,0.20787289947216986,286.4942764903536,101541.6556404585
2013-10-27,Swat,0.6774268713475674,0.23893387796439702,284.3060885385364,101577.33942807301
2013-10-28,Swat,0.0,0.2294110130993325,284.8444034155865,101372.25390662935
2013-10-29,Swat,0.10567649317959392,0.22362489692187143,286.22189324315866,101536.40999501236
2013-10-30,Swat,1.2382860116950272,0.3123103070393139,282.6940844983082,101907.25527847683
2013-10-31,Swat,0.0,0.3325728188663038,282.35377059149096,101859.24960847714
2013-11-01,Swat,0.0,0.31382654976677293,282.0777178257624,101868.09263714416
2013-11-02,Swat,0.0,0.2967948554403923,281.9696618301947,101871.8985654784
2013-11-03,Swat,0.0,0.2804702692841693,282.8588149108723,101911.5253073504
2013-11-04,Swat,0.6783053435706267,0.2694091365870648,283.90440680739397,102059.33576197222
2013-11-05,Swat,29.333123059729527,0.310684744400715,282.592001928964,102128.71048249364
2013-11-06,Swat,16.186345004461135,0.3967079892793948,282.0957460983977,102041.75443624744
2013-11-07,Swat,5.143926008278145,0.4104094190753036,279.3612414915607,101976.3641961944
2013-11-08,Swat,0.5106819837252121,0.3812257866406258,280.03103996297494,101910.26103295258
2013-11-09,Swat,0.0,0.3665644983774107,279.9648765987063,102042.47084570961
2013-11-10,Swat,0.0,0.35379045937152276,280.07568201045757,101977.12111840986
2013-11-11,Swat,0.0,0.3430368538581653,279.9460572750073,101557.88112829407
2013-11-12,Swat,2.005537450925263,0.33554202248788795,279.9142167050211,101622.5840587971
2013-11-13,Swat,0.0,0.3686278421816781,278.19158559881515,101986.9615260489
2013-11-14,Swat,0.0,0.3535005833391571,279.29107182743235,101943.75135414307
2013-11-15,Swat,0.0,0.3408246987823122,279.8406102869603,101988.80288998513
2013-11-16,Swat,0.0,0.3320888987669874,280.3309984891637,102053.16296709584
2013-11-17,Swat,0.0,0.3244496706676552,279.8814211011824,102045.20792596064
2013-11-18,Swat,0.0,0.3173890122938462,281.273655098681,101957.91685247983
2013-11-19,Swat,0.0,0.3108586156732443,281.2602507268416,101675.131015238
2013-11-20,Swat,0.0,0.3049867579309381,281.0195722556592,101391.13016238582
2013-11-21,Swat,0.0,0.2997275814799149,280.9495496651183,101590.80148070502
2013-11-22,Swat,0.0,0.2947762415313302,282.4603679925217,101857.13660126775
2013-11-23,Swat,4.025618216767507,0.2910145106458607,284.20683708885775,101665.28358092679
2013-11-24,Swat,0.0,0.28704797626873135,283.9037916164596,101736.21148355801
2013-11-25,Swat,0.0,0.28264572335139615,282.59452603624266,101615.8411628634
2013-11-26,Swat,0.0,0.2781826283652913,281.58092204749505,101532.8253114984
2013-11-27,Swat,0.0,0.2743834119774088,281.25011555253434,101701.6409752966
2013-11-28,Swat,0.0,0.2705662989262108,280.7086816888964,102092.36641103016
2013-11-29,Swat,0.0,0.2665263092223131,281.09771890232804,102012.87363321078
2013-11-30,Swat,0.0,0.2628209626803164,281.13031543966457,101694.97746897151
2013-12-01,Swat,0.720137025875489,0.2592651694619074,281.59516048508584,101670.06866850854
2013-12-02,Swat,1.2414548014744664,0.25793610346537643,281.0334613994598,101789.46721299444
2013-12-03,Swat,0.0,0.2559249548233999,279.9237054082837,101981.5875475998
2013-12-04,Swat,0.0,0.252774257553499,280.13119538214426,102012.14151022614
2013-12-05,Swat,1.0992988349743875,0.24951547855287154,282.1539774586825,101718.77672801196
2013-12-06,Swat,2.029521515491445,0.2461550326647189,282.3049978331372,101521.3416934932
2013-12-07,Swat,2.2009338141606856,0.26080749550661453,280.4911230782298,101684.44055023634
2013-12-08,Swat,1.087278829889378,0.27443748219388053,280.3999223563687,101654.7560961729
2013-12-09,Swat,0.0,0.27303239462455836,279.6879953799574,101531.23564593177
2013-12-10,Swat,2.098354015887089,0.26840769824065525,280.1760670365957,101603.90544039743
2013-12-11,Swat,1.9494052923772691,0.2940321604122649,277.8691576204854,101844.58792293577
2013-12-12,Swat,0.0,0.2918667659742847,278.2749981614719,101649.8578658159
2013-12-13,Swat,0.0,0.2830585895015404,279.9799505804707,101506.97035832934
2013-12-14,Swat,0.6255398968925648,0.2760247530802323,282.08404704834305,101420.16173814899
2013-12-15,Swat,0.0,0.27023185313301734,280.36257396475577,101610.22285896674
2013-12-16,Swat,0.0,0.2692799467577712,281.0731632961252,101630.0514088753
2013-12-17,Swat,0.0,0.2735794980889743,280.5784387769112,101479.7202452734
2013-12-18,Swat,0.0,0.2729576748948577,279.17161372250627,101379.44540683979
2013-12-19,Swat,0.0,0.2792455785455916,276.0827481427301,101625.40186534842
2013-12-20,Swat,0.0,0.27420701659189994,275.92185318553993,101767.47093119717
2013-12-21,Swat,2.266189638973767,0.28244970129555796,275.49614029276887,101958.8703667264
2013-12-22,Swat,0.0,0.29586162427381274,274.48443295077857,102356.24267690355
2013-12-23,Swat,0.0,0.2916848837016516,274.55518381215364,102250.58828309634
2013-12-24,Swat,0.0,0.28671017516634045,273.8426293077503,102364.9802837377
2013-12-25,Swat,0.0,0.28234029436023433,273.9211161075004,102172.32606039963
2013-12-26,Swat,0.0,0.2786552215919987,274.0645278393575,101987.29354882601
2013-12-27,Swat,4.470014522059749,0.2764610142042843,274.65917413071355,101982.16598951077
2013-12-28,Swat,0.0,0.28883789449292413,273.5736084327696,102225.69626272688
2013-12-29,Swat,0.0021980023692064745,0.2879809018626926,273.66075643817504,101963.04690787972
2013-12-30,Swat,0.0,0.28716719386345174,274.0530225911714,101817.84535807646
2013-12-31,Swat,0.021350772854979945,0.3075567104882119,272.4926789691797,102287.21712902443
2014-01-01,Swat,0.0,0.30249959336488813,272.5281218967235,102503.68367177632
2014-01-02,Swat,0.0,0.2961512477343345,274.7189103650285,102239.89580509037
2014-01-03,Swat,0.04010262962929646,0.2915987234409829,278.29882485500656,101743.94708143472
2014-01-04,Swat,3.6568287226353266E-4,0.2881562308726276,276.24855158753974,101680.67804173807
2014-01-05,Swat,0.0,0.2916633734764346,274.3889797575054,101608.56028061161
2014-01-06,Swat,0.0,0.2918934528417064,273.63274740689855,101989.1256484913
2014-01-07,Swat,0.8130337219370418,0.28707417734031987,275.5563830328196,101970.79275718097
2014-01-08,Swat,15.207344432258267,0.30188349314289725,273.67857399097136,102169.21463976847
2014-01-09,Swat,0.2191458521195245,0.32327572756304357,272.81239977053457,101941.69203539276
2014-01-10,Swat,0.8462708951848865,0.33472465797039075,273.0972223423158,101982.81274305772
2014-01-11,Swat,0.0,0.3304438192468469,274.2209023120765,102159.36682303973
2014-01-12,Swat,2.8038167691677667,0.3279694703091296,277.2815497138814,102136.45808049578
2014-01-13,Swat,0.0,0.3277274499826682,278.45495390180605,102013.55990628732
2014-01-14,Swat,0.0,0.3246003945364942,277.13014098299567,101856.59456036125
2014-01-15,Swat,0.0,0.3180506322357818,276.79709075170217,102033.19473179166
2014-01-16,Swat,0.15488522785024608,0.3122423386202527,276.7917426753135,101986.88381710518
2014-01-17,Swat,0.0,0.30687542250446914,276.4307165089576,101894.43284396337
2014-01-18,Swat,0.0,0.3013499824319492,277.48606991010683,102105.89867069374
2014-01-19,Swat,0.0,0.29632050411111527,276.32059713797076,102516.89971374314
2014-01-20,Swat,0.25027656817606786,0.2920439480147777,277.6753708086711,102085.85748516866
2014-01-21,Swat,0.630098495429677,0.2908958389282387,277.5235307748169,102200.37893242727
2014-01-22,Swat,2.681665544206701,0.290615096750823,276.8446116209461,102003.54532560131
2014-01-23,Swat,0.0,0.2901409269208956,276.2863276022622,102370.73900043298
2014-01-24,Swat,7.66401964106299E-4,0.28582922297531443,278.3401896573392,101987.70536841583
2014-01-25,Swat,0.0,0.2827735496920384,278.4812261813448,102083.69013569746
2014-01-26,Swat,0.0,0.27809955738080827,278.84779265550867,102045.18632239621
2014-01-27,Swat,0.0,0.2726103380578615,278.7666775599292,102180.88196774125
2014-01-28,Swat,0.0,0.26748990096122965,279.6863761377692,101803.26111211715
2014-01-29,Swat,0.0,0.26267987410520777,279.7552557573971,101878.582123187
2014-01-30,Swat,0.0,0.2597300974388031,278.91101769298695,102106.73417013338
2014-01-31,Swat,0.1115616435713494,0.2632205291764183,279.63804811889344,102055.03331662357
2014-02-01,Swat,11.987798258078016,0.2838392727287576,279.32774482896724,102124.1314323059
2014-02-02,Swat,20.936800016543792,0.3579802437326305,278.33080695972063,101948.35095928161
2014-02-03,Swat,16.16087545152657,0.41581294053074275,275.4681212649286,101715.12726896099
2014-02-04,Swat,5.7350136400515614,0.4089155022704114,275.76955870526547,101542.02104308963
2014-02-05,Swat,0.11181898271282238,0.40700661167527313,274.8358311777509,101546.56653131971
2014-02-06,Swat,14.297827151105023,0.40740867418879934,274.13661093039144,101342.5447805549
2014-02-07,Swat,0.0,0.4034832019915608,274.4739553523433,101301.2727573934
2014-02-08,Swat,0.0,0.3938033976356188,274.53692565649226,101340.9548026299
2014-02-09,Swat,0.0,0.38615194407929304,274.2058125215911,101286.89927062427
2014-02-10,Swat,0.0,0.38096890738764044,273.5073009739483,101259.89237268931
2014-02-11,Swat,0.0,0.3768320062726596,272.48215029292055,101646.18428966412
2014-02-12,Swat,0.0,0.37233273180554527,273.9851062946978,101615.33755569327
2014-02-13,Swat,0.0,0.3683664420552891,276.5728873579999,101393.46623266976
2014-02-14,Swat,0.0,0.3657284379037591,275.2002766705819,101258.81297675747
2014-02-15,Swat,0.7065016317739585,0.3626816021033374,273.689171797797,101307.88658229868
2014-02-16,Swat,0.0,0.35814841858487784,273.25298402702185,101858.8842738818
2014-02-17,Swat,0.0,0.35294379088042127,275.97494665008765,101937.58016354922
2014-02-18,Swat,5.282053770523909,0.34848679540863964,278.38690498901826,101719.32463948525
2014-02-19,Swat,2.5296010584215134,0.3532036727353159,276.4239258027303,101935.89941175454
2014-02-20,Swat,0.04648607681574756,0.36738618063641393,276.604831613266,101816.32219676704
2014-02-21,Swat,8.85984365060718,0.37734685789129224,276.4830377282899,101873.52024562744
2014-02-22,Swat,0.0,0.376498906349219,277.5773928004809,102045.70965771588
2014-02-23,Swat,0.0,0.36785740683422374,278.19242372891233,102182.98581968893
2014-02-24,Swat,0.0,0.358482796804657,278.86302870627196,102027.23875838681
2014-02-25,Swat,0.0,0.3497709328857061,279.27908690167914,101850.20212697067
2014-02-26,Swat,0.7973347385463238,0.34958532660373354,278.3165712833778,101796.03175382002
2014-02-27,Swat,0.0,0.3906437776699687,276.5377591048409,101790.66692582719
2014-02-28,Swat,0.0,0.3757727764997039,277.7375186494428,101489.10354211844
2014-03-01,Swat,0.0,0.36951634481151907,277.1414353052875,101713.3742424993
2014-03-02,Swat,8.385777771787456,0.3651872671916197,278.22240308483543,101901.92588886806
2014-03-03,Swat,14.712862534167792,0.37371694268900046,277.56907014038796,102081.72881400946
2014-03-04,Swat,0.0,0.3941644783657672,277.3104437042897,102101.94475000197
2014-03-05,Swat,0.0,0.3824599972856158,277.4410224035125,101924.22424472499
2014-03-06,Swat,0.0,0.3693169447847935,278.9622139701276,101933.50797386402
2014-03-07,Swat,0.19199195486725287,0.3596798539893661,279.6518843611906,101976.8604261427
2014-03-08,Swat,3.8751882894152834,0.35360682366862134,281.4165679263274,101954.54209831975
2014-03-09,Swat,14.791553747673639,0.40260621324987694,278.94937406532046,101695.33032668375
2014-03-10,Swat,11.400418769398996,0.4260068057131858,277.2844323282964,101542.83727317974
2014-03-11,Swat,5.295976515026843,0.42100320934782337,276.26108979146073,101769.25345592282
2014-03-12,Swat,0.0,0.40921714671814546,278.4847439753754,102116.22786833488
2014-03-13,Swat,0.0,0.3995256411909243,280.45123174395394,101931.76193208949
2014-03-14,Swat,18.060728318385046,0.4015491261078248,281.57898484195204,101866.43380228392
2014-03-15,Swat,13.00809858201054,0.42446703990431695,281.7680903466278,102165.42640204636
2014-03-16,Swat,10.664005827512415,0.4203680266036439,283.7296397144445,102060.86478423748
2014-03-17,Swat,13.76110982683408,0.4276044664802097,281.0925812472868,101586.48732684972
2014-03-18,Swat,0.24284249181178413,0.41934551624035954,279.83953978271893,101882.62176158983
2014-03-19,Swat,0.0,0.39588748005616503,281.5267245368931,101644.46483881789
2014-03-20,Swat,0.5417367976999815,0.38285641909656726,283.8556390901036,101309.56576167882
2014-03-21,Swat,1.421637816814911,0.39747790976806774,281.03718451970326,101396.04979447572
2014-03-22,Swat,0.0,0.38925074756062505,282.99719685735397,101205.14352095402
2014-03-23,Swat,12.350619325594899,0.40060255222793356,281.6643877868889,101531.25291188802
2014-03-24,Swat,3.422557495747885,0.4227695916880894,280.61414977749195,101583.05846716267
2014-03-25,Swat,2.7350974927588703,0.4185783232435603,280.2564406192166,101751.82505984126
2014-03-26,Swat,0.0,0.40190721994075784,281.722640881216,101605.97676888411
2014-03-27,Swat,0.9102549049281481,0.39295898442522154,283.4904978674117,101590.6795488989
2014-03-28,Swat,2.4895992681498402,0.4206884959177643,280.036493112647,101803.44379775152
2014-03-29,Swat,0.0120719778961885,0.41443750303522536,281.30698581597443,101783.32587956061
2014-03-30,Swat,0.0,0.3947375835571137,282.9916479328134,101480.0015407992
2014-03-31,Swat,0.0,0.37730116583135537,284.04411454360104,101215.7506512735
2014-04-01,Swat,2.7534374861924227,0.3630731354316327,285.00002406525346,100967.05780577223
2014-04-02,Swat,12.168228220640925,0.3672926760533384,281.613574739162,101240.4585650939
2014-04-03,Swat,0.009688064770999719,0.3596370265440808,285.56527466126505,101512.42530790687
2014-04-04,Swat,0.0,0.36023819571732996,284.6739531021215,101561.37040415873
2014-04-05,Swat,2.566828203022222,0.38836927106330105,284.27413518070097,101556.80960050486
2014-04-06,Swat,5.4586809004123795,0.42739061947161766,283.46980771829357,101435.0427210131
2014-04-07,Swat,0.14200383953287254,0.4109415593817707,284.14386741826854,101578.69572122148
2014-04-08,Swat,2.0656977736238646,0.3971359661663422,283.3560670313206,101559.79620374562
2014-04-09,Swat,0.0,0.37979381199474394,284.5162782602066,101546.1653311554
2014-04-10,Swat,0.0,0.36325094158454124,285.9961726400977,101522.02417501979
2014-04-11,Swat,0.35204091250072483,0.34979110413641595,286.86853176466315,101343.77311957734
2014-04-12,Swat,3.4123720461917215,0.35356104306137176,285.52452922859203,101336.8794177841
2014-04-13,Swat,0.02904085491014562,0.37410260423134567,284.63206743815016,101590.10910487946
2014-04-14,Swat,0.0,0.3564254596655906,285.1897125739778,101802.62907558109
2014-04-15,Swat,0.8988219565272948,0.3483537813933987,286.0325872031487,101617.01125425915
2014-04-16,Swat,2.769856216750119,0.3789374266607605,285.0784829187758,101344.61550759371
2014-04-17,Swat,4.978830953203014,0.40061662001241694,284.5706547145333,101303.83603032227
2014-04-18,Swat,3.702781793375676,0.41245120076505287,282.81992359787694,101601.73126810916
2014-04-19,Swat,0.018647979692764566,0.40523035949998804,282.8129995928088,101681.69178752952
2014-04-20,Swat,0.006983496286108844,0.3829996700003437,285.19056108796553,101710.1941864923
2014-04-21,Swat,0.0,0.3701657817794097,286.49705952779937,101657.4369944094
2014-04-22,Swat,0.0,0.3558981039190969,288.3853512653991,101712.02313525844
2014-04-23,Swat,1.2915765507678387,0.34816757746852284,287.54678186372587,101430.58220007512
2014-04-24,Swat,3.0900651724310966,0.337867842488629,289.62137073352693,101273.61866582753
2014-04-25,Swat,1.8919569278813853,0.3480406527791072,288.63851376022967,101361.85112393367
2014-04-26,Swat,0.0,0.3553459741082632,288.0371309982865,101305.41285151063
2014-04-27,Swat,0.0,0.3331339674535135,289.63256209976737,101421.92087874115
2014-04-28,Swat,0.0,0.3123523487558417,290.77377066193975,101191.23718420182
2014-04-29,Swat,0.0,0.29453675980815786,291.7621029448924,101041.85921363591
2014-04-30,Swat,0.4359239930645612,0.28472613665699625,291.86903801959727,101139.79163420826
2014-05-01,Swat,0.01888435557443621,0.27680794051683877,292.6709486856503,100938.4121552171
2014-05-02,Swat,2.6554948196826684,0.27003825616618854,292.33080177289,100813.58757415661
2014-05-03,Swat,8.134940591093564,0.2678356972149498,291.2368017001093,101094.56488505215
2014-05-04,Swat,2.2300608704546967,0.28976326316448087,291.4119362598581,100970.75136754788
2014-05-05,Swat,0.7492203207978336,0.3589882203986069,290.0609138937928,101205.45968174344
2014-05-06,Swat,0.061145921582297875,0.3305933325780064,290.82979235756704,101233.253167592
2014-05-07,Swat,0.8473849646799447,0.3344784465279628,290.96318873547943,101080.1214489786
2014-05-08,Swat,0.0,0.33843312466281034,290.09671132074953,101000.07000646456
2014-05-09,Swat,0.0,0.3256451241209807,291.150158862248,100647.97954115942
2014-05-10,Swat,5.450672431694359,0.3328632428546338,290.46317620401726,100718.17432480004
2014-05-11,Swat,0.48737691153388235,0.39034504443640206,288.22289898356223,101031.37939628586
2014-05-12,Swat,2.524813046934396,0.4171636708766832,286.23851433470435,100969.56071690166
2014-05-13,Swat,2.3133766052965203,0.4009308450943725,285.77549070217293,101333.53726650271
2014-05-14,Swat,0.04223631972720743,0.39164501088794534,285.963408116242,101233.52983161475
2014-05-15,Swat,0.0,0.37084952187741144,288.39590182430874,100996.20338120966
2014-05-16,Swat,0.0,0.3495937844775487,291.47266019760025,100896.42995812622
2014-05-17,Swat,3.9469696144329163,0.34862761171414136,289.51539514084993,101396.46746085776
2014-05-18,Swat,3.1749774525112975,0.36238713050249555,290.1377657848195,101340.76334162241
2014-05-19,Swat,0.3042824976210139,0.38052233484464476,290.2893092560024,101303.56264770625
2014-05-20,Swat,3.2345191205731507,0.37067248315512796,290.09669810167725,101156.06612512744
2014-05-21,Swat,0.6290529209395255,0.3522084978660136,290.3038742153895,100958.54456405387
2014-05-22,Swat,0.4768987849599323,0.34102380533912074,289.826978874192,100657.61373208296
2014-05-23,Swat,0.0,0.3215045068592998,291.3638876583664,100772.84065120268
2014-05-24,Swat,0.0,0.3005787366563486,291.7126031277042,101063.71285237058
2014-05-25,Swat,4.148650935979869,0.2834671201060351,291.86627592918956,101185.02507238623
2014-05-26,Swat,0.0661097202633232,0.2684234147711601,292.05735370700535,101328.20556063644
2014-05-27,Swat,0.003886131497924372,0.25631173950875025,292.3796194389335,101073.41320408342
2014-05-28,Swat,0.0,0.2428355436135604,293.7503502977996,100766.62084651888
2014-05-29,Swat,5.06840427612501,0.23149480894520708,295.1494090751166,100672.78551324901
2014-05-30,Swat,0.10194524814768476,0.2298869068025918,292.88859703368723,100818.9072619399
2014-05-31,Swat,4.320683048899056,0.24047215228002677,292.4984521738333,100820.3323394351
2014-06-01,Swat,3.96737755635869,0.30556715337361046,290.6246531042733,101038.45589474605
2014-06-02,Swat,6.69001293501149,0.2928350140010101,293.13166950990313,101086.3810941496
2014-06-03,Swat,0.0,0.27051097729457013,294.57965869447247,100685.09306660535
2014-06-04,Swat,0.0,0.2460657678348259,295.31445359778735,100607.88300421472
2014-06-05,Swat,0.1572394676996406,0.235020634270412,295.6810783966379,100471.12582376615
2014-06-06,Swat,0.0,0.2210538675741145,296.5675294824992,100303.8763470612
2014-06-07,Swat,0.0,0.20377508337150618,296.1215911371945,100185.22053284536
2014-06-08,Swat,1.1420335469401357,0.18891343306091352,296.34566407884586,100129.59643704061
2014-06-09,Swat,0.0,0.17672274976073724,296.3935353326874,100153.07275875917
2014-06-10,Swat,0.0,0.16575112462677938,296.63222754198324,100204.47314679173
2014-06-11,Swat,1.981957151549489,0.15754411716262132,296.68587460262074,100231.84084468777
2014-06-12,Swat,0.0,0.1511688607440943,296.5083987969914,100221.43747167275
2014-06-13,Swat,0.0,0.14496062989462188,297.38810170769796,99979.60392150117
2014-06-14,Swat,0.0,0.13969616135232873,298.78295125760286,99953.22972123974
2014-06-15,Swat,0.0286697492250917,0.13560759634638525,299.7533361577636,100074.99832059958
2014-06-16,Swat,0.0,0.1513021581025029,298.98459003795125,100152.32437189406
2014-06-17,Swat,0.33833484478460535,0.20863209803803928,297.0701542730946,100138.04220125891
2014-06-18,Swat,0.09980231678463866,0.23338647074853075,296.71507030894026,100070.71622280582
2014-06-19,Swat,0.0,0.22002006648166153,296.64747809281096,100002.78873800133
2014-06-20,Swat,0.0,0.20533674185506046,297.1794816814043,99806.63520817483
2014-06-21,Swat,0.0,0.19686786736371378,297.01227202149875,100016.1711238223
2014-06-22,Swat,0.2953455392962934,0.19091604330906412,296.5391679689053,100201.06174730478
2014-06-23,Swat,0.0,0.1789442920661143,297.31944599462577,100069.08572706908
2014-06-24,Swat,0.0,0.17370223490627662,296.8217217731068,99935.76476405431
2014-06-25,Swat,0.11297227029659314,0.16982628465636576,297.8835062892505,100137.19203185191
2014-06-26,Swat,1.222064406971596,0.1703216364154533,297.01322497582794,100590.98037605411
2014-06-27,Swat,0.0,0.16945378648917903,298.17479902545267,100658.99896377961
2014-06-28,Swat,0.0,0.16258737609636703,299.953628431835,100321.86509406658
2014-06-29,Swat,0.0,0.16683510113008415,299.29042984651045,100166.26994060376
2014-06-30,Swat,0.027451525038917037,0.17636643094945556,298.6070257008004,100115.78125708178
2014-07-01,Swat,0.8289477781863672,0.23436661280760504,295.3278728262686,100461.25884416772
2014-07-02,Swat,47.39797675026447,0.3451906914722161,294.1662350599367,100553.38371644229
2014-07-03,Swat,3.0513203116981322,0.3740467417036499,293.808931199486,100300.05550924265
2014-07-04,Swat,0.0,0.34865109523536186,294.45554897132115,100265.84035376667
2014-07-05,Swat,0.0,0.31650073088820724,296.2512122401876,100500.18552518693
2014-07-06,Swat,1.1753394404667596,0.28774224407000054,295.96836470413206,100548.05061950647
2014-07-07,Swat,0.0,0.2637442249673237,296.5046962462554,100351.14823490962
2014-07-08,Swat,0.0,0.2382373507246927,297.6831956214817,100154.17562937041
2014-07-09,Swat,0.0038794382565798522,0.22088613202109844,297.92622465239685,100175.33605131482
2014-07-10,Swat,0.0,0.20766930909104137,298.36685958032064,100251.28975120591
2014-07-11,Swat,0.0,0.19343626796726476,299.40957679597466,100111.03473096201
2014-07-12,Swat,0.006762601615364595,0.19416592875922167,298.6522925815502,100124.08560718417
2014-07-13,Swat,0.0,0.2006146247586559,298.5439832152161,100246.37203474529
2014-07-14,Swat,0.0,0.2015892490357858,298.30557315631313,100153.85418909231
2014-07-15,Swat,3.281372514284031,0.20854991499662154,297.96795690763497,100032.8212634857
2014-07-16,Swat,0.03364596082376226,0.2739201152922992,295.8644969675735,100229.057253897
2014-07-17,Swat,0.9599266057185967,0.3525662641438714,293.7365648686722,100213.12763873267
2014-07-18,Swat,0.0,0.3340261671909418,295.6514852622744,99990.6303019987
2014-07-19,Swat,0.0,0.29590508622583994,296.02174253884726,99984.15365274648
2014-07-20,Swat,0.0,0.2672435299195776,296.9450836765368,100118.77308998545
2014-07-21,Swat,0.0,0.24268661691349336,298.45198811974967,100056.45843458631
2014-07-22,Swat,0.0,0.22094149430381885,299.6819327359361,100120.40622116692
2014-07-23,Swat,0.1974945390068927,0.214171214039223,299.37296313188295,100116.80325722745
2014-07-24,Swat,0.0,0.262829630334283,296.02328815705357,100294.07697749395
2014-07-25,Swat,0.685496537751542,0.3774533858245687,294.7255064704854,100622.143811814
2014-07-26,Swat,0.0,0.3663776239670148,295.0981829485985,100770.4928868286
2014-07-27,Swat,0.0,0.3881136812831293,295.28430136169584,100621.03429113106
2014-07-28,Swat,5.765116029861825,0.38747003490194354,295.5922248249234,100286.79157047202
2014-07-29,Swat,0.0,0.40064400159134345,294.9508631688933,100429.57555278578
2014-07-30,Swat,0.0,0.40490323705530196,294.9433127563833,100543.99591076106
2014-07-31,Swat,0.08687851316217439,0.3872116452401037,295.63705021741697,100485.70344899275
2014-08-01,Swat,4.1738358106782645,0.38368989393517505,295.05636421668,100413.5250369771
2014-08-02,Swat,0.17722385850249545,0.36874729561440617,295.71877042705364,100209.74446733663
2014-08-03,Swat,0.0,0.34975395184935415,296.0139018170364,99979.3680701969
2014-08-04,Swat,0.0,0.3285688096486642,296.4165983229813,99969.29474944559
2014-08-05,Swat,0.2608355609498978,0.31386964248350435,296.648398514298,100214.47978876987
2014-08-06,Swat,0.0,0.3019150407884933,297.08842302518525,100155.62678233956
2014-08-07,Swat,7.437658696018855,0.35679434089529327,295.91851355172787,100195.6422915014
2014-08-08,Swat,2.208686093899055,0.38787831931527006,294.89369208386603,100355.73041424532
2014-08-09,Swat,6.2514200063918635,0.3736376653249704,295.1804370268814,100610.68920494546
2014-08-10,Swat,0.0,0.3468677393097272,296.0431778357892,100537.84729444537
2014-08-11,Swat,0.0,0.3370169385873206,296.3531840864895,100415.87563559233
2014-08-12,Swat,0.08704131171881557,0.3468687216044617,296.2413366950193,100323.766714081
2014-08-13,Swat,0.3102385205307729,0.34849486434939636,296.4208402039747,100202.44029352069
2014-08-14,Swat,0.0,0.3357688447034544,296.78220128224206,100002.94573083252
2014-08-15,Swat,21.866200267610566,0.38174483320363045,293.9239029703669,100179.67147386601
2014-08-16,Swat,35.13139188983154,0.41166740249195294,290.8514585284533,100762.99005157575
2014-08-17,Swat,0.0,0.3768475039459872,292.65261069651837,100846.93168482301
2014-08-18,Swat,0.0,0.3514561071518033,294.0005810099839,101026.41344435918
2014-08-19,Swat,0.0,0.329935913281886,295.3939693414741,100895.66584332201
2014-08-20,Swat,0.0,0.3118733412210866,295.98091646204927,100668.4212265086
2014-08-21,Swat,9.204251642538075,0.30484974222346745,295.8278943955873,100516.32354281662
2014-08-22,Swat,33.64479448106126,0.34189463123312963,293.5295747592518,100753.56417004226
2014-08-23,Swat,1.415323259499425,0.3650885272847058,293.53463252633946,100902.23086014634
2014-08-24,Swat,3.452974386177232,0.3490811550012728,294.33964173389603,100836.44236115605
2014-08-25,Swat,6.1670388305687736,0.35052862215419267,294.1801878817279,100817.31839838809
2014-08-26,Swat,2.4048186063712436,0.3577355924683281,293.5603256053305,100775.1524748899
2014-08-27,Swat,4.4040887341062,0.3489516652802204,293.45552964085806,100692.82793606739
2014-08-28,Swat,0.0,0.3268340622251713,293.3576051098934,100908.22744039145
2014-08-29,Swat,3.1411744518052154,0.3079366312954541,293.73385336607305,100878.57547210368
2014-08-30,Swat,1.0596089153925181,0.30156596149187403,293.65090330194,100774.7596434006
2014-08-31,Swat,0.0,0.30646471254931107,294.41135191411803,100615.48285291687
2014-09-01,Swat,3.4742462448482687,0.33321072385373557,293.8226791339307,100803.42892595254
2014-09-02,Swat,0.0,0.3245457016484042,293.3487000345239,100935.53901140981
2014-09-03,Swat,0.0,0.3449785073294627,293.23467743834783,100806.46679137392
2014-09-04,Swat,0.1898321423087069,0.3879377087511745,292.8603028849217,100482.25619380081
2014-09-05,Swat,0.0,0.4030310734648982,292.89920268843525,100384.09213661213
2014-09-06,Swat,0.0,0.3947750683391278,292.92072435657076,100614.75479134955
2014-09-07,Swat,0.0,0.38220748628438894,293.1292149538213,100958.09085859855
2014-09-08,Swat,0.0,0.3639630436831668,293.795527975612,100896.1666076516
2014-09-09,Swat,0.0,0.34867914659999316,293.272920652053,100750.89499725835
2014-09-10,Swat,0.0,0.3364164461567711,293.47813843341345,100767.03998364093
2014-09-11,Swat,0.0,0.32760031390764105,293.35396029198495,100910.93305161226
2014-09-12,Swat,0.0,0.33611582152626085,292.01369490244684,100952.58146027902
2014-09-13,Swat,0.0,0.32830735555410817,292.64282620935614,100801.1904690484
2014-09-14,Swat,0.0,0.32667331095978913,291.3575691475613,100930.16753562145
2014-09-15,Swat,0.0,0.314478698748252,292.5177635466744,100853.18747394903
2014-09-16,Swat,0.0,0.29788711601613865,293.40513831967274,100656.52645106257
2014-09-17,Swat,0.0,0.2829067422427029,294.36921210526066,100594.7453449751
2014-09-18,Swat,0.0,0.2714408428605399,294.958462833016,100795.88211468888
2014-09-19,Swat,0.013410525322114814,0.2721571357663896,293.9754948661151,100812.87523192918
2014-09-20,Swat,0.2618539478529605,0.27891442952404133,292.7729098317235,100768.48369464047
2014-09-21,Swat,0.0,0.2699790930796096,293.47488850488344,100858.08371204145
2014-09-22,Swat,0.0,0.2551580314821885,294.11655765380584,100856.26671989821
2014-09-23,Swat,0.0,0.24280786374833588,294.4692015169286,100770.53291093708
2014-09-24,Swat,34.06813505069546,0.27852483320422977,292.26809203927644,100993.54514248593
2014-09-25,Swat,0.22410860175571432,0.35223031384909353,291.25630130062007,101280.19387312216
2014-09-26,Swat,0.0,0.3145527040481011,292.66041373891613,101202.88474836308
2014-09-27,Swat,8.074764502438661,0.29337333732632204,292.7005753117687,101311.33841588015
2014-09-28,Swat,0.0,0.27745793768747407,292.6006975960521,101338.18286394422
2014-09-29,Swat,0.0,0.26344260820348897,292.6775925953977,101268.15741394581
2014-09-30,Swat,0.2454611701598545,0.25222519406900085,292.9894279912341,101334.59791030985
2014-10-01,Swat,0.0,0.24536699251840577,293.0232242499134,101450.64138781195
2014-10-02,Swat,0.0,0.24142849518026102,292.9653154490878,101384.15025499568
2014-10-03,Swat,0.0,0.2346476843102192,293.85658553003043,101209.8377246451
2014-10-04,Swat,4.513266504939722,0.2506056339172899,292.1341658992799,101375.70964608146
2014-10-05,Swat,10.788532147723522,0.2696661856895201,292.408756029857,101600.75514341677
2014-10-06,Swat,0.17212894626733383,0.2740047549144482,291.9675997627317,101583.93595995934
2014-10-07,Swat,8.561553817162903,0.3181640538510969,289.89538260600267,101408.89978759621
2014-10-08,Swat,0.0,0.3841001819012581,287.6519092825454,101710.3638802951
2014-10-09,Swat,0.032828601760713574,0.35219257058796477,287.94807042975424,101604.21437875333
2014-10-10,Swat,0.0,0.33487915563842185,288.33046223395917,101388.11530955593
2014-10-11,Swat,0.0,0.32019757524156667,288.10235107793426,101361.51761903496
2014-10-12,Swat,15.092462813326652,0.30817135725402445,288.9098606458498,101479.21135127991
2014-10-13,Swat,14.163703165496129,0.33739633739354136,285.4876313551259,101846.9796580093
2014-10-14,Swat,1.801387431610822,0.4004930717707597,283.5328083182615,101624.60557687403
2014-10-15,Swat,0.0,0.3700548260276805,285.27683903190285,101858.4429962425
2014-10-16,Swat,0.0,0.3499737912386674,286.2996640323786,101734.95717908264
2014-10-17,Swat,0.0,0.3366856687034235,286.3415376318919,101721.53203152814
2014-10-18,Swat,0.0,0.32483810059994667,287.2665279381058,101617.38720954464
2014-10-19,Swat,0.12900489052531663,0.32973651300816603,286.6930045787826,101742.9404685426
2014-10-20,Swat,0.0,0.33832736973810534,287.0677409257011,101758.56781034506
2014-10-21,Swat,0.0,0.32141397202794597,287.7337095180614,101804.35512439699
2014-10-22,Swat,0.0,0.30840801244077026,287.6066002737959,101846.16162610472
2014-10-23,Swat,0.0,0.3000909979284469,288.35847581523365,101654.38962342979
2014-10-24,Swat,0.0,0.30503154138265387,286.51343710497343,101717.56943865526
2014-10-25,Swat,0.0,0.2956186962241919,287.2733113217876,101630.06741022288
2014-10-26,Swat,0.0,0.28738047910500525,286.88263641819367,101935.90813047315
2014-10-27,Swat,5.340493050169289,0.28466320648122584,287.06468996454714,101741.08557101635
2014-10-28,Swat,4.41859606439334,0.33063876988431967,284.83187057089805,101700.2396494302
2014-10-29,Swat,0.13760474073276713,0.34885348849881265,283.8519268687747,101824.73833550162
2014-10-30,Swat,0.0,0.34716071311898544,283.61729122414073,101765.30143214412
2014-10-31,Swat,0.0,0.32689831342722553,284.8793023713632,101800.87691234134
2014-11-01,Swat,0.0,0.31233582865127096,285.09744542881043,101747.18601433755
2014-11-02,Swat,5.863097094131804,0.3068245571984938,285.238457684431,101816.67986656855
2014-11-03,Swat,2.0034947987299607,0.3241951558255126,284.3714850857124,101842.43573991748
2014-11-04,Swat,0.0,0.3391055619289421,283.3165746889505,101720.3953101225
2014-11-05,Swat,0.0,0.3246799279302825,285.0959277606199,101717.17415508954
2014-11-06,Swat,0.2426702645872466,0.3664001650624324,284.3159093350577,101569.69596832606
2014-11-07,Swat,0.2151495656652553,0.41262423229949213,282.92966186207434,101729.95494502482
2014-11-08,Swat,0.0,0.3916028697152075,281.7241506896086,102113.45544328076
2014-11-09,Swat,0.0,0.37236804670499546,281.93108564090676,102155.13545654395
2014-11-10,Swat,0.0,0.3595296026198553,281.65279410029405,101824.28306926605
2014-11-11,Swat,0.0,0.3495315002525711,280.82183220731093,101767.82109706319
2014-11-12,Swat,0.0,0.3409723784513516,280.83112050075323,101933.23422881121
2014-11-13,Swat,0.0,0.33376058693981453,280.6190818832024,101912.953144222
2014-11-14,Swat,0.0,0.32703572712419826,280.7142383116398,101856.80267727787
2014-11-15,Swat,0.0,0.32072956556098947,280.73001246588314,101656.33424469466
2014-11-16,Swat,0.0,0.3148357770246061,281.2564206656497,101769.72099366876
2014-11-17,Swat,0.0,0.3091110410332889,282.3446762703225,101834.55657227276
2014-11-18,Swat,0.0,0.3038075990767549,282.3043347383942,101900.51043378095
2014-11-19,Swat,0.0,0.29874241223052717,281.52172366999554,101849.12252364309
2014-11-20,Swat,0.04985493293619442,0.2940119144459002,281.3226758979199,101670.03992445726
2014-11-21,Swat,0.032719704366084554,0.28966100894604757,280.9347057359611,101616.0896660724
2014-11-22,Swat,0.5697459824678249,0.28578204172741517,279.9715499969108,101595.57855876067
2014-11-23,Swat,0.06942523332762728,0.28198222016331614,280.2107697760555,101804.18379393751
2014-11-24,Swat,2.6290155480959174,0.2791040030014286,280.89902179817244,101747.61691864411
2014-11-25,Swat,0.04190043628287185,0.2757279862268406,281.0020196520034,101684.72295659453
2014-11-26,Swat,0.22499428814954647,0.27195941556575065,282.6025694256657,101234.11907075525
2014-11-27,Swat,0.12973272066796487,0.2992841442568839,280.57316156389544,101510.59417718483
2014-11-28,Swat,0.0,0.31256440759035703,280.08626155089024,101699.15946438251
2014-11-29,Swat,0.0,0.3149221698094469,280.8884469355572,101706.62574966002
2014-11-30,Swat,0.0,0.307419538680597,280.82394845152703,101872.86780791698
2014-12-01,Swat,0.0,0.30099984079399017,280.99316100273955,101863.44509346972
2014-12-02,Swat,0.0,0.2932191857790742,281.2074548834166,101683.5703901469
2014-12-03,Swat,0.0,0.2866733494257959,280.2245174034461,101701.7357797274
2014-12-04,Swat,0.0010209569787773807,0.2813056280687379,280.837029463586,101800.5772020885
2014-12-05,Swat,0.0,0.27657393452489965,280.17623758106623,102059.75166270751
2014-12-06,Swat,0.0,0.2720037645963645,279.7592365674863,101959.63782970872
2014-12-07,Swat,0.0,0.26814467970732897,278.8988910936533,101704.1065655452
2014-12-08,Swat,0.0,0.2659427351328298,278.421786275078,101694.11252210534
2014-12-09,Swat,0.0,0.26414183644497,277.91807150236366,101899.70595443559
2014-12-10,Swat,0.0,0.26128689335347716,276.20510283402245,101946.64621760583
2014-12-11,Swat,0.0,0.2584834426237205,277.506375343813,101942.29741473495
2014-12-12,Swat,0.0,0.25701161011961343,278.80892603134464,101899.0162218953
2014-12-13,Swat,0.02003207181332013,0.2562657764965068,278.8325165019111,101837.70393890214
2014-12-14,Swat,0.0,0.25487764011843966,276.7720611560778,101838.91959263406
2014-12-15,Swat,0.0,0.25311920632998725,275.78523816184173,102006.08440884088
2014-12-16,Swat,0.0,0.25143496666821946,275.7539085263369,102125.13965833305
2014-12-17,Swat,0.0,0.2498963812431914,276.7464376089567,101995.14699104053
2014-12-18,Swat,0.011890181170921143,0.24830085516210051,278.0773887212943,102037.024384186
2014-12-19,Swat,0.0,0.2467077996786455,277.32442347169535,102264.61157971894
2014-12-20,Swat,0.05305342175018951,0.24563290429709367,278.05978122447993,101872.60879757963
2014-12-21,Swat,4.3744853414186755,0.24514817280223714,278.3133568285231,101720.25879813604
2014-12-22,Swat,2.8157023625968307,0.2488101711123143,278.354804676503,101707.95462153797
2014-12-23,Swat,0.007900552199840804,0.2555448509730959,277.3818257366725,101880.27325387872
2014-12-24,Swat,0.08246167515993631,0.2554040901177247,277.07158921170833,102086.38686455927
2014-12-25,Swat,0.0,0.25729731862392946,276.0901185970711,101992.75943448713
2014-12-26,Swat,0.0,0.2566999072570184,276.611216089514,101862.08252356212
2014-12-27,Swat,0.029807843936296614,0.25347349131117747,277.0662534695157,101756.82167043681
2014-12-28,Swat,0.0,0.2510578916835104,275.86220640615795,101923.91288287287
2014-12-29,Swat,0.038622813946632126,0.24875483083263408,275.8375468625556,101726.87044437336
2014-12-30,Swat,0.012102375072506534,0.24646749089640416,276.14604407709015,101581.18741906501
2014-12-31,Swat,0.0750742679338641,0.244471188501931,277.1843747635608,101932.09286502676
2015-01-01,Swat,0.0,0.242155770999134,277.5523677714864,102112.15427999239
2015-01-02,Swat,0.0,0.23995937516314741,278.16198197250066,101821.70191072258
2015-01-03,Swat,0.0,0.2380360757261174,276.976754151952,101829.5951337348
2015-01-04,Swat,0.0,0.23783927670980554,278.3598862165476,102153.63103547177
2015-01-05,Swat,0.0,0.2401375877239335,279.03941658291967,101787.76621354885
2015-01-06,Swat,0.0,0.2403179187925527,278.5134900155949,101504.12074357977
2015-01-07,Swat,0.0,0.23777543076299026,278.25108302004014,101638.3388827737
2015-01-08,Swat,0.0,0.23511752697170726,277.9106594797734,101791.9385139633
2015-01-09,Swat,0.0,0.2328145812817362,277.4165643427548,101945.53272175169
2015-01-10,Swat,1.5820251830618548,0.23030995663466844,279.61534367375197,101856.34994127152
2015-01-11,Swat,0.0,0.22768145993694264,279.86746079111236,101824.081573588
2015-01-12,Swat,8.017038075766225,0.22886198429689442,280.2596569928433,101772.9412928146
2015-01-13,Swat,1.7631856766263898,0.32233503870385805,277.950116476164,101844.7552000712
2015-01-14,Swat,0.0,0.34262237150344615,278.03249991089433,101983.04198501079
2015-01-15,Swat,0.0,0.32088418127152085,276.3455426179705,102130.4459905831
2015-01-16,Swat,0.0,0.3078963006085754,276.3659357215228,102050.58671472849
2015-01-17,Swat,0.0,0.2985401842883255,276.36635321600903,101973.98267359538
2015-01-18,Swat,0.0,0.2918168637592679,276.97136258543287,101839.40973500883
2015-01-19,Swat,0.0,0.2865822209651902,279.01739362825555,101881.115732947
2015-01-20,Swat,2.2223371038617796,0.2831524565069955,280.4208516553735,101884.29986504094
2015-01-21,Swat,7.856309945541118,0.34795767832807317,277.0996730358453,102346.50462138624
2015-01-22,Swat,8.304311859452934,0.3974746663059408,274.9830347828054,102292.55149183367
2015-01-23,Swat,0.38025947371075325,0.39442837026951866,273.93033069347683,102313.15874355544
2015-01-24,Swat,8.02584354495943,0.3872542248475943,274.4789867058831,102244.45802662353
2015-01-25,Swat,0.0,0.3922915491148605,273.5898959928938,102112.52041913175
2015-01-26,Swat,0.0,0.39432371345910344,272.70090920231956,102254.91473173087
2015-01-27,Swat,0.0,0.3927357759156362,271.40531109719484,102338.86940967043
2015-01-28,Swat,2.700802381529025,0.3815934533395803,273.5285222339842,101876.06132998387
2015-01-29,Swat,0.0,0.3782321486124767,273.49142046015993,102138.64449697902
2015-01-30,Swat,0.0,0.37279442585016204,274.3252135733147,102149.14337324779
2015-01-31,Swat,0.010030676576124772,0.3679076709158847,277.63309644758175,101798.64071074041
2015-02-01,Swat,0.0,0.3796189083906335,275.52021782319997,102009.87084044883
2015-02-02,Swat,6.113084988208279,0.3956567382326749,275.34004003082316,102219.43323396867
2015-02-03,Swat,0.0,0.3953542864647996,275.2645172689201,102359.68145845814
2015-02-04,Swat,0.0,0.38110347353312307,276.2673752694667,102476.49785598225
2015-02-05,Swat,0.0,0.37085077160478946,277.9155176377129,101892.44300180681
2015-02-06,Swat,5.73887011939167E-4,0.36342821721513874,277.975878708877,101865.12970687376
2015-02-07,Swat,7.81619004918586,0.36183579996391735,276.456811112757,102032.77189063051
2015-02-08,Swat,0.0,0.36502138489557223,276.44996273520303,102139.17932986857
2015-02-09,Swat,0.0,0.3559049267756353,277.1155444390372,102260.84892427313
2015-02-10,Swat,0.0,0.3476002159144584,279.4142220458324,102039.62724366882
2015-02-11,Swat,0.0,0.34004949182148114,279.1973127954419,101753.04065944791
2015-02-12,Swat,1.2953038566715869,0.33330036362036647,279.54515135585774,101664.89741974279
2015-02-13,Swat,1.22148965929398,0.32758092385746657,280.33978674409633,101343.37493272281
2015-02-14,Swat,0.0,0.3209707209559833,280.873983634289,101259.78957213722
2015-02-15,Swat,5.891407291077736,0.32629147617624493,282.04310954479627,101481.12739921566
2015-02-16,Swat,15.741369815576508,0.4126546086382734,278.39561571880296,101830.52598290441
2015-02-17,Swat,1.6337916594555968,0.39558050356589736,281.0164033819439,101633.14014773662
2015-02-18,Swat,4.683369631410517,0.4087126522123283,279.6239870930679,101490.2941393983
2015-02-19,Swat,2.4172824469260696,0.4192490266125241,278.4204392386701,101695.11972329344
2015-02-20,Swat,3.9068015495166772,0.4182669517026969,280.123271536657,101917.05777263945
2015-02-21,Swat,5.8022486942252565,0.41067599425902,281.5494865294517,102027.02795215324
2015-02-22,Swat,4.990235105029055,0.39272710527716015,285.04874304859004,101720.20369078587
2015-02-23,Swat,20.67567144463263,0.3839461462970626,284.98281564168826,101690.13058021256
2015-02-24,Swat,19.577125160640612,0.42565332257710475,280.72215490427516,101258.54526439423
2015-02-25,Swat,15.364463913733614,0.42528257915748696,278.28560669133174,100953.45337640414
2015-02-26,Swat,9.352547271280465E-5,0.4116164234041215,276.86740279286965,101337.35771810958
2015-02-27,Swat,0.0,0.3955616676465342,276.8655066954882,101601.37655698623
2015-02-28,Swat,0.0,0.38491839344316453,278.5887340040057,101746.90224877777
2015-03-01,Swat,22.41722493096202,0.4065925660263496,277.6572621915138,101364.63718576991
2015-03-02,Swat,8.534478088863812,0.4274891734538743,277.405353005946,101346.73009303462
2015-03-03,Swat,0.0,0.41891903317251106,276.0609180935537,101677.20392726775
2015-03-04,Swat,0.5502650937981877,0.4090434227980601,276.66704853335335,101630.81914147224
2015-03-05,Swat,14.344773799789776,0.4195410313206387,275.15841262479233,102074.94645823548
2015-03-06,Swat,0.0,0.4112827540362477,277.6922547911988,102034.8434037501
2015-03-07,Swat,28.82564779297237,0.41802101458815916,276.1619461920797,101613.94182951446
2015-03-08,Swat,13.975830226151526,0.4205061886921295,276.83466018797264,101760.0023779702
2015-03-09,Swat,0.0,0.4090704256324267,277.55280288869903,102465.5839728037
2015-03-10,Swat,2.7356247064761554,0.40036865015867734,280.08981917980867,102198.2944838777
2015-03-11,Swat,4.592449355099952,0.3925383932321592,281.56484704488633,102079.07692589794
2015-03-12,Swat,0.0,0.38366996986360946,282.35831966494993,101977.7102265369
2015-03-13,Swat,0.0,0.3739488034565993,282.37918776316883,101656.3812327507
2015-03-14,Swat,0.0,0.3639640175183601,283.06664229169513,101738.2395674835
2015-03-15,Swat,3.0269256514024665,0.3952009737705792,280.0163776942285,101649.45654171998
2015-03-16,Swat,1.400442035568162,0.4219076468713586,279.8661171347949,102016.25226516719
2015-03-17,Swat,0.05662156417596843,0.4075232362778578,280.35637670047646,101954.2172944353
2015-03-18,Swat,0.0,0.3895730511955162,281.7222287473412,101532.92742739113
2015-03-19,Swat,0.0,0.3757947429843993,283.2352115683755,101734.98816857327
2015-03-20,Swat,0.1439371272487875,0.3638153028008064,284.305621038262,101780.27804295204
2015-03-21,Swat,9.208682008774341E-5,0.35343395455325316,284.4690584429546,101915.03817929716
2015-03-22,Swat,0.0,0.3427661518386438,285.48300234725747,101614.70603435888
2015-03-23,Swat,0.0,0.3319965666021997,286.7329825696121,101351.85017446536
2015-03-24,Swat,16.423797952070977,0.3498801385621673,285.3680010398785,101588.14559187731
2015-03-25,Swat,0.0,0.3584646077623143,286.8019081561629,101827.49142392918
2015-03-26,Swat,0.8915800181638963,0.33986465064427496,286.419606493534,101834.82813562274
2015-03-27,Swat,1.2651743984642296,0.3284583796646132,288.09158505159155,101767.01610631002
2015-03-28,Swat,19.934988749865095,0.3863251775929925,285.7264875111906,101446.80752275277
2015-03-29,Swat,9.714403733179344,0.41930392022432167,283.39544805360225,101240.55807538684
2015-03-30,Swat,0.013427433536431601,0.4020258376902134,284.3712078077481,101406.42815504708
2015-03-31,Swat,8.833244424172081,0.4214968334051732,283.7247262707901,101520.43901601287
2015-04-01,Swat,9.181258270000987,0.42771680093129816,282.469529966718,101154.37881077202
2015-04-02,Swat,2.373773571371186,0.4210398019672938,284.43583042765886,100917.54073785362
2015-04-03,Swat,0.0030040982789260626,0.4108381277434233,283.66753003367467,100757.35149421108
2015-04-04,Swat,0.0,0.3986149848550122,284.42794064668453,100735.61280917154
2015-04-05,Swat,0.04293708181623586,0.38583714372796485,284.6300085892648,101120.03212131537
2015-04-06,Swat,4.878197721403951,0.3733290106964083,285.6494802807406,101110.91668226344
2015-04-07,Swat,1.4206607790832129,0.37737063362687756,285.0179691773284,101389.36500048563
2015-04-08,Swat,0.0,0.38014289621065817,285.07911647827603,101700.55408655785
2015-04-09,Swat,0.0,0.36178002464565023,286.12057173706074,101422.31748837563
2015-04-10,Swat,0.07589530893495797,0.3441491146619303,287.6983421356392,101269.73929078715
2015-04-11,Swat,0.008994786755326781,0.33251977552696577,287.6223967459138,101341.27151327122
2015-04-12,Swat,0.0,0.31995954228168916,287.97319404377,101616.415413608
2015-04-13,Swat,0.0,0.3078678743277892,288.69806802347796,101583.81881242106
2015-04-14,Swat,0.0,0.3003104916292159,289.29464438919007,101645.43874083406
2015-04-15,Swat,0.9498675430271387,0.33049394793468584,288.4643227916216,101773.91160840011
2015-04-16,Swat,0.0,0.38392484601665966,286.82821452689046,101883.72395310625
2015-04-17,Swat,0.0,0.35389197334924233,288.12596841935823,101187.137725252
2015-04-18,Swat,8.598351231775718,0.33516968513431217,289.03088578318807,100842.76445169594
2015-04-19,Swat,22.792596975524926,0.37147246090763,287.77096491118186,101133.24237845578
2015-04-20,Swat,0.0,0.4109806294735399,286.9896026617377,101320.68111448447
2015-04-21,Swat,0.0,0.3798534106962286,288.4845846282704,101215.11120842966
2015-04-22,Swat,0.0,0.3584651753748756,289.104901049529,100881.57438175802
2015-04-23,Swat,0.0,0.3406645552454172,289.98015339772013,100948.52304825342
2015-04-24,Swat,0.0,0.3245507626151335,290.22734860566953,100954.57747195594
2015-04-25,Swat,0.0,0.3091184785135606,290.56313939853885,101016.49137182726
2015-04-26,Swat,15.49662570341441,0.30802063062708723,291.18231684532736,101287.41591236966
2015-04-27,Swat,6.1926517531571434,0.3527653121013781,287.49125036015465,101422.47926724514
2015-04-28,Swat,0.0,0.3278053033857079,289.4815736147977,101099.47082749927
2015-04-29,Swat,15.62850076857634,0.3079656127979415,290.52652156508765,101049.15219667593
2015-04-30,Swat,9.55926054491692,0.3553607460929346,285.6392397652033,101376.28045253761
2015-05-01,Swat,0.3673676895166732,0.3370873101952663,287.38651634352203,101283.80927828267
2015-05-02,Swat,0.0,0.3140014653912533,288.8703127763903,101201.3551084629
2015-05-03,Swat,0.0,0.2924820977982572,289.7660844277933,101285.71855474437
2015-05-04,Swat,0.7031181371587509,0.2737369788052322,291.2430005577463,101273.66705886392
2015-05-05,Swat,2.4672840352103016,0.25734400176746713,292.12050273556935,101029.53874837115
2015-05-06,Swat,0.0,0.2420835743738555,293.18041224999723,100831.47119575331
2015-05-07,Swat,4.006690542793382,0.22993860283137924,294.2037339585374,100995.75325839083
2015-05-08,Swat,1.3524088810776804,0.22906232092448348,293.8287807463241,100962.35432086457
2015-05-09,Swat,0.0,0.22823839320278383,293.4071084778043,100978.53571356303
2015-05-10,Swat,0.012260932940733446,0.22765251144930668,293.6795700223331,100869.751916641
2015-05-11,Swat,14.783055431139095,0.31918646253522626,290.28138925435707,101184.10351809091
2015-05-12,Swat,0.23442708538636708,0.39139476366812925,289.0520693935326,101232.53372812728
2015-05-13,Swat,0.0,0.3853839709934301,289.7280705438268,101192.8330134715
2015-05-14,Swat,0.0,0.3672099263873348,290.83337271035606,101346.49391647306
2015-05-15,Swat,0.0,0.3405514585917414,292.29820451830386,101106.53928658862
2015-05-16,Swat,0.44101435747825507,0.31758847262824913,294.16470734456897,100802.18884427911
2015-05-17,Swat,1.852411541742267,0.3497324085269553,292.3803469749602,100818.85106652035
2015-05-18,Swat,1.621227193860523,0.3546172397698369,292.03123697197725,100975.09011804359
2015-05-19,Swat,2.3071599568756893,0.3346050068190469,292.0173900532247,100870.25542567729
2015-05-20,Swat,0.0,0.32009512577445687,291.89210454507366,100891.34201647424
2015-05-21,Swat,0.0,0.29736088287749657,292.89744229754956,100712.69666790767
2015-05-22,Swat,0.007469649448257072,0.2790967257378656,293.04495976837165,100515.14787626656
2015-05-23,Swat,1.8143110965655083,0.2788398078097528,292.4429414402468,100415.16147738676
2015-05-24,Swat,0.0,0.2825871978384004,291.21934010047096,100637.97887976909
2015-05-25,Swat,0.0,0.2816346955286254,291.2092050982361,100512.2869766543
2015-05-26,Swat,0.0,0.26483528385600535,291.3279128798489,100777.42086179538
2015-05-27,Swat,0.0,0.24267545904645924,292.5179265073416,100892.41072494448
2015-05-28,Swat,1.1343898072270981,0.230870678992741,293.8149512440582,100746.99259369232
2015-05-29,Swat,0.24202335910870587,0.23303364305192512,292.33718724756983,100969.16855691947
2015-05-30,Swat,0.0934216314762422,0.23511224401921194,292.7749069997703,100943.08209536555
2015-05-31,Swat,0.0,0.2370080027926617,292.3426864945772,100700.28217594643
2015-06-01,Swat,0.2703178722778386,0.2398103092820185,292.176394806123,100630.90073150018
2015-06-02,Swat,0.5556435716700594,0.23084781614660455,293.00001177858326,100934.97188724134
2015-06-03,Swat,13.453258675135567,0.23463973532616614,291.4842631546377,101184.36783599127
2015-06-04,Swat,0.3235902083325683,0.24606178586094257,292.1745332748174,101227.74562192443
2015-06-05,Swat,0.044967061422260875,0.2652366304577167,291.4145512772135,101126.66026285652
2015-06-06,Swat,0.0,0.2519894662825953,293.521532438901,100743.88743312735
2015-06-07,Swat,0.0,0.23204475131632732,294.837604737631,100628.22597091598
2015-06-08,Swat,0.0,0.21253202207147612,295.68172525342493,100628.22919946218
2015-06-09,Swat,0.0,0.19735234377562155,295.43592959435074,100562.32190034278
2015-06-10,Swat,0.0324182818655236,0.18611152165888034,295.6374315003753,100631.53657982
2015-06-11,Swat,0.0,0.17583472494059307,295.42503207024765,100672.74600611252
2015-06-12,Swat,0.0,0.16617662961937335,295.8725271185763,100359.33078396633
2015-06-13,Swat,0.0,0.15756281381859186,296.48520756684775,100229.67486124711
2015-06-14,Swat,0.0,0.1556290692360043,295.81164095688825,100311.88872125793
2015-06-15,Swat,1.2515619090485726,0.1639841067506299,293.84484476462063,100524.38156053734
2015-06-16,Swat,0.0,0.16266229469732124,294.6800849252646,100538.64002936921
2015-06-17,Swat,0.0,0.155908368269237,296.1414065029174,100350.9495555153
2015-06-18,Swat,0.0,0.14986364231720709,297.3438772625977,100281.3943631835
2015-06-19,Swat,0.0,0.14443787640602232,298.57999762637485,100156.38557794642
2015-06-20,Swat,3.514665030642723,0.14918314508443073,297.4722557940581,100279.38540494791
2015-06-21,Swat,0.0,0.17785518224745134,295.35256404154865,100352.66788819434
2015-06-22,Swat,0.0,0.18562830895008886,296.08927849851483,100169.3787660048
2015-06-23,Swat,0.3116550982768369,0.19871088413038152,295.255979275471,100080.11022178203
2015-06-24,Swat,0.0,0.23503510603399969,292.5395924341772,100209.8017799115
2015-06-25,Swat,0.0,0.23077239538647182,292.57020424072175,99983.29026767206
2015-06-26,Swat,0.0,0.20986674011962217,294.0050678141198,100015.58366803308
2015-06-27,Swat,0.0,0.19398825464513458,294.98351878169547,100284.76950962518
2015-06-28,Swat,0.0,0.17804692494875268,297.0315399168273,100523.37167357307
2015-06-29,Swat,0.0,0.1783521646808395,297.01490592157916,100692.06394519482
2015-06-30,Swat,2.3441704428011856,0.18650490264561606,295.3775855220027,100692.71579865602
2015-07-01,Swat,0.0,0.20341065360992222,295.7500747641472,100650.1409102957
2015-07-02,Swat,0.0,0.20475908827107314,296.48555017712715,100634.46147698212
2015-07-03,Swat,0.0,0.18962024675259526,298.1834271079099,100374.45607786144
2015-07-04,Swat,0.0,0.1754776763240898,300.38093884522493,100094.86044991745
2015-07-05,Swat,2.5192389967079625,0.17360283258230969,300.2485687804969,99851.97750286305
2015-07-06,Swat,0.5520419022886365,0.2148096906734498,297.21244492560106,100000.51227631589
2015-07-07,Swat,0.1582119448124993,0.25705453430417485,295.8865689485296,100223.08343433334
2015-07-08,Swat,0.37184699938849824,0.2646490159391274,296.3163335063444,100363.7571571797
2015-07-09,Swat,49.025101447260525,0.2843965727599551,295.7673090601588,100243.62631873394
2015-07-10,Swat,0.0,0.3295040975951851,294.2089862523799,100186.26842636117
2015-07-11,Swat,0.5907791711894375,0.33528725618537397,293.9456234285984,100618.78597356653
2015-07-12,Swat,0.0,0.3504220799158528,295.415272866677,100598.80120400868
2015-07-13,Swat,0.0,0.35155617475383544,296.2692239603008,100492.58491139629
2015-07-14,Swat,0.0,0.32000826335130045,297.28771608299064,100195.70122758097
2015-07-15,Swat,0.021227234900875688,0.3039765017376901,298.29661233374173,99774.87717158608
2015-07-16,Swat,52.38023481844787,0.3353975376437602,297.03007905221074,99737.75112347833
2015-07-17,Swat,0.0,0.3898385717564507,294.12064307167736,100216.90426203492
2015-07-18,Swat,0.0031705435075148254,0.39076375936089724,294.7979156267071,100223.09697804027
2015-07-19,Swat,0.010719215122361087,0.40541497762112094,294.9786054908485,100248.90022186282
2015-07-20,Swat,14.13053096616992,0.403313376849581,295.23367618434116,100303.55106717795
2015-07-21,Swat,0.0,0.38854142136467623,295.62652771086,100568.86176308717
2015-07-22,Swat,0.0,0.37552932758111635,296.33671727610056,100580.98385600444
2015-07-23,Swat,40.25963161101966,0.39138796614904875,295.2440066445593,100741.92219671649
2015-07-24,Swat,1.9643534282099069,0.40028440838194945,295.81308829965906,100585.41396993064
2015-07-25,Swat,19.72572450490546,0.40526813766958836,295.60052353496457,100383.60007279085
2015-07-26,Swat,43.923239714646485,0.42431570017677506,294.04374571699805,100584.83935169067
2015-07-27,Swat,0.0,0.4079037856434059,295.46731737722115,100501.27776903786
2015-07-28,Swat,0.0,0.39937550208014033,295.1709497900631,100478.36569121484
2015-07-29,Swat,0.0,0.38696269012770285,296.21000421684084,100207.17931570503
2015-07-30,Swat,0.0,0.3850922474672864,296.18276385074796,100189.95405195822
2015-07-31,Swat,12.842795667136107,0.41084668688473724,295.0399709258162,100221.03078184188
2015-08-01,Swat,46.836331498121545,0.42543516638946166,294.0227593598918,100576.45038585742
2015-08-02,Swat,3.966127120694797,0.42030542807893045,294.3445989427901,100753.02119484279
2015-08-03,Swat,10.625476154343565,0.41794790991039515,293.9014225325136,100703.31176172133
2015-08-04,Swat,0.0,0.40993461243335705,295.26893172362395,100459.54300504424
2015-08-05,Swat,0.0,0.3992797396435076,295.6849121591771,100287.51160759076
2015-08-06,Swat,0.0,0.3874648925713078,296.24503130072327,100223.30854961507
2015-08-07,Swat,0.0,0.38367599805844455,296.71913498628146,100330.4288424884
2015-08-08,Swat,11.237445238451716,0.38931023534126635,296.27111728126516,100428.62590874774
2015-08-09,Swat,1.343829407087283,0.393542341880473,295.2116041195922,100374.50263645625
2015-08-10,Swat,0.0,0.3993504011193752,294.88716607437175,100538.98129491883
2015-08-11,Swat,4.700976496635987,0.37420047772482934,296.25553456458255,100677.4718500618
2015-08-12,Swat,0.0,0.37064945813691447,295.89356589614493,100795.79281054737
2015-08-13,Swat,0.6393718137811787,0.37327935578403254,295.3901778354537,100738.44107681939
2015-08-14,Swat,0.0,0.3673396130448551,295.3319086977407,100640.67137573245
2015-08-15,Swat,0.2136472372876122,0.37277500432884775,294.7927761378799,100713.18567264025
2015-08-16,Swat,5.74492648235317,0.3681763007183463,294.5955124172646,100722.01527546211
2015-08-17,Swat,0.0,0.3573776939252373,294.8302581175838,100598.54588152327
2015-08-18,Swat,0.0,0.3411071530185186,296.2659512377537,100572.42286721201
2015-08-19,Swat,0.0,0.3350308136176018,296.81764677440617,100551.16152771824
2015-08-20,Swat,10.645476595543212,0.35842666388039085,295.7798981857829,100427.60150989219
2015-08-21,Swat,0.0,0.37918810185925333,293.95709018383474,100529.59611658883
2015-08-22,Swat,0.0,0.38414717677167814,293.45020979358725,100459.34884182071
2015-08-23,Swat,0.15778327072352505,0.3770826381648894,293.442017827146,100550.65984755899
2015-08-24,Swat,2.733573819207111,0.3660690142913421,293.465943162737,100738.87502048661
2015-08-25,Swat,0.0,0.3443159153842057,294.9578335156156,100536.6798905961
2015-08-26,Swat,0.0,0.3264799406510282,294.928727712214,100552.83067950966
2015-08-27,Swat,32.94309073628516,0.32529841573937623,294.29325285652254,100695.94728604832
2015-08-28,Swat,0.0,0.3160699668191952,294.61008464236835,100751.6090770581
2015-08-29,Swat,0.0,0.30307718886414386,294.297535137402,100621.29289704669
2015-08-30,Swat,0.2897694429724046,0.30894594144032334,293.8043301584898,100641.761516539
2015-08-31,Swat,0.0,0.31788485454165066,293.1823141350634,100738.8179671565
2015-09-01,Swat,0.0,0.2977219734050697,293.7460417424087,100487.51275079713
2015-09-02,Swat,0.0,0.2806598121754789,294.2008139039432,100547.77623835545
2015-09-03,Swat,0.0,0.29870464245871936,292.23712667607424,101058.47886434082
2015-09-04,Swat,0.0,0.296490067336649,293.241127449857,101262.7037593277
2015-09-05,Swat,0.0,0.28843894257939046,292.6996677392341,101169.53856626748
2015-09-06,Swat,0.011407350960482994,0.2878392542992257,291.64065857418916,101123.94057603432
2015-09-07,Swat,3.8899132392881057,0.2831778416342407,291.3866414496367,101104.62988366607
2015-09-08,Swat,0.0,0.27403965572862815,291.48462429931885,101105.13600943089
2015-09-09,Swat,0.011885828127298024,0.2589723980435663,292.4386056217518,101047.09507960956
2015-09-10,Swat,2.382798355153419,0.24660593818051105,292.55811432317256,101206.18926337043
2015-09-11,Swat,0.0,0.23437807062814583,293.5344492212998,101108.45320871701
2015-09-12,Swat,0.0,0.22220911420800132,293.6603195030663,101105.43197062463
2015-09-13,Swat,0.0,0.21141931167706748,293.9082059006967,101083.91050262626
2015-09-14,Swat,1.1726008489659947,0.20237728708265082,293.728175013951,100854.26954225209
2015-09-15,Swat,7.55963639488394,0.19752833349423488,293.12782416108564,100893.36590948633
2015-09-16,Swat,0.0,0.19518760572392677,292.9825577569026,100933.34797910461
2015-09-17,Swat,0.0,0.19183314431269008,292.6518411184455,101029.02356446665
2015-09-18,Swat,0.0,0.1853650644379284,293.1959010798941,101056.9292254119
2015-09-19,Swat,0.0,0.1790998094690383,293.65068551673716,100957.30628217156
2015-09-20,Swat,0.0,0.1875054637931945,292.4375224069157,100958.3108345102
2015-09-21,Swat,0.0,0.1809382852322991,294.28152388612057,100707.13257070672
2015-09-22,Swat,0.6379616767406352,0.20499344787594362,290.3288349119418,100561.88414716805
2015-09-23,Swat,0.0,0.24548775184904104,289.6385627547009,101043.60127341039
2015-09-24,Swat,0.0,0.24639031143679965,291.45778661093914,100798.62328771963
2015-09-25,Swat,0.0,0.24291961224756528,290.8600953021929,100746.14720830023
2015-09-26,Swat,5.548143669340088E-4,0.25516362260073816,290.28067038880397,101021.81575156203
2015-09-27,Swat,0.01724909109011677,0.2528923971021838,289.47569660251906,101277.68161223448
2015-09-28,Swat,39.628985068994766,0.24678060014225722,289.7915178679709,101437.78602642719
2015-09-29,Swat,0.0,0.25271243300474916,289.62227873025336,101741.3575580101
2015-09-30,Swat,0.0,0.23651921411428015,290.46969192016456,101649.60242041048
2015-10-01,Swat,0.0,0.2206674278363261,290.8404574626344,101630.1046754609
2015-10-02,Swat,0.0,0.2072158622344449,290.96284268897955,101469.04925044106
2015-10-03,Swat,0.1629806495970182,0.19709576462022357,290.649926292443,101255.57789711746
2015-10-04,Swat,0.0,0.18849244986795138,290.84806965811663,101409.47046657986
2015-10-05,Swat,0.0,0.1819843158159807,291.0651465023467,101463.96653592293
2015-10-06,Swat,7.895166498732715,0.18036621566578634,291.07632302369814,101398.47664267615
2015-10-07,Swat,0.0,0.17641916227375162,290.9806060531669,101399.58373455149
2015-10-08,Swat,0.0,0.16979169365486646,291.63629228230775,101130.96453935854
2015-10-09,Swat,0.0,0.1638954353029952,291.76980013902244,100770.94133049983
2015-10-10,Swat,0.0,0.15916834704272634,291.89096223600063,100874.1548642417
2015-10-11,Swat,0.0,0.15612865014811902,292.234086395389,101260.91546570977
2015-10-12,Swat,0.0,0.15333029171215037,291.79302373532863,101436.11998203241
2015-10-13,Swat,9.168992655981725,0.15091917564122603,292.3556540271831,101496.68435162996
2015-10-14,Swat,7.7149295000681235,0.1635914308697261,289.70729536211934,101829.85477410028
2015-10-15,Swat,0.0,0.16805837181840758,289.63880248636127,101845.10116718324
2015-10-16,Swat,1.028482721578137,0.16417541112009257,290.4156627566524,101834.03891884045
2015-10-17,Swat,0.0,0.1598817425249014,290.8833631673599,101615.59665126534
2015-10-18,Swat,19.23332623331052,0.17957869019300923,289.127249805035,101804.51358316264
2015-10-19,Swat,19.230072494755547,0.36126263166563,285.5702370891815,101822.50793137313
2015-10-20,Swat,0.0,0.35757880150311494,285.3772800838315,101680.83229492087
2015-10-21,Swat,0.0,0.3273111612380725,285.8712743288446,101656.562134781
2015-10-22,Swat,0.0,0.309248868712618,286.1626592058535,101648.94396038027
2015-10-23,Swat,0.0,0.29651798207248875,286.63804646689516,101568.85816426353
2015-10-24,Swat,18.314987840593496,0.3341055918456665,284.8219879476052,101667.71263713417
2015-10-25,Swat,25.430316841904492,0.42676926634805556,282.88151953475517,101943.21294999836
2015-10-26,Swat,6.521157076793423,0.42272250328931277,280.91440264789446,102230.08762878778
2015-10-27,Swat,0.0,0.39387706727076,282.6535466642127,101953.72861571872
2015-10-28,Swat,0.0,0.3747351464255044,283.3832614003777,101887.37061585425
2015-10-29,Swat,0.0,0.3608516132562579,284.55859608950533,101861.8234775627
2015-10-30,Swat,0.0,0.3503367826724491,284.7860611120026,101970.8353100011
2015-10-31,Swat,0.0,0.34152908384473846,285.13338444950693,101947.32307567015
2015-11-01,Swat,0.0,0.334848680604996,285.97137285198147,101984.93289884744
2015-11-02,Swat,17.949418851180646,0.3338950127927622,286.0300677135239,101994.17857186211
2015-11-03,Swat,3.3999261733817105,0.3769197513696779,284.05798036697837,101768.8311954701
2015-11-04,Swat,11.213539012202652,0.4273602070511447,281.6784599679875,101528.4701648442
2015-11-05,Swat,0.0,0.40995703248118226,281.0161541207028,101741.35224614743
2015-11-06,Swat,0.0,0.3882955482421408,281.90854970648843,101764.12025948761
2015-11-07,Swat,0.0,0.37684600156443376,283.1452468109394,101828.79646627835
2015-11-08,Swat,0.0,0.36865374671650913,283.9971055778773,101990.37175779595
2015-11-09,Swat,0.04312593332016669,0.3887813267647154,280.9166956922574,102075.06347627791
2015-11-10,Swat,6.948070894429541,0.39709076029331186,280.574841548758,101961.5633844674
2015-11-11,Swat,0.0,0.38320471698682296,283.09494687391526,101923.37240578151
2015-11-12,Swat,21.91303077172149,0.4047644988535491,283.715831676874,101885.67899171215
2015-11-13,Swat,0.0,0.41141185360985405,282.66714179250715,101946.75451591778
2015-11-14,Swat,0.0,0.39128859712809283,283.30621173462663,101565.71146003627
2015-11-15,Swat,0.0,0.38157584413599643,281.56828065468926,101657.93414954556
2015-11-16,Swat,0.0,0.3728446631124017,281.4900822945994,101743.88003187816
2015-11-17,Swat,0.0,0.364966470824447,281.4686187239161,101661.4423763313
2015-11-18,Swat,0.0,0.35816094119611513,282.33329417391195,101860.5609602123
2015-11-19,Swat,0.0,0.3529031420242355,283.0171441504831,101962.44315507734
2015-11-20,Swat,0.0,0.34826605751727235,282.82937376817677,101860.13735168664
2015-11-21,Swat,0.0,0.34347789419065666,282.57855632301636,101737.73710807243
2015-11-22,Swat,0.02568519961788027,0.3398082021235551,282.75031120516945,101727.55838496305
2015-11-23,Swat,1.2239832371003438,0.3392655568990067,281.92154101678506,101894.35902596787
2015-11-24,Swat,0.0,0.33569187757627095,281.4794002997385,101994.47371788898
2015-11-25,Swat,7.037493360652722,0.33276577871237134,281.8765147720226,101737.43677032061
2015-11-26,Swat,0.0,0.3335213015150429,280.30264456009417,101600.03878959738
2015-11-27,Swat,0.0,0.3293618936779616,279.96204200039926,101544.14758768295
2015-11-28,Swat,0.0,0.3242484734104101,279.8461897722206,101995.26724648122
2015-11-29,Swat,0.0,0.3207324576537124,280.50379173615704,102184.4794238038
2015-11-30,Swat,0.0,0.3170360122984136,281.3172537870656,102036.65991382443
2015-12-01,Swat,0.0,0.3132522699753595,280.4781959262244,101719.32025028122
2015-12-02,Swat,0.0,0.30973801201248957,279.9700691142829,101877.16851898121
2015-12-03,Swat,0.0,0.3064694719159069,281.01282715502305,101744.75879004253
2015-12-04,Swat,0.0,0.30365294236523566,281.91184002072293,101587.61408920845
2015-12-05,Swat,0.0,0.3008633114175051,282.09847329375464,101780.3266866339
2015-12-06,Swat,0.0,0.2978681907467328,283.0401477901609,101777.69872567897
2015-12-07,Swat,0.0,0.29603890846686554,282.5202641244705,101937.41645918638
2015-12-08,Swat,0.0,0.29632652444331176,282.5943499408724,101689.55831136284
2015-12-09,Swat,16.07444919618722,0.32626563046712714,279.8603137220467,101694.0991630314
2015-12-10,Swat,0.6099315913645366,0.40961228167030345,278.2461998033964,101389.31160187481
2015-12-11,Swat,0.09345405736010139,0.3937285368312375,275.92586436138816,101453.22952345495
2015-12-12,Swat,0.0,0.37943373031374933,274.41285891161743,101575.46655615667
2015-12-13,Swat,0.0,0.3717124980583313,274.6300293281072,101726.87700314024
2015-12-14,Swat,0.0,0.36616258397789214,274.02572921253096,101912.74813621957
2015-12-15,Swat,0.0,0.3612208372517428,273.7353068581069,101699.64846203338
2015-12-16,Swat,2.6870480499701657,0.3579907683484744,275.9660664418788,101559.54941509313
2015-12-17,Swat,1.138837147154223,0.3547694231462041,274.9893412455772,101900.16958074679
2015-12-18,Swat,0.0,0.35136646699409857,274.1836027430682,101989.54342185931
2015-12-19,Swat,0.08065670089007863,0.3484235908638135,275.06536083698325,101893.12579113917
2015-12-20,Swat,0.08310801653528707,0.34548182262466043,274.7582225111683,102039.72696413966
2015-12-21,Swat,2.7636795850997857,0.3424924217150927,275.8449751189025,101911.30740261498
2015-12-22,Swat,0.33917861100734986,0.35801050172016796,274.32169473643444,102418.44906762922
2015-12-23,Swat,0.39463470796378025,0.37700769400006645,273.07157671437295,102428.40978989274
2015-12-24,Swat,0.0,0.36551709576320557,274.85540124101,102256.80870541486
2015-12-25,Swat,0.004733322900837978,0.36257260746257924,275.3185192101855,102208.04460806235
2015-12-26,Swat,0.3521848026247105,0.36183155158653185,278.11197212194753,102160.55436376008
2015-12-27,Swat,0.36222545494477976,0.36187079928749677,279.8381199876917,102238.89296224981
2015-12-28,Swat,0.0,0.3594198442739628,279.5841561432633,102346.72431933696
2015-12-29,Swat,0.0,0.35441697732274824,278.6332779815109,102006.73329982963
2015-12-30,Swat,0.0,0.3492778521120186,277.51537322086216,102064.96377730537
2015-12-31,Swat,11.922315994082878,0.34505538374813627,278.7790925811803,102270.0500817948
2016-01-01,Swat,0.0,0.34127471145632676,278.2178510263515,102218.70531176135
2016-01-02,Swat,0.0,0.3374318690301375,278.1262582151788,102259.19843203685
2016-01-03,Swat,20.73266089114994,0.3446523163811003,280.0270825110372,101991.89819899472
2016-01-04,Swat,1.806547598483906,0.40629468239004507,278.50665644995695,102214.38459155154
2016-01-05,Swat,0.0,0.3860712757897063,278.4033966120026,102034.15105473423
2016-01-06,Swat,3.7445324407452323,0.3740336807486277,277.9206787990604,102010.53754395773
2016-01-07,Swat,0.30509158464614106,0.3708284610987587,277.9901762157378,102166.25965832293
2016-01-08,Swat,0.0,0.371019175461546,276.1964872432828,102048.10349785717
2016-01-09,Swat,1.4267970833489234,0.36263919413602363,276.6337742762307,101606.97807345442
2016-01-10,Swat,0.0,0.3566775380570041,277.64471941837024,101768.98083561292
2016-01-11,Swat,0.3616007754360351,0.35234302338099943,278.93285690508156,101747.38980603931
2016-01-12,Swat,12.860105398068738,0.37565411276821764,277.40482992119746,101788.44768743525
2016-01-13,Swat,0.0,0.3661791453098614,278.0743136924785,101662.47557787555
2016-01-14,Swat,0.0,0.3596691194492909,277.51773071406365,101673.42705205528
2016-01-15,Swat,0.0,0.3550602190250139,276.4574273999118,101736.81586259467
2016-01-16,Swat,0.0,0.34852684244360915,277.39176100936993,101363.82909343738
2016-01-17,Swat,0.0,0.34368787514783555,276.8303810141323,101585.19370518223
2016-01-18,Swat,0.5612387344120054,0.3425068211712168,275.80716936667034,101626.99728134408
2016-01-19,Swat,0.0,0.3395093897490264,275.2381572108782,101758.91676952149
2016-01-20,Swat,0.0,0.3354716934040586,275.4677912558662,101829.03009768848
2016-01-21,Swat,0.0,0.33240080045967063,275.5786355577737,101885.84060238874
2016-01-22,Swat,0.0,0.32949804927034715,275.89957771785777,101881.4385751703
2016-01-23,Swat,0.0,0.3267081436654014,275.48045392620804,102009.26688100943
2016-01-24,Swat,0.0,0.32391335143025307,275.85386495522164,101845.26873340819
2016-01-25,Swat,0.8040991773872096,0.321213440625085,277.2615056012226,101618.73873790017
2016-01-26,Swat,5.925294398844669E-4,0.3267148924855186,276.97810157624303,101776.9540152845
2016-01-27,Swat,0.0,0.34367390535818043,277.55411305334354,101772.56742033966
2016-01-28,Swat,0.0,0.37548268243347405,278.418094591024,101775.24153850276
2016-01-29,Swat,0.0,0.4256864901939326,276.3668912610752,101950.76211242261
2016-01-30,Swat,0.0,0.413902667798914,276.86121779943227,101874.99396781622
2016-01-31,Swat,0.0,0.39994618821324435,275.2933554063717,101799.64241088038
2016-02-01,Swat,0.0,0.39269619814849205,273.94341229107545,101876.74799964174
2016-02-02,Swat,0.0,0.38701716302655986,273.8609411004834,101922.77678896605
2016-02-03,Swat,0.0,0.3819051655467779,276.18752746386923,101977.85214523169
2016-02-04,Swat,0.0,0.37805508827822726,277.4365113783931,101832.15312591047
2016-02-05,Swat,0.0,0.3734828718611632,276.16650909915256,101661.87420102004
2016-02-06,Swat,0.7124135418358735,0.3705534012012231,280.0932304763889,101407.85075087407
2016-02-07,Swat,0.0,0.3662128182762054,278.5013475800618,101843.01788966135
2016-02-08,Swat,0.0,0.36118208759339154,278.6564869533906,101876.83381928029
2016-02-09,Swat,0.1292530767482846,0.3568994898204684,279.70679593432305,101556.89190908374
2016-02-10,Swat,25.44599497489232,0.40346044063933423,275.63999701605735,101311.07197520752
2016-02-11,Swat,0.5955183784883508,0.4188785575413795,274.62714805447814,101427.4019417308
2016-02-12,Swat,0.0,0.4083074800456198,276.23626707288344,101674.58929301282
2016-02-13,Swat,0.0,0.4043583374968595,276.5900161880282,101844.93599385092
2016-02-14,Swat,0.0,0.4038234399769202,277.0144865271127,102016.52930604329
2016-02-15,Swat,0.0,0.4016919281001903,276.42401261143186,102196.54336773406
2016-02-16,Swat,0.0,0.39738273698820176,277.1557773665337,102287.25465983032
2016-02-17,Swat,0.0,0.3932096809475222,278.32574418024166,102238.976336135
2016-02-18,Swat,0.0,0.3886030408879069,279.07875624551696,102094.99942814387
2016-02-19,Swat,0.6875411571336087,0.39692884177593096,278.9771163498145,101953.06124171427
2016-02-20,Swat,0.0,0.39470576434172616,278.7714995495228,101875.73304640203
2016-02-21,Swat,0.0,0.38303126552159006,280.0603914126354,101802.60686652202
2016-02-22,Swat,0.0,0.37309071483210876,280.8065093908228,101871.65054889073
2016-02-23,Swat,0.0,0.3640956203751282,281.720203618968,101702.05924742621
2016-02-24,Swat,0.0,0.3561526474125316,282.9854772292079,101520.87661262903
2016-02-25,Swat,0.0,0.3487923071221748,281.0381714864507,101892.54015967458
2016-02-26,Swat,0.0,0.34152197338438783,281.09341951024624,102149.37746674579
2016-02-27,Swat,0.0,0.3344523511285968,282.0506952157474,102079.58214443245
2016-02-28,Swat,0.0,0.32760455864186705,282.02601020448077,102146.17933922668
2016-02-29,Swat,0.0,0.32098690393446566,281.7976285090202,102155.59178353335
2016-03-01,Swat,0.0,0.31555238373620387,283.06587993475654,101890.62389599654
2016-03-02,Swat,1.0741891808166963,0.31428212776905756,284.2252067153353,101966.81225770092
2016-03-03,Swat,0.0,0.3291422363643177,284.21130193266356,102006.38361856154
2016-03-04,Swat,0.0,0.32330018553694245,284.0334961788764,101596.37297637302
2016-03-05,Swat,9.202981818686752,0.3212660219005878,282.21112910833665,101613.67860246565
2016-03-06,Swat,0.0,0.3442285611756146,280.09648936610466,101826.13187036646
2016-03-07,Swat,0.0,0.3396114106405564,281.9615292679472,101689.5971593852
2016-03-08,Swat,0.0,0.3236254500317749,283.14751122261714,101456.70642537581
2016-03-09,Swat,0.0,0.3114491689252377,284.19013338166076,101491.70075942275
2016-03-10,Swat,11.052909273571599,0.30373924378291706,285.39831877952145,101542.65753737163
2016-03-11,Swat,18.90775175516654,0.4169467214394799,281.0968000111948,101533.53208970015
2016-03-12,Swat,20.645597431673508,0.4278949848202091,281.0236702177337,101308.00323739837
2016-03-13,Swat,15.201709663460017,0.4241179977185311,279.3847076454875,101687.12462213478
2016-03-14,Swat,2.4753223020016417,0.4194704182555748,279.91637783126055,101741.16888141802
2016-03-15,Swat,0.34814724211609593,0.40558009656194133,280.833911239695,101945.73310432104
2016-03-16,Swat,19.79733344870944,0.41228692320894733,281.444789679123,101645.24615078379
2016-03-17,Swat,13.493897407468378,0.42565302682249406,280.765042068918,101528.16394362677
2016-03-18,Swat,5.680199298434427,0.4274289250966882,280.3614328571226,101365.09021617725
2016-03-19,Swat,0.19915013747230853,0.41928586410586194,280.48238101595155,101537.98229041886
2016-03-20,Swat,0.0,0.41760857026242787,280.03734206935115,101717.64982654624
2016-03-21,Swat,0.0,0.3970037494885712,281.0775547673069,101762.20721272126
2016-03-22,Swat,0.0,0.37888363303628925,284.2939822372848,101435.71932210891
2016-03-23,Swat,2.470225928133774,0.3680786006557446,286.0947866626196,101386.27226621938
2016-03-24,Swat,20.897577798649422,0.39900068383751613,282.619882995933,102076.50012114945
2016-03-25,Swat,7.9379504447023574,0.42173728523804754,284.0218626514862,102043.98920277033
2016-03-26,Swat,2.6188159111214597,0.4170347572071516,282.654717391395,101917.2059734047
2016-03-27,Swat,0.17609418324211754,0.3935818831748523,284.97698041970676,101651.02660762117
2016-03-28,Swat,3.183307817551974,0.37901770476173585,286.6321346565109,101682.80890041748
2016-03-29,Swat,0.052480362376211474,0.36676006952530427,287.5550666015077,101513.6759318648
2016-03-30,Swat,3.4196688261618386,0.35489709023753035,288.5095932851923,101525.82310551491
2016-03-31,Swat,9.602078463353603,0.4056678258719332,284.39563366599765,101676.70908990652
2016-04-01,Swat,15.961422986483155,0.40216354642139746,286.9783190205944,101369.26563081713
2016-04-02,Swat,17.27352973984052,0.42802408622568683,286.60287930729834,101498.39214581839
2016-04-03,Swat,13.576987834410367,0.4251956436653028,285.3791409492215,101480.50156786191
2016-04-04,Swat,0.0,0.40783198651364166,285.6188287097226,101289.48849560108
2016-04-05,Swat,0.2942814379597632,0.4005266856643969,285.929473312428,101334.9465475169
2016-04-06,Swat,1.4125886014691167,0.3934712315961091,285.4643875168051,101337.48396299036
2016-04-07,Swat,2.589057969816982,0.38442053031186546,286.19520130054735,101383.94980413734
2016-04-08,Swat,8.339444859917265,0.3957596312184946,286.15118027976575,101582.84187736727
2016-04-09,Swat,5.956341240373538,0.424884988200917,283.2350863273815,101820.13584553769
2016-04-10,Swat,1.1533364291143084,0.40360536922858353,286.9288315956039,101538.23659362954
2016-04-11,Swat,1.5600624758765988E-4,0.4009873953971618,285.34086294519057,101572.93239983277
2016-04-12,Swat,0.0,0.3843048286752907,287.0234825117767,101181.62558526083
2016-04-13,Swat,0.0,0.36765046470472695,287.7397702203402,100835.86591100389
2016-04-14,Swat,0.0,0.35176806056912524,289.5240088517402,100932.18930990796
2016-04-15,Swat,0.5315454346988756,0.3401461580911201,290.3574139640733,101066.52946563705
2016-04-16,Swat,5.571409984429804,0.3359784558284355,290.90129505075015,101042.80844439963
2016-04-17,Swat,5.270421332067056,0.3863417984710744,288.12699684170565,101150.69795072678
2016-04-18,Swat,0.0,0.36118766566243,288.45069066660534,101196.6086438031
2016-04-19,Swat,2.949178155117125,0.3520092599290332,287.6904665235732,101456.86986998805
2016-04-20,Swat,0.0,0.339181144387747,288.6798667223538,101425.95547034338
2016-04-21,Swat,4.851350187888676,0.35516244203988473,287.51202631750533,101025.24457128745
2016-04-22,Swat,0.0,0.3726457122029148,286.23720459200837,100818.34927153471
2016-04-23,Swat,0.8385066730059366,0.35496598788880385,286.10651805798625,100843.25704437659
2016-04-24,Swat,0.0018666800917277434,0.33865051698065657,287.1416681871075,100911.01366991486
2016-04-25,Swat,0.016834195374385054,0.32414428903757375,288.6917531100768,101154.58395939886
2016-04-26,Swat,5.209580351448136,0.31985765482861256,288.7684929538036,101524.50197784806
2016-04-27,Swat,0.0,0.3111630468090555,288.182870586609,101380.63487811187
2016-04-28,Swat,0.0,0.29436844832711906,288.8261284468444,101212.20361212725
2016-04-29,Swat,0.0,0.2770090560808523,290.4353211623015,101148.12453057717
2016-04-30,Swat,0.0,0.26081428193155287,291.3588853274951,101013.75051823663
2016-05-01,Swat,0.0,0.24551420748900787,292.2380164527811,100795.97809318248
2016-05-02,Swat,2.6464759297460274,0.23152458422433572,294.148236115027,100766.16784595647
2016-05-03,Swat,0.0,0.23542385771700963,290.3133556813601,101119.30527073743
2016-05-04,Swat,3.2957038994709786,0.31058446236681325,287.4687332358239,101233.28576971155
2016-05-05,Swat,0.16449678770841045,0.3186769851333342,289.2097168187544,101307.42784597668
2016-05-06,Swat,0.025811864410539186,0.29090115590414395,291.60202963507294,101039.2340904629
2016-05-07,Swat,0.0,0.266210677942345,292.4777001278589,100984.80826128439
2016-05-08,Swat,0.21692502639876335,0.2460175066266881,293.9635484190678,101037.90110885949
2016-05-09,Swat,0.48061591953916166,0.2293489800465669,293.969341166476,101009.80763327956
2016-05-10,Swat,7.5897660464527865,0.21725961656632284,294.72902902548844,101178.89829991049
2016-05-11,Swat,3.640046015250113,0.2242180394109037,293.2982905429647,101162.1611538998
2016-05-12,Swat,0.020871364135239545,0.2814261482886966,291.5051041630389,100766.06136438124
2016-05-13,Swat,8.25607931837374,0.2924578295568388,292.1607681470445,100917.79519281737
2016-05-14,Swat,5.852082162615954,0.28123780945147586,291.78462818005005,101118.65712586795
2016-05-15,Swat,0.0,0.26117643321558837,293.4290294717195,101037.82813309343
2016-05-16,Swat,5.36267278633536E-4,0.23865639061082702,293.40390462654193,100642.27302119072
2016-05-17,Swat,0.0,0.21830737847431883,294.3656344108464,100579.69646784654
2016-05-18,Swat,0.0,0.200295091139754,295.61606578033843,100369.25480298397
2016-05-19,Swat,0.0,0.18527415150008214,295.9489728113005,100435.70236218796
2016-05-20,Swat,0.0,0.1731120839044293,296.1053965976895,100289.25068187695
2016-05-21,Swat,0.0,0.16311819461498656,297.0663761181234,100182.45989925611
2016-05-22,Swat,5.216870433518759,0.15535581181760913,297.3871032890986,100170.50447595627
2016-05-23,Swat,1.343596458728363,0.15759482916771725,295.4794935909812,100440.65739219461
2016-05-24,Swat,0.0,0.22661391219163227,291.17736555784444,100587.233123796
2016-05-25,Swat,0.0,0.22947894879170214,292.2441154544694,100303.47006316975
2016-05-26,Swat,0.0422701162496765,0.20903347269414077,293.9855087284225,100441.2621781823
2016-05-27,Swat,4.832290582115942,0.19248955354784503,295.08452621712365,100530.10591831828
2016-05-28,Swat,0.0,0.18018432429554465,295.0970351460315,100383.71225421056
2016-05-29,Swat,0.0053152180492960915,0.17086498789847135,294.9640012405152,100347.94167978485
2016-05-30,Swat,0.0,0.16810012930670679,294.43994010082514,100609.3461848776
2016-05-31,Swat,0.0,0.16341404129260992,294.8608725444453,100762.84449131362
2016-06-01,Swat,23.800185078403516,0.1576368270839937,296.76405418477316,100878.21081862671
2016-06-02,Swat,0.8194343982369139,0.16159641560162366,296.1807984010815,100854.1363430346
2016-06-03,Swat,0.0,0.16058296153720508,295.8307430021329,101018.56026695386
2016-06-04,Swat,0.0,0.1594769817059483,296.4299705689422,100901.28417149914
2016-06-05,Swat,0.0,0.15385510193952606,296.97855038655086,100765.95194689037
2016-06-06,Swat,0.0,0.1471109099732216,297.3544197132326,100620.69927831301
2016-06-07,Swat,0.0,0.14212847896784497,297.46467549783836,100545.81883670155
2016-06-08,Swat,0.0,0.13740149666795873,297.5152049969198,100412.03007973099
2016-06-09,Swat,0.0,0.1344753153080967,297.47821746458635,100308.00410213787
2016-06-10,Swat,0.0,0.13503038002392959,297.6112117576116,100292.5180024644
2016-06-11,Swat,0.0,0.143354597207659,296.3464792593608,100371.37914386994
2016-06-12,Swat,0.0,0.1568670499752791,296.5537187500814,100363.05163599906
2016-06-13,Swat,0.0,0.15685614406260437,296.92282640454516,100301.77195107884
2016-06-14,Swat,0.0,0.15083451436594486,298.6501629066081,100022.52324325607
2016-06-15,Swat,22.3051037077203,0.1651507575044675,297.62855399569946,99972.32162592263
2016-06-16,Swat,0.0,0.2132093936376323,295.3979723587848,100323.98207745883
2016-06-17,Swat,0.0,0.20241570550160143,296.97862727077046,100451.03287148137
2016-06-18,Swat,0.0,0.18452072997741908,297.50199286617396,100590.28191214916
2016-06-19,Swat,0.0,0.17969444682689262,297.5642040963452,100658.22287515366
2016-06-20,Swat,0.0,0.1878770204608058,297.4646912678637,100495.5919833415
2016-06-21,Swat,0.0,0.243392343338034,296.00829095365066,100447.03991054655
2016-06-22,Swat,0.0,0.3035098402958656,294.64605704608095,100620.19459673137
2016-06-23,Swat,0.0,0.2688928789144987,296.1027349506443,100515.00957435285
2016-06-24,Swat,0.0,0.23288071340407576,297.43901502338025,100320.28112379195
2016-06-25,Swat,0.0,0.21212627216545601,297.8463923519231,100487.20203060751
2016-06-26,Swat,0.0,0.19486389603510298,298.5936542918194,100465.47295962958
2016-06-27,Swat,41.59003872494574,0.18936123569527255,298.1819331948708,100394.71464052737
2016-06-28,Swat,0.0,0.2176652442103628,296.80260209562715,100641.53319572692
2016-06-29,Swat,0.0,0.22112099827220313,298.7621066040248,100614.18637652145
2016-06-30,Swat,0.0,0.20931124491400685,299.03667529740517,100266.66684109837
2016-07-01,Swat,0.45685614457099993,0.21171311190732733,299.2267571918906,99867.0632395432
2016-07-02,Swat,20.31731354972999,0.290364054684059,296.732947221554,99969.02065966038
2016-07-03,Swat,0.0,0.38158743076385543,294.6921836059517,100241.95650125248
2016-07-04,Swat,0.0,0.3490782067791855,296.01921813569066,100130.54611522291
2016-07-05,Swat,5.404183132951264,0.3403584307606037,296.55075251057167,99971.48204331439
2016-07-06,Swat,0.0,0.3503014898583696,295.49439180867665,100161.41873624104
2016-07-07,Swat,0.0,0.3206752187525174,296.2628428396298,100284.02336086471
2016-07-08,Swat,0.4470643947330487,0.2944120010288209,297.5385833273289,100075.99354796603
2016-07-09,Swat,0.0,0.31388856227787926,296.029327176726,100083.51881231987
2016-07-10,Swat,0.0,0.3012784969226877,297.37201930432826,100030.7752309681
2016-07-11,Swat,0.0,0.3429064264453605,296.6501164898888,100167.78077981844
2016-07-12,Swat,0.022479705701869548,0.3718756588932732,296.7755554231367,100336.60404619158
2016-07-13,Swat,5.076140371823595,0.36427433046395735,296.7801971209957,100339.79698299756
2016-07-14,Swat,48.80525041996568,0.3824181271063511,296.5792171181015,100207.48760304027
2016-07-15,Swat,11.984919064235362,0.3664263143682174,296.5486218830156,100179.11871843529
2016-07-16,Swat,0.0,0.3790948422735427,295.7963665747511,100293.55801999693
2016-07-17,Swat,0.0,0.39970361859293585,294.693551825565,100464.4258706579
2016-07-18,Swat,0.0,0.4055434592983244,294.0851393548599,100456.3048728916
2016-07-19,Swat,0.0,0.3812108882362437,294.8889023263378,100402.13933256976
2016-07-20,Swat,0.0,0.3489066966654125,297.1682893777602,100287.90267039837
2016-07-21,Swat,0.0,0.3432927977452558,296.6198864514603,100307.85364303431
2016-07-22,Swat,0.0,0.3466508816925055,296.1045238157064,100303.18858832223
2016-07-23,Swat,0.6236093645170846,0.33713123968616043,296.502352257919,100479.29525402447
2016-07-24,Swat,0.0,0.34650834320146373,296.0827371937584,100647.48595677264
2016-07-25,Swat,0.0,0.3334932667401688,296.9412527510109,100594.39865981817
2016-07-26,Swat,0.46433345776523655,0.34634764166418686,296.6697883337147,100585.6690040851
2016-07-27,Swat,27.008644880367456,0.39730707547076655,294.0453302963095,100858.87098638462
2016-07-28,Swat,0.0,0.3804826633021501,294.82953466914114,100685.10374319128
2016-07-29,Swat,5.544622160547149,0.36833984289128435,295.3827768122629,100455.73458290163
2016-07-30,Swat,0.0,0.3638991908411055,294.9334097704196,100531.76302622893
2016-07-31,Swat,0.0,0.3658133831396923,295.4792320539171,100461.83632421732
2016-08-01,Swat,0.0,0.3484328815187233,296.15838911031466,100238.25834869403
2016-08-02,Swat,0.0755987687589297,0.3631839284143825,295.16640048154784,100352.6358781645
2016-08-03,Swat,0.016090104824526674,0.3471116617979494,295.48908652305465,100460.52230972187
2016-08-04,Swat,0.0,0.32499430042642957,297.0146859451701,100431.2018702551
2016-08-05,Swat,0.0,0.3088288783733794,297.64945640820395,100466.49124637811
2016-08-06,Swat,0.0,0.3032967641963962,297.1582832833501,100332.91964296548
2016-08-07,Swat,69.82793877925891,0.34918548697354523,295.106207467317,100453.88820175671
2016-08-08,Swat,0.01834282354367022,0.4065466891532283,294.68589152911284,100505.10861319966
2016-08-09,Swat,0.0044407200969980186,0.3848373720552173,295.43633234970287,100302.75758841124
2016-08-10,Swat,0.020897243827887244,0.3948358712387821,294.9110371169575,100411.47382335736
2016-08-11,Swat,5.225223747684913,0.3834401364836777,294.87773635230525,100596.89650770694
2016-08-12,Swat,0.017233355108842337,0.3757192760775735,294.9034653516805,100633.62879762003
2016-08-13,Swat,0.0,0.35684789818776874,295.5716135093218,100478.55848992552
2016-08-14,Swat,0.7066627400432922,0.34064136237426745,295.4755202696436,100387.5250433002
2016-08-15,Swat,0.0,0.334914866283846,294.69558166228,100254.95643018142
2016-08-16,Swat,0.0,0.32122090414263055,295.2593890049571,100084.87547953962
2016-08-17,Swat,0.03741544094726023,0.3052062501291614,295.01687618532134,100356.00404548335
2016-08-18,Swat,0.03300457846069038,0.28926727856586015,295.1760347957,100495.35858461952
2016-08-19,Swat,0.0,0.27091095170109514,296.24190011448945,100356.66790665775
2016-08-20,Swat,0.0,0.25732204545068704,296.02342342056517,100470.64254113517
2016-08-21,Swat,15.315937999090684,0.24496679526163584,296.0961123761266,100592.6731899401
2016-08-22,Swat,0.0,0.23334828079893635,295.94462865315904,100689.05841480776
2016-08-23,Swat,0.0,0.22081574964833592,296.3805075908112,100702.48604782447
2016-08-24,Swat,0.0,0.21012137121355956,296.78752618714515,100700.09068964676
2016-08-25,Swat,0.08819253058203361,0.21513761907980924,295.83292635448845,100960.43961695494
2016-08-26,Swat,0.026926314503899026,0.2364321417257271,295.78758647592696,100959.73236958335
2016-08-27,Swat,23.17831497886435,0.30870636725910156,293.8090117257128,101181.33959449553
2016-08-28,Swat,0.015900885268812816,0.31634254125829503,294.22288376799736,101136.4940925066
2016-08-29,Swat,0.0,0.31068824811207973,294.40444503359015,100714.04450942278
2016-08-30,Swat,0.0,0.32687687896738704,293.5920754597059,100617.37397667853
2016-08-31,Swat,0.0,0.32231803296811723,293.66920115409056,100713.76376046077
2016-09-01,Swat,6.213402874167418,0.29931922827878743,293.6580254247663,100645.99192901388
2016-09-02,Swat,0.006736313499009302,0.2837714631885218,293.19393656440025,100535.56226958819
2016-09-03,Swat,0.0,0.26379466000992796,294.5773223815947,100355.55376711767
2016-09-04,Swat,0.0,0.24655263566224148,295.41671767436424,100595.53285099466
2016-09-05,Swat,0.0,0.2393272582101507,295.20068625951376,100661.27220526521
2016-09-06,Swat,1.3033407134056365,0.2717762188327551,293.7680393240688,100788.68887134174
2016-09-07,Swat,0.0,0.2692043747962065,294.9276963036486,100710.1720350994
2016-09-08,Swat,0.0,0.2488997445405007,295.96975093044443,100833.13630813145
2016-09-09,Swat,0.0,0.23228331665097005,296.41723903943836,100836.43273874793
2016-09-10,Swat,7.90120158056098,0.23222627106366595,295.2615441743626,100768.22164797738
2016-09-11,Swat,20.36467628425899,0.2574707407174714,294.0338463363016,100736.14522008231
2016-09-12,Swat,4.510297803873533,0.29293157729477626,293.0118641639941,100891.03590704814
2016-09-13,Swat,2.6737215529062714,0.2846274694486196,293.46569111044454,101088.0421612973
2016-09-14,Swat,0.0,0.27104062310674215,292.99946899071966,101185.62485482286
2016-09-15,Swat,0.0,0.24990883095006344,293.4566587583369,100962.51733980942
2016-09-16,Swat,8.119140063953354,0.2325973328584186,293.7537867640257,100848.07606824032
2016-09-17,Swat,0.0,0.2182532664541301,294.5845332706726,100726.41167415987
2016-09-18,Swat,0.0,0.20577560219882085,295.0908741624799,100900.37594415681
2016-09-19,Swat,0.0,0.19459377074633463,295.6698886052922,100769.62562066996
2016-09-20,Swat,0.0,0.19585813358314325,294.6740427644883,100730.88427565231
2016-09-21,Swat,0.0,0.27769530374324286,292.62482771866854,101072.44087397613
2016-09-22,Swat,0.0,0.2714866433919638,293.45546171971785,101149.1146266672
2016-09-23,Swat,0.0,0.26184379241066336,291.98854858433975,100878.96956845476
2016-09-24,Swat,4.715845094802613,0.26161936640640393,291.8361414802199,100833.21821279413
2016-09-25,Swat,0.0,0.25149145649866905,292.42538295675723,100918.45865058142
2016-09-26,Swat,0.0,0.2405551973918987,293.0867899239426,100972.36985658322
2016-09-27,Swat,0.0,0.22828920927464216,293.18684067738945,101010.2980943357
2016-09-28,Swat,0.0,0.2148312944681886,293.6985040527366,100898.93465994153
2016-09-29,Swat,1.2616225882977297,0.2069455308910169,293.52341938318284,100977.16874812833
2016-09-30,Swat,1.6068004639460767,0.1981291363961151,294.28656012367645,100975.85956089737
2016-10-01,Swat,0.0,0.18854533521352604,294.5851883273073,101148.68031601055
2016-10-02,Swat,3.614462790868486,0.18345741043832609,293.7447059460963,101325.07211203825
2016-10-03,Swat,0.0,0.17833915639726644,293.8070199516427,101133.35728460159
2016-10-04,Swat,0.1497165695430507,0.17102170303655767,293.41787822309277,100897.4976698318
2016-10-05,Swat,0.0,0.1807773513355119,291.8624596272459,100948.44039595398
2016-10-06,Swat,0.9329380847439139,0.18482139822293545,290.78550193430374,101180.0110885954
2016-10-07,Swat,0.0,0.18024754318659988,290.9368863021431,101188.59444629353
2016-10-08,Swat,0.0,0.17521811654923877,290.273740247543,101142.63825158218
2016-10-09,Swat,0.0,0.17225786054920506,289.88067059968296,101017.00969019106
2016-10-10,Swat,0.0,0.1666868715702953,289.58974885109524,101058.53737525883
2016-10-11,Swat,0.0,0.16067060238221534,290.2887575751648,100979.97757064595
2016-10-12,Swat,0.09942539905528455,0.15848198473400127,289.7488695155747,100961.65294405974
2016-10-13,Swat,0.0,0.15503836723193512,290.22023734081876,101245.04234947104
2016-10-14,Swat,0.0,0.15058669647520084,289.9780544821834,101339.6171035299
2016-10-15,Swat,0.9243200862584049,0.14666173592582396,290.7687651194473,101367.91891278037
2016-10-16,Swat,0.0,0.14343899364373255,290.50623076568803,101463.25001340483
2016-10-17,Swat,0.0,0.1408211692642021,290.2031592451274,101374.85763666872
2016-10-18,Swat,0.0,0.13862732541034062,290.23356658882574,101198.78332446412
2016-10-19,Swat,0.0,0.1378752233908322,289.12689485119444,101195.09913040431
2016-10-20,Swat,4.364913169947657,0.13760312620569234,288.6572796127963,101074.02012447792
2016-10-21,Swat,0.0,0.140671405789972,287.6350776507246,101326.65059112865
2016-10-22,Swat,0.8427058233370831,0.13983027726909986,287.10641580786444,101393.07179234513
2016-10-23,Swat,0.0,0.13851000530507987,287.22888158215085,101283.4152095001
2016-10-24,Swat,0.0,0.13733864740327267,287.0442693430134,101152.08636949034
2016-10-25,Swat,0.0,0.1366726935828971,286.9139465057991,101283.86617480133
2016-10-26,Swat,0.33929144848724085,0.13567010844381724,286.9673465520379,101613.61514288052
2016-10-27,Swat,0.9686447878778333,0.13431533075294114,286.7794809150729,101812.37246142428
2016-10-28,Swat,0.0,0.13298265716352828,287.21733775316807,101438.34813111056
2016-10-29,Swat,0.0,0.13185141137958237,287.1786385841157,101618.30375649502
2016-10-30,Swat,0.5681886573404215,0.13114768447356462,286.41045109336767,101841.54450739938
2016-10-31,Swat,1.4756862678263538,0.13051688428620645,286.7710796948656,102052.68532639039
2016-11-01,Swat,0.0,0.12985487950719468,286.9955066504225,101873.8419059475
2016-11-02,Swat,0.0,0.12922732076484647,286.8095851340894,101911.42203661698
2016-11-03,Swat,0.022581921101094995,0.13125573106940874,287.3058841705569,101927.91245062958
2016-11-04,Swat,0.6526386063414361,0.1685550047760121,284.5671347198284,101623.15914974776
2016-11-05,Swat,0.0,0.16541207529955707,284.82836860022303,101338.7738118241
2016-11-06,Swat,0.0,0.1610243413628098,284.4165644231922,101474.27183448187
2016-11-07,Swat,0.0,0.15654514393881624,284.1471793336432,101629.22730103155
2016-11-08,Swat,0.0,0.15209562950056485,284.8981546357949,101633.91708896165
2016-11-09,Swat,0.0,0.14825730743320928,285.22529066557706,101696.9495428692
2016-11-10,Swat,0.0,0.14513463221799686,285.07573383082706,101553.54112254761
2016-11-11,Swat,0.44179389376936534,0.14486977341546395,284.3772574603843,101666.93905749208
2016-11-12,Swat,0.0,0.14489584899356991,284.0815886119668,101945.44671267469
2016-11-13,Swat,0.0,0.14262912557630056,282.9528612989808,102060.00771816017
2016-11-14,Swat,0.0,0.1405334849116117,282.98998548649314,101862.90815981214
2016-11-15,Swat,0.0,0.1387654341687267,282.92789674267584,101857.55214285426
2016-11-16,Swat,0.0,0.13724573655236386,283.23465372919776,102020.36930420206
2016-11-17,Swat,0.0,0.13583918793180053,283.9284327924633,101910.46189000328
2016-11-18,Swat,0.0,0.13454500543929307,284.59386731292204,101588.01697130252
2016-11-19,Swat,0.7574726060655631,0.13342789176115877,285.59254682210064,101358.37384667672
2016-11-20,Swat,7.7261875583376085,0.1330085186185067,284.59761111390253,101569.07587298469
2016-11-21,Swat,0.07273483576619141,0.16236844541818962,283.1663008956871,101692.59196361361
2016-11-22,Swat,3.9460569956931772,0.18381840910475147,284.0421743297745,101620.53401721688
2016-11-23,Swat,0.0,0.1815223450558668,284.49642594364076,101577.80447909233
2016-11-24,Swat,0.8435159362089155,0.18034687880163114,283.21859094327726,101957.39397267226
2016-11-25,Swat,4.572720780373851,0.17800128018814748,283.29051463447286,101834.37342328575
2016-11-26,Swat,1.4815494258157778,0.17807922658438943,283.4590236679421,101759.8226894586
2016-11-27,Swat,0.0,0.17355870613436453,282.8944667646679,101745.7708301297
2016-11-28,Swat,0.0,0.1689592353813967,283.3091108998966,101605.97577186655
2016-11-29,Swat,0.0,0.16536199732779874,284.5184187819271,101744.77215847459
2016-11-30,Swat,0.0,0.1662547870924846,283.1566837103768,101986.95763914737
2016-12-01,Swat,0.1686697514106789,0.16313148766194188,281.9307407612476,102087.44371251694
2016-12-02,Swat,0.13217442036987198,0.1596556775514625,283.1552157171459,102017.0461622665
2016-12-03,Swat,0.0,0.1565093170827629,283.28777019797474,102027.77976711969
2016-12-04,Swat,0.0,0.1537762779533796,282.8337691140337,102053.28414570114
2016-12-05,Swat,0.0,0.1513173208726873,283.16751560867453,101850.95006338216
2016-12-06,Swat,0.0,0.14899729925954225,283.9437130137419,101946.8161858286
2016-12-07,Swat,0.0,0.1468390225064845,284.33335648697357,101769.68578468465
2016-12-08,Swat,0.0,0.1451383135591401,283.15088763493225,101701.23424778033
2016-12-09,Swat,0.0,0.14371712106140747,282.4780789414957,101462.57869508548
2016-12-10,Swat,5.536505212085744,0.2467586343162118,280.63479448646353,101456.98858260624
2016-12-11,Swat,0.6687771836915317,0.3248394809253486,280.2847732811851,101676.9364316585
2016-12-12,Swat,0.0,0.3213110202781609,278.5875229779371,101699.16879542466
2016-12-13,Swat,0.0,0.29875134036014195,279.21071201500916,101821.61190851714
2016-12-14,Swat,13.646061481093103,0.2796403520221782,279.99319577612533,101879.12532829239
2016-12-15,Swat,0.1944054937913775,0.26671179141043416,280.5358421309999,101716.70142915956
2016-12-16,Swat,0.04518401773670049,0.2565526548050921,279.3018328366907,101922.78872510232
2016-12-17,Swat,0.0,0.24801918031514078,278.9431323952844,101878.4406587397
2016-12-18,Swat,0.0,0.24048277048597558,278.8964882932698,101958.15296682272
2016-12-19,Swat,0.0,0.23384864589609597,279.3107522809095,101992.37417294581
2016-12-20,Swat,0.0,0.2276355763332378,280.5609162879664,102010.6216730672
2016-12-21,Swat,0.0,0.22209145919959675,281.2905048242664,101771.79026741911
2016-12-22,Swat,0.0,0.21681082719133932,280.2355342875364,101797.81597135101
2016-12-23,Swat,0.0,0.21231643313841425,279.46899089907663,101514.61265033671
2016-12-24,Swat,0.11433981106270391,0.20831204844888326,277.9171176336429,101321.65588427514
2016-12-25,Swat,0.0,0.2045097547228538,277.43626173398246,101839.76535690285
2016-12-26,Swat,0.0,0.20097975981131685,278.97054774029465,101788.68523280935
2016-12-27,Swat,0.0,0.197534103559864,280.27850513039766,101759.45715227301
2016-12-28,Swat,0.0,0.19403812999956485,282.24113032126377,101669.62586650989
2016-12-29,Swat,0.00694085402449961,0.19068905758353694,282.6748105458658,101750.94943613616
2016-12-30,Swat,0.02200710433465478,0.18746144902765685,280.6489418491909,101844.86528299909
2016-12-31,Swat,0.0,0.18446506963481188,279.0036615447261,101807.49981081451
2017-01-01,Swat,0.0,0.18168306863734895,278.0504974680686,101948.44992933361
2017-01-02,Swat,1.7975286654931415,0.17923322703114417,279.8875837201625,102119.67694506931
2017-01-03,Swat,12.871954409686891,0.2697450862437752,277.6808727417989,102092.8079729535
2017-01-04,Swat,4.774166755737396,0.3906367808268115,275.40076835388015,101964.78595636792
2017-01-05,Swat,0.054052893320204805,0.3702180244056948,276.0383379948143,101707.65448890581
2017-01-06,Swat,0.27812486835842676,0.3973631173160329,274.4157189529919,101423.60391467229
2017-01-07,Swat,0.0,0.3882575367044722,273.1467898452187,101544.23650004847
2017-01-08,Swat,0.0,0.36967414707266705,271.14560104133466,102008.67278349496
2017-01-09,Swat,0.0,0.3585218650439723,269.8370861874022,101946.074921493
2017-01-10,Swat,0.0,0.3509479585976677,272.4376387022846,101824.89139539958
2017-01-11,Swat,0.0,0.3456029634991206,269.5211861753143,101765.46249524507
2017-01-12,Swat,0.0,0.3416076254962759,269.0447826464741,101771.3602437861
2017-01-13,Swat,0.0,0.3380862428914894,271.48619160877587,102002.05745345225
2017-01-14,Swat,3.523516889921204,0.3361200258975671,274.3173694167859,102332.89287701518
2017-01-15,Swat,6.911650703949721,0.34811250836756014,274.6338368116897,102147.54998922547
2017-01-16,Swat,0.0,0.361102210445845,274.21600990334906,101979.53141237568
2017-01-17,Swat,0.2356951252470713,0.3583988602094743,275.1371294385487,101878.18772510035
2017-01-18,Swat,0.5367945575147566,0.3793412840171981,272.8410731274061,102633.88912163301
2017-01-19,Swat,0.0,0.37179363769460794,273.96534536766467,102804.35168364944
2017-01-20,Swat,0.03547301381645977,0.363874950859905,276.3910527161229,102509.90782544955
2017-01-21,Swat,3.241442909847091,0.36341007932111563,279.2461358086146,102273.4124936264
2017-01-22,Swat,1.453973586910721,0.36529007288567983,278.3686139490217,102471.18830960238
2017-01-23,Swat,24.995311969667032,0.37588631988301097,277.89420425362476,102320.79065793035
2017-01-24,Swat,20.609675425779823,0.39828082551299254,277.8614217620539,102304.2640978584
2017-01-25,Swat,13.518002003038632,0.4193014933446058,276.6752229707818,102161.42121411538
2017-01-26,Swat,9.41052786274037,0.4149323179119088,277.3204742594738,101935.18308423906
2017-01-27,Swat,1.8591591291388392,0.39648366886502695,278.3049714819551,102033.3477760084
2017-01-28,Swat,14.686862352045733,0.3901562971741872,278.1674000647231,102184.39534502568
2017-01-29,Swat,0.0,0.39021753782936125,279.7584933399985,101853.50821186342
2017-01-30,Swat,2.0149616785736995,0.4152631255467258,278.09730614917765,101741.91126973793
2017-01-31,Swat,0.0,0.40494477589225286,278.5472903364799,101797.43076772874
2017-02-01,Swat,0.14246086371273395,0.38959661875641,279.3201337576372,101814.04117464942
2017-02-02,Swat,15.609074924596433,0.3811722493958214,280.0010762566472,102101.3259857878
2017-02-03,Swat,31.72941180043353,0.37959788303502157,280.0649688092142,101855.42517031751
2017-02-04,Swat,18.72630813642103,0.41176805839228575,277.7734317475529,101303.00739087934
2017-02-05,Swat,0.0,0.41764628610723437,276.26377990801086,101634.07081100873
2017-02-06,Swat,0.0,0.3996213376184376,276.37808362280396,101895.10855730397
2017-02-07,Swat,0.0,0.38881944555948444,278.9862316368126,101793.98934288898
2017-02-08,Swat,0.005165324902626333,0.39369591951681526,277.0734079810425,101752.92258621586
2017-02-09,Swat,0.0,0.38825662183907206,276.6144002746904,101875.31588915136
2017-02-10,Swat,0.0,0.3777188562457423,278.63963050769814,101725.13194042572
2017-02-11,Swat,0.0,0.37128639844851025,278.45820618332385,101828.90550615713
2017-02-12,Swat,0.0,0.365622077185352,278.13387835349033,102304.09902367133
2017-02-13,Swat,0.17114706071692282,0.3597789222129191,280.1274047211925,102515.89902655472
2017-02-14,Swat,6.610353834072006,0.35599332515093224,282.2917106395666,102390.09890454526
2017-02-15,Swat,0.8997465157741175,0.3667972004473938,280.3689020030624,102447.44086411223
2017-02-16,Swat,14.617003234586145,0.3650299504998933,282.56611583152784,102219.47176685062
2017-02-17,Swat,11.867536184883377,0.36871548685509375,283.7478149075307,102201.53286768748
2017-02-18,Swat,23.021888083748422,0.4135720357150107,282.06317925796117,102122.1884176
2017-02-19,Swat,0.34139767848274805,0.4246331983189595,280.2245487468897,101504.2766349367
2017-02-20,Swat,0.0,0.4033574315663816,280.25014101140965,100931.83205135731
2017-02-21,Swat,0.0,0.3961075623639766,278.35648958428305,101051.32517011506
2017-02-22,Swat,0.0,0.3853078778541571,277.8674331408247,101694.3203393096
2017-02-23,Swat,0.0,0.3750506946126086,277.88984816217976,101832.31885794691
2017-02-24,Swat,0.0,0.3669459318782013,279.32024573602587,101949.286999923
2017-02-25,Swat,0.0,0.3597794646321031,279.89673961406953,101729.52999019674
2017-02-26,Swat,0.0,0.35233298713384115,279.62687832610885,101534.07032969863
2017-02-27,Swat,0.028455529522002757,0.3452550399692838,281.6921808693622,101731.14959916958
2017-02-28,Swat,0.0,0.34344130893983793,281.8864236693121,101840.34463092643
2017-03-01,Swat,2.462620770565769,0.37055363533085633,279.2855951641471,101739.70152122312
2017-03-02,Swat,0.39558384338137337,0.3775124146905467,278.4344194745611,101678.87846932764
2017-03-03,Swat,0.0,0.3658546576725884,278.4134999145462,101447.23146336473
2017-03-04,Swat,0.0,0.3541961086481117,278.7083868345579,101458.1576564978
2017-03-05,Swat,0.0,0.34382466092456926,279.6590879106601,101431.6226162124
2017-03-06,Swat,0.0,0.3353737371882025,280.3997998090282,101307.83143372236
2017-03-07,Swat,7.505169750051098,0.34462855241889045,278.245849928491,101341.24601698818
2017-03-08,Swat,0.8873877618029483,0.3696321166561096,278.28423782237167,101165.478404529
2017-03-09,Swat,1.750160840226923,0.3999316065579546,276.8583587124212,101138.47065450066
2017-03-10,Swat,0.0,0.3940504624213839,276.2921463842054,100982.92170377195
2017-03-11,Swat,0.0,0.3875933607050125,275.62780849827624,101353.90775109049
2017-03-12,Swat,0.0,0.3755232943846545,277.7286096375255,101700.24081059395
2017-03-13,Swat,0.0,0.3638213410606437,278.284399480722,101661.05491816468
2017-03-14,Swat,0.0,0.3560292804026476,280.0823527159548,101952.46724157469
2017-03-15,Swat,0.0,0.35091263556800206,280.9672953964934,101834.02944843823
2017-03-16,Swat,0.0,0.3500843223873026,280.61854354612785,101497.49490337368
2017-03-17,Swat,0.007468700310523911,0.34924229639351717,280.3933740705772,101374.79356324257
2017-03-18,Swat,0.7737506895060052,0.34198070506651695,281.3118043913921,101342.95320188823
2017-03-19,Swat,0.0119353813592326,0.33438035323049253,281.736698693651,101641.06308905476
2017-03-20,Swat,4.299718923054128,0.32244398602470214,284.7984546279891,101618.07129813603
2017-03-21,Swat,15.385404204044068,0.3732897426390296,281.71458295589355,101946.52771415375
2017-03-22,Swat,11.526657985365045,0.4243987045140713,283.1308541804094,101771.43624222002
2017-03-23,Swat,0.05378574591594697,0.40094543895527723,284.43187417775795,101622.4461289314
2017-03-24,Swat,0.27588655639201853,0.38275561006001685,286.16701018392763,101577.29841478754
2017-03-25,Swat,2.4392453582517852,0.3705613147004859,286.19826057341686,101545.00021194838
2017-03-26,Swat,2.25356628711953,0.35807988930442136,288.62749543997296,101641.1783528319
2017-03-27,Swat,1.1517990829065539,0.3484357201990161,288.9025722555407,101594.13358568179
2017-03-28,Swat,5.273316494686593,0.3684931361759004,287.81294469508055,101667.9049173552
2017-03-29,Swat,0.0,0.3704874852397101,288.51549809743705,101441.47256810668
2017-03-30,Swat,0.0011303696142565473,0.35454511983616344,289.01096435206915,101369.07596176016
2017-03-31,Swat,5.139504674107039,0.36899513911018395,286.86712548586297,101509.36622487976
2017-04-01,Swat,0.0,0.35531958836756916,287.09126592792114,101338.10074303346
2017-04-02,Swat,1.0788614584654086,0.34105356785689833,287.1947292329239,101098.12833022066
2017-04-03,Swat,11.677586018253786,0.33073486852081374,288.540713362944,101161.07772715398
2017-04-04,Swat,11.187919406152348,0.39682171208318645,285.3264132138086,101225.23417696221
2017-04-05,Swat,4.944057792661534,0.4239492117210474,283.9151063670405,100762.00070565159
2017-04-06,Swat,0.639770122860931,0.4231248313418624,282.43298531743625,100660.16303841985
2017-04-07,Swat,0.8995527788042001,0.4219004757740056,280.3680473100072,101492.69030085542
2017-04-08,Swat,0.0,0.39731321281632226,281.9415860207009,101752.27979645862
2017-04-09,Swat,0.0,0.3780998758259251,283.1747446572592,101688.95889465096
2017-04-10,Swat,0.0,0.36165965210746015,285.3166753145528,101452.33420979141
2017-04-11,Swat,0.0,0.3466310436159818,287.85524756346456,101324.22299680905
2017-04-12,Swat,0.0,0.3321110512380881,289.46757269676976,101253.0789955566
2017-04-13,Swat,0.0,0.3192644164030336,289.73253249356384,101236.44845100598
2017-04-14,Swat,0.0,0.3064905829578177,289.83340870216307,101128.9943203891
2017-04-15,Swat,0.0,0.29345225146524134,290.9786934838449,100934.58334884582
2017-04-16,Swat,0.0,0.2807130276695645,292.2412822299423,100925.07830280391
2017-04-17,Swat,0.0,0.2682107764272099,293.0822662191649,101039.45819683978
2017-04-18,Swat,0.16320476709625056,0.2575340469208697,293.65238778874414,100852.63280162435
2017-04-19,Swat,0.034397684550245965,0.25693738719755704,293.22005180340693,100696.22023110969
2017-04-20,Swat,5.535931210785099,0.2697569551033287,293.4421304248106,100775.41541411378
2017-04-21,Swat,2.489862662014837,0.27868475568158524,292.33550355104757,100830.82711558913
2017-04-22,Swat,12.627166772792567,0.3685255470445892,288.37222304267993,101061.58938330592
2017-04-23,Swat,0.059959294885602435,0.3746095399219425,288.8036970852587,101049.81869278905
2017-04-24,Swat,0.0,0.39424359802419306,286.39947612967916,101250.50899566787
2017-04-25,Swat,0.0,0.3644329241964694,288.697087322904,100955.69105582689
2017-04-26,Swat,0.02865617826883471,0.3530185237213807,288.59495540084396,101089.51737218341
2017-04-27,Swat,0.0,0.33963311403558494,289.5787523796716,101219.18452993978
2017-04-28,Swat,5.443831920461687,0.3251467319904996,290.58241736323265,101071.18539215
2017-04-29,Swat,0.0,0.3251648542209932,287.9237943247286,101270.76725836867
2017-04-30,Swat,0.0,0.31403279599096023,288.02841543742454,101204.61439752016
2017-05-01,Swat,0.0,0.2941385702618749,288.9722122900348,101336.61674766896
2017-05-02,Swat,0.506186571537709,0.2827315989927623,289.6524803879507,101512.08770137631
2017-05-03,Swat,16.824180994404607,0.276997193375563,288.45092279046264,101442.91187573841
2017-05-04,Swat,0.0,0.2657114644748202,290.016245124267,101419.63978378216
2017-05-05,Swat,7.167521450147447,0.2515326743670484,292.3018078458066,101196.7700546715
2017-05-06,Swat,5.472174966550256,0.24001618555051188,293.8743178388927,101271.58813766633
2017-05-07,Swat,0.9478665834617245,0.23015454809430524,293.901744851853,101201.91032912194
2017-05-08,Swat,3.396244942449196,0.2327478963664685,293.60270270135044,101048.6386362762
2017-05-09,Swat,1.1461456630895979,0.22840058748885206,294.0443407247852,100852.49685820598
2017-05-10,Swat,3.296025912216525,0.2209843172826303,293.3296934335466,101177.36898779694
2017-05-11,Swat,0.0,0.2243888442130166,292.76763738688396,101294.85310329923
2017-05-12,Swat,0.7847450193225273,0.2326934524070632,293.8200835920854,101226.40481188681
2017-05-13,Swat,2.6257664735923356,0.24042450635427295,293.8887344659709,100981.88319340016
2017-05-14,Swat,0.638192119435218,0.23855683340110295,294.2672936953271,100770.75778290813
2017-05-15,Swat,7.045372365334483,0.26480534852483073,293.4870362332485,100697.81927779705
2017-05-16,Swat,3.7716543183838755,0.32731947192410704,291.86937949813046,100688.28287628689
2017-05-17,Swat,4.141399449727707,0.347207703605264,291.0822725963212,100779.4120914808
2017-05-18,Swat,0.0,0.31376044075894516,292.74982932921273,100723.09821179259
2017-05-19,Swat,1.9407331746881653,0.2947580419094147,293.46208363865145,100754.84851302234
2017-05-20,Swat,0.49903772809613567,0.2783966460055019,293.29556112303743,100625.23247960437
2017-05-21,Swat,0.7649967036862728,0.26577079242982626,293.0808890195326,100737.06958357945
2017-05-22,Swat,0.0,0.2534881059195698,292.70435520718206,101027.9420558795
2017-05-23,Swat,0.4868311725833992,0.24145596682962966,293.9014318312783,100892.50539507382
2017-05-24,Swat,4.034118843401247,0.24219176797223496,294.6251487701881,100740.05924110323
2017-05-25,Swat,0.3851056756018942,0.22973184014294976,295.43317277893016,100575.39148493392
2017-05-26,Swat,0.0,0.20969365700462345,296.2986550109075,100390.98679444939
2017-05-27,Swat,0.0,0.19194078063108572,297.0555331317956,100252.07561095778
2017-05-28,Swat,0.0,0.17843012894297353,296.4108218890882,100245.34744189878
2017-05-29,Swat,0.0,0.16710012576843697,297.08092052422205,100210.53594549227
2017-05-30,Swat,1.9646540345500043,0.16129331137878328,296.088106435898,100083.17008380812
2017-05-31,Swat,0.0,0.19280836584164923,293.4644274517051,100513.11779931767
2017-06-01,Swat,0.0,0.1850296245972076,293.80393621715626,100716.48923590305
2017-06-02,Swat,0.0,0.16991003079867026,296.1752806803298,100601.26677705854
2017-06-03,Swat,0.0,0.15693569233777527,298.67835098013904,100347.3393220988
2017-06-04,Swat,0.0,0.14721477150444925,300.75969854925796,100119.8444784146
2017-06-05,Swat,0.7111454446764441,0.1456868877487251,299.48916294376943,100318.74363800616
2017-06-06,Swat,0.0,0.16091810615846894,296.70647307645396,100619.86704232283
2017-06-07,Swat,0.0,0.1641337050271073,296.34204621447606,100766.99055868381
2017-06-08,Swat,0.7302723079297503,0.16523639304718143,295.3493205412202,100640.89149328033
2017-06-09,Swat,0.04875249645625007,0.1826301770532027,294.4223439753422,100599.19125437037
2017-06-10,Swat,5.68843533965829,0.19484776142625887,293.79474485126184,100650.54723237835
2017-06-11,Swat,0.6476655085774774,0.18483851020721837,294.48845797662466,100529.12256689265
2017-06-12,Swat,3.9391086990053914,0.17526127572791195,295.57496683256414,100318.96863643808
2017-06-13,Swat,0.0,0.1784235950692964,295.9274897816556,100316.95362199112
2017-06-14,Swat,0.0,0.17418044504181307,296.961715738029,100475.20709359508
2017-06-15,Swat,0.0,0.16009756601983552,297.8886366150155,100334.60848294492
2017-06-16,Swat,2.3737540208431573,0.1497662824063701,298.8237426448698,100313.47644919106
2017-06-17,Swat,0.0,0.1504159302041361,298.420408429001,100322.34006417128
2017-06-18,Swat,0.0,0.16685588056210382,298.0179349740864,100169.97458085798
2017-06-19,Swat,2.7788363047789058,0.19479249510066843,297.5004923558877,100066.78103046387
2017-06-20,Swat,9.062134907450861,0.2887101271220753,294.16888333891114,100164.50119303187
2017-06-21,Swat,5.953491702277828,0.3254846738999956,293.1873190281879,100430.11659111045
2017-06-22,Swat,0.0,0.29339253653254455,294.5061149124994,100449.37041579315
2017-06-23,Swat,0.0,0.2571259816322966,296.98365114018867,100353.35734024446
2017-06-24,Swat,0.0,0.23041824417306073,298.26062715445505,100129.31416726008
2017-06-25,Swat,2.7460933712425732,0.2496171806370275,296.99457316728103,100293.85705444291
2017-06-26,Swat,0.0,0.3204677780864189,295.4651566164304,100495.56834249245
2017-06-27,Swat,3.324564430218043,0.3143736307341615,296.31259041217845,100405.50658684118
2017-06-28,Swat,5.875769949819195,0.38688735250159917,294.08029885902135,100502.61881429263
2017-06-29,Swat,0.0,0.37032895617843337,295.13484806026327,100361.97975159032
2017-06-30,Swat,0.0,0.34702390997034704,295.4184347504246,100151.8538393016
2017-07-01,Swat,0.0,0.3266473453968828,296.86449720100353,100018.99243637505
2017-07-02,Swat,0.0,0.3124099566453389,296.76883089581605,100089.59385116861
2017-07-03,Swat,0.0,0.3100660950370292,296.3861626999842,100092.85297456203
2017-07-04,Swat,6.141046166184564,0.3068783741638879,296.52357197887386,99969.78855311556
2017-07-05,Swat,0.0,0.3223568641962034,296.11218334756876,100103.56482839765
2017-07-06,Swat,0.0,0.31099489035785405,296.7827137014445,100249.57910937136
2017-07-07,Swat,0.0,0.2991482315212496,296.61868439091995,100490.36008090453
2017-07-08,Swat,0.0,0.2812698867343219,297.8481022655307,100402.828470491
2017-07-09,Swat,0.0,0.2720130357387562,297.89330102009365,100321.24020054658
2017-07-10,Swat,42.321581307224406,0.3127006730126959,297.52991645433656,100235.28343802605
2017-07-11,Swat,21.72558540495027,0.402052440517961,295.5411139515212,100317.75050356715
2017-07-12,Swat,20.413306989089048,0.3999669742935162,294.9243364612487,100482.98073570884
2017-07-13,Swat,0.0,0.38677090531394187,294.6588358089889,100621.86085863895
2017-07-14,Swat,10.826623627998165,0.3608075169827339,296.4308342290696,100520.23021823095
2017-07-15,Swat,0.0,0.36330099930280013,296.31464001476525,100456.44427324441
2017-07-16,Swat,20.29417889984756,0.3590579489579373,296.24956644096847,100398.5003376505
2017-07-17,Swat,19.350011455472032,0.37177403136010867,296.27900176920105,100407.48483152372
2017-07-18,Swat,0.8211486489077583,0.37286108594254225,295.95301320366605,100518.63203400689
2017-07-19,Swat,0.0,0.35658764969101386,296.3701863154318,100394.79152064644
2017-07-20,Swat,0.0,0.3483935101149809,296.63275329924664,100185.93174021284
2017-07-21,Swat,0.09990227154133371,0.37298767257964255,295.77020273123463,100312.03424560514
2017-07-22,Swat,8.059719173607748,0.38772101882222676,295.688150324952,100383.59852465679
2017-07-23,Swat,0.0,0.38803690677002184,295.3744294969305,100344.03570091697
2017-07-24,Swat,0.0,0.384318248862355,295.7870515203018,100160.24883504235
2017-07-25,Swat,0.0020726664191586907,0.3780796909082189,295.7053367910481,100204.31909240547
2017-07-26,Swat,0.39350773312628756,0.3744176847972515,295.57033615260866,100389.21226559201
2017-07-27,Swat,8.231635359608767,0.371104925938754,295.7918619797057,100560.92987213285
2017-07-28,Swat,36.314954509152805,0.3926177318095102,295.50763598315507,100648.26322578422
2017-07-29,Swat,13.354648386873652,0.4079572121114463,295.61548798539167,100667.43890194526
2017-07-30,Swat,9.37106552205531,0.40251628361532277,296.0774255224179,100438.26980630234
2017-07-31,Swat,0.758757018653953,0.4077391804704767,296.1146638178594,100373.53053625477
2017-08-01,Swat,10.286393957327313,0.42437718156866844,295.49255242735114,100407.5011523114
2017-08-02,Swat,6.787910095334509,0.41981815009756335,295.08782173025077,100338.91609852006
2017-08-03,Swat,12.141611129607975,0.41177111119570564,295.63643624128116,100045.36511581793
2017-08-04,Swat,0.37329361037308934,0.40027987182443314,296.2596361599161,99998.61680356468
2017-08-05,Swat,0.0,0.38684575510651237,296.8377990342695,100276.16098646565
2017-08-06,Swat,0.0,0.3814169445015404,296.75345721443364,100431.65588452794
2017-08-07,Swat,0.0,0.3818107398411239,296.49751993294774,100516.99644518476
2017-08-08,Swat,0.0,0.3867882004030344,295.8367808097857,100555.19360780735
2017-08-09,Swat,42.09868419680188,0.39453280838741955,295.8685893621788,100401.82681435945
2017-08-10,Swat,1.2882150462123798,0.3894033710801194,295.6733855844059,100280.65007365076
2017-08-11,Swat,2.1913071252045513,0.39092736206792367,295.6034104269228,100202.65778219998
2017-08-12,Swat,0.0,0.36912267000495813,296.42062638989853,100111.39500332838
2017-08-13,Swat,15.41659824590915,0.36614824124803375,295.30437868974445,100496.44489391443
2017-08-14,Swat,0.0,0.39322285060044176,293.23937538021687,100869.83143018134
2017-08-15,Swat,0.0,0.3628484505571844,294.8485449364755,100636.52085061625
2017-08-16,Swat,0.0,0.34354509377945985,294.5918500725044,100409.85648612768
2017-08-17,Swat,0.0,0.3267827057100802,295.4561064123032,100313.75035231996
2017-08-18,Swat,0.0,0.31322716030805975,295.8306831824742,100472.41187978524
2017-08-19,Swat,0.30793212571508866,0.31785904859855074,295.4492324619691,100796.36502678947
2017-08-20,Swat,0.0,0.3299484643591702,295.07957477197635,100788.6467006863
2017-08-21,Swat,0.0,0.3319623176049184,295.0146469506993,100615.74660376665
2017-08-22,Swat,0.0,0.32723796002686045,295.2034781975287,100640.20479048963
2017-08-23,Swat,0.0,0.3313076742114753,294.92879434065014,100683.9488900781
2017-08-24,Swat,27.6838849582454,0.3367606622876084,294.4230505251001,100631.1556412173
2017-08-25,Swat,0.0,0.3636925396704209,293.17541223395244,100598.13349513573
2017-08-26,Swat,0.0,0.3460203021118647,293.82352211988706,100486.93835032282
2017-08-27,Swat,0.0,0.3221816351158832,294.42647830442706,100482.52506707475
2017-08-28,Swat,0.0,0.30669274386175893,295.0189735789426,100666.77808519005
2017-08-29,Swat,0.0,0.3358001692929768,294.5374639632689,100813.66937638597
2017-08-30,Swat,0.0,0.32677651711329025,294.72423349904693,100853.64837932789
2017-08-31,Swat,0.0,0.3403997770658099,294.69475298822084,100732.2501626286
2017-09-01,Swat,0.6413873714597809,0.3628314714556185,293.5850276931376,100572.46000067776
2017-09-02,Swat,0.18201384372557416,0.3528671473152452,293.31041776816045,100633.37632227494
2017-09-03,Swat,0.0,0.3469790123868675,292.9360316499862,100767.31285156113
2017-09-04,Swat,0.0,0.34095403524365026,293.84772324190817,100891.83851300215
2017-09-05,Swat,0.024961691135192955,0.34349199550456194,293.6771481944043,100857.47487930565
2017-09-06,Swat,0.38263683482879607,0.35610076998730833,293.37597698247197,100898.99648059376
2017-09-07,Swat,0.0,0.3438405877497966,293.16371978054894,101000.89052484297
2017-09-08,Swat,0.0,0.3212860760967725,294.0507267743019,101037.42987466203
2017-09-09,Swat,0.0,0.30836783139102825,294.8723037099403,100810.56127408822
2017-09-10,Swat,5.90672696997917,0.36938402330542036,292.8735396324178,101095.50624539684
2017-09-11,Swat,2.0445388410610774,0.3748373134345085,291.9207250364833,101227.22680151102
2017-09-12,Swat,0.002382717288791999,0.345847485441534,292.8997359565367,101163.76648063419
2017-09-13,Swat,0.0680043676362696,0.3300804538231377,292.490303892832,101120.09251422428
2017-09-14,Swat,59.32882773567832,0.3200036176224803,292.39430645817714,101175.20090864661
2017-09-15,Swat,0.0,0.3046199469011791,292.3788253340166,101072.6035254257
2017-09-16,Swat,0.05739496248924408,0.2909153017386994,292.03953419766776,101032.43998065653
2017-09-17,Swat,0.0,0.2783173785623934,291.9762063251657,100956.80724352715
2017-09-18,Swat,0.0,0.26493850167996785,293.1419262243502,100832.62003362842
2017-09-19,Swat,1.3603952229476437,0.25209431974131963,293.620876189047,100747.98180885588
2017-09-20,Swat,0.0,0.24195998640734603,293.45958455358357,100707.50835805223
2017-09-21,Swat,0.0,0.23777463122315803,292.88393410435646,100736.05215246524
2017-09-22,Swat,0.0,0.2339303093446822,292.78542267743984,100836.65587795204
2017-09-23,Swat,0.0,0.22425089812069574,293.1148663500569,100967.3085195175
2017-09-24,Swat,0.0,0.22104910018021673,292.04704409301064,101124.09422169904
2017-09-25,Swat,1.3784793859131876,0.21789451355914422,292.45660670433193,100947.89611567819
2017-09-26,Swat,1.357961447249959,0.20936389396875182,293.39613407458575,100998.38506325067
2017-09-27,Swat,0.0,0.20058492892923135,293.4732785967182,101033.08632067643
2017-09-28,Swat,0.0,0.19258401455304347,293.3558690096846,100960.90083696868
2017-09-29,Swat,0.0,0.1856771666896575,292.8250618764544,100988.80327392032
2017-09-30,Swat,0.0,0.1796528192162184,292.8680028732325,101155.83497614437
2017-10-01,Swat,2.913142845287863,0.18131954616668597,292.0713633921851,101099.10388406878
2017-10-02,Swat,0.24792630803901888,0.17767812053415255,292.36071533200584,101078.73383577085
2017-10-03,Swat,0.0,0.17112846806339368,293.00467583797325,101121.31180320057
2017-10-04,Swat,0.3208731109663968,0.1669581885222925,292.5726781022784,101286.4431687351
2017-10-05,Swat,0.12377762417057073,0.17426875904811084,291.7317277235116,101393.82658622398
2017-10-06,Swat,0.0,0.17670292240786503,291.25148709429794,101419.84569673867
2017-10-07,Swat,0.0,0.18417819577211694,290.4812639408047,101291.0871097923
2017-10-08,Swat,0.0,0.18152478008638084,290.4154242221917,101187.60539249408
2017-10-09,Swat,0.3047603517843127,0.17531765385537096,290.6024881549374,101204.01462317682
2017-10-10,Swat,0.0,0.1694131346073182,290.8541049288538,101145.99206812092
2017-10-11,Swat,0.0,0.16574372044951813,290.77746822514774,101205.29979169366
2017-10-12,Swat,0.0,0.16193415802238073,290.5824743476476,101107.64218957389
2017-10-13,Swat,0.22598518873411874,0.15999450946230584,289.8636045446361,100907.67165344044
2017-10-14,Swat,0.0,0.15708877079944844,289.52456782357024,100949.5026182459
2017-10-15,Swat,0.0,0.1536768740239527,288.8547315246493,101066.46967240561
2017-10-16,Swat,0.0,0.15036246536970985,289.19040422679234,101166.98543803013
2017-10-17,Swat,0.0,0.1472819435740158,289.8137325467087,101219.38797362127
2017-10-18,Swat,0.0,0.14457674014242455,290.15352199289777,101291.88959029713
2017-10-19,Swat,0.0,0.1434266592006798,289.24816487382395,101311.34994000694
2017-10-20,Swat,0.6442552901699037,0.1419331717329318,289.06219263955774,101328.32528645912
2017-10-21,Swat,0.0,0.13993660575480316,289.32943847814977,101001.2251977341
2017-10-22,Swat,0.0,0.1442209277098006,287.216309422126,101053.59609559627
2017-10-23,Swat,0.15052047412290265,0.14889229492871164,286.72828034635126,101447.32365561968
2017-10-24,Swat,0.0,0.1469387321320266,286.9417674673791,101540.0544993262
2017-10-25,Swat,0.0,0.143988892358681,287.4484352825338,101653.47879756942
2017-10-26,Swat,2.2673303670798877,0.14169025072263705,286.8706486993511,101753.79653001472
2017-10-27,Swat,0.8299515685218838,0.1398597103999305,286.6066681136342,101695.37759725342
2017-10-28,Swat,1.2391991688776087,0.1385613675216134,286.446791458525,101650.09103589656
2017-10-29,Swat,0.20830469217300093,0.13740071322389547,286.55509583220646,101896.55124472907
2017-10-30,Swat,0.0,0.1362844048899501,286.4631263870363,101803.5017309964
2017-10-31,Swat,0.0,0.1353824119267773,286.5935760449345,101638.38754163087
2017-11-01,Swat,0.0,0.13461576085517366,286.70526965549243,101774.09879073045
2017-11-02,Swat,0.0,0.13392947698759433,286.8767767339983,101641.85401508215
2017-11-03,Swat,0.0,0.13325800106288124,287.1267658583013,101702.70032085646
2017-11-04,Swat,0.0,0.13267672014708304,287.2285565818986,101974.3357146759
2017-11-05,Swat,0.0,0.13214332280633473,287.68353098448654,101883.44708194051
2017-11-06,Swat,0.0,0.13162204883176987,287.60688520525736,101708.58091143884
2017-11-07,Swat,0.0,0.13307269778067377,287.4550714509573,101730.64057997985
2017-11-08,Swat,0.0,0.1409506834582327,286.6089649621765,101736.86784357896
2017-11-09,Swat,0.0,0.14289083901444974,285.880630264427,101667.73246746408
2017-11-10,Swat,0.0,0.14144645362498412,285.528567691853,101787.19345833063
2017-11-11,Swat,0.0,0.13961744978957205,285.3970619091624,101748.67445884847
2017-11-12,Swat,0.0,0.13808529085762392,284.6718076307673,101479.78009465338
2017-11-13,Swat,0.0,0.13684918292900164,285.22235535892435,101251.44497535525
2017-11-14,Swat,9.13391393557576,0.2288577548145422,282.51989553222336,101489.25716046766
2017-11-15,Swat,10.189076849022538,0.334225205289275,280.7904339546779,101846.14369192909
2017-11-16,Swat,0.3291609806219298,0.30906013310028263,280.1829497026446,101879.9415755811
2017-11-17,Swat,1.6121352348814204,0.305796846954995,279.2179895591783,101878.98708733282
2017-11-18,Swat,0.49079352994508374,0.3006876892875611,279.18765687663097,101902.89989205291
2017-11-19,Swat,0.0,0.2826617705243997,279.770394338213,101917.6629736719
2017-11-20,Swat,0.0,0.2682086982822966,279.49851358145634,101956.38192221533
2017-11-21,Swat,0.0,0.2567846235296076,279.21952701563515,101774.59322392274
2017-11-22,Swat,0.0,0.2475793023565192,279.30727339516903,101713.60822218262
2017-11-23,Swat,0.0,0.2407470206543766,279.1376428396136,101557.58656676921
2017-11-24,Swat,0.187355856193984,0.23447572234169164,281.85509486275964,101756.31901020584
2017-11-25,Swat,0.0,0.22944197804515606,282.6163898736702,101754.7028875064
2017-11-26,Swat,0.0,0.22439101419849464,281.7555550687605,101961.30543336614
2017-11-27,Swat,0.0,0.21895260518421547,280.9227499137254,101562.95062006288
2017-11-28,Swat,2.527958234638758,0.21438637863676693,281.24653190025714,101604.04692912525
2017-11-29,Swat,0.0,0.21050826196220665,280.4526046717444,101925.14628134204
2017-11-30,Swat,0.0,0.20634918863719529,280.2667893935792,101810.76623277091
2017-12-01,Swat,0.0,0.20218439968812676,281.05522500661897,101718.96033630491
2017-12-02,Swat,0.0,0.19836947197719448,280.7356345613164,101832.22233516583
2017-12-03,Swat,0.0,0.19572399401670623,279.45488246548985,101847.6985969418
2017-12-04,Swat,0.0,0.193035343601623,278.6319883892144,101677.95238570965
2017-12-05,Swat,0.0,0.1903754878793085,277.93197622800056,101810.33794241062
2017-12-06,Swat,0.0,0.1877623330429264,279.0282331592825,101718.5776429311
2017-12-07,Swat,0.0,0.1849649161065332,281.0395053018311,101857.08667931946
2017-12-08,Swat,6.102570766675401,0.1823463526389272,283.61618303204693,101669.12426349182
2017-12-09,Swat,3.3792160968025007,0.1807594633169823,282.0098606038689,101644.1487030678
2017-12-10,Swat,0.0,0.17895553164696315,281.20131899098766,101717.69708472265
2017-12-11,Swat,6.165998920972448,0.31225832550616245,277.51988707196205,101599.65606157326
2017-12-12,Swat,0.0,0.3812059137379617,275.75421024904045,101840.83105130459
2017-12-13,Swat,19.05923970422012,0.36869525803422293,274.2490373196889,102162.48285316976
2017-12-14,Swat,3.997831603731965,0.3579580553856652,275.1399271663886,102285.20148581403
2017-12-15,Swat,0.0,0.351738203411519,274.8373024226564,102443.28585823423
2017-12-16,Swat,0.0,0.34298984962255985,274.3542416476745,102493.71087629287
2017-12-17,Swat,0.09151880185248033,0.3378059205831178,277.4517728345373,102580.18834577031
2017-12-18,Swat,0.10716438304648936,0.3359601617519373,280.0281437653984,102553.13340307225
2017-12-19,Swat,0.0,0.33356554398837246,281.8392110132982,102325.8043394796
2017-12-20,Swat,0.33488933053502606,0.33471853842897814,279.2383390278621,102441.79103503661
2017-12-21,Swat,0.16409422089959458,0.3298351625153127,277.4837891425547,102441.94678576915
2017-12-22,Swat,0.11102054576550521,0.32192455009639853,277.9901008736657,102224.43939564841
2017-12-23,Swat,0.0,0.3157088268928427,279.70586641847973,101653.17585674707
2017-12-24,Swat,0.0,0.3101966270929156,278.7154926768227,101826.69726227375
2017-12-25,Swat,0.21974567992422697,0.3047504004541715,278.9813824602303,101993.53638507023
2017-12-26,Swat,10.04154518507441,0.30084436659441516,279.9644053736614,101857.02445475124
2017-12-27,Swat,0.0,0.29694923162859127,278.8068554945427,101805.75221711207
2017-12-28,Swat,0.0,0.2919086059997116,277.03497498949343,101995.27872179414
2017-12-29,Swat,0.0,0.2871500950727595,277.59692273569124,102114.77660129814
2017-12-30,Swat,0.0,0.2828647087387221,277.2583800441236,101988.70320214114
2017-12-31,Swat,0.0,0.27919406113455836,276.5476446128985,101730.21550071423
2018-01-01,Swat,0.0,0.27577070740299997,275.5349001889965,101520.60283140832
2018-01-02,Swat,0.0,0.272927269534294,275.79432567275035,101587.1000363701
2018-01-03,Swat,0.0,0.27015504500815707,275.91758809646444,101598.76642043889
2018-01-04,Swat,3.198560007084159,0.27214210793720534,276.6822898828771,101652.78981241296
2018-01-05,Swat,0.0,0.3158086883373015,274.5631789109759,101845.28955367401
2018-01-06,Swat,0.0,0.3136428678965951,274.61074110569547,101618.7245401377
2018-01-07,Swat,0.0,0.30641680308106745,275.1650521215407,101638.67580970365
2018-01-08,Swat,0.0,0.30033396689672365,276.27595651782536,101860.8219094479
2018-01-09,Swat,0.0,0.29512518636035406,277.28568965621196,102123.54230925647
2018-01-10,Swat,0.0,0.28993833980840017,277.3952992839695,102060.503953167
2018-01-11,Swat,0.0,0.2850591325754228,277.36895982791566,101748.62894760266
2018-01-12,Swat,0.0,0.2800733858416211,276.8208328907037,101649.92905772477
2018-01-13,Swat,0.0,0.2753010800378602,276.981206629699,101691.3532580874
2018-01-14,Swat,0.0,0.270775922092145,276.72816659767466,101818.3836258963
2018-01-15,Swat,0.0,0.2663738329935132,277.49937795033276,101790.66712487659
2018-01-16,Swat,0.2574495743978111,0.2624841522910353,279.4181176543879,101316.99929915373
2018-01-17,Swat,0.0,0.30570703816220623,276.15850374598705,101838.2551684559
2018-01-18,Swat,0.0,0.3084724679067787,277.5279571107921,101919.503028485
2018-01-19,Swat,0.0,0.2982034871457472,278.0215898161187,101903.20414250408
2018-01-20,Swat,0.0,0.2892587634100429,279.7227246151943,101627.88923393023
2018-01-21,Swat,0.0,0.2816814248394392,279.2655127316405,101417.58489040396
2018-01-22,Swat,0.0,0.2752912946541716,278.65120837206956,101288.56446469614
2018-01-23,Swat,0.0,0.2740359622436181,277.6694757956422,101254.51482121459
2018-01-24,Swat,0.0,0.270845706657342,276.6706823512856,101555.38215313294
2018-01-25,Swat,0.0,0.26523334062248555,276.35461933189043,101320.06616584779
2018-01-26,Swat,0.0,0.260116021268086,276.1636202637845,101463.71335922573
2018-01-27,Swat,0.0,0.2564746401973687,276.439763672137,101525.64582481822
2018-01-28,Swat,0.0,0.25721749231596047,277.8990726956905,101655.9040523628
2018-01-29,Swat,0.0,0.31364166155781176,278.3134807242237,101890.84323530419
2018-01-30,Swat,0.0,0.3351018057977165,278.2809963230848,101940.3389095835
2018-01-31,Swat,9.211218134127874,0.33780858467988994,278.0749286966442,101744.19671343359
2018-02-01,Swat,0.0,0.3451332286298864,277.8759261636623,101806.82035903759
2018-02-02,Swat,0.0,0.3268514506779582,277.9219844452191,101477.06638285465
2018-02-03,Swat,0.0,0.3227711411343301,275.753435731563,101948.19296488029
2018-02-04,Swat,0.0,0.3122452866159285,276.90785637415587,101833.58205338063
2018-02-05,Swat,0.0,0.3022977516388128,277.26431653743157,101952.88230412724
2018-02-06,Swat,0.0,0.29414159768667136,276.95518499559586,102031.95186216163
2018-02-07,Swat,0.0,0.2865382888808596,277.2076543119919,101553.11412588217
2018-02-08,Swat,0.0,0.2797990802222861,276.9118936321898,101529.11185894453
2018-02-09,Swat,0.9007576499097512,0.2740387093509231,278.1094761321661,101587.24849435668
2018-02-10,Swat,3.7629123285676638,0.2790691802373215,277.9288925010062,102081.26022714398
2018-02-11,Swat,22.407730347032135,0.31872206619211485,278.2055705042082,101964.86058371291
2018-02-12,Swat,22.810813542178636,0.39867099597012146,274.1058598829097,102027.51827056152
2018-02-13,Swat,0.32813020811334387,0.389571709030671,275.91497462508465,102791.58642260384
2018-02-14,Swat,3.083597716132311,0.38370661093504865,278.68607170103485,102488.61629038649
2018-02-15,Swat,4.3987294386140885,0.3889442866907034,280.0338192163714,102200.86939019557
2018-02-16,Swat,0.0,0.387943202739373,278.953688263678,102015.90536553254
2018-02-17,Swat,0.0,0.38061926646806205,278.1771924989142,101517.4314840031
2018-02-18,Swat,0.0,0.3723810951868258,278.35618172275184,101451.26758969612
2018-02-19,Swat,0.47107299782658707,0.36401723338293646,279.56602580437186,101678.55522293535
2018-02-20,Swat,5.560267868538755,0.36501047324028957,281.1972121112196,101622.85573393837
2018-02-21,Swat,0.0,0.382769886472014,280.54334612353864,101621.81422265002
2018-02-22,Swat,2.1689372173019894,0.36392952617889884,280.4212912622151,101458.55051555566
2018-02-23,Swat,7.344733857325856,0.3515053914909999,282.1574239082989,101538.55744434704
2018-02-24,Swat,3.0632542041820043,0.3905017589570034,278.40774966725496,101941.61427712931
2018-02-25,Swat,1.9725815877330437,0.3731047205799583,281.21748963545906,102076.32744135242
2018-02-26,Swat,5.488836042106605,0.35894471174415027,284.6832600351232,101620.51705805461
2018-02-27,Swat,1.4302982989765096,0.3703747286143016,283.41547725528085,101629.9771925281
2018-02-28,Swat,0.057049357426811394,0.35254051665599434,284.4972693981443,101591.4179342262
2018-03-01,Swat,12.19310443637292,0.3642171498944873,283.95728718240196,101398.94290493775
2018-03-02,Swat,5.887069057370862,0.42698812671530323,280.1548652746487,101417.71160066083
2018-03-03,Swat,2.269383574895201,0.41742646341059264,280.15555741632653,101291.36506928029
2018-03-04,Swat,3.5143951105389903,0.4007937092449529,280.61136283772754,101367.99804668529
2018-03-05,Swat,0.041822542118120774,0.3862834387115672,280.594022248119,101706.18720762242
2018-03-06,Swat,0.0,0.37108072393286606,281.84313455182115,101675.67244559142
2018-03-07,Swat,0.0,0.35749420829523576,282.4981552521352,101525.67579629869
2018-03-08,Swat,8.846242430573728,0.3474754564970542,283.8810260915795,101748.51955439233
2018-03-09,Swat,2.465122955329922,0.34230923156860077,282.65228345067965,101878.3259223044
2018-03-10,Swat,0.0,0.33167051020376287,283.5584083968659,101696.99751732001
2018-03-11,Swat,2.5172289560818997,0.32130247509200227,284.81366585969397,101511.74457331083
2018-03-12,Swat,9.860727312264672,0.339032124200489,284.2243396779369,101657.1292273342
2018-03-13,Swat,13.972802557700259,0.423042854807927,282.8852541357276,101585.19115143121
2018-03-14,Swat,6.0156502942321985,0.4199669197506769,282.0352304100826,101359.26252089135
2018-03-15,Swat,0.002098682919411209,0.4009821655483544,282.0882486511975,101380.594030996
2018-03-16,Swat,0.0,0.3853903780357401,281.9969118015102,101457.20415337973
2018-03-17,Swat,0.0,0.36941729050195515,283.0598656547132,101482.54946618332
2018-03-18,Swat,4.922584640933067,0.35743692271219296,284.92865207940946,101598.939154867
2018-03-19,Swat,0.9832724462597018,0.34683668062971906,285.2090099057918,101829.26528836116
2018-03-20,Swat,1.3887870583044415,0.3381265766863744,286.3052253345655,101465.52137618758
2018-03-21,Swat,1.218208125988814,0.3356538741482356,284.78813004260337,101317.83553080182
2018-03-22,Swat,0.001695487269918662,0.33633346446058254,284.00067871377195,101409.66782622859
2018-03-23,Swat,7.865275840528641,0.34286129565847523,284.65504736363454,101484.59597621717
2018-03-24,Swat,1.6267402113350378,0.3344256337574289,285.462767860511,101781.51709169321
2018-03-25,Swat,0.0,0.31648108688713955,287.266231223821,101829.22541271766
2018-03-26,Swat,0.0,0.30182400301581364,288.5035889668657,101466.74599068439
2018-03-27,Swat,0.25220339729484187,0.2938217159298699,287.5693232467475,101287.81666410368
2018-03-28,Swat,0.0,0.28859362878609746,287.4318205669709,101403.01204767474
2018-03-29,Swat,0.0,0.2754146104951536,288.0793748143197,101216.89973650608
2018-03-30,Swat,0.0,0.2625360356646951,289.6829873104088,101113.70073792445
2018-03-31,Swat,0.0,0.25072303818572145,291.1310091671871,101083.30465386137
2018-04-01,Swat,0.0,0.24045146190989058,290.5005483445677,101317.68724201976
2018-04-02,Swat,11.912375857558425,0.2656917514801232,289.91323153540145,101457.67854985794
2018-04-03,Swat,4.517216010942574,0.29976135021814304,288.8681641213873,101476.53733226223
2018-04-04,Swat,0.0,0.2825059621420804,289.260707585013,101083.5550279326
2018-04-05,Swat,0.13296444120656872,0.26274170011533754,289.7222056670377,100892.16968596217
2018-04-06,Swat,2.654451787145661,0.24569742906547304,290.29081642617,101077.76776421213
2018-04-07,Swat,5.613875980170955,0.2327372351424159,290.0870657767732,101237.12363523411
2018-04-08,Swat,16.068407901705992,0.3152002696873025,288.28904142629506,101498.5254664382
2018-04-09,Swat,9.559853375751118,0.39471380671005574,287.31116010280624,101553.59004671966
2018-04-10,Swat,5.27149651147358,0.40280086570396484,286.4080384843834,101342.06943283805
2018-04-11,Swat,0.0,0.3940780523808295,284.6425836809629,101332.51768960027
2018-04-12,Swat,0.0,0.36665076663616136,285.23553640034294,101320.27136935874
2018-04-13,Swat,0.0027461723455579545,0.3444519965490961,287.0337330121457,101344.5326772374
2018-04-14,Swat,0.0,0.32734143313959974,288.45465908219074,101203.20345556866
2018-04-15,Swat,9.592616641234702,0.3222265531175253,290.06051769684916,101263.89453011182
2018-04-16,Swat,11.509038473951634,0.41373573534655905,285.6031701770896,101618.06525128274
2018-04-17,Swat,2.1314497602241014,0.4172094772742121,285.7141660878864,101719.32914629803
2018-04-18,Swat,5.718653024757715,0.41190784327184976,286.1414832550361,101383.1774261266
2018-04-19,Swat,13.83244836712096,0.4241789522312729,285.1788490018819,101014.14761929806
2018-04-20,Swat,14.90435832916595,0.42098570153523557,280.69134446779003,101001.84243683024
2018-04-21,Swat,0.0,0.39468661399913024,283.99975672165107,101450.61112294221
2018-04-22,Swat,0.0,0.3745890248557258,286.54798607525345,101419.92195391153
2018-04-23,Swat,0.0,0.3558362080302764,288.77650734873663,101222.10383120808
2018-04-24,Swat,0.0,0.33870704910881105,290.7476979163804,101050.4238490541
2018-04-25,Swat,0.04540881852718634,0.32831473254145815,290.406380837896,100895.83058390518
2018-04-26,Swat,0.0,0.3181710252744656,290.6392352075895,100918.74531841837
2018-04-27,Swat,0.0,0.3036318938127809,290.99114159565073,101089.44981703628
2018-04-28,Swat,0.0,0.2919254485136512,290.75333858262627,101097.94301318831
2018-04-29,Swat,0.0,0.2780957566592809,290.96251612875506,100711.81432331282
2018-04-30,Swat,0.0,0.2629678712755706,291.8528631884349,100578.96598708277
2018-05-01,Swat,2.476529953949748,0.25237999831820856,292.05557217537694,100846.7944649086
2018-05-02,Swat,4.3750628324498,0.252873419964059,291.2860982775866,100986.47703293443
2018-05-03,Swat,1.4227970175908429,0.2739240447182307,289.2492227630373,101293.29793676548
2018-05-04,Swat,0.0,0.2678760852867441,290.19928690002126,101273.03505596647
2018-05-05,Swat,2.5301728868164943,0.2681659941898815,290.4716835386699,101232.55171693396
2018-05-06,Swat,14.532013508280066,0.34075653968396136,288.5392515767724,101289.75036496611
2018-05-07,Swat,2.234143502876886,0.38202948801139297,287.05420770871217,101136.8415708261
2018-05-08,Swat,6.378831702533103,0.35597877171469566,288.228013332342,100945.74601774693
2018-05-09,Swat,0.0,0.3351900330474079,289.57679335709514,101158.07531175122
2018-05-10,Swat,0.0,0.31213994400637113,292.3834142722498,101174.07838753279
2018-05-11,Swat,3.5518254322434335,0.29176528534074164,294.9871025103971,100845.95803142899
2018-05-12,Swat,10.301550022576805,0.3089817424031829,291.77113768409305,101242.3873658503
2018-05-13,Swat,6.646470538332334,0.3409291096691362,290.596759058454,101171.95409596658
2018-05-14,Swat,8.662257306098532,0.3771765200311438,288.6589194281764,101110.17576063688
2018-05-15,Swat,0.3217842958332315,0.36722045404943676,289.6691867845618,101161.2898741259
2018-05-16,Swat,1.8976811982531847,0.35040738347014916,290.9244369095919,100963.80017487003
2018-05-17,Swat,2.289046684764558,0.339146943204368,291.46958430498483,100973.133213128
2018-05-18,Swat,15.576301822997639,0.36523947641198007,289.36551146430185,100989.98774265317
2018-05-19,Swat,0.0,0.35657378633514697,289.5752578941054,101111.36571574834
2018-05-20,Swat,0.0,0.33788710451363263,290.0654285519455,101256.24284737282
2018-05-21,Swat,0.0,0.3167230735812646,291.20438218741657,101216.54156844867
2018-05-22,Swat,0.6954616000975024,0.30211703400415985,290.9166799186505,101262.47486387742
2018-05-23,Swat,0.0,0.28504849765621987,291.1884926518264,101007.43480688916
2018-05-24,Swat,0.0,0.266230653512139,292.1278743733808,100852.37223050681
2018-05-25,Swat,0.0,0.2490688966446903,293.36450959775067,100829.21645979352
2018-05-26,Swat,0.8505403718456226,0.23717330382973437,293.6456829166219,100693.13417979497
2018-05-27,Swat,0.0,0.225237274593928,293.9211025008331,100674.11534800011
2018-05-28,Swat,0.0,0.21217169506379238,294.56214723781875,100302.47749198736
2018-05-29,Swat,0.0,0.2031270405812582,294.8105982822926,100339.09260755242
2018-05-30,Swat,0.0,0.19260602883105893,296.2473711608864,100454.1745812627
2018-05-31,Swat,0.10280139947038668,0.18338386312691374,296.62778042840756,100526.52855258941
2018-06-01,Swat,0.4457597742886813,0.1759317613717545,296.97364903263014,100602.21045568405
2018-06-02,Swat,0.0,0.16613580564451375,297.7278527226245,100562.53123077788
2018-06-03,Swat,0.0,0.15721587297456316,298.67882684566445,100266.29682416271
2018-06-04,Swat,0.0,0.15085023225491628,298.74973698875283,100351.55032839354
2018-06-05,Swat,4.771340034606134,0.1513514756006305,298.9907882740073,100643.38679753512
2018-06-06,Swat,0.0,0.14818007970688063,298.65662851685295,100674.87149475739
2018-06-07,Swat,0.0,0.14293607876681,298.54462273490543,100278.23406213579
2018-06-08,Swat,0.0,0.14008628393380665,299.4442176697611,99904.68174274209
2018-06-09,Swat,0.7996017652245023,0.17666461097843825,296.5919250312216,99996.97507177907
2018-06-10,Swat,3.262621966936289,0.235686504668598,294.85347446653395,100100.041350936
2018-06-11,Swat,0.0,0.2436435719881051,295.84381282106614,99843.24353430828
2018-06-12,Swat,0.0,0.21798409559095158,297.52266903932735,99564.95939088351
2018-06-13,Swat,0.0,0.19135876470261134,298.6368875892454,99514.45930413119
2018-06-14,Swat,0.0,0.1708009490082557,300.0610230664132,99538.76151375692
2018-06-15,Swat,6.20770600353889,0.18512523976372816,296.4612572301434,100010.95392752069
2018-06-16,Swat,0.0,0.2026259800521944,295.1487621659255,100203.3816113746
2018-06-17,Swat,0.0,0.22005443979920492,294.3857758421061,100373.66582561749
2018-06-18,Swat,0.0,0.2215711619624037,294.5381684839311,100395.36179697854
2018-06-19,Swat,0.0,0.21211728459264284,295.6764689777116,100390.75204537818
2018-06-20,Swat,0.0,0.20004261650837857,295.78366702237435,100583.90735729142
2018-06-21,Swat,0.0,0.1888154556447475,296.20524671150866,100560.89536121274
2018-06-22,Swat,6.910080715946851,0.17882862231233493,295.99507280889173,100533.42327062212
2018-06-23,Swat,0.0,0.17774817216150218,296.1258834104801,100452.92445404305
2018-06-24,Swat,0.0,0.1728242740995212,296.14921741262685,100302.03513538386
2018-06-25,Swat,0.0,0.16531110328819956,297.22379140081887,99921.05100495927
2018-06-26,Swat,0.7721947593383922,0.16671561499124726,297.39350634673934,99958.52223435124
2018-06-27,Swat,0.34242316699297376,0.16709295954921358,297.3236110702936,100362.72397586911
2018-06-28,Swat,0.0,0.16642469079910735,296.55669271679517,100540.33623822386
2018-06-29,Swat,0.0,0.17624711134625493,295.9877274527332,100556.8566525502
2018-06-30,Swat,8.832063648313163,0.17685876193199843,297.1669087714855,100457.54238943262
2018-07-01,Swat,0.0,0.16573570963465925,298.6954354097417,100111.84698132824
2018-07-02,Swat,0.0,0.1729259796621746,298.1720730407983,99839.18640940137
2018-07-03,Swat,0.0,0.26110988958083076,294.1567746232734,99976.14818913079
2018-07-04,Swat,0.0,0.327895291249073,293.235263116064,100181.52159825292
2018-07-05,Swat,0.0,0.3083523453881622,293.70754608264116,100423.20732223641
2018-07-06,Swat,0.0,0.2707869690589187,296.1464280632515,100254.16933819478
2018-07-07,Swat,0.0,0.23644256709118958,297.6366093642647,100152.48696947125
2018-07-08,Swat,0.0,0.2082979979539724,299.34761360623594,99993.71190264937
2018-07-09,Swat,0.0,0.18944758702630446,300.07911248759586,100041.6801672925
2018-07-10,Swat,0.0,0.19509453187762799,298.49694440030026,100106.57142763198
2018-07-11,Swat,0.8786686743956366,0.27386769925571464,297.19518011900925,100023.1956215703
2018-07-12,Swat,21.31243860852417,0.33885574917139416,296.4079799196805,100004.09347557982
2018-07-13,Swat,6.310784855411923,0.3367201265340455,295.7193437889541,100170.17456937529
2018-07-14,Swat,0.0,0.3100897959128804,297.5138831811822,100038.09614137515
2018-07-15,Swat,22.267755993920222,0.34820246272208677,296.4142717212657,100140.44505983112
2018-07-16,Swat,22.560536770973584,0.3501615280694258,295.9552366622531,100171.97882589677
2018-07-17,Swat,12.495839413868225,0.36033759425405687,295.5449513780713,100278.43084385822
2018-07-18,Swat,0.0,0.3822039906209092,295.291147163782,100344.56213832185
2018-07-19,Swat,0.41679443418159534,0.3533962413842136,296.5440396624402,100273.33001027867
2018-07-20,Swat,6.976863595333984,0.3617332073844264,296.3588406252631,100208.01617004628
2018-07-21,Swat,1.742562782344158,0.34239808426859164,297.405286262267,100150.98317741539
2018-07-22,Swat,38.14693109115964,0.39123697077216724,295.8522178784882,100197.01246701891
2018-07-23,Swat,33.045604352516634,0.41933947942132066,294.5865634471688,100317.24897111426
2018-07-24,Swat,0.0,0.4026838202765018,295.88559740945345,100311.84598861044
2018-07-25,Swat,27.82701705826532,0.39606159667596585,296.3494077721169,100052.71762222184
2018-07-26,Swat,20.61918683771277,0.41343285636157123,295.1048022048554,100145.21491924707
2018-07-27,Swat,0.0,0.40808614414085836,294.36938271798385,100195.91067638359
2018-07-28,Swat,0.0,0.38943133754059794,294.88705770995637,100223.66064805626
2018-07-29,Swat,0.0,0.37211433039412684,294.5085610075995,100281.42814265385
2018-07-30,Swat,0.0,0.3486450633973662,295.35391974945946,100151.24230940825
2018-07-31,Swat,0.0,0.32705406343665344,295.9529160847389,100052.15223107334
2018-08-01,Swat,0.005265958697648673,0.32264612245566365,295.6007608157253,100122.7696226812
2018-08-02,Swat,0.47928308453409035,0.32983013003521355,295.66641777494897,100305.61202460823
2018-08-03,Swat,0.0,0.3112757607662688,297.37561401549027,100219.17764743301
2018-08-04,Swat,0.0,0.30365849443816606,297.8893827799397,100199.2073227423
2018-08-05,Swat,0.0,0.3086166570786267,298.13100116808386,100074.58544480841
2018-08-06,Swat,35.86594252064742,0.37046880037769864,295.9976332227093,100065.29683503832
2018-08-07,Swat,8.387236129940796,0.4157944240979867,294.1336411565432,100356.21843410067
2018-08-08,Swat,5.805564536339465,0.41746977661054396,293.6793279663774,100643.06713200893
2018-08-09,Swat,0.0,0.40049655656650834,295.61718111333465,100782.55516248701
2018-08-10,Swat,0.0,0.38444920043737807,296.476377039547,100500.31295272993
2018-08-11,Swat,4.49101797218919,0.37882938498421126,297.14049408092484,100002.04600823701
2018-08-12,Swat,7.639017139774305,0.41607275857888043,295.86865874634645,99760.47073290651
2018-08-13,Swat,0.8528564411074284,0.41531735429211414,294.3650222762552,100071.61360410454
2018-08-14,Swat,0.0,0.3980226771641917,295.1764412208253,100265.24795816262
2018-08-15,Swat,0.0,0.38455744302288086,295.61929181570764,100470.58343028658
2018-08-16,Swat,8.565529084467283,0.3792618792248996,295.9168568233584,100641.854510303
2018-08-17,Swat,18.634647940928637,0.3900242298865598,295.69732063245533,100385.13449088864
2018-08-18,Swat,13.725620770725325,0.3920079744937473,295.3030884596073,100365.07689048884
2018-08-19,Swat,3.718911034711462,0.37254889995988194,296.20067080033044,100277.79365429434
2018-08-20,Swat,4.6693234679505125,0.3614190292313115,296.6019781365981,100404.99112801072
2018-08-21,Swat,0.0,0.3661126024366682,296.294304849539,100420.80677283976
2018-08-22,Swat,13.761883347907185,0.3846192267970546,296.0019972095413,100321.73291134174
2018-08-23,Swat,0.0,0.3669999174786795,296.18859701315,100319.16081068493
2018-08-24,Swat,1.8769951693511284,0.3695925734269457,295.55498541403716,100240.29842869825
2018-08-25,Swat,0.0,0.3674148329989481,294.8404679410832,100222.812929714
2018-08-26,Swat,0.0,0.35663421314542537,293.90075702307655,100319.6267990324
2018-08-27,Swat,0.0,0.33872111403228244,294.93014346152177,100511.23654810364
2018-08-28,Swat,0.0,0.3182349519677023,295.6062775080561,100592.27547073795
2018-08-29,Swat,0.0,0.30633249887663205,295.65558553534686,100617.68397958207
2018-08-30,Swat,0.0,0.3011146063854383,295.3204645607233,100399.32720967603
2018-08-31,Swat,0.0,0.28959499210811024,295.82321408815693,100430.33530190762
2018-09-01,Swat,6.54303655420928,0.2841711641933844,295.4939278265011,100618.56157582383
2018-09-02,Swat,3.4349149671067534,0.29282438700619556,294.8656824643322,100627.05747495056
2018-09-03,Swat,0.0,0.2828760808112146,294.4843639968538,100694.50560727519
2018-09-04,Swat,0.0,0.27026942662700704,294.43883001838424,100685.59915771993
2018-09-05,Swat,0.0,0.2590522877260535,294.6154027401816,100617.97497212802
2018-09-06,Swat,0.0,0.24680546440053594,295.4544786549178,100601.89260765359
2018-09-07,Swat,0.0,0.2389738440059501,295.35665554915704,100818.3305560838
2018-09-08,Swat,0.0,0.23444923932656758,295.2553244286781,100891.78046518375
2018-09-09,Swat,0.0,0.23343497368136396,295.2692500967421,101017.66976613837
2018-09-10,Swat,1.507825869162241,0.23938740908707862,295.1621168836968,101076.09383346413
2018-09-11,Swat,0.0,0.23943639448132678,295.16612112762016,100930.47257974114
2018-09-12,Swat,0.0,0.22621916166489534,295.6229739956423,100541.75649578926
2018-09-13,Swat,0.0,0.22714351078680445,294.4461661391322,100570.39140172266
2018-09-14,Swat,0.24507024510549172,0.28440397125635697,291.5936076521056,101058.6769384934
2018-09-15,Swat,0.7880199115232877,0.2903239449949712,290.220761234554,101360.36591960318
2018-09-16,Swat,0.0,0.2722968456009746,290.4097843193014,101058.38093480885
2018-09-17,Swat,0.0,0.25306151291885304,292.36219913638615,100914.72757039311
2018-09-18,Swat,0.0,0.23518938439203194,292.90778017495313,100920.32698457579
2018-09-19,Swat,0.0,0.22042948418532596,293.36504421600296,100908.88013861114
2018-09-20,Swat,0.0,0.20777108150671,293.97517407912613,101006.55876232227
2018-09-21,Swat,59.78123464395707,0.20282911437967185,293.00377065343713,101325.17656973356
2018-09-22,Swat,0.0,0.19901902550562256,293.7709376797133,101326.55124295861
2018-09-23,Swat,0.0,0.20936424290938208,293.0559148339433,101258.58050018823
2018-09-24,Swat,0.0,0.21179316933983736,293.08914329316946,101130.99139914285
2018-09-25,Swat,0.06281327545216399,0.21516578039789067,292.10679284806383,101168.81342088812
2018-09-26,Swat,11.127689846946147,0.21910729048527822,291.7141658024851,101122.02811781695
2018-09-27,Swat,0.0,0.21901438484182414,292.1867414747804,101146.60228686783
2018-09-28,Swat,0.0,0.20788837666558707,292.17895327498707,101238.43759433969
2018-09-29,Swat,2.0438117248311367,0.20193530788518577,291.2342864746286,101452.34783772129
2018-09-30,Swat,4.679277854475335,0.20077068357220537,291.34101568409733,101308.41282191878
2018-10-01,Swat,0.627899576728544,0.19578780845121663,291.22203951669155,101311.5522930897
2018-10-02,Swat,10.503768087247712,0.19484527769678123,291.3444385695079,101370.91150116136
2018-10-03,Swat,0.0,0.20680153513597388,290.07414153620806,101397.65286868892
2018-10-04,Swat,0.14210866713956868,0.2212271349877272,289.07079580010304,101635.93748963012
2018-10-05,Swat,0.023360278415071697,0.23194607031745798,288.52812682204893,101718.25545881008
2018-10-06,Swat,0.0,0.22238457624473332,288.8796907259419,101520.30075279622
2018-10-07,Swat,0.0,0.20891046407240302,289.3159782925221,101398.75840029007
2018-10-08,Swat,28.271283417090117,0.24270605343968665,288.5207422891181,101339.16192505822
2018-10-09,Swat,0.0,0.3207149077080819,287.12316238439297,101466.99761317742
2018-10-10,Swat,0.0,0.2841137883752376,287.10673140261,101382.74116190226
2018-10-11,Swat,0.06410117481096704,0.26359625917643553,286.89158046967367,101601.26284361948
2018-10-12,Swat,4.420527480019002,0.25081878139799574,286.1739283841865,101768.99176512062
2018-10-13,Swat,0.11340832014823912,0.23901408227594495,286.64681608646765,101673.83045289174
2018-10-14,Swat,0.0,0.23104799856766972,286.4907614315336,101580.59481960602
2018-10-15,Swat,10.013298876253359,0.24501217837337103,286.58573616574324,101658.10888053795
2018-10-16,Swat,4.619853077657578,0.38658080446341486,284.2583444154186,101693.79805766206
2018-10-17,Swat,0.0,0.35371571395445756,284.58297247705883,101593.85827251399
2018-10-18,Swat,0.0,0.3279612659128021,284.7688412715977,101573.9786673148
2018-10-19,Swat,0.002078468166900755,0.31178788182618783,284.70207106133023,101754.19001404213
2018-10-20,Swat,0.0,0.2978585002498666,284.7775165833218,101875.75034675564
2018-10-21,Swat,0.18699405280085452,0.28524034187201397,284.8825684075799,101885.5278390972
2018-10-22,Swat,0.0,0.27433857340488854,284.64778223111506,101638.61462009113
2018-10-23,Swat,0.11424509455646786,0.2647535821851136,284.4623172170352,101690.35820574267
2018-10-24,Swat,0.12091767167940065,0.2563686694617442,284.6695909934111,101735.20919385739
2018-10-25,Swat,0.0,0.24877124672636236,285.19531567586824,101874.36937324978
2018-10-26,Swat,0.0,0.24158537648349246,285.23412148206603,102015.28014700819
2018-10-27,Swat,0.0,0.23479773184801536,285.64824759697103,102012.23203092112
2018-10-28,Swat,0.0,0.22830181870423497,286.25920045590755,101936.75841293624
2018-10-29,Swat,0.0,0.22247043008888792,286.4824289731929,101832.93589419979
2018-10-30,Swat,0.6373911792259653,0.21732687710087056,287.3076258214597,101816.11059104776
2018-10-31,Swat,4.6719867602777505,0.24631546664585566,287.18652627187856,101937.32744362878
2018-11-01,Swat,9.988274553115492,0.40676258561427625,283.93729555271415,101826.29875092057
2018-11-02,Swat,1.101797463489515,0.3882294897033999,282.88329026219134,101766.09682527545
2018-11-03,Swat,1.4263058955750678,0.3756075609636858,280.08244089310614,101733.30904331834
2018-11-04,Swat,0.0,0.3575819521778675,280.73566925206205,101877.4704966776
2018-11-05,Swat,0.0,0.34310407172451685,280.83093353544916,101904.29979548733
2018-11-06,Swat,0.0,0.33172115560283794,281.8635702039217,101844.40769974749
2018-11-07,Swat,0.0,0.3222826627008679,282.8182893303502,101706.70546098525
2018-11-08,Swat,0.0,0.3145101681996963,282.5403280368604,101760.38146113898
2018-11-09,Swat,0.0,0.30863308803898337,283.0627928146216,101624.86053414029
2018-11-10,Swat,0.0,0.30656467600224946,282.92213132034675,101782.17241321741
2018-11-11,Swat,1.0751868520327483,0.3023051157001489,283.069183778576,101861.03461082416
2018-11-12,Swat,5.145771204099599,0.3345294827125504,281.7407280389057,101740.00761977362
2018-11-13,Swat,0.0912708913354868,0.32735710537586554,282.2166843251702,101498.17438094865
2018-11-14,Swat,0.8453099324181516,0.3483257282792271,279.35223790699723,101668.92443406222
2018-11-15,Swat,0.0,0.33623932893159375,280.2458089327116,102020.57111147985
2018-11-16,Swat,0.0,0.3220997965897883,280.7732745487389,101671.35781371394
2018-11-17,Swat,0.03911558104964634,0.3117681692225648,281.3138974447341,101461.37188653318
2018-11-18,Swat,0.0,0.3036325786445302,281.5249275059445,101646.37222114865
2018-11-19,Swat,0.07446990798601745,0.3092614360297512,281.8196688037877,102092.28275716062
2018-11-20,Swat,0.0,0.30144784822745635,281.8113874141315,102069.50978503667
2018-11-21,Swat,4.4721901987797565,0.2938274505930399,282.88800961824575,101939.19367508453
2018-11-22,Swat,7.239517486775816,0.292802864966437,281.0376994048509,102137.67080210586
2018-11-23,Swat,0.0,0.2895535485078904,282.18885483643413,102307.24225022453
2018-11-24,Swat,0.46827144795929987,0.2830674326446717,283.9432881509953,101945.57425732056
2018-11-25,Swat,0.5014725105949809,0.2770477609509772,283.48850445463955,101872.35222034944
2018-11-26,Swat,0.0,0.2714884262968374,283.8051975709075,101822.6432354053
2018-11-27,Swat,3.4335456323737876,0.2685313444771422,283.2916533931526,102018.92718888597
2018-11-28,Swat,0.8404713109588605,0.27432499446249536,281.76638222564014,102191.1160662978
2018-11-29,Swat,0.20425847219337914,0.27533955341295335,281.0371497129521,102210.92778401094
2018-11-30,Swat,0.0,0.26884154304398095,281.4035646172316,102032.39337248898
2018-12-01,Swat,0.0,0.26332324313282796,281.0573047340021,101577.97334331181
2018-12-02,Swat,0.0,0.25872989723164164,279.6455500838385,101690.04045028161
2018-12-03,Swat,0.0,0.25448329492927274,279.3930048787732,101774.98410462656
2018-12-04,Swat,0.0,0.2505147214116825,279.3847323989073,101875.19214339038
2018-12-05,Swat,0.0,0.2470898976341889,279.61220415293513,101535.50764026029
2018-12-06,Swat,0.0,0.244179813113687,278.0036780898594,101686.30762290974
2018-12-07,Swat,0.0,0.24117069766571028,278.69231904034245,101661.10637307169
2018-12-08,Swat,0.022007486094599172,0.24243391617978693,279.56475073253824,101769.83925583329
2018-12-09,Swat,15.864920802846406,0.2660896919536421,279.764273570661,101618.85583333673
2018-12-10,Swat,7.167045390950554,0.37542189398296294,276.400439155699,101912.16178367492
2018-12-11,Swat,0.03573139682361493,0.3599483650083445,275.35408578668245,102002.9485564744
2018-12-12,Swat,0.0,0.35047275293707825,275.1283707251359,102086.99805047909
2018-12-13,Swat,0.0,0.33854216505918816,273.04317841813935,102355.38380370032
2018-12-14,Swat,0.0,0.3305848253671598,272.5664546634384,102593.80467232464
2018-12-15,Swat,0.0,0.32538896487579333,273.22155732355293,102508.58315510774
2018-12-16,Swat,0.0,0.32192250029403446,274.3827357153809,102456.29859107401
2018-12-17,Swat,6.160995659134593E-4,0.3188320642661682,275.7321815304448,102281.39104737923
2018-12-18,Swat,1.159492300969923,0.31535784745157946,278.1518665511398,101994.55589418965
2018-12-19,Swat,0.0,0.3112800651701041,277.6786848165775,101863.39936825202
2018-12-20,Swat,0.0,0.3069196669537498,276.10972252667216,101990.94307869501
2018-12-21,Swat,0.015622338184383666,0.3026308094292107,275.89111337875073,101853.85294345269
2018-12-22,Swat,0.06580909750805049,0.29883474626835144,276.29288408018266,101781.72833497557
2018-12-23,Swat,0.7401738346048499,0.2965306082153351,276.31203624697247,102022.53153049017
2018-12-24,Swat,0.09253531034104712,0.2943776282670137,276.07650756444855,101908.2024317414
2018-12-25,Swat,0.11278285213189383,0.29095274978037133,275.29986397076954,101718.58093546648
2018-12-26,Swat,0.3410566123345657,0.2886221026132094,274.37502896981135,101550.98528577122
2018-12-27,Swat,0.0,0.2864566922029574,274.38792694745325,101879.56738973613
2018-12-28,Swat,0.0,0.2841270303767874,276.23253207136895,101777.12906774055
2018-12-29,Swat,0.0,0.281771375962462,277.9490461243383,101955.94846795172
2018-12-30,Swat,0.0,0.27904579866283247,278.2479135323593,102231.74251402194
