Date,Location,precipitation_mm,soil_moisture,temp_2m,sea_level_pressure
2010-01-01,Islamabad,0.0,0.18311449434581847,283.3156904334464,101663.09584958048
2010-01-02,Islamabad,0.0,0.1817457661008509,283.98513722748964,101859.48428511953
2010-01-03,Islamabad,0.0,0.1829994979020441,282.58975268753915,101966.64752093193
2010-01-04,Islamabad,0.0,0.18273600612900187,282.3055875913591,101723.25060891386
2010-01-05,Islamabad,0.0,0.181458349278355,283.5058206281231,101323.129365067
2010-01-06,Islamabad,0.0,0.18019662091230884,284.2539190584332,101532.14791207196
2010-01-07,Islamabad,0.0,0.17918183343764266,283.28960249051136,101843.2907407434
2010-01-08,Islamabad,0.0,0.17823410262576966,283.5861500385645,101766.08508061542
2010-01-09,Islamabad,0.0,0.17722320608680514,283.7637605735199,101678.91135578186
2010-01-10,Islamabad,0.0,0.17623044686549233,283.63775106760255,101736.27588203699
2010-01-11,Islamabad,0.0,0.17536634594631637,283.15347224743465,101714.7360027966
2010-01-12,Islamabad,4.789288215826718,0.17458966368389195,283.9361729908036,101631.41828866075
2010-01-13,Islamabad,0.0,0.17418873523127393,282.95595369157854,101955.69813929562
2010-01-14,Islamabad,1.0863958077434843,0.17365436968250403,282.7601792014872,102320.29506104777
2010-01-15,Islamabad,0.0,0.17303860415024344,284.3724239619624,102228.6353835092
2010-01-16,Islamabad,0.009242039022566671,0.1723976470043854,285.60277808011597,102145.12060828866
2010-01-17,Islamabad,2.212345679310116,0.1718064191467055,285.67268270164953,102150.9269928607
2010-01-18,Islamabad,0.0,0.17140036759839034,285.06695086815836,102055.00798622164
2010-01-19,Islamabad,0.015645095029331958,0.17093873791213782,285.0802092129868,101861.66862438041
2010-01-20,Islamabad,0.0,0.1703768998703853,285.8397284068261,101943.91557910049
2010-01-21,Islamabad,0.13896551877456714,0.16983352500271726,286.15779891109565,101758.9105735017
2010-01-22,Islamabad,3.436859366632593,0.17012749977627012,285.4446797862325,101723.93390406866
2010-01-23,Islamabad,0.0,0.17051219588916314,286.70364729417395,101674.59790724052
2010-01-24,Islamabad,0.0,0.1704439881907774,285.96578158508026,101586.43713479374
2010-01-25,Islamabad,0.0,0.17055429870282612,286.18842557552335,101812.53128588114
2010-01-26,Islamabad,0.002459099248195973,0.17012916476357967,287.11533348106394,101781.11129695104
2010-01-27,Islamabad,0.0,0.17084269991762768,286.4409591796867,101738.56938065571
2010-01-28,Islamabad,14.331455071340736,0.2503075513732317,285.8941167484171,101660.71918625798
2010-01-29,Islamabad,3.3177945933581143,0.39297250336536643,282.5471587297096,101960.09203907278
2010-01-30,Islamabad,0.0,0.3577468256496258,283.4447078894492,101847.87758237746
2010-01-31,Islamabad,0.0,0.3359568796543366,283.45271722789744,101610.80633377006
2010-02-01,Islamabad,0.0,0.3221033363827413,283.47987146990334,101741.14271356747
2010-02-02,Islamabad,0.0,0.30976488128639434,283.4382122071831,101740.04245522316
2010-02-03,Islamabad,0.0,0.2976166189711608,283.6587419491241,101704.3787550873
2010-02-04,Islamabad,0.0,0.28652626871854875,284.79856018156147,101736.45401279218
2010-02-05,Islamabad,19.12548588091016,0.32992589352478646,283.78871161775834,101931.53887350226
2010-02-06,Islamabad,39.28403726490767,0.40232737833793025,285.2660132577805,101902.65855847277
2010-02-07,Islamabad,28.315738043438824,0.436361396130032,285.8758211745742,101637.62348339951
2010-02-08,Islamabad,20.754147472921943,0.4482395727847325,285.01212422899397,100517.91501281776
2010-02-09,Islamabad,0.0,0.4402647313469869,281.45617596822274,101105.00371352199
2010-02-10,Islamabad,0.0,0.41662649571820576,282.4411585303897,101924.22932641482
2010-02-11,Islamabad,1.6584335853033194,0.40280801727015986,283.47819439286064,101818.76780735592
2010-02-12,Islamabad,0.029557841508560147,0.3944203408557719,284.3257340001351,101831.77657727877
2010-02-13,Islamabad,1.5700814785765873,0.3847717536798019,284.1512575927676,101700.30971299337
2010-02-14,Islamabad,0.06370450774805103,0.40303286485832573,283.69595235236784,101410.23475619288
2010-02-15,Islamabad,3.7735441117770003,0.4405915572539818,281.8560460706022,101550.04633926948
2010-02-16,Islamabad,0.0,0.4198992392098634,282.68583803268103,101846.68069217239
2010-02-17,Islamabad,0.0,0.4046936912606586,283.21678926619023,101866.28072776929
2010-02-18,Islamabad,1.1829835655289076,0.39112160008631575,283.47200682960687,101538.96829562374
2010-02-19,Islamabad,1.0188800018289383,0.38122042282891094,284.3080320073359,101667.43102718158
2010-02-20,Islamabad,0.06290870679687345,0.3708803222183496,286.3481604568145,101594.54399811289
2010-02-21,Islamabad,0.37889894613665226,0.3606910831907689,287.6200714766743,101395.76951330938
2010-02-22,Islamabad,0.38423095205450203,0.3531940053368796,288.5020063746132,101291.4324578095
2010-02-23,Islamabad,0.0,0.3475729588580638,288.06468314934284,101195.84876874347
2010-02-24,Islamabad,7.062190292997277,0.35730226516232166,288.05457013068224,101223.755266359
2010-02-25,Islamabad,10.99400131146572,0.3721756594764307,286.8548976982385,101488.40148313512
2010-02-26,Islamabad,5.815384714574477,0.4300551607398717,286.7410858580968,101600.24787057779
2010-02-27,Islamabad,3.0629004084512634,0.42148826473300194,289.4437000759556,101454.82781556946
2010-02-28,Islamabad,11.92925638660533,0.4275315533233929,289.42299371896615,101219.6147760021
2010-03-01,Islamabad,2.3924988731508137,0.43466209727445376,287.14101951034445,101405.99249586482
2010-03-02,Islamabad,2.4234636454512613,0.41316894337661614,288.4860837056436,101362.65955568475
2010-03-03,Islamabad,13.849584978223412,0.4221493208690057,286.4227452829977,101079.20438119567
2010-03-04,Islamabad,0.0,0.4255701900332592,286.5979917444224,101170.861145966
2010-03-05,Islamabad,0.0,0.40515199863372015,287.43767937452685,101325.68526577635
2010-03-06,Islamabad,3.0857458574092864,0.4075370358262165,286.4543072152622,101397.69986798582
2010-03-07,Islamabad,0.0,0.4007618424638477,287.6701851564165,101599.59189945606
2010-03-08,Islamabad,0.0,0.38256760653128524,288.62853648575015,101500.1059026988
2010-03-09,Islamabad,4.438621674795646,0.36802601649115646,288.85787333360554,101655.54847934956
2010-03-10,Islamabad,2.3018316210310967,0.35518079690645676,289.574185768767,101669.09890693922
2010-03-11,Islamabad,0.0,0.34340243191875386,290.47422268703144,101703.91037953022
2010-03-12,Islamabad,0.0,0.33376061649104816,290.96598462474617,101642.55920888089
2010-03-13,Islamabad,0.13460334981373043,0.3237452228388809,291.1231749739601,101317.18307524956
2010-03-14,Islamabad,0.0,0.3120846194054967,291.3706451798393,100963.82806709278
2010-03-15,Islamabad,0.0,0.3004271481373341,292.2098940119488,100998.5832915312
2010-03-16,Islamabad,0.0,0.28970076622106555,293.37678925292465,101348.16942122635
2010-03-17,Islamabad,0.0,0.27945971998148494,293.7220745607362,101695.44572921877
2010-03-18,Islamabad,0.0,0.2689605274194369,294.4094586844999,101749.73420518625
2010-03-19,Islamabad,0.0,0.2585648910834471,294.6057384930069,101309.01565626277
2010-03-20,Islamabad,0.0,0.24896735922982666,296.0002037213596,101113.4729925026
2010-03-21,Islamabad,0.4014333054896977,0.24720771439958375,296.1196139544675,100865.89159023862
2010-03-22,Islamabad,2.552920316284879,0.24335015766032253,296.4624052201392,100357.27067287471
2010-03-23,Islamabad,0.0,0.24404191727249613,296.28947521924584,100260.12202186404
2010-03-24,Islamabad,0.0,0.23217500598148783,296.21946566838454,100622.76898574985
2010-03-25,Islamabad,0.1584455436630478,0.22134098854797551,296.37121750990315,100605.16279742283
2010-03-26,Islamabad,13.371858676227639,0.22521195605313887,295.23049298731786,100811.87155718534
2010-03-27,Islamabad,0.0,0.22337020988626835,295.0069347922981,101047.15199897118
2010-03-28,Islamabad,0.0,0.21284790502217502,296.0735400900421,100853.35933201361
2010-03-29,Islamabad,10.315147075997407,0.21543684131934032,295.37668018379526,100761.50056557226
2010-03-30,Islamabad,0.0,0.23707168300630338,293.26083396481533,100618.1210804278
2010-03-31,Islamabad,0.0,0.23661562251323345,293.5774739002508,100669.93091527495
2010-04-01,Islamabad,0.0,0.23435990094448303,293.2557859681987,100730.50714177106
2010-04-02,Islamabad,3.0261115696077736,0.2339136879594423,294.16317801982706,100975.57330626735
2010-04-03,Islamabad,1.98562214040457,0.23104035818381496,294.5789538317525,101189.64760903611
2010-04-04,Islamabad,0.0,0.22809977928454084,294.88291142473366,101236.19741350158
2010-04-05,Islamabad,0.0,0.2227862872435279,294.7871087666539,101269.60561920218
2010-04-06,Islamabad,0.0,0.21210250243312595,294.78238557208374,101114.3326186707
2010-04-07,Islamabad,0.0,0.20177749813153195,296.326969699479,101175.6576717464
2010-04-08,Islamabad,0.0,0.19398796622526518,297.91827736619626,101246.51959786103
2010-04-09,Islamabad,0.0,0.19407557884624407,297.72599965235554,100789.471245339
2010-04-10,Islamabad,0.0015519308548421174,0.1907610416867704,298.64030256466947,100383.05515963922
2010-04-11,Islamabad,1.3464242801606194,0.2064813093174698,298.8132248750506,100449.13807068799
2010-04-12,Islamabad,1.5953425360915283,0.21782143226979594,296.5393966157123,100725.7047979145
2010-04-13,Islamabad,0.0,0.2083134684648621,297.7599673636975,100814.08087363865
2010-04-14,Islamabad,0.036456315656523824,0.19586168214333857,298.95563707176353,100709.03608862712
2010-04-15,Islamabad,0.0,0.18683812813874998,301.26099443411823,100854.42956351463
2010-04-16,Islamabad,0.14871125985371467,0.18452610155046945,301.79195696519804,100761.44985626225
2010-04-17,Islamabad,0.0,0.181423898005087,302.9417848937296,100496.73260509982
2010-04-18,Islamabad,4.01876554455093,0.1933364325792784,300.0285209923885,100268.48290706995
2010-04-19,Islamabad,0.0,0.21330197597249997,299.2337254135707,100114.37166021043
2010-04-20,Islamabad,2.481846247296786,0.21584599354874498,296.7974555782128,100215.66366105735
2010-04-21,Islamabad,4.189969558300801,0.2286537376199001,295.03202305285623,100578.84333754433
2010-04-22,Islamabad,0.0,0.2317899333600044,294.8495721062581,100956.36271976323
2010-04-23,Islamabad,0.0,0.22004380919349942,295.7401451328945,100943.3630636539
2010-04-24,Islamabad,0.0,0.20430413250592624,296.9130443064857,100754.0922870436
2010-04-25,Islamabad,0.0,0.1934800857704228,298.47156421226026,100692.93708399178
2010-04-26,Islamabad,0.2906262914934185,0.1859125205241155,301.2173196682943,101022.63430387713
2010-04-27,Islamabad,6.232414376713461,0.1814627534140867,300.3935806620247,100987.48645077817
2010-04-28,Islamabad,5.607416680486786,0.18087345724814302,299.8754424226019,100992.5853328492
2010-04-29,Islamabad,5.991923945959786,0.18366819704968312,300.3885981539646,100856.47995096013
2010-04-30,Islamabad,4.823168935676447,0.19371362543654663,299.0967029294683,100997.65867997138
2010-05-01,Islamabad,0.0,0.19472685631142608,299.3946017878134,100989.98483115251
2010-05-02,Islamabad,0.0,0.1872739689669559,301.13441838982936,100560.3662322086
2010-05-03,Islamabad,0.591631867594925,0.17932543736435966,303.1982527606176,100309.91102183852
2010-05-04,Islamabad,2.1044436354823843,0.17872598662613556,303.2442038243793,100219.27964707153
2010-05-05,Islamabad,7.748177668693894,0.19219121053653834,297.94765720752264,100488.1164272458
2010-05-06,Islamabad,1.6179988955493014,0.21516839453943953,297.94570421311374,100558.29212874018
2010-05-07,Islamabad,10.992470989198672,0.26401246493700364,296.75516781383334,100561.45097213065
2010-05-08,Islamabad,0.0,0.26226172355339744,297.6445438151755,100653.22891111701
2010-05-09,Islamabad,5.889626435978525,0.24173753008196955,298.64018532137476,100315.78310551758
2010-05-10,Islamabad,1.4960199749370557,0.23442091823370484,298.5638530113024,100453.76930299611
2010-05-11,Islamabad,0.0,0.2210034791121492,298.71208449090744,100466.9019694847
2010-05-12,Islamabad,6.188800206023279,0.2042582877641082,300.5214564276429,100359.25438389572
2010-05-13,Islamabad,0.09527698427684028,0.21037559737096406,299.20359425338523,100365.34116762255
2010-05-14,Islamabad,0.0,0.20785565298438743,299.77021105934557,100288.92006140298
2010-05-15,Islamabad,0.0,0.19362823009064536,301.7828466370506,100315.51996590936
2010-05-16,Islamabad,2.1346444299333682,0.18575312734840987,303.31084780762234,100194.42563683724
2010-05-17,Islamabad,3.625389367191568,0.1845175129451558,299.87016394273746,100504.03529426815
2010-05-18,Islamabad,1.0052930785528629,0.19072004399795367,299.2116100253226,100629.77609910019
2010-05-19,Islamabad,0.0,0.18855371154740752,299.16104927179794,100568.26437342267
2010-05-20,Islamabad,0.0,0.17998745933177568,301.2193133852167,100298.95208231489
2010-05-21,Islamabad,0.0,0.17401150697402218,303.52647317557893,100190.59641586334
2010-05-22,Islamabad,0.157818292336609,0.17899869888437736,304.48290042065656,100175.91956581673
2010-05-23,Islamabad,0.0,0.189441696751458,303.33936635508996,100203.42212616811
2010-05-24,Islamabad,0.0,0.18264971907961744,303.59141350428513,99869.01906070951
2010-05-25,Islamabad,0.0,0.17501018313061445,305.07587046465164,99609.08128076549
2010-05-26,Islamabad,0.0,0.17039165222460312,305.9409977431519,99432.99913210231
2010-05-27,Islamabad,0.0,0.16990258849706313,306.07736262055374,99330.41351469068
2010-05-28,Islamabad,0.0,0.2548167804736927,298.1462642737099,99988.08540922996
2010-05-29,Islamabad,0.0,0.24076486713316386,300.2055733042817,100428.57045851146
2010-05-30,Islamabad,0.0,0.21453841908206123,301.47653878128904,100358.03405903267
2010-05-31,Islamabad,0.0,0.19431859561203796,303.62006908133606,100113.36570678062
2010-06-01,Islamabad,14.36047079555443,0.18222745016750058,305.0358361275761,100177.58508985207
2010-06-02,Islamabad,26.604453916368847,0.17851302130562416,304.95336887660955,100351.19317810413
2010-06-03,Islamabad,2.3160061253612767,0.18073127508008063,303.99969670216484,100423.68386143769
2010-06-04,Islamabad,0.0,0.19615289865826566,298.92177860960857,100571.71832866287
2010-06-05,Islamabad,0.0,0.19172405938924522,299.98339063143015,100310.61772926994
2010-06-06,Islamabad,0.0,0.1831779223828576,301.4172229278249,100157.4544682342
2010-06-07,Islamabad,0.0,0.1790001536883608,301.54088042800174,100134.52962007189
2010-06-08,Islamabad,0.0,0.179690590359845,300.9995386727811,100327.86319225763
2010-06-09,Islamabad,0.29715466825662085,0.1894002017058663,300.17133250920335,100495.26128799847
2010-06-10,Islamabad,0.0,0.18874039478737706,301.86183589154547,100454.01489139028
2010-06-11,Islamabad,0.0,0.18126012899756638,303.29238376241875,100282.33290287785
2010-06-12,Islamabad,0.0,0.18077594718975323,303.57378610635817,100156.04290391521
2010-06-13,Islamabad,0.0,0.18146514213168471,303.5090852367394,100117.56401660056
2010-06-14,Islamabad,0.0,0.1977381313698027,301.52670923305044,100275.13707347611
2010-06-15,Islamabad,0.0,0.21635564998041382,300.44727957333816,100222.8109620839
2010-06-16,Islamabad,0.0,0.2151690817839843,300.68811100229226,100185.04909572382
2010-06-17,Islamabad,0.0,0.20166314221204718,302.25509956109147,100198.51972682004
2010-06-18,Islamabad,0.0,0.1879215715776161,304.6638108588948,100236.88057472376
2010-06-19,Islamabad,0.0,0.17801790152283725,306.15671520867176,100001.79091410978
2010-06-20,Islamabad,0.0,0.17234399674192563,307.2446701983402,99893.26712454812
2010-06-21,Islamabad,0.0,0.169952068947843,307.4976155606879,99760.28003963272
2010-06-22,Islamabad,0.0,0.17092987528790207,307.9773954071403,99589.87154901441
2010-06-23,Islamabad,44.68554277139462,0.18669611738429678,305.75652095381895,99783.38213750797
2010-06-24,Islamabad,0.0,0.23111496615239635,302.76949885363723,99702.62693260878
2010-06-25,Islamabad,0.0,0.22040481779011678,302.1943339061808,99966.8053894917
2010-06-26,Islamabad,0.0,0.20370449150408898,304.8495049037102,99764.90825330534
2010-06-27,Islamabad,0.0,0.20002539969219882,304.9074113301229,99765.8162515347
2010-06-28,Islamabad,0.0,0.2008744647264998,305.1886214991971,99748.61024893713
2010-06-29,Islamabad,2.472428745876734,0.19378250410255643,304.316030896435,99881.60953380077
2010-06-30,Islamabad,0.0,0.19574950412208278,303.42047957529235,99851.12959385374
2010-07-01,Islamabad,0.0,0.18998007365044844,304.64676577121213,99906.71740960787
2010-07-02,Islamabad,0.0,0.2200290873693491,301.9561304752126,100192.34219787362
2010-07-03,Islamabad,0.0,0.20624026055568948,304.8291657834224,100130.58627641706
2010-07-04,Islamabad,0.0,0.21169226867029095,302.705011846189,100352.22148336249
2010-07-05,Islamabad,0.2603439749368655,0.280866601964294,300.68162582739984,100343.83429016419
2010-07-06,Islamabad,0.0,0.2751410216033885,301.22540558309095,100395.84381145977
2010-07-07,Islamabad,0.0,0.25329084686773784,302.33030500752125,100559.00442475043
2010-07-08,Islamabad,0.0,0.22794052334958453,304.5209122490771,100439.54893656781
2010-07-09,Islamabad,0.0,0.20841885822964518,305.8496913963977,100042.26295949196
2010-07-10,Islamabad,0.0,0.2006734310248039,306.1246063514074,99865.94309461827
2010-07-11,Islamabad,9.192186807210314,0.22070638200313136,304.509745241959,99761.65401755265
2010-07-12,Islamabad,26.160179883741733,0.28426561729555233,300.4588138449414,99881.22817288894
2010-07-13,Islamabad,0.0,0.3025391205591685,300.4568441695225,100235.1543738774
2010-07-14,Islamabad,0.0,0.26786194311967687,303.2100823530063,100227.34697788303
2010-07-15,Islamabad,0.0,0.2329946674671131,305.17978559319465,100120.4222672059
2010-07-16,Islamabad,0.0,0.20755090340982127,306.53097913148605,99900.50786578878
2010-07-17,Islamabad,0.0,0.19559540369210957,306.2896902324225,99990.38912083351
2010-07-18,Islamabad,0.0,0.21145889478012178,304.16398062818814,99779.86937944787
2010-07-19,Islamabad,15.123016893042426,0.25306545051895163,303.05593070549065,99552.49075616164
2010-07-20,Islamabad,32.15679505017623,0.3858971139475531,298.6526450385173,99944.76687231423
2010-07-21,Islamabad,1.9792284698160212,0.4422943767236348,295.3992087613831,100094.17733888299
2010-07-22,Islamabad,0.0,0.44622646736137084,295.88460409208875,100270.70119878592
2010-07-23,Islamabad,0.0,0.41319863268209966,300.15443823884084,99918.62876787665
2010-07-24,Islamabad,0.0,0.3811081576408426,301.4504706391267,99625.6019269957
2010-07-25,Islamabad,0.0,0.3579213519958864,302.48950550886605,99636.44548018224
2010-07-26,Islamabad,0.0,0.3697379278496637,301.47616315199866,99887.89359176767
2010-07-27,Islamabad,43.035893896766495,0.4351915066021016,298.62820884524535,100269.06600889287
2010-07-28,Islamabad,46.98418780194097,0.4385842984542281,297.8116658105969,100264.17765648446
2010-07-29,Islamabad,180.0496954495301,0.4461736969199526,297.98818001119713,100156.07849162727
2010-07-30,Islamabad,0.0,0.4295838804587442,300.01321287734675,100058.80696080215
2010-07-31,Islamabad,0.0,0.41936523481791743,300.49257042109,100107.70223969466
2010-08-01,Islamabad,0.0,0.41023037847883476,300.25509352180455,100242.94168210855
2010-08-02,Islamabad,0.0,0.39977527841774974,300.5555201544869,100152.18618341022
2010-08-03,Islamabad,8.865725720358615,0.4053041708412834,299.71744364277527,100130.28444519918
2010-08-04,Islamabad,2.4944365943179094,0.39120459130503,301.2873799072497,100022.2719155706
2010-08-05,Islamabad,23.884342123002735,0.41175335309675043,300.7184879380516,100317.081096386
2010-08-06,Islamabad,17.832944073351165,0.42657514902336674,298.2351105894854,100646.75820541647
2010-08-07,Islamabad,2.6338502637068597,0.43018746897520643,298.4738403077924,100547.50359593128
2010-08-08,Islamabad,19.882048906362115,0.41928510634235966,298.9566167759693,100370.36123904385
2010-08-09,Islamabad,0.0,0.41292065418955726,299.91420332606657,100229.29211950346
2010-08-10,Islamabad,44.96292325374965,0.40221040831030935,300.77115858723124,100197.4218028824
2010-08-11,Islamabad,13.534916249885327,0.39351118813811736,301.0023953321279,100176.25585857569
2010-08-12,Islamabad,11.981504738626274,0.4038816464487029,299.6712453158791,100332.0055939077
2010-08-13,Islamabad,11.887029954732387,0.4282512935402339,299.0064777934391,100334.80956627145
2010-08-14,Islamabad,21.563748151390524,0.4299775314221188,299.7046882211399,100248.06573108038
2010-08-15,Islamabad,5.7188496416411185,0.43441460516501473,299.5299032269501,100446.39985889116
2010-08-16,Islamabad,28.318319992773862,0.4314170840466912,299.98352935517175,100454.94156238629
2010-08-17,Islamabad,0.0,0.4216913823720176,300.9669134420944,100030.55624602111
2010-08-18,Islamabad,0.0,0.42207135175969474,301.30116438040625,99932.98641454178
2010-08-19,Islamabad,4.895373129496649,0.43680807637544555,300.3809613121784,100254.54906268475
2010-08-20,Islamabad,27.80731143372906,0.43971222983938485,299.5196137083591,100510.88637077382
2010-08-21,Islamabad,0.0,0.4406175681488839,299.8866227999241,100189.39630736725
2010-08-22,Islamabad,39.960958037975516,0.4323239016767439,299.8350399159807,100039.3741917859
2010-08-23,Islamabad,23.570995464639793,0.43036577006366306,299.27939157562724,100017.25452173619
2010-08-24,Islamabad,28.153842402243917,0.43440913140720483,297.7272133733177,100117.11401112955
2010-08-25,Islamabad,8.643552807472307,0.43407980856855605,295.77963791230644,100454.7436348251
2010-08-26,Islamabad,0.0,0.4115944527966076,297.2122920547768,100672.7934829874
2010-08-27,Islamabad,0.0,0.3907275848726351,298.62246898881074,100347.35418573227
2010-08-28,Islamabad,0.0,0.37285063226387083,299.07410379212354,100299.58179411464
2010-08-29,Islamabad,0.0,0.3570321348053069,299.4892808581908,100229.39064702608
2010-08-30,Islamabad,0.0,0.34265907149055935,299.8953468921268,100115.97738989815
2010-08-31,Islamabad,0.0,0.3334776042379497,300.4603544370563,100208.73631009566
2010-09-01,Islamabad,0.0,0.33356478559281166,300.6803312025968,100374.82886464923
2010-09-02,Islamabad,0.5921979122015286,0.34596288100294037,300.83567863997945,100350.12079195744
2010-09-03,Islamabad,60.39200297165663,0.3974275475513391,299.9057920343844,100207.47264008573
2010-09-04,Islamabad,14.94969830828059,0.40381274690891605,299.303324168494,100176.1262341697
2010-09-05,Islamabad,0.9060846001057522,0.39588586005460874,299.52492479216744,100358.36179502413
2010-09-06,Islamabad,0.0,0.37680004111141924,299.8849920404053,100223.40398771089
2010-09-07,Islamabad,0.0,0.36946277017925716,299.75173002320554,100144.22129400952
2010-09-08,Islamabad,0.0,0.39010972574676434,298.64802274463585,100505.4540401471
2010-09-09,Islamabad,0.0,0.39603145031494413,298.93576636496624,100605.08725906341
2010-09-10,Islamabad,1.0794402757340826,0.3919807848550829,298.5104454021675,100404.97622891184
2010-09-11,Islamabad,0.006719300151819921,0.41137569728685575,298.9780500977863,100341.66539152384
2010-09-12,Islamabad,7.806208895756622,0.4025269948778285,298.374909773589,100455.96741884464
2010-09-13,Islamabad,0.43419810025755196,0.39990662495595164,296.9321819547868,100418.436936204
2010-09-14,Islamabad,0.0,0.3742596409723528,297.2320690793389,100470.07405586373
2010-09-15,Islamabad,0.0,0.3546893697584868,296.91912865755444,100425.01613195459
2010-09-16,Islamabad,0.0,0.33809638129263175,297.1306699228622,100453.56255932825
2010-09-17,Islamabad,1.4324953614280418,0.3515105661286944,296.320794237263,100487.91161512096
2010-09-18,Islamabad,0.0,0.40976307852637217,294.39247020667494,100661.90987861513
2010-09-19,Islamabad,0.0,0.37638111339140806,295.0029695645388,100684.02842782276
2010-09-20,Islamabad,0.0,0.35556069994327655,296.435719950561,100738.11439623023
2010-09-21,Islamabad,0.0,0.3424172543598306,297.9415849465916,100663.60707363243
2010-09-22,Islamabad,0.0,0.3300945576065611,298.2380822774246,100584.93229865345
2010-09-23,Islamabad,2.003272841492886,0.333782596405128,296.2513210926373,100822.67551178607
2010-09-24,Islamabad,0.2270482989473366,0.3298027003938782,296.17038992522316,100765.67153785925
2010-09-25,Islamabad,0.0,0.3135167021956167,296.0799339991999,100847.6640546843
2010-09-26,Islamabad,0.0,0.300328924612078,296.04368614035565,100998.75027354943
2010-09-27,Islamabad,0.0,0.287812424868279,296.83945517182707,100997.2053609999
2010-09-28,Islamabad,0.4059170461287521,0.27981507646803155,296.9576928945049,100950.7046646924
2010-09-29,Islamabad,0.8595632266274069,0.27226736750361397,296.79615440765895,101162.45602320269
2010-09-30,Islamabad,0.0,0.26123936450629753,296.7515742175731,101040.61519201042
2010-10-01,Islamabad,0.0,0.25036607580725717,296.6583596947804,100963.47352254901
2010-10-02,Islamabad,0.0,0.24042892539896726,296.4915055337166,100942.39996760042
2010-10-03,Islamabad,0.0,0.232270497152418,296.6991447757618,100934.10438005891
2010-10-04,Islamabad,0.0,0.22516370469778338,296.8997651147385,100849.03251330095
2010-10-05,Islamabad,0.0,0.2191786842449693,297.0431767652576,100759.97796293092
2010-10-06,Islamabad,0.0,0.21358412878684602,297.39281187765357,100760.30994249071
2010-10-07,Islamabad,0.0,0.2086705565208639,297.2302467487332,100693.40705252999
2010-10-08,Islamabad,0.0,0.20758605433047397,296.36997350042503,100552.87814297609
2010-10-09,Islamabad,0.0,0.2046143906761166,296.3267659586623,100266.44035201902
2010-10-10,Islamabad,0.0,0.20067476657071037,296.0970579794108,100380.04640641343
2010-10-11,Islamabad,3.4666409161714142,0.19754024715104693,296.1165168862181,100860.29276110114
2010-10-12,Islamabad,0.0,0.19417037915874846,296.02420701665903,101124.94927612435
2010-10-13,Islamabad,0.0,0.1907467378874769,296.0898611177921,100970.69034988743
2010-10-14,Islamabad,0.0,0.1878251659791185,296.6910922727125,100799.95367245405
2010-10-15,Islamabad,0.0,0.18526704547754816,297.0889183573103,100840.28378264119
2010-10-16,Islamabad,0.0,0.18304036060517295,296.9201846202031,100796.46520735757
2010-10-17,Islamabad,0.0,0.1814056040184607,297.3349128980624,100946.87245279319
2010-10-18,Islamabad,0.0,0.18307060714221413,297.09179513744607,101087.53076045314
2010-10-19,Islamabad,0.0,0.18426955614842655,297.1197726240282,101046.18521177696
2010-10-20,Islamabad,0.0,0.19360296776062222,295.49421020204153,100947.22430127663
2010-10-21,Islamabad,22.133967075735605,0.2159741501285382,294.7186349554773,100528.65511850017
2010-10-22,Islamabad,0.0,0.2820904534736148,290.19742459911026,100547.47487253307
2010-10-23,Islamabad,0.0,0.27336107893280537,291.12890928742365,100991.35818239566
2010-10-24,Islamabad,0.0,0.2579836043766839,290.87985112442936,101023.33178985152
2010-10-25,Islamabad,0.0,0.24495842478753885,291.0126476999632,101162.70800910026
2010-10-26,Islamabad,0.0,0.2341537428171817,290.91044565671217,101369.61248173968
2010-10-27,Islamabad,0.0,0.2247741928425545,291.034673027085,101511.2541629246
2010-10-28,Islamabad,1.3089695266278518,0.2165968057998085,291.9349300075229,101383.65794387479
2010-10-29,Islamabad,0.0,0.2100802418924464,292.2658737704116,101461.6031160475
2010-10-30,Islamabad,0.0,0.2047444313311481,291.6536863095538,101792.88640416818
2010-10-31,Islamabad,0.0,0.19989885770775667,291.80151471576625,101595.07983272984
2010-11-01,Islamabad,0.0,0.19562935590285055,291.71051922017665,101352.6626610034
2010-11-02,Islamabad,0.0,0.1920513227204102,291.51036224664745,101464.60334980788
2010-11-03,Islamabad,0.0,0.18904890566050142,292.00007512194935,101552.94496470143
2010-11-04,Islamabad,0.0,0.18664142568803158,292.5740943474331,101474.54474309091
2010-11-05,Islamabad,0.0,0.1846607569871354,292.44986572367986,101483.7562063742
2010-11-06,Islamabad,0.5692364156265158,0.18298346071189953,291.7084757846632,101476.77081142574
2010-11-07,Islamabad,0.0,0.18113747103908534,291.5669553511346,101500.42059180464
2010-11-08,Islamabad,0.0,0.1794357121134405,291.7076158225921,101695.20333069496
2010-11-09,Islamabad,0.0,0.17800542070973585,291.4714014243205,101825.96471141602
2010-11-10,Islamabad,0.0,0.17675521004301722,290.6877180090553,101490.42997632554
2010-11-11,Islamabad,0.0,0.17576202285144665,289.77292727280644,101258.03406649311
2010-11-12,Islamabad,0.0,0.1749167006126326,289.102863216766,101052.81435551758
2010-11-13,Islamabad,0.0,0.1741285652670751,289.176896814944,101276.27576302525
2010-11-14,Islamabad,0.0,0.17337044181648525,289.52772651150116,101709.81896216069
2010-11-15,Islamabad,0.0,0.17296001414724482,289.35416950801573,101658.65893327094
2010-11-16,Islamabad,0.0,0.1726424558215488,289.4062911324143,101459.90753568226
2010-11-17,Islamabad,0.809698560554352,0.17223697622051512,289.9518864174729,101477.55741482308
2010-11-18,Islamabad,3.4557734043155515,0.1758049773267897,289.41908590340415,101556.72318363193
2010-11-19,Islamabad,0.0,0.1774717827653349,288.51689589071106,101449.54146369541
2010-11-20,Islamabad,0.0,0.17629757080429684,287.6926788628846,101194.85766407281
2010-11-21,Islamabad,0.0,0.17536355284987667,288.22178758301413,101031.13863626032
2010-11-22,Islamabad,0.0,0.17461008234350592,288.0311165607067,101208.36575225381
2010-11-23,Islamabad,0.0,0.17390315053086164,287.63109654667437,101403.28397909939
2010-11-24,Islamabad,0.0,0.17318386612561798,288.2688307308601,101388.08605793279
2010-11-25,Islamabad,0.0,0.17251563961580726,288.59072291776795,101396.81270924758
2010-11-26,Islamabad,0.0,0.17193359786808982,288.3113405025774,101263.92008094222
2010-11-27,Islamabad,0.25575315875867444,0.1713869051973546,287.9934263045062,101240.50930494296
2010-11-28,Islamabad,1.9391944632730347,0.17091890140540555,287.71149984479456,101475.13339512474
2010-11-29,Islamabad,0.0,0.1705397757288704,287.2648896273764,101579.367076304
2010-11-30,Islamabad,0.0,0.17018244401054802,286.4937358256759,101292.77491928513
2010-12-01,Islamabad,0.0,0.16987850397426366,285.79825681653705,101376.93580541469
2010-12-02,Islamabad,0.0,0.1696389755867257,285.4925308725675,101633.24051742752
2010-12-03,Islamabad,0.0,0.16940801053624469,285.3370643245547,101669.18909333648
2010-12-04,Islamabad,0.0,0.16922153453067415,284.8486820601301,101531.36364414704
2010-12-05,Islamabad,0.0,0.16901937451233318,285.29082908680704,101480.00362577302
2010-12-06,Islamabad,0.0,0.16878631346862477,285.76959668417476,101572.29094750404
2010-12-07,Islamabad,0.0,0.16862811400121935,284.8506284999125,101618.85058163
2010-12-08,Islamabad,0.0455873836019746,0.16854140516854169,284.42780545937666,101232.00345382771
2010-12-09,Islamabad,0.0,0.1684305496832205,284.76879667459883,101198.37156997464
2010-12-10,Islamabad,0.0,0.16826199283252632,284.26609679183366,101072.85289045805
2010-12-11,Islamabad,0.0,0.1681176599137099,283.7116513951546,100918.34790333261
2010-12-12,Islamabad,0.0,0.16799884252788325,284.2151621418024,100745.4908041216
2010-12-13,Islamabad,0.036043382087783155,0.16790061275784068,283.9085168293095,101310.84410881162
2010-12-14,Islamabad,0.0,0.16783328759813546,283.80318886894827,101515.37804670093
2010-12-15,Islamabad,0.0,0.16775399742735322,284.52130798126024,101420.11093885002
2010-12-16,Islamabad,0.0,0.16767563897294593,284.0969655074495,101492.55866533467
2010-12-17,Islamabad,0.0,0.1676003748681083,283.5030373560336,101577.76533013512
2010-12-18,Islamabad,0.0,0.16750448249855188,282.8995288705016,101657.36780955843
2010-12-19,Islamabad,0.0,0.167391491411866,283.16524725865384,101977.56475980234
2010-12-20,Islamabad,0.0,0.16727428281026965,283.736731618383,101752.92677366594
2010-12-21,Islamabad,0.0,0.16715536224090932,283.81753266977097,101297.87312494317
2010-12-22,Islamabad,0.0,0.16705854708849213,283.23898317213474,100996.8307635084
2010-12-23,Islamabad,0.0,0.16736366701359562,283.1198300440602,101313.49711352082
2010-12-24,Islamabad,0.0,0.16746838034656597,282.9247735569209,101494.152240192
2010-12-25,Islamabad,0.0,0.16731643775055385,283.0299496133118,101353.24317618573
2010-12-26,Islamabad,0.0,0.1671830972751274,282.45482960122854,101545.82102657053
2010-12-27,Islamabad,0.0,0.16709333676558838,282.47551867328497,101660.31654249183
2010-12-28,Islamabad,0.07307809337327839,0.1670826597128313,283.46184609502325,101676.19879545899
2010-12-29,Islamabad,5.102312564221038,0.1760915801587022,283.7875638052281,101564.79997641081
2010-12-30,Islamabad,8.94248621775256,0.30566018119167776,281.2111683515167,101332.44088774952
2010-12-31,Islamabad,1.233032569776404,0.33020385649209544,282.08160818481997,101436.59871723091
2011-01-01,Islamabad,0.0,0.3104757326277679,280.7411600711116,101593.04484824758
2011-01-02,Islamabad,0.0,0.2973880121949432,280.4750102819428,101582.65031326737
2011-01-03,Islamabad,0.0,0.28740396297690113,280.7704580202146,101826.41689604559
2011-01-04,Islamabad,0.0,0.2789310823186452,280.65156707528337,101788.28014017102
2011-01-05,Islamabad,0.0,0.27089393837990794,280.5581356631896,101711.60283255078
2011-01-06,Islamabad,0.0,0.26360703188275847,281.4140698506054,101746.90940327861
2011-01-07,Islamabad,0.0,0.2587695362666453,281.9496606646061,101503.94620633159
2011-01-08,Islamabad,0.0,0.256068888399088,281.73077644052205,101438.84121558248
2011-01-09,Islamabad,0.0,0.25096156882525655,281.416549054525,101640.32128519907
2011-01-10,Islamabad,0.0,0.2448267462348508,282.72363569334146,101492.38883378425
2011-01-11,Islamabad,0.0,0.23874849513711344,283.2963014613676,101275.08033577657
2011-01-12,Islamabad,0.0,0.2333523643898061,282.9943361934438,101176.15704364852
2011-01-13,Islamabad,0.0,0.25024866277563357,283.47362895455177,101239.46682023327
2011-01-14,Islamabad,9.431887867419166,0.39118029289829026,281.4262761844344,101085.91781261365
2011-01-15,Islamabad,0.0,0.3911563338205319,279.65639467935983,101658.93218212844
2011-01-16,Islamabad,1.4118985106092776,0.36010769074775534,279.5422095071714,101569.421430571
2011-01-17,Islamabad,0.0,0.3455601753303207,280.47137470718644,101276.59808913307
2011-01-18,Islamabad,0.0,0.33373953383137295,280.08701002217435,101406.6041612194
2011-01-19,Islamabad,0.0,0.32238460171461775,280.65327783525936,101330.22930900715
2011-01-20,Islamabad,0.10613908915580213,0.31426912820361047,281.8531682647312,101598.0795616673
2011-01-21,Islamabad,0.0,0.30742750210779585,282.3145118173782,101657.4926983624
2011-01-22,Islamabad,0.0,0.29939981682347927,282.35179614663696,101653.95662714294
2011-01-23,Islamabad,0.0,0.29148407815638305,282.07324665934533,101826.92408577663
2011-01-24,Islamabad,0.0,0.28400300106471665,281.58643272053774,101739.37107545415
2011-01-25,Islamabad,0.0,0.27753136070642004,281.44274757722013,101811.5172787305
2011-01-26,Islamabad,0.0,0.2715296595613337,281.1782029105531,102227.5348136027
2011-01-27,Islamabad,0.10101666761005154,0.26513337781809365,281.5022188216163,101903.87858101042
2011-01-28,Islamabad,0.0,0.2606911600768125,282.9036100130352,101637.93926350548
2011-01-29,Islamabad,12.74887544314862,0.2618872845313643,283.15394798311087,101645.34049334106
2011-01-30,Islamabad,0.0,0.2693945254862932,283.285936413673,101989.233027858
2011-01-31,Islamabad,0.14983077601853934,0.2633851455666041,283.8010635988311,101869.31698123664
2011-02-01,Islamabad,0.0,0.25702005566497277,284.48106746804564,101693.76609109974
2011-02-02,Islamabad,2.851129238425854,0.2506570435715192,286.77191799543067,101679.79728887673
2011-02-03,Islamabad,3.7913960804691427,0.2452888933421466,287.949328836943,101703.18526435526
2011-02-04,Islamabad,2.6861289697055324,0.2602384891440336,286.4488881237644,101576.00257136443
2011-02-05,Islamabad,6.092556289867393,0.300992805588853,286.370148197867,101393.57046810341
2011-02-06,Islamabad,17.869616108644085,0.4018727842421742,286.03174015309577,100969.19520201453
2011-02-07,Islamabad,11.089608701328904,0.43338378602221395,282.5889549493308,100936.66286136945
2011-02-08,Islamabad,0.0,0.4091149978715178,282.589908194694,101377.80547155655
2011-02-09,Islamabad,0.0,0.3960155948596531,282.9349810943585,101245.65024292609
2011-02-10,Islamabad,0.0,0.3838140995551297,284.2978055154386,101460.65724685666
2011-02-11,Islamabad,7.554013404171409,0.37821265624196954,284.5930628174119,101701.71047743966
2011-02-12,Islamabad,36.002520871679565,0.39865805189777886,284.83248951498945,101493.97037246771
2011-02-13,Islamabad,5.980205824146284,0.446807828803195,284.4628546918618,101047.49793132705
2011-02-14,Islamabad,0.5141923495342059,0.43795245742468264,282.72064528546883,101189.6753135516
2011-02-15,Islamabad,0.0,0.4159792929184418,283.41891652571076,101179.4047909514
2011-02-16,Islamabad,0.0,0.4180979142454937,282.742736720653,101411.01519016302
2011-02-17,Islamabad,0.0,0.41068650824277797,283.1341688234389,101645.68926172923
2011-02-18,Islamabad,1.8457906909802295,0.39805569710250926,283.57756050702767,101436.71845904288
2011-02-19,Islamabad,0.034346711775988886,0.38982123855050316,284.05952444043726,101714.39653295673
2011-02-20,Islamabad,6.0558441492757815,0.42084922713623946,282.19607314935155,101959.84625102313
2011-02-21,Islamabad,0.21552505787406268,0.4014929917033837,284.6309673324704,101854.31118483128
2011-02-22,Islamabad,4.1074498133078015,0.38954511516432794,284.96630316804226,101606.22423590905
2011-02-23,Islamabad,7.684438767632002,0.4291897728164412,283.7650429033502,101733.1279085052
2011-02-24,Islamabad,0.4882988139826401,0.43340491031379996,283.17550344029,101644.90182063119
2011-02-25,Islamabad,8.885733084509301,0.4301785592548719,282.8063648217171,101392.37354592506
2011-02-26,Islamabad,1.6886112738271448,0.4339062946294082,282.52931816420016,101770.21528942234
2011-02-27,Islamabad,0.02718892555966242,0.4233301294351733,283.41084124743367,102169.0288011999
2011-02-28,Islamabad,8.436023853685017,0.4162863930480219,283.8744042446144,101947.9202120328
2011-03-01,Islamabad,0.0,0.4176129642421987,284.27683766836196,101753.11119463647
2011-03-02,Islamabad,17.798152412704074,0.43642269353840696,283.4159639297606,101578.13869736489
2011-03-03,Islamabad,12.742634057640883,0.4384868387010635,284.94841105768853,101469.19189384297
2011-03-04,Islamabad,0.0,0.4307360122132743,284.48282332642464,101523.40302034076
2011-03-05,Islamabad,0.0,0.4222378698321273,284.96544304909975,101776.39400422334
2011-03-06,Islamabad,0.0,0.405257869507269,285.54144667610586,101881.48637297645
2011-03-07,Islamabad,4.975919543160004,0.40384123955717194,287.0572709442676,101764.4945304329
2011-03-08,Islamabad,0.0,0.40487559235293125,286.5936778368655,101287.11267215849
2011-03-09,Islamabad,0.0,0.38810335523898987,287.0429276173544,101243.040655126
2011-03-10,Islamabad,0.0,0.3750250491977703,287.37531252410264,101563.97640440978
2011-03-11,Islamabad,0.0,0.36243439926293874,287.5112310241604,101445.32902344996
2011-03-12,Islamabad,0.0,0.3507755054266124,288.4264692818215,101292.85219805832
2011-03-13,Islamabad,0.02158199451742814,0.33943413383499255,289.34355153114205,101176.20372005877
2011-03-14,Islamabad,0.0,0.3283552305363715,290.8231299348014,101109.31297391545
2011-03-15,Islamabad,0.0,0.31823245714301046,292.4223008799019,101305.67462186237
2011-03-16,Islamabad,1.533794740988512,0.30847848193692046,293.05426145244274,101014.36799003005
2011-03-17,Islamabad,3.500161449546339,0.3110016330503144,293.78048274227694,100707.01348349891
2011-03-18,Islamabad,0.0,0.3332300319003495,293.4601767653034,100454.55881774079
2011-03-19,Islamabad,0.0,0.4291312232587136,287.8557390110638,100209.26319076562
2011-03-20,Islamabad,0.0,0.4080356499140247,288.91699950508865,100709.27303428104
2011-03-21,Islamabad,0.0,0.39206043392762696,289.1613376527462,100992.80918436804
2011-03-22,Islamabad,0.0,0.37753284964278766,290.1422364464173,100995.01612129682
2011-03-23,Islamabad,0.0,0.3637902557306896,291.6423596538593,101097.12244817484
2011-03-24,Islamabad,0.0,0.35064117468993716,292.09514647683824,101094.09003150437
2011-03-25,Islamabad,0.0,0.3373743373566765,292.83129494658556,101074.11096798122
2011-03-26,Islamabad,0.0,0.3253739651757228,293.7871997623011,101067.41018200626
2011-03-27,Islamabad,4.1871688899670385,0.31657447714909176,293.92786372364014,100980.85417827181
2011-03-28,Islamabad,0.0,0.3960762349753301,289.0561830094394,100956.21825192691
2011-03-29,Islamabad,0.0,0.41499274347242376,289.93623926932537,101158.81262398533
2011-03-30,Islamabad,0.0,0.40080533410648056,290.19458428234066,101349.74582428607
2011-03-31,Islamabad,4.604694259729941,0.375370880389928,290.911346596119,101157.58339278001
2011-04-01,Islamabad,0.9566616381040284,0.37088212282738986,289.7753346977899,101119.51339646046
2011-04-02,Islamabad,1.184699160249013,0.36952773096446767,289.05940022411545,101311.06984320286
2011-04-03,Islamabad,0.0,0.3563725605051172,288.83081500120034,101366.25856813577
2011-04-04,Islamabad,3.2908499495111783,0.35436959618148683,288.36027777369713,101416.9152181574
2011-04-05,Islamabad,0.01910537273961554,0.3457322289723864,288.6674205472186,101495.66245495321
2011-04-06,Islamabad,2.2038758253152433,0.3354970059962865,288.53226680925303,101491.15161067316
2011-04-07,Islamabad,0.0,0.3220470099979459,289.5098736283526,101472.28226888274
2011-04-08,Islamabad,0.8011553319868409,0.30495820132132084,290.7875392203416,101288.73882284232
2011-04-09,Islamabad,4.532118610479047,0.2976683555823793,291.39634455318793,101388.77384071895
2011-04-10,Islamabad,10.73345812740346,0.3887450196069272,288.4373337100357,101748.86473052902
2011-04-11,Islamabad,8.575943263446236,0.41666050048923425,290.49069456373053,101489.6165419945
2011-04-12,Islamabad,0.0,0.39031206654589473,291.57314235530606,101255.32549039951
2011-04-13,Islamabad,0.0,0.36988571349941335,293.02885288750053,101169.98297670067
2011-04-14,Islamabad,0.0,0.35068511130252406,294.2982282165133,100944.35536803407
2011-04-15,Islamabad,13.926788478305076,0.3481521212387716,293.9212127487391,100998.92575833586
2011-04-16,Islamabad,9.563994834771192,0.3931730450299198,292.4300076667094,101181.33288511497
2011-04-17,Islamabad,2.2000192924463255,0.44768935175176033,289.63820523569404,101155.45675325986
2011-04-18,Islamabad,5.680979425663957,0.4286514407295759,290.64111724767247,101116.8119372698
2011-04-19,Islamabad,0.0,0.4131191691895791,291.7770328055393,101037.72115972161
2011-04-20,Islamabad,0.0,0.3954886384032217,292.52004448212114,101010.79893763359
2011-04-21,Islamabad,0.0,0.37644617412211484,293.3751044440842,101032.92206648456
2011-04-22,Islamabad,0.0,0.35911158047566893,294.4922077068571,100906.50966517552
2011-04-23,Islamabad,0.0,0.342951600798397,295.84220116346563,100736.62796499135
2011-04-24,Islamabad,0.0,0.3268940616698042,297.0675295487076,100563.741918569
2011-04-25,Islamabad,0.0,0.3107779123570145,298.0286357726353,100527.68354383613
2011-04-26,Islamabad,0.0,0.2947904064282605,298.62283179454715,100677.80562573891
2011-04-27,Islamabad,0.0,0.2813473825028417,298.62609746977904,100610.04563194886
2011-04-28,Islamabad,3.7680694704074,0.28554775772949337,297.99591353893214,100489.93147303164
2011-04-29,Islamabad,0.0,0.2869767541784044,298.668342820493,100453.3902803988
2011-04-30,Islamabad,0.22277563825255772,0.29102394207274146,297.89662112356746,100653.59904371393
2011-05-01,Islamabad,0.0,0.2808065707731304,298.26413191223673,100600.32816123641
2011-05-02,Islamabad,0.0,0.260286193762542,299.1336142784119,100201.53711070721
2011-05-03,Islamabad,0.0,0.24264315082350627,300.07710465018414,100121.87421381188
2011-05-04,Islamabad,0.0,0.23513470690874116,300.70362648674734,100306.17651112954
2011-05-05,Islamabad,3.0618378548715155,0.23603136207379694,299.69804649936447,100565.21769843345
2011-05-06,Islamabad,0.0,0.2588586683656243,296.02291894466083,100798.32526978363
2011-05-07,Islamabad,0.0,0.2540505769631404,297.06140396409376,100552.1652920513
2011-05-08,Islamabad,0.16438722721058394,0.23592065683919705,298.30081947101394,100253.35224886028
2011-05-09,Islamabad,1.0236394794688404,0.22936160615053067,299.3881821295211,100195.11581300307
2011-05-10,Islamabad,6.387818540092879,0.2204148264194221,300.1784001486098,100231.33935295974
2011-05-11,Islamabad,0.943825134297119,0.2100835763193668,300.4649350817097,100231.98347583954
2011-05-12,Islamabad,6.196317419989105,0.20926858798678347,299.9297444721706,100295.69886615545
2011-05-13,Islamabad,0.0719677245089467,0.2034987462843891,300.0203101924705,100528.07289345637
2011-05-14,Islamabad,0.0,0.19311488478259609,300.8480918713932,100346.44648272307
2011-05-15,Islamabad,0.0,0.18513495471112404,301.9696912401367,100472.45739485754
2011-05-16,Islamabad,0.0,0.18063633663058434,302.8500449334541,100694.54846123133
2011-05-17,Islamabad,0.0,0.18051110266873024,303.5059228315724,100529.23975894968
2011-05-18,Islamabad,0.0,0.17999807662539455,303.6189040250995,100208.75486491629
2011-05-19,Islamabad,0.0,0.17595381661080706,304.5079145836997,99854.5928764182
2011-05-20,Islamabad,0.0,0.17567965509950317,303.5122489274076,99713.39542277239
2011-05-21,Islamabad,1.3484694090970872,0.1770751556118476,302.5648071106401,99755.07124008116
2011-05-22,Islamabad,0.0,0.18359056426260445,300.5974284812106,100312.47483771773
2011-05-23,Islamabad,0.0,0.1815852836146426,301.9504826470417,100336.46710728254
2011-05-24,Islamabad,4.17466661390821,0.17644299378530318,303.93716346720845,100078.41365608374
2011-05-25,Islamabad,0.046962546053288784,0.1745348870469649,304.58093871611766,100104.84797473963
2011-05-26,Islamabad,5.659342158144836,0.18257342406459606,303.2823769619108,100427.91014079619
2011-05-27,Islamabad,0.0,0.18349760535263038,302.023641108693,100515.60320557274
2011-05-28,Islamabad,0.0,0.17741320432547,303.38330660529425,100276.46267613745
2011-05-29,Islamabad,0.0,0.17639743430880495,303.41332804793313,100183.37432287638
2011-05-30,Islamabad,0.0,0.1739356717603235,303.8042384575773,100040.68269512246
2011-05-31,Islamabad,0.0013006960547185574,0.1711067265450756,303.5287855441559,99714.74115760422
2011-06-01,Islamabad,1.206779517947904,0.18417950991099075,298.9601400753611,100175.32172465442
2011-06-02,Islamabad,0.0,0.18911166218060627,299.1001440957499,100623.46078260707
2011-06-03,Islamabad,0.0,0.18803473552346336,301.4323275131871,100519.77714711416
2011-06-04,Islamabad,0.0,0.17954645753439843,303.203583104215,100104.74550703984
2011-06-05,Islamabad,0.0,0.17597774206501524,303.8158953970557,100041.0854383612
2011-06-06,Islamabad,0.0,0.17385722553197144,304.2179838172476,100129.06022136899
2011-06-07,Islamabad,0.0,0.17061940230861825,304.48924152511387,99812.65192330105
2011-06-08,Islamabad,0.0,0.16882723384929632,303.6798965768134,99789.05592095916
2011-06-09,Islamabad,0.0,0.16972481491960592,303.5295745791268,99732.15095344401
2011-06-10,Islamabad,0.0,0.16921549807711808,303.89864355239973,99733.84558775465
2011-06-11,Islamabad,2.74838006645502,0.17441293217628323,304.38999430968795,99747.4749737819
2011-06-12,Islamabad,0.0,0.1874808897677287,302.8126220913886,100104.44406163317
2011-06-13,Islamabad,0.0,0.18591866559648249,304.28691313827744,99982.55586482823
2011-06-14,Islamabad,0.0,0.17874044527300714,305.6391775839751,99671.98747427925
2011-06-15,Islamabad,0.0,0.17276342592408067,306.0522285859702,99619.66525474917
2011-06-16,Islamabad,0.0,0.1693600064281798,305.62667284758754,99510.69980723647
2011-06-17,Islamabad,6.369417745860732,0.17651453012839938,303.8598180656127,99554.5671727212
2011-06-18,Islamabad,0.0,0.26519290167817033,300.9571356439525,99797.62227942681
2011-06-19,Islamabad,0.0,0.25082469631589,303.1375352439331,99635.50303746422
2011-06-20,Islamabad,0.0,0.24598266808334324,303.0924599174119,99874.42176664605
2011-06-21,Islamabad,0.0,0.22970222814988772,304.59918762955124,99794.31949149653
2011-06-22,Islamabad,0.0,0.21622981990164117,306.0299469922937,99629.04120186949
2011-06-23,Islamabad,0.0,0.2153729875960166,305.99972235762726,99620.19368754546
2011-06-24,Islamabad,0.0,0.20339975404325242,307.07259177256714,99449.78576285468
2011-06-25,Islamabad,0.0,0.19807961986220765,305.95735374127355,99388.87561424274
2011-06-26,Islamabad,23.462244524419525,0.24120202899392976,302.2769531522748,99684.32576430411
2011-06-27,Islamabad,8.256287536583798,0.2874757885461313,301.74045380968823,99668.85630343096
2011-06-28,Islamabad,3.426134396236854,0.376108207862804,299.70394388473267,99715.57267639319
2011-06-29,Islamabad,3.2548775201517945,0.36779567959103593,299.7123193677098,99786.21721741279
2011-06-30,Islamabad,6.799604347092487,0.37913656880180363,299.91446643760133,99723.42922068972
2011-07-01,Islamabad,0.0,0.3876991168181993,299.0704434339487,99875.89722535637
2011-07-02,Islamabad,0.0,0.3566906137879714,300.41747767900716,99860.73581593035
2011-07-03,Islamabad,0.0,0.3634950815533601,299.80698111655283,100056.65863414295
2011-07-04,Islamabad,0.0,0.3401092349585795,301.8895491802025,100189.88462503128
2011-07-05,Islamabad,0.0,0.30251409032704646,303.1735459688607,100208.83078446862
2011-07-06,Islamabad,0.0,0.2762320906494385,303.2590948224579,100226.98224841984
2011-07-07,Islamabad,1.866197615375374,0.36399753609817853,299.79005121017104,100284.00842283492
2011-07-08,Islamabad,24.94284993927528,0.39510730747860523,298.860943915518,100399.72701616569
2011-07-09,Islamabad,0.0,0.3925262970876891,299.22132706472655,100248.13665675733
2011-07-10,Islamabad,8.358579978649713,0.35265715011312887,300.67938889668324,100109.86672424231
2011-07-11,Islamabad,0.0,0.3183540411427557,301.8070654581199,99921.3580335421
2011-07-12,Islamabad,0.0,0.28994016424868324,303.4782291826536,99808.06108784559
2011-07-13,Islamabad,0.0,0.27704555693093813,303.58747683257616,99803.66388984417
2011-07-14,Islamabad,83.17922056377745,0.35423554984280003,299.7876107061771,99879.20159738642
2011-07-15,Islamabad,0.0,0.3613937144848812,300.4731523087845,99808.41544161539
2011-07-16,Islamabad,1.2650530027891107,0.3643451856796718,299.131973436454,99982.53577742031
2011-07-17,Islamabad,0.0,0.32945930628750336,301.21541354655983,99859.23755883088
2011-07-18,Islamabad,0.0,0.3131371894868691,301.202775756957,99814.74685595809
2011-07-19,Islamabad,0.0,0.2836374870280517,302.54480847158385,99509.13761382498
2011-07-20,Islamabad,0.0,0.25697321392563144,304.47670398986423,99327.5411137653
2011-07-21,Islamabad,16.932952046226305,0.24374668706555339,303.2073233438784,99635.44367155881
2011-07-22,Islamabad,0.0,0.2783646263150428,302.6983491258271,99687.03577138088
2011-07-23,Islamabad,1.0327425962754029,0.2663984844980325,302.69864424721317,99825.2453336734
2011-07-24,Islamabad,0.0,0.30182020572386375,300.2282805832317,100275.07510387777
2011-07-25,Islamabad,50.13511852812385,0.3519820715690714,298.8344749349322,100671.31064377194
2011-07-26,Islamabad,25.702958845267183,0.36998373019502473,299.9390729474528,100605.3596201287
2011-07-27,Islamabad,23.438585837071344,0.36641549031239673,299.5834230391433,100174.4171962394
2011-07-28,Islamabad,35.136049125872276,0.37336869524797783,299.89795667242316,100030.40357845247
2011-07-29,Islamabad,0.14318929844579975,0.38559527314253333,300.1732343935899,100089.40314468136
2011-07-30,Islamabad,6.918142477403878,0.35382177149863003,301.0236296726387,99921.46780287959
2011-07-31,Islamabad,0.0,0.32421573313204155,301.7587814812712,99767.11459339898
2011-08-01,Islamabad,0.0,0.29441060654606366,302.7484884533126,99693.54933197105
2011-08-02,Islamabad,0.0,0.2658292543347276,303.9991015436768,99710.77771552844
2011-08-03,Islamabad,0.0,0.24430096165887727,303.8554814421241,99805.12455308424
2011-08-04,Islamabad,0.0,0.26376695280075224,301.4727112974465,99928.68830466155
2011-08-05,Islamabad,0.0,0.3215651402356289,300.6832892917912,99785.62597483062
2011-08-06,Islamabad,0.0,0.32002553604017514,301.7250477048382,99704.39034754278
2011-08-07,Islamabad,18.74198194417658,0.3698242240349397,300.6460267713508,99833.31687465894
2011-08-08,Islamabad,1.4748475770064338,0.3806329597680265,299.36769175211816,100097.89764243035
2011-08-09,Islamabad,0.0,0.3595415307932942,301.1628016546064,100062.39765308816
2011-08-10,Islamabad,0.0,0.3606728380059936,300.85267175692906,100039.87613967079
2011-08-11,Islamabad,0.23478944324047427,0.37387734057353156,299.86273691927533,100001.68850538286
2011-08-12,Islamabad,69.11886751671823,0.42177534199522815,297.9947506902564,100022.56751057252
2011-08-13,Islamabad,0.0,0.42596197108780937,297.5184742353653,100264.23243777282
2011-08-14,Islamabad,0.0,0.3867168629469237,299.3822190503571,100372.16256614926
2011-08-15,Islamabad,0.0,0.3686328861225645,299.7481570348276,100062.9735097597
2011-08-16,Islamabad,26.122429056624252,0.35704609623995814,299.4616421642611,100025.4940735699
2011-08-17,Islamabad,0.0,0.362907005346949,299.31039159213697,100096.31893764778
2011-08-18,Islamabad,0.0,0.35987542686839974,300.04708371669733,100166.76267706107
2011-08-19,Islamabad,0.0,0.34802871882077974,300.63691267716354,100331.36364627858
2011-08-20,Islamabad,0.21830623184890335,0.33897086989387587,299.77457200914034,100717.76445264538
2011-08-21,Islamabad,0.0,0.3183022568572179,301.49130839213603,100563.13936987001
2011-08-22,Islamabad,0.0,0.3046577066436511,302.1973846698003,100398.23261113922
2011-08-23,Islamabad,0.0,0.28643758861490914,303.485805341073,100118.11192433837
2011-08-24,Islamabad,29.83489472107902,0.303143970782718,299.4056000823369,100311.34277765623
2011-08-25,Islamabad,26.257234554109502,0.32569431457408526,299.45775810103385,100492.80105355605
2011-08-26,Islamabad,0.0,0.33769670480407815,300.2254390359212,100377.22921628448
2011-08-27,Islamabad,95.17154505878291,0.3688555364131876,299.3301461556472,100381.14161404097
2011-08-28,Islamabad,8.940786581042465,0.4190947880294718,297.45579019783315,100502.02822461462
2011-08-29,Islamabad,0.0,0.38734026669158567,299.65629926968927,100556.38599277829
2011-08-30,Islamabad,0.0,0.36272656267254105,300.7358258612969,100522.35336863663
2011-08-31,Islamabad,0.0,0.34041536093036445,301.32313109777726,100374.67088382745
2011-09-01,Islamabad,6.063318279407387,0.3445596120339192,298.3461819194939,100436.60043100014
2011-09-02,Islamabad,0.0,0.33346572873548036,298.53831639715656,100318.22390445242
2011-09-03,Islamabad,0.0,0.3107538224567599,300.86798806278875,100255.7418620828
2011-09-04,Islamabad,4.887877621931929,0.33834089790582356,299.7647138271517,100503.81116600255
2011-09-05,Islamabad,0.34984822932643145,0.34510597341294436,300.7569661569121,100399.09175841826
2011-09-06,Islamabad,0.06548847201782189,0.3236076157575825,301.65591207355106,100134.12477618684
2011-09-07,Islamabad,8.475393936289409,0.30745914779505124,301.277654402141,99956.17919830838
2011-09-08,Islamabad,8.611565010657463,0.32015945806135093,300.4284214802224,99981.40310418184
2011-09-09,Islamabad,46.11066478924224,0.390881210785562,298.8148913067558,100469.96255677038
2011-09-10,Islamabad,0.9257601939674007,0.3954163941730919,299.35224660948853,100585.98618362342
2011-09-11,Islamabad,2.538138563400629,0.36029921748466753,300.80948429851554,100354.25192124046
2011-09-12,Islamabad,4.547858963374374,0.34881169047952737,300.17066966457173,100455.08186623223
2011-09-13,Islamabad,8.340334035262725,0.3718793771385942,300.100236956218,100420.75428442322
2011-09-14,Islamabad,10.88437041071502,0.3685423781756765,300.1629588901217,100208.54037660293
2011-09-15,Islamabad,8.83886818029097,0.4127585103588316,298.0613659004717,100170.70029109922
2011-09-16,Islamabad,4.860087359760897,0.429172649004521,294.7722922166083,100412.66109431133
2011-09-17,Islamabad,0.0,0.39816781371669724,297.0034408962525,100224.35635956188
2011-09-18,Islamabad,0.0,0.37539961646921644,297.77717782405466,100337.62424400884
2011-09-19,Islamabad,0.0,0.36098293979631985,296.9016798591068,100735.32088837479
2011-09-20,Islamabad,0.0,0.34210476257982003,297.35113033570315,100672.7812208688
2011-09-21,Islamabad,0.06301600662792783,0.3236827542439126,297.60686045865464,100463.48777980194
2011-09-22,Islamabad,0.0,0.3096526230947996,297.5704937574457,100588.88094206151
2011-09-23,Islamabad,0.0,0.296084337481831,297.5991842502544,100512.16436233858
2011-09-24,Islamabad,0.0,0.2809811753526893,298.01226645643646,100528.841006335
2011-09-25,Islamabad,0.023071452120816117,0.2715517486435344,297.92003489962315,100689.87140442399
2011-09-26,Islamabad,0.7321414633102109,0.267787157174678,297.93052730288815,100674.48138762733
2011-09-27,Islamabad,0.0,0.25722594139237087,298.0924234828114,100565.94702449301
2011-09-28,Islamabad,0.0,0.2437397639101261,298.29556252964977,100623.9856866161
2011-09-29,Islamabad,0.0,0.232272997495576,298.3951462475679,100690.02775247546
2011-09-30,Islamabad,0.0,0.2234994983625393,298.611109378973,100785.7216830181
2011-10-01,Islamabad,0.0,0.21594977123343814,298.71146127450635,100585.53113347506
2011-10-02,Islamabad,0.0,0.20788133718443688,298.8669633884005,100515.45638521158
2011-10-03,Islamabad,0.0,0.20121754136064637,299.3305531399525,100584.65208032545
2011-10-04,Islamabad,0.0,0.20161706730936826,299.8245479819711,100730.78585593253
2011-10-05,Islamabad,4.954078049252299,0.30799172091660787,295.77836159192714,101225.05752886125
2011-10-06,Islamabad,11.639466952098015,0.35586058396176967,296.6126105390773,101282.84524421924
2011-10-07,Islamabad,0.9069012774109738,0.3614307254846017,295.4260458915944,101252.79312879415
2011-10-08,Islamabad,0.0,0.3345940033526103,295.51325698545975,101233.97478265254
2011-10-09,Islamabad,0.0,0.31082386736557377,295.4539730148115,101315.82380114312
2011-10-10,Islamabad,0.0,0.2901618596362709,295.91897541196687,101381.09258688212
2011-10-11,Islamabad,0.0,0.27210600328823464,295.94701795225455,101343.68894910137
2011-10-12,Islamabad,0.0,0.2564817387274979,295.60634433814664,101199.36044681634
2011-10-13,Islamabad,0.0,0.24312298831254806,295.93328906483913,101023.50011261713
2011-10-14,Islamabad,0.0,0.23174057103977067,294.79828303900285,101066.94864660538
2011-10-15,Islamabad,0.0,0.22166999851125235,294.6157451131385,100897.96435367025
2011-10-16,Islamabad,0.0,0.21327939233789586,294.60116064257744,101000.35547461174
2011-10-17,Islamabad,0.0,0.20585153207424337,294.384571843288,101154.61904799122
2011-10-18,Islamabad,0.0,0.19945499559575103,294.93990838000246,101178.95208373595
2011-10-19,Islamabad,0.0,0.19544384818613178,295.026430189706,100897.60365000168
2011-10-20,Islamabad,1.1937819759374446,0.19802457088319944,294.5365202289111,100983.53787380348
2011-10-21,Islamabad,0.0,0.19997524888092696,294.29666859899123,101179.04855679598
2011-10-22,Islamabad,15.848467604069171,0.2706807397761429,291.8468931566245,101444.8046754212
2011-10-23,Islamabad,0.0,0.40868040033406106,289.46365170853716,101646.025419845
2011-10-24,Islamabad,0.0,0.364933197212066,290.5035394599163,101516.06844206154
2011-10-25,Islamabad,0.0,0.33569050790715255,290.58501095916586,101398.44728063467
2011-10-26,Islamabad,0.0,0.3153315826545999,290.6615669122759,101537.43669427265
2011-10-27,Islamabad,0.0,0.2988268190011855,290.7731841281928,101378.53284049439
2011-10-28,Islamabad,0.0,0.2853943600114761,291.7128309835297,101397.42346513917
2011-10-29,Islamabad,0.0,0.27354191326519334,291.9583075363803,101375.18331007572
2011-10-30,Islamabad,0.0,0.263128781176639,292.16642143363765,101141.35029777806
2011-10-31,Islamabad,0.0,0.25629650398890313,292.0545802358743,101259.20617347723
2011-11-01,Islamabad,0.0,0.25590344385172525,291.6151811000318,101298.28689435452
2011-11-02,Islamabad,0.0,0.2650223317511375,291.2762902718802,101226.65854177561
2011-11-03,Islamabad,15.593639398866861,0.28390816204031777,291.3558252235227,101260.42409927642
2011-11-04,Islamabad,0.0,0.34726550780617194,290.4343259675606,101464.78443987029
2011-11-05,Islamabad,0.0,0.32650356735931,290.52626623312364,101495.37123354444
2011-11-06,Islamabad,0.0,0.3073036452659366,289.52120115103156,101260.03390023194
2011-11-07,Islamabad,0.0,0.2928638808653866,289.23718626047105,101346.68397760733
2011-11-08,Islamabad,0.0,0.29557415842513013,289.598507098499,101679.80805890761
2011-11-09,Islamabad,0.0,0.29899628553803487,291.24277765066114,101539.83850602232
2011-11-10,Islamabad,0.6271443160796338,0.2888589670826771,291.42737300654755,101430.50687070849
2011-11-11,Islamabad,0.0,0.27846942930117624,290.9603572261049,101309.06106368799
2011-11-12,Islamabad,0.0,0.26817040362975425,290.4128426462239,101289.29792798759
2011-11-13,Islamabad,0.0,0.2590621390085477,290.5994105400415,101476.11168986747
2011-11-14,Islamabad,0.0,0.251997147651869,290.6059216782123,101531.0753564669
2011-11-15,Islamabad,0.0,0.2943705665357435,289.4992864386815,101621.77221825122
2011-11-16,Islamabad,0.0,0.28262988149161206,288.8401611269087,101458.47145138921
2011-11-17,Islamabad,0.0,0.2708671786021043,289.5444969728695,101361.87937643527
2011-11-18,Islamabad,0.0,0.2604815378565365,290.270676218753,101324.1622862052
2011-11-19,Islamabad,0.0,0.2518174994530862,290.5217590453167,101529.48937953309
2011-11-20,Islamabad,0.0,0.24377762503924136,290.61622716368146,101739.85719157843
2011-11-21,Islamabad,0.0,0.23654567344454697,290.07468745627256,101790.41647612947
2011-11-22,Islamabad,2.243091685803058,0.23097186368782358,289.2247539475046,101771.8664457193
2011-11-23,Islamabad,0.0,0.22627325235641804,289.13053466899567,101819.78042295708
2011-11-24,Islamabad,0.39072245475155326,0.22198746599843242,289.3533338638662,101848.53368991862
2011-11-25,Islamabad,0.0,0.21794959182742737,288.91608360834846,101616.82438732042
2011-11-26,Islamabad,0.0,0.21421337146477729,288.1773844619436,101528.3165492417
2011-11-27,Islamabad,0.0,0.21092477182396377,287.50906808948065,101513.1840763693
2011-11-28,Islamabad,0.0,0.20790743912023263,287.32918357727686,101444.67682979688
2011-11-29,Islamabad,0.0,0.20486630435465014,287.2141520900731,101333.4500903779
2011-11-30,Islamabad,0.0,0.20174526546324978,288.43600784490735,101213.92426305077
2011-12-01,Islamabad,0.0,0.1997861298850827,286.9738297322462,101560.20211464347
2011-12-02,Islamabad,0.0,0.19803996442666108,286.9539693571012,101435.76145177294
2011-12-03,Islamabad,0.0,0.1960977252750138,287.3679897096488,101092.83514207519
2011-12-04,Islamabad,0.0,0.19427561994489617,286.9986039128537,101122.04784165966
2011-12-05,Islamabad,0.0,0.19254268652427195,286.7393132139334,101305.30769725394
2011-12-06,Islamabad,0.0,0.1908517870801032,286.1514073916385,101510.38142059538
2011-12-07,Islamabad,0.0,0.18932700260161148,285.9757503271121,101692.97498657122
2011-12-08,Islamabad,0.022737794996885382,0.19680197480726896,286.307405129119,101463.85548065118
2011-12-09,Islamabad,0.0,0.20580805190929707,285.79189834096286,101637.8091179346
2011-12-10,Islamabad,0.0,0.20303626606398725,284.81231201344997,101437.05467044757
2011-12-11,Islamabad,0.0,0.200097031701956,283.6294223120506,101460.67722520007
2011-12-12,Islamabad,0.0,0.19758868920368153,283.70744530323026,101793.94219829983
2011-12-13,Islamabad,0.0,0.19528939119619163,283.35240643141486,101810.27971492591
2011-12-14,Islamabad,0.0,0.19315921484564846,283.27940040092733,101690.95697742817
2011-12-15,Islamabad,0.0,0.19132287357046932,282.99970897082864,101735.27261329924
2011-12-16,Islamabad,0.0,0.189650616173045,283.1348682686489,101777.71671791871
2011-12-17,Islamabad,0.0,0.18813991733107124,283.33868150354147,101666.39428168055
2011-12-18,Islamabad,0.0,0.18684434603804911,282.9162953337032,101843.27666147516
2011-12-19,Islamabad,2.460320236298989,0.1872550679350347,283.3480889100345,101709.57470847452
2011-12-20,Islamabad,0.9164891092824196,0.23797309672764017,281.9713021377648,101834.44479666394
2011-12-21,Islamabad,0.0,0.27168634287550986,281.98482098776793,101973.86171189357
2011-12-22,Islamabad,0.0,0.26748512899715005,281.8396797024635,101890.02136172185
2011-12-23,Islamabad,0.0,0.25880956919375797,280.9734438794311,101644.23528481825
2011-12-24,Islamabad,0.0,0.2512576929907437,281.66607126922827,101562.38118790073
2011-12-25,Islamabad,0.0,0.24446321694169684,282.1109717182618,101535.43270542496
2011-12-26,Islamabad,0.0,0.23852674655319606,282.5249651207971,101584.41248159757
2011-12-27,Islamabad,0.0,0.23318799628752912,283.0001638015902,101714.61883234904
2011-12-28,Islamabad,0.0,0.22819209382505606,282.9208672853532,101919.1475433132
2011-12-29,Islamabad,0.0,0.22341652052964053,282.8685131139784,101982.32391198383
2011-12-30,Islamabad,0.0,0.21867293167224122,282.65916960887694,101874.05064394238
2011-12-31,Islamabad,0.0,0.21461635049136457,282.73077534863864,101918.62380100094
2012-01-01,Islamabad,0.0,0.21067938735890437,282.40935259184977,101597.19455792994
2012-01-02,Islamabad,0.0,0.20729582986928097,282.8623415048827,101704.06711659033
2012-01-03,Islamabad,0.0,0.20428620852290486,283.0888005792476,101463.65523786719
2012-01-04,Islamabad,0.010526898634622934,0.21337528002386247,282.7819402564403,101546.26591489132
2012-01-05,Islamabad,0.0,0.30796379668848534,280.91148795380167,101730.79793296126
2012-01-06,Islamabad,13.796497072455153,0.4195424034605864,280.0476342752667,101559.37753761478
2012-01-07,Islamabad,0.0,0.4171932066883491,278.43431384648756,102171.81425817664
2012-01-08,Islamabad,0.0,0.38763712808882117,279.2915050952457,102131.62293239278
2012-01-09,Islamabad,0.0,0.3729697763156397,278.80517830084784,102065.00897952574
2012-01-10,Islamabad,0.0,0.3626119164861249,278.8943476454977,102176.86631143137
2012-01-11,Islamabad,0.0,0.35376098176827436,278.9126261091454,102039.50774180343
2012-01-12,Islamabad,0.0,0.3456358704699876,279.0664196424076,101960.7117929636
2012-01-13,Islamabad,0.0,0.338115844066234,280.4779970184303,101881.67712501707
2012-01-14,Islamabad,2.986683159330729,0.340363344228904,281.6252840969377,101586.03228522463
2012-01-15,Islamabad,20.81739255584152,0.4433344447133742,281.1126693430522,101181.8857867281
2012-01-16,Islamabad,0.0,0.4187406149588921,281.1986605957751,101138.82204261118
2012-01-17,Islamabad,0.0,0.40273360375729367,280.6154307758798,101229.87735039332
2012-01-18,Islamabad,0.0,0.39342757252747834,279.69732876146884,101146.4817681097
2012-01-19,Islamabad,0.0,0.38809020608916994,278.70914472036134,101555.81889039834
2012-01-20,Islamabad,0.0,0.3794792440638576,278.23930617585694,101894.69859651392
2012-01-21,Islamabad,0.1153664263678922,0.3694053628681634,279.825284580105,101784.43650634069
2012-01-22,Islamabad,2.4835936182827067,0.36863851565310624,280.1865704532549,101873.80268419464
2012-01-23,Islamabad,0.0,0.3788463050504948,280.42445190701665,101977.50351919536
2012-01-24,Islamabad,0.0,0.3672771223436359,280.6519948261352,101681.40641448494
2012-01-25,Islamabad,0.0,0.3570953100441335,281.6071960902311,101681.54886480555
2012-01-26,Islamabad,0.0,0.3491607132780239,281.2521949894871,101793.11864796965
2012-01-27,Islamabad,0.0,0.3419465152357176,280.8487087914305,101567.84483673712
2012-01-28,Islamabad,0.0,0.33427504373728245,280.73916477749606,101652.59014945035
2012-01-29,Islamabad,0.0,0.3264237406861922,280.83626118639836,101858.44725150347
2012-01-30,Islamabad,0.08085923390902167,0.31927992326780047,282.1542258773564,101831.57312011161
2012-01-31,Islamabad,0.0,0.312957954976286,282.17530913791927,101996.9891923116
2012-02-01,Islamabad,2.8840020761381027,0.3069105184887905,282.6826137161503,102029.0635647111
2012-02-02,Islamabad,6.531384887151496,0.3009801734553213,284.6320761231801,101843.4784610039
2012-02-03,Islamabad,18.81339850353515,0.3577531678086135,282.6007859735971,102028.32872147989
2012-02-04,Islamabad,9.837965521609268,0.4199976188836952,281.9131013130895,101553.49786098574
2012-02-05,Islamabad,0.0,0.4135696267213611,281.2143432708026,101917.62576309626
2012-02-06,Islamabad,0.0,0.3971546673777248,280.72841689732405,101820.64118311187
2012-02-07,Islamabad,0.0,0.38241903010652495,280.10720742327567,101512.01290158475
2012-02-08,Islamabad,0.0,0.37022766893416986,280.0210321102096,101514.3894213826
2012-02-09,Islamabad,0.0,0.35995538436401403,279.9785420258472,101816.57847244327
2012-02-10,Islamabad,0.0,0.35082214822902613,280.74027894051477,101633.58254548736
2012-02-11,Islamabad,0.0,0.3486359657413767,283.0179039964664,101638.10992209884
2012-02-12,Islamabad,1.7090897385135506,0.38614010359478285,281.81003622185995,101622.16863468292
2012-02-13,Islamabad,0.0,0.42646590735279777,280.98127963186533,101563.01128373541
2012-02-14,Islamabad,0.0,0.41270738940840085,280.8638640174151,101865.69291521251
2012-02-15,Islamabad,0.0,0.3896471814016563,281.0379597789628,101593.32983344032
2012-02-16,Islamabad,0.0,0.37886177786805325,281.45996743144195,101742.73902605046
2012-02-17,Islamabad,1.1607046880921965,0.3700913683142631,282.3099773553504,101965.29129565797
2012-02-18,Islamabad,1.5161880044797063,0.3624185610097221,282.89004731216954,101858.27273763981
2012-02-19,Islamabad,6.008078959871674,0.3615426540324163,283.6879615025064,101632.82592274965
2012-02-20,Islamabad,9.915265971872394,0.42217320844974005,283.56564763934057,101304.80314780763
2012-02-21,Islamabad,0.0,0.428301568350995,285.16898288584855,101073.01688226151
2012-02-22,Islamabad,0.0,0.4162833545545984,282.68590569497246,101304.1116383549
2012-02-23,Islamabad,0.0,0.3987200734701084,281.6600843326672,101436.82433474199
2012-02-24,Islamabad,0.0,0.38428897712243476,281.59683427083127,101555.15793499326
2012-02-25,Islamabad,0.15944306959175034,0.3718857280287188,282.67098026984837,101490.47335060364
2012-02-26,Islamabad,5.360838563373603,0.3601331845685472,285.38393431753695,101346.52896177696
2012-02-27,Islamabad,0.0,0.3482522274226244,286.63678937720636,101048.86551671707
2012-02-28,Islamabad,0.0,0.33806197939943516,285.4650849243223,100702.07311123019
2012-02-29,Islamabad,0.0,0.3285590231327358,286.23669453111586,100715.84302065328
2012-03-01,Islamabad,0.0,0.31837575519082945,286.115488412195,101042.30889376618
2012-03-02,Islamabad,0.0,0.30815106763225786,286.5498934354003,100919.23551431556
2012-03-03,Islamabad,0.0,0.30264890286635254,288.3759387467903,100781.73332840708
2012-03-04,Islamabad,0.0,0.35094815891512154,287.5034872124181,100717.1793635038
2012-03-05,Islamabad,0.0,0.40138024378753095,286.38507661907215,100762.83989615068
2012-03-06,Islamabad,0.0,0.36901572290807677,286.929171554837,100687.95251750713
2012-03-07,Islamabad,0.0,0.36352223388538646,284.97050339926307,100457.03659593701
2012-03-08,Islamabad,0.0,0.35799370738899927,284.17613523329817,100941.21443537984
2012-03-09,Islamabad,0.0,0.3441283180752936,284.51463912169504,101153.58984748017
2012-03-10,Islamabad,0.0,0.33416073560776166,284.95012939019125,101463.56831487878
2012-03-11,Islamabad,1.4991791596663533,0.32439260647725654,286.2695532339327,101535.36370169898
2012-03-12,Islamabad,12.374780747364758,0.32246781129848456,285.7070017232903,101590.25933300838
2012-03-13,Islamabad,1.7927506530188932,0.32707565390534066,284.5335789641555,101825.888268212
2012-03-14,Islamabad,0.0,0.31415159978799095,285.567961527511,101739.68985785382
2012-03-15,Islamabad,0.0,0.3004583598119223,287.6662026983365,101514.75880473829
2012-03-16,Islamabad,0.0,0.2917051507421538,289.9053499682559,101224.69997776077
2012-03-17,Islamabad,0.0,0.28003947032619525,291.74425323738103,101097.17255496565
2012-03-18,Islamabad,0.0,0.2676346573181972,293.45065670161733,101108.6275493384
2012-03-19,Islamabad,10.72137420006487,0.3103812077797382,293.16507043989304,100704.13552134967
2012-03-20,Islamabad,0.0,0.37589721369761075,284.3661220333646,101077.2864389125
2012-03-21,Islamabad,0.0,0.3439329725068359,286.7121367534106,101434.37335124314
2012-03-22,Islamabad,0.0,0.32166905067985874,288.8176369587765,101441.10624872109
2012-03-23,Islamabad,0.0,0.30215626706306986,290.63604441377623,101477.49521679324
2012-03-24,Islamabad,0.708351436944316,0.28417162461320056,292.1618066165873,101465.58545861095
2012-03-25,Islamabad,14.362500316020895,0.2738879496101547,291.9068798482488,101410.03877900328
2012-03-26,Islamabad,0.0,0.3027130329214826,289.7938804566041,101528.89639618195
2012-03-27,Islamabad,1.6345776836053885,0.2970648048237473,290.1459123553833,101638.66783606073
2012-03-28,Islamabad,0.0,0.28237461193415964,291.19559122636366,101777.06762425533
2012-03-29,Islamabad,0.0,0.2644033940696742,292.3267021037534,101252.96553064327
2012-03-30,Islamabad,0.006441351336469257,0.24806811762450923,293.78182205488804,100877.02518253207
2012-03-31,Islamabad,3.5631569260372635,0.23561912338753876,295.81757364430223,101240.235958034
2012-04-01,Islamabad,3.847250762379765,0.22740920274140164,295.78756727177836,101434.4084796053
2012-04-02,Islamabad,0.5512374334562786,0.22105558627628202,296.4746924257177,101373.93400780433
2012-04-03,Islamabad,0.0,0.21633269293070148,296.234941294738,101372.92434760243
2012-04-04,Islamabad,0.0,0.20843065330157634,296.05522497611776,101055.84676437239
2012-04-05,Islamabad,0.0,0.20250571527030506,295.70373326415574,100872.42043549065
2012-04-06,Islamabad,0.6863075996246449,0.19857705218197885,295.6732873876296,100855.2679949326
2012-04-07,Islamabad,0.0,0.193617287200793,295.986311201773,100853.29266979962
2012-04-08,Islamabad,2.393360680211351,0.188699762418575,297.19128161825523,100826.56870815044
2012-04-09,Islamabad,10.127731504861398,0.1880286044729555,297.23962715334756,100871.94583757276
2012-04-10,Islamabad,0.06381947378643668,0.24306916923847346,293.10967082820343,100844.46223419523
2012-04-11,Islamabad,2.4454247007796726,0.3063917211351291,291.4389901276476,100912.68292248818
2012-04-12,Islamabad,1.1896270586390392,0.29591084123624484,292.7399557370466,100851.459232257
2012-04-13,Islamabad,6.032474154188126,0.2824302875023321,293.28486269536194,100947.84066493108
2012-04-14,Islamabad,0.0,0.26490629422049006,292.9494121553769,101278.04834825898
2012-04-15,Islamabad,0.0,0.2501808215826155,293.6820987725237,101145.03024319613
2012-04-16,Islamabad,0.0,0.23724299513778507,293.8576957440184,100964.37449730858
2012-04-17,Islamabad,0.7345132377396925,0.22457069045529945,295.18818954418754,100738.4802586143
2012-04-18,Islamabad,0.0,0.2129745650793411,296.88365320002697,100691.77561061915
2012-04-19,Islamabad,18.93815547166333,0.20495927196685013,296.2196968024205,100930.65363067568
2012-04-20,Islamabad,4.642290886229814,0.2614921359467426,295.09142169070896,101160.2333532752
2012-04-21,Islamabad,3.763567650097517,0.36382666853189677,293.2039999403652,101162.54510545511
2012-04-22,Islamabad,3.4522565858847956,0.33900176898220263,293.2160232628887,100726.14706762145
2012-04-23,Islamabad,0.08570289919719078,0.31642156516560804,294.1598364489286,100731.3558838701
2012-04-24,Islamabad,10.015334341157523,0.2943127480228006,295.71111651325447,100791.84800742356
2012-04-25,Islamabad,0.513091952526132,0.3033131086298517,294.42994617470066,100963.4665793677
2012-04-26,Islamabad,0.0,0.35904375472115113,292.9901835075124,101162.76775975118
2012-04-27,Islamabad,0.13305616047029892,0.33861803294742343,293.9635486850261,100773.62843393318
2012-04-28,Islamabad,0.38847907678767973,0.3476675702657743,293.13604181545344,100544.1383261192
2012-04-29,Islamabad,0.0,0.3521317260001139,292.2170792779236,100600.69839010847
2012-04-30,Islamabad,3.3336174560652445,0.3283470798467164,293.1609949314867,100611.41334878473
2012-05-01,Islamabad,0.0,0.29982577758981505,293.587615381348,100852.89578193921
2012-05-02,Islamabad,0.0,0.2753199622909813,294.5367459844511,100875.66867340615
2012-05-03,Islamabad,0.0,0.2555459955062314,295.88571308017407,100516.78405086175
2012-05-04,Islamabad,0.0,0.2375345060539238,297.46379075573594,100362.38060030241
2012-05-05,Islamabad,6.183701944852081,0.22007863899913138,299.974207627613,100625.74473435158
2012-05-06,Islamabad,0.2561967398914231,0.20768501771838388,299.0875938911584,100759.94951272676
2012-05-07,Islamabad,3.657252677004875,0.2012886637264324,298.13550562778596,100644.51277333622
2012-05-08,Islamabad,0.0,0.19365955801656154,300.0211156880622,100624.45939247873
2012-05-09,Islamabad,3.9244224832629424,0.18781495344018506,301.3273862588927,100712.7636000239
2012-05-10,Islamabad,1.0434388692043668,0.18506610076406094,301.2248742016252,100765.65036939827
2012-05-11,Islamabad,3.092142472504149,0.19727339863175458,299.5208998944318,100605.16813838617
2012-05-12,Islamabad,0.5856068164989713,0.21509847892083678,297.94978850536154,100601.6519897344
2012-05-13,Islamabad,0.0,0.20959330442800184,299.2114498249793,100592.06393240418
2012-05-14,Islamabad,0.0,0.1980023107632333,299.4934757137201,100450.22504661001
2012-05-15,Islamabad,0.0,0.1937875282646441,300.57535177658184,100486.96633814686
2012-05-16,Islamabad,0.03143373382871579,0.1894348082025562,301.3491060146143,100213.07423491424
2012-05-17,Islamabad,2.805814710918203,0.18642244663804905,300.38063139397457,100343.00161678356
2012-05-18,Islamabad,0.0,0.18456945135549588,300.7524763316066,100604.7865508191
2012-05-19,Islamabad,0.0,0.18193245116221637,301.254069672075,100592.32827669557
2012-05-20,Islamabad,5.613548538574369,0.18161536362404165,300.57796072357473,100596.6028723398
2012-05-21,Islamabad,2.7227091841285502,0.20156263694007448,299.14544459551354,100623.63647735155
2012-05-22,Islamabad,0.0,0.20235702129321972,300.4871715975967,100581.40525776173
2012-05-23,Islamabad,0.0,0.18924563913277548,301.2422522550253,100507.89945069858
2012-05-24,Islamabad,0.0,0.18009172830192371,303.1789960364371,100195.93301911867
2012-05-25,Islamabad,0.0,0.18166583800777342,301.5851617882525,100239.57024180343
2012-05-26,Islamabad,0.0,0.1842497151893929,299.8482014898328,100477.8373375756
2012-05-27,Islamabad,0.0,0.17788758499857651,301.9251005539524,100285.7637424827
2012-05-28,Islamabad,0.0,0.1728373020672801,303.36528948940474,100143.34118645125
2012-05-29,Islamabad,0.0,0.16926435081120308,305.02297271435475,100225.91232848093
2012-05-30,Islamabad,0.0,0.16665229186183714,305.62299331919024,99864.94515547557
2012-05-31,Islamabad,0.0,0.16845164616237723,305.2314495802044,99713.35182326003
2012-06-01,Islamabad,0.0,0.17145992999689533,305.19816886974473,99898.6331606538
2012-06-02,Islamabad,0.0,0.16963479155080974,305.0102426664437,99736.7712764597
2012-06-03,Islamabad,0.0,0.16647122057449162,305.4107839580216,99536.44548586637
2012-06-04,Islamabad,0.0,0.16464302747370627,305.4326893922375,99563.76666022463
2012-06-05,Islamabad,0.0069305640571000636,0.1635374688459626,306.1405710709195,99694.12896220325
2012-06-06,Islamabad,3.168027094824134,0.170475259624504,301.41132909227116,100034.46183133153
2012-06-07,Islamabad,0.0,0.18184620056966472,301.4841310163332,100221.17937238528
2012-06-08,Islamabad,5.319901996851237,0.18586624344647118,302.16268823439304,100229.9778933001
2012-06-09,Islamabad,0.0,0.18032696302284795,303.61173450784,100004.77630976879
2012-06-10,Islamabad,0.0,0.1741076507540605,304.36859861563005,99803.62629207691
2012-06-11,Islamabad,0.0,0.1701917004321814,304.26834065105436,99928.30943340465
2012-06-12,Islamabad,0.0,0.16788469080713705,304.75355154644075,100072.09999047907
2012-06-13,Islamabad,0.03717266530480176,0.16786234898454666,304.6135138238638,100127.47850150349
2012-06-14,Islamabad,0.0,0.16639276677144474,305.52172510550906,99976.80209801736
2012-06-15,Islamabad,0.0,0.16445078726992804,306.6538073425956,99728.64206379885
2012-06-16,Islamabad,0.0,0.16330779432688472,306.8580526934458,99432.5362861512
2012-06-17,Islamabad,0.0,0.16334408943121104,307.08498995985656,99341.33651266423
2012-06-18,Islamabad,0.0,0.16326497616713748,304.8460073197426,99716.11424595572
2012-06-19,Islamabad,0.0,0.1627151769174588,305.38085825356944,99588.77891417232
2012-06-20,Islamabad,0.0,0.1621653755283626,306.9814200080755,99384.8547044103
2012-06-21,Islamabad,0.0,0.16182603246707838,308.0379531412747,99370.69839330578
2012-06-22,Islamabad,0.0,0.16163403826741557,308.9645701415281,99526.24458194544
2012-06-23,Islamabad,0.0,0.16168562835743783,308.1280394982266,99450.83304178414
2012-06-24,Islamabad,0.0,0.1645810208773003,306.94453469390714,99391.37647219315
2012-06-25,Islamabad,6.198994391536188,0.16915319433295112,305.1036495952448,99635.9734902204
2012-06-26,Islamabad,3.362877795870918,0.1688322659041003,305.4731777408805,99565.27339380317
2012-06-27,Islamabad,0.0,0.1677962504628266,305.4031707281495,99749.40350988758
2012-06-28,Islamabad,0.0,0.16666516866957606,305.59286551933565,99893.55473545997
2012-06-29,Islamabad,0.0,0.16527092413993133,306.14296427236087,99770.4790294183
2012-06-30,Islamabad,0.0,0.1636707200151587,307.4090219293021,99556.17766430015
2012-07-01,Islamabad,0.0,0.1626369157487311,308.5140406642826,99480.48258946842
2012-07-02,Islamabad,0.0,0.16199762518029032,309.48867639054737,99502.11640202238
2012-07-03,Islamabad,0.0,0.16165703761399255,309.89063919775356,99235.81676666021
2012-07-04,Islamabad,0.0,0.17450568266650562,307.11949609400864,99275.45691703424
2012-07-05,Islamabad,0.4197962850564001,0.22274878660628214,304.48202698464894,99524.70963156807
2012-07-06,Islamabad,3.9431591141484654,0.22592330139760586,305.7529396037586,99336.50980656862
2012-07-07,Islamabad,20.363179412882737,0.3245199663552733,301.29672250595485,99566.20808796783
2012-07-08,Islamabad,28.95404235403056,0.3537238883142421,300.6791038404476,99888.79354302611
2012-07-09,Islamabad,0.0,0.3610535757337074,302.08595947557734,99965.71369111228
2012-07-10,Islamabad,0.0,0.3105324371690837,303.9178186154721,100056.6946080215
2012-07-11,Islamabad,1.307301283348881,0.29409013997121985,302.51079102583645,100124.82099921555
2012-07-12,Islamabad,38.96099762706019,0.33528185630147134,301.25678359835365,99992.57225327974
2012-07-13,Islamabad,0.0,0.36387281285000417,300.2843725677368,99886.2767254218
2012-07-14,Islamabad,22.936540677360863,0.3352147920928942,301.0623822950535,99863.70873631544
2012-07-15,Islamabad,0.0,0.3336329028863468,300.62483525631427,99955.64381700187
2012-07-16,Islamabad,0.0,0.3011428513020322,302.66340096703397,100121.3163183234
2012-07-17,Islamabad,0.0,0.26522222627077113,304.315647795171,99975.37020329338
2012-07-18,Islamabad,14.221653926194183,0.23673661531093895,305.2456918371261,99546.86529716704
2012-07-19,Islamabad,0.0,0.2305973832940795,304.19628820531625,99455.72730854382
2012-07-20,Islamabad,0.0,0.2376070069852572,304.2650692409111,99847.53526442633
2012-07-21,Islamabad,0.0,0.22698059502397902,304.0846575887235,100157.03678138214
2012-07-22,Islamabad,0.0,0.21091653535522645,305.68917600797016,99791.86956524827
2012-07-23,Islamabad,0.0,0.19735644527294965,306.9378205911524,99406.34176339181
2012-07-24,Islamabad,0.0,0.20386483938045347,305.1605857041753,99355.83238739712
2012-07-25,Islamabad,11.428068728202156,0.24949943250825815,302.5574854567919,99787.72937153265
2012-07-26,Islamabad,0.0,0.34957986549233,300.4988491486002,99909.77062384892
2012-07-27,Islamabad,0.0,0.30944651839511694,303.47496472391185,99695.35951887988
2012-07-28,Islamabad,0.0,0.26553031966834884,304.7652973349207,99626.56485465649
2012-07-29,Islamabad,0.0,0.2366532243680617,305.0373540479931,99694.65969565672
2012-07-30,Islamabad,0.0,0.22631236348364567,303.58498150317246,99761.1803951759
2012-07-31,Islamabad,0.0,0.24444207897518458,302.13827832057075,99789.0656955544
2012-08-01,Islamabad,0.0,0.2719948495565322,302.3677859255236,99869.2464534497
2012-08-02,Islamabad,0.0,0.2750443746554544,303.1657658476167,99625.39466180766
2012-08-03,Islamabad,5.70062318810293,0.3205704261359187,301.9154272462396,99426.00813294359
2012-08-04,Islamabad,24.166014423485723,0.4451344352304575,295.51051576457775,99938.05476530173
2012-08-05,Islamabad,0.0,0.41478465226565636,297.9351398296922,100189.92178796158
2012-08-06,Islamabad,0.0,0.3851128268938998,299.9870744178758,100112.97464871997
2012-08-07,Islamabad,0.0,0.3599137449366436,301.2103049294579,100155.00846759757
2012-08-08,Islamabad,0.0,0.3411502310219013,301.5897084078681,100067.43694544079
2012-08-09,Islamabad,4.172414454717351,0.3455203868172158,300.2216825574708,99971.2571542051
2012-08-10,Islamabad,13.7015731122949,0.40476576555164295,298.84407507644175,100101.03242768352
2012-08-11,Islamabad,0.0,0.40002196324396894,299.4898798681513,100297.70778635297
2012-08-12,Islamabad,0.0,0.3739219823555138,300.3131496617422,100211.11031217317
2012-08-13,Islamabad,0.0,0.34733987396274035,300.843606740057,100054.63337061185
2012-08-14,Islamabad,1.0601954318552183,0.3364385360242012,300.5605862731273,100123.00561948637
2012-08-15,Islamabad,26.125754291117588,0.3876806199049203,299.453554219244,100305.31141290751
2012-08-16,Islamabad,0.0,0.3692657327362146,300.698041818174,100241.10296825973
2012-08-17,Islamabad,0.0,0.3374169513176847,302.3281899755297,100137.77545892351
2012-08-18,Islamabad,0.0,0.3120068198883985,302.9598209481482,100018.98217417067
2012-08-19,Islamabad,0.0,0.3092297218113089,302.1180646582186,100024.28473793254
2012-08-20,Islamabad,0.4668076189818354,0.3903458840022364,299.7718078451437,100088.04117025147
2012-08-21,Islamabad,15.511788645120665,0.3766361508220483,300.0564688854764,100061.46135599507
2012-08-22,Islamabad,53.15582814333051,0.3735524679259159,297.8599617468765,100342.8638359869
2012-08-23,Islamabad,0.5055737826092486,0.3571553280518593,299.64430027439727,100394.90827852864
2012-08-24,Islamabad,0.0,0.34486914771699606,300.30494294692693,100218.98159296704
2012-08-25,Islamabad,39.69551304915251,0.41123659906038507,298.82777479638736,100384.03370590527
2012-08-26,Islamabad,28.880271780914246,0.42929419608485697,297.1888950654879,100427.13995853417
2012-08-27,Islamabad,0.0,0.4039687036016981,299.10602018723387,100320.49921416715
2012-08-28,Islamabad,5.918957524223513,0.4120356140962422,299.2320350723703,100475.07408002141
2012-08-29,Islamabad,0.0,0.3893663697708711,300.35651267018477,100489.86096656018
2012-08-30,Islamabad,0.0,0.40812570011227456,300.2770257556668,100351.61460547778
2012-08-31,Islamabad,0.0,0.4089489415085367,299.69318404070526,100298.43110995696
2012-09-01,Islamabad,0.0,0.41740780918374093,299.9935193110905,100268.00812832527
2012-09-02,Islamabad,0.2000617073728315,0.41744056757053727,299.94080045178333,100288.56118305496
2012-09-03,Islamabad,88.82772203155486,0.42447704682182397,298.8529958135913,100363.31972312537
2012-09-04,Islamabad,32.92226264963674,0.41966370433442907,298.69307957785816,100584.50712045556
2012-09-05,Islamabad,0.0,0.42957149036851483,298.1768635373438,100743.91541248407
2012-09-06,Islamabad,38.334765205593186,0.43408247645124304,297.87051020372127,100873.04870671527
2012-09-07,Islamabad,0.0,0.4438832947554933,297.41357876784565,100714.1950197666
2012-09-08,Islamabad,0.0,0.429804204566369,297.7628870905028,100748.41458544125
2012-09-09,Islamabad,0.0,0.4419067755418098,297.2953818063068,100750.24952572929
2012-09-10,Islamabad,0.0,0.43337404985063427,297.4962693450721,100628.47889193305
2012-09-11,Islamabad,0.0,0.4070081943983041,299.36885783764586,100370.37834334218
2012-09-12,Islamabad,0.0,0.38787522399170543,300.10286482563686,100298.10913804229
2012-09-13,Islamabad,4.704479056465844,0.3767490960558103,300.0598465624008,100178.27930708871
2012-09-14,Islamabad,0.0,0.39236778555442153,299.01676184879585,100046.50976997694
2012-09-15,Islamabad,0.0,0.3880908406288723,298.795569165458,100018.30100737236
2012-09-16,Islamabad,0.0,0.40640933810015767,297.27490651824513,100267.8171801817
2012-09-17,Islamabad,0.0,0.44550623496283176,294.65178617914245,100593.97046661132
2012-09-18,Islamabad,0.0,0.41766090992103333,295.5501718730868,100701.85588138328
2012-09-19,Islamabad,0.0,0.39887794566443957,295.91915528749274,100711.49443628929
2012-09-20,Islamabad,0.0,0.38266071930586204,296.4326024471151,100691.70276441213
2012-09-21,Islamabad,0.0,0.3680193016109257,297.02839324186397,100649.38714239631
2012-09-22,Islamabad,7.713575187437825,0.35675056900089874,296.5132308754288,100752.79281865306
2012-09-23,Islamabad,0.0,0.3442336410555535,296.57938118209927,100625.56715708988
2012-09-24,Islamabad,0.0,0.3314738203439037,296.54306183267823,100604.79870032059
2012-09-25,Islamabad,0.05693600479270994,0.3228652051440792,296.71025592433364,100797.15887642957
2012-09-26,Islamabad,0.0,0.3162830773381142,296.58558057546486,101191.97531802783
2012-09-27,Islamabad,0.0,0.3041158967599745,296.01900912961037,101197.02516796645
2012-09-28,Islamabad,0.0,0.2911311959063173,295.96465062017444,101042.06502837809
2012-09-29,Islamabad,0.0,0.27914441232312814,296.2674872037697,101044.2305360716
2012-09-30,Islamabad,0.0,0.26731398134062595,296.6552274185983,101014.72272925575
2012-10-01,Islamabad,0.0,0.2566498156836903,296.37692268149203,100950.47197326463
2012-10-02,Islamabad,0.0,0.24739204722909525,296.9094129718238,100790.68454815324
2012-10-03,Islamabad,0.0,0.24105505805754035,296.5285191399995,100585.27045439044
2012-10-04,Islamabad,0.0,0.23541076070602138,295.95400792669545,100574.03509283632
2012-10-05,Islamabad,0.0,0.22773310759165372,296.11885513050225,100770.81647570319
2012-10-06,Islamabad,0.0,0.2212144591976618,296.6012909832137,101123.0926753416
2012-10-07,Islamabad,0.0,0.21542433677026773,295.96680999593264,101187.33412567925
2012-10-08,Islamabad,0.0,0.2102715382950314,295.41050653230843,101104.1107768519
2012-10-09,Islamabad,0.0,0.2057786921319498,295.38339767310333,101004.77306483334
2012-10-10,Islamabad,0.0,0.20745326498637404,294.33326546539746,101203.56594565677
2012-10-11,Islamabad,0.0,0.20529275250344883,294.3173010635893,101092.02363822135
2012-10-12,Islamabad,0.32373619759360883,0.20270925804629567,294.385099780523,101032.24297404333
2012-10-13,Islamabad,1.3908185281584844,0.2001056616789805,294.45119651129033,101199.13864904968
2012-10-14,Islamabad,4.508357911192103,0.19837263958816934,295.04484261697837,101270.74526510843
2012-10-15,Islamabad,5.090652702612644,0.2516637807356923,291.29482165788465,101673.5736473159
2012-10-16,Islamabad,0.0,0.2602071077037656,292.18010051755,101737.59079282434
2012-10-17,Islamabad,0.0,0.25255083945626783,292.509114088058,101639.00513349216
2012-10-18,Islamabad,0.0,0.24247308001682238,293.0245547820873,101541.46996534095
2012-10-19,Islamabad,7.751989803385326,0.24691095985758485,292.5922988157667,101594.2003280461
2012-10-20,Islamabad,0.0,0.3000322628456351,290.42367363479127,101795.15154921335
2012-10-21,Islamabad,0.9938287578648853,0.2870838767847285,290.8988548013578,101771.56811273648
2012-10-22,Islamabad,0.0,0.27174287288082283,290.97630134796924,101645.48656943467
2012-10-23,Islamabad,3.855092364635557,0.26044287753929485,290.49859759564475,101569.366746979
2012-10-24,Islamabad,0.0,0.2500305751978457,289.33576636619165,101456.89687471579
2012-10-25,Islamabad,0.0,0.23964425631471334,289.40675656407717,101258.18622604133
2012-10-26,Islamabad,0.0,0.2308063253530181,289.85945451018364,101438.34433369049
2012-10-27,Islamabad,0.0,0.2230059166764677,290.38805512744614,101537.1070267383
2012-10-28,Islamabad,0.0,0.21613619118048474,290.9579350196247,101582.84042051293
2012-10-29,Islamabad,0.0,0.21017655821362466,291.20375129383774,101467.71738651612
2012-10-30,Islamabad,0.0,0.20502699800716007,291.3713835368923,101430.63091044346
2012-10-31,Islamabad,0.0,0.2004757752611572,291.78549135094295,101514.12995905994
2012-11-01,Islamabad,0.0,0.19654545695745607,291.36737708452193,101398.30652916247
2012-11-02,Islamabad,0.0,0.19325614489057416,291.5071272603495,101300.43931004441
2012-11-03,Islamabad,0.0,0.19032312117116873,291.11165664150946,101269.96578074558
2012-11-04,Islamabad,0.0,0.18778223674312106,290.78311481391705,101256.68913703333
2012-11-05,Islamabad,0.4381964148909598,0.1868142661442942,290.2311308209426,101344.74761763336
2012-11-06,Islamabad,0.0,0.1854548791170667,289.97113745698954,101429.47945501855
2012-11-07,Islamabad,0.0,0.1835728829300167,289.7373479855542,101264.64281836887
2012-11-08,Islamabad,0.0,0.18188925692754437,289.48076848310274,101132.13053848731
2012-11-09,Islamabad,0.0,0.18044279438880517,289.3178211614771,101251.87628745852
2012-11-10,Islamabad,0.0,0.17921270474245163,289.31365330609236,101542.6988203271
2012-11-11,Islamabad,0.0,0.17814947275771165,289.0090815594274,101467.75962609702
2012-11-12,Islamabad,0.0,0.17730580243841285,289.129795413792,101612.69398844978
2012-11-13,Islamabad,0.0,0.17665694109850322,288.8007557876055,101724.70487038734
2012-11-14,Islamabad,0.0,0.1760006146944647,288.4872177971926,101445.72600616448
2012-11-15,Islamabad,0.0,0.1753155149737067,287.9359707794393,101560.37262651486
2012-11-16,Islamabad,0.0,0.17480797257575975,288.6692258591033,101753.45817749313
2012-11-17,Islamabad,0.3424414884864669,0.17733045500550224,288.25457120406816,101729.8815566596
2012-11-18,Islamabad,0.0,0.1772530847307482,287.95282164442955,101563.68178885685
2012-11-19,Islamabad,0.0,0.17651733528074648,287.545930544463,101680.32821345949
2012-11-20,Islamabad,0.03906577718485037,0.17548747112771496,287.86950648701014,101663.11534406123
2012-11-21,Islamabad,0.0,0.17458765289152609,288.1533848880745,101569.78462638117
2012-11-22,Islamabad,0.0,0.17387816872474665,287.33737748556763,101368.31477046013
2012-11-23,Islamabad,0.0,0.17374303547517453,286.8469011469733,101401.7196434763
2012-11-24,Islamabad,0.0,0.18332720415047904,285.13010352427585,101674.35364254125
2012-11-25,Islamabad,0.0,0.1859788156409685,285.3637131109622,101604.80132852643
2012-11-26,Islamabad,0.0,0.18423193035524996,285.56986213645826,101636.3022926993
2012-11-27,Islamabad,0.0,0.18262361029190305,286.41587738355236,101472.1868463235
2012-11-28,Islamabad,8.406407243541642,0.20381605166731773,285.92798522917536,101410.08977216539
2012-11-29,Islamabad,0.0,0.2770137111214021,283.9374250608552,101505.8705372368
2012-11-30,Islamabad,0.0,0.2699803624452292,283.1999128369806,101716.23604187509
2012-12-01,Islamabad,0.0,0.2602222084361235,283.42120939898933,101575.1873536333
2012-12-02,Islamabad,0.0,0.2517897380519914,283.71291419082974,101748.02982967469
2012-12-03,Islamabad,0.0,0.24417206920615514,284.50352943807485,101774.15731968479
2012-12-04,Islamabad,0.0,0.23707448700220868,285.056057196765,101651.91498226549
2012-12-05,Islamabad,0.0,0.23161033847319623,284.89456887090716,101604.68839880518
2012-12-06,Islamabad,0.0,0.22692734769480843,285.5967930412757,101659.33789533221
2012-12-07,Islamabad,0.5040525656909552,0.2222461670661073,287.18098494964397,101441.69805332297
2012-12-08,Islamabad,0.0,0.22046404904146727,287.051638210584,101347.47094514516
2012-12-09,Islamabad,0.0,0.21548989699716734,286.4095713723388,101241.42074172394
2012-12-10,Islamabad,1.1193953310070237,0.21179641728374218,286.140508011845,101244.61890091404
2012-12-11,Islamabad,0.0,0.23767027430577506,284.12005541941954,101540.02622805926
2012-12-12,Islamabad,0.4292359886821667,0.2451351463786577,284.45277107845584,101596.94980261814
2012-12-13,Islamabad,40.26248923757869,0.3725017813126496,282.44781760862435,101540.09802056811
2012-12-14,Islamabad,0.8051243743620673,0.42329687028009794,282.389579593585,102092.19871836774
2012-12-15,Islamabad,0.0,0.4099906310901011,282.6039635621243,102191.43664276012
2012-12-16,Islamabad,0.0,0.38555251930987006,282.89749829176066,102367.27809103721
2012-12-17,Islamabad,0.0,0.3696198800470494,283.9059660690118,102115.63588726641
2012-12-18,Islamabad,0.0,0.3720123754806671,283.5378250170754,102091.0569956175
2012-12-19,Islamabad,0.0,0.3577384921843194,282.3727572877674,101772.85481809326
2012-12-20,Islamabad,0.0,0.34718471755670366,281.9140157591893,101508.21710088782
2012-12-21,Islamabad,0.0,0.33870347695062053,281.9043304437635,101616.77576195946
2012-12-22,Islamabad,0.0,0.33132334269965263,282.5588040324039,101618.9672003604
2012-12-23,Islamabad,0.0,0.32538213376131736,283.9150421459503,101747.08351143649
2012-12-24,Islamabad,0.0,0.3203074120023162,283.16260076843764,101721.87225882184
2012-12-25,Islamabad,0.0,0.31453820131247623,282.56598726911255,101571.74614579542
2012-12-26,Islamabad,1.6472996198097265,0.3090264279883613,283.324820718775,101503.55790046215
2012-12-27,Islamabad,0.17185061154979828,0.3270765443367377,284.4621931363164,101399.33879484794
2012-12-28,Islamabad,0.0,0.44285829185078923,282.29174281834065,101113.84966719343
2012-12-29,Islamabad,0.0,0.43655473524278127,281.9324209754962,101607.43978005204
2012-12-30,Islamabad,0.0,0.41494691567247993,282.1239144398677,101539.14313419408
2012-12-31,Islamabad,0.0,0.40158584962706384,281.50756481973747,101389.3919760499
2013-01-01,Islamabad,1.9327079595276369,0.39149710407574834,281.0608191829662,101510.6733070489
2013-01-02,Islamabad,0.39310394318506775,0.3829488488435366,280.7267944671651,101666.5533009243
2013-01-03,Islamabad,0.008811888235728003,0.3759695612558294,280.1119284414217,101785.62123212335
2013-01-04,Islamabad,0.0,0.3694565397036519,279.4776758612572,101677.34374644744
2013-01-05,Islamabad,0.0,0.3631196676218449,279.2745855527813,101513.65896986275
2013-01-06,Islamabad,0.0,0.35775618936016185,279.0688806436992,101746.19270028082
2013-01-07,Islamabad,0.0,0.35236941633880303,278.3341344124448,101958.6258529768
2013-01-08,Islamabad,0.7679480073190822,0.34751535107775633,279.74421492058485,101864.62682212327
2013-01-09,Islamabad,0.0,0.34246339801298403,280.5738462246871,101823.5333954089
2013-01-10,Islamabad,0.0,0.3365761021963654,280.6157383475194,101636.89684700561
2013-01-11,Islamabad,0.0,0.3330499236689559,282.8099597830991,101583.97717425595
2013-01-12,Islamabad,0.03999092196069512,0.39072000974414334,282.40597349154757,101671.50778763185
2013-01-13,Islamabad,0.0,0.38010414892800337,281.83637467732814,101576.23581983827
2013-01-14,Islamabad,0.20010168794926247,0.3659100035189419,282.4394082006416,101520.46812367847
2013-01-15,Islamabad,0.0,0.35613065143725314,282.4448927110198,101654.81709989313
2013-01-16,Islamabad,0.0,0.35175085698732683,282.65883295922686,101840.73285804417
2013-01-17,Islamabad,0.9734445098943564,0.3890483728645624,281.81915036560076,101677.84008266169
2013-01-18,Islamabad,9.40982441038949,0.3898283359817337,281.01949397859846,101476.40892012639
2013-01-19,Islamabad,0.0,0.37320597776421904,280.002101093223,102303.95790891729
2013-01-20,Islamabad,0.0,0.36126287386112466,279.89286596658354,102122.02822532514
2013-01-21,Islamabad,0.0,0.35148399097684946,280.04826493103,102107.08858524509
2013-01-22,Islamabad,0.055265602086056666,0.34354640767047145,281.54384489928077,102089.35826765776
2013-01-23,Islamabad,0.0,0.34298752482941025,281.128915489191,102146.31831807617
2013-01-24,Islamabad,0.0,0.3362607758325598,281.39312245092555,102046.24943833557
2013-01-25,Islamabad,0.0,0.328717603879055,281.3362590168843,101992.40714596312
2013-01-26,Islamabad,0.0,0.3214827575366729,281.5034955443511,101903.72969908146
2013-01-27,Islamabad,4.357142555519046,0.31638549831401325,282.36966080146874,101800.90777335051
2013-01-28,Islamabad,0.0,0.3107899700280032,283.3397153942227,101774.24657636939
2013-01-29,Islamabad,0.0,0.30431703506184543,284.2149920036906,101645.21220293245
2013-01-30,Islamabad,0.03150830492848215,0.3005449817379869,285.02808750350295,101828.73524822654
2013-01-31,Islamabad,1.606766495013605,0.30941534598173315,284.7283099600376,101912.50675418359
2013-02-01,Islamabad,11.297945296616387,0.303891382516203,285.71736738210654,101890.57793173914
2013-02-02,Islamabad,0.0,0.3012619879814838,285.6406587063221,101832.83871598034
2013-02-03,Islamabad,27.567781410722063,0.37787109081726344,283.3798039905438,101531.13575155745
2013-02-04,Islamabad,21.96203989599028,0.4494210564238929,283.38859461583047,101360.9094558569
2013-02-05,Islamabad,15.830566079786433,0.44602377274882304,281.74652622361623,101494.08818628929
2013-02-06,Islamabad,0.0,0.4233723210057564,281.89751261851507,102092.61332228246
2013-02-07,Islamabad,0.0,0.4101441338997809,281.8627664894094,101949.18820554433
2013-02-08,Islamabad,0.0,0.40032344587000324,281.9340905446289,101763.62839556523
2013-02-09,Islamabad,0.0,0.3918948545969538,283.2094666842971,101638.93352003374
2013-02-10,Islamabad,0.0,0.38462476395123085,283.75245586481014,101773.7331234226
2013-02-11,Islamabad,0.0,0.37770067539087576,284.1419603193017,101741.48447482781
2013-02-12,Islamabad,0.0,0.3711236317952475,284.57238782613484,101816.65601233176
2013-02-13,Islamabad,0.0,0.36426631963397765,284.9033481864808,101717.76380571885
2013-02-14,Islamabad,3.923780780172268,0.37783128643199243,284.6577325137494,101591.16670562676
2013-02-15,Islamabad,5.8765672123679895,0.4079870371416461,283.586260047939,101322.464668785
2013-02-16,Islamabad,0.0,0.40052330948372555,283.09227869069855,100946.20546189349
2013-02-17,Islamabad,0.0,0.3917825989495316,283.6014813464544,101368.55042794492
2013-02-18,Islamabad,0.0,0.3808145760864668,284.64008527960476,101559.67723088423
2013-02-19,Islamabad,0.0,0.3709828808686635,284.47831080331486,101579.13583717491
2013-02-20,Islamabad,0.023420198124929837,0.36205354016664126,285.1343530821985,101716.8574562463
2013-02-21,Islamabad,19.07034838080901,0.3948183034684325,284.22764029286105,101593.9900264597
2013-02-22,Islamabad,0.22419819832498647,0.4445369885483253,283.7444914412665,101874.06615668058
2013-02-23,Islamabad,3.279207741979482,0.4376497288191717,283.76268068452094,101923.55818218247
2013-02-24,Islamabad,0.0,0.41916028832376656,285.75567709155905,102026.09270305182
2013-02-25,Islamabad,1.0668621563574263,0.41132241546680376,286.375249854576,101839.68761368285
2013-02-26,Islamabad,16.582404553974246,0.42300083839867875,286.50304559053654,101474.90300577511
2013-02-27,Islamabad,13.511603563090233,0.44911073641296906,283.1055090910322,101572.6168592407
2013-02-28,Islamabad,0.0,0.43417073384643595,283.6459845633297,102173.99963870164
2013-03-01,Islamabad,0.0,0.41486086514438714,284.9068330295514,101910.26046095564
2013-03-02,Islamabad,0.0,0.40080569506092667,286.6853038567885,101726.86888350628
2013-03-03,Islamabad,0.0,0.38905312167782,288.6479381044176,101609.36949632803
2013-03-04,Islamabad,0.0,0.3787576420332853,288.78388590313466,101613.92112860094
2013-03-05,Islamabad,0.0,0.36873216519021773,288.98598778479646,101795.77225590868
2013-03-06,Islamabad,0.0,0.3582766802652494,288.9345733039262,101688.11737436618
2013-03-07,Islamabad,0.0,0.3486646743262575,289.3420387570071,101578.41313633988
2013-03-08,Islamabad,0.048472627427534505,0.34101022180827845,290.71240777347646,101495.1868228764
2013-03-09,Islamabad,3.9765640121056838,0.3802565713896066,288.75896603365135,101113.52324139702
2013-03-10,Islamabad,0.0,0.39161211286454056,289.4089782907624,101147.23326694728
2013-03-11,Islamabad,0.28212817724272227,0.37177728430310114,290.45042694316965,101291.75673073644
2013-03-12,Islamabad,3.225100263529707,0.36274481971084677,290.11120111459894,101310.68398009417
2013-03-13,Islamabad,13.403154506174223,0.4029702456657038,287.68154046738323,101372.80928206425
2013-03-14,Islamabad,6.718392360541631,0.4424622579809372,285.659661525865,101666.41444085081
2013-03-15,Islamabad,0.0,0.4183067113733434,287.756802706562,101924.37029459498
2013-03-16,Islamabad,0.06296084161442456,0.40840471532612144,288.5167006010857,101744.8080201844
2013-03-17,Islamabad,0.1841408699109888,0.4073217564075248,288.6362374801999,101806.24411016148
2013-03-18,Islamabad,0.0,0.39197906745204186,289.4947614090568,101185.78082937343
2013-03-19,Islamabad,0.0,0.37732185938058593,291.23730511278154,100988.4946178266
2013-03-20,Islamabad,11.931534665716466,0.37118294654170714,290.5766622680287,101313.41603454259
2013-03-21,Islamabad,0.0,0.3606465700629546,290.5212640079017,101231.59853178571
2013-03-22,Islamabad,7.6791571422345495,0.3494491866837148,291.6814415855536,100732.3874759845
2013-03-23,Islamabad,12.226840912338973,0.40387093785399136,288.9375366773663,101055.76169761209
2013-03-24,Islamabad,4.6810202187998735,0.4379387285215981,286.2538213266848,101593.48172689963
2013-03-25,Islamabad,0.0,0.41468241756364554,288.7206855967806,101321.04124130325
2013-03-26,Islamabad,0.0,0.3989402700510956,290.5071196952242,100955.91395414599
2013-03-27,Islamabad,0.0,0.387522244398138,291.65210427185957,101039.12746301049
2013-03-28,Islamabad,1.1800335393770076,0.38279176881194715,290.09700392132925,101255.12653400825
2013-03-29,Islamabad,0.0,0.375047189134506,291.05141400129395,101159.68214162893
2013-03-30,Islamabad,0.0,0.3646058514844113,291.56952871689464,100971.90236701952
2013-03-31,Islamabad,3.0847258052506756,0.3519206333060658,292.1827867162244,100969.9895639125
2013-04-01,Islamabad,9.140314399147147,0.3701873584320761,291.1796996815548,101187.677727181
2013-04-02,Islamabad,8.15932044713604,0.36700095160116286,291.6766907969199,101331.7614553255
2013-04-03,Islamabad,0.0,0.3506530000606477,291.26335464912205,101285.25159440226
2013-04-04,Islamabad,0.0,0.33560060940517694,290.35801968353275,101126.83048214327
2013-04-05,Islamabad,0.0,0.32085680591908877,290.6530790165779,100899.85876288876
2013-04-06,Islamabad,0.1997764187920311,0.30632560012061316,292.47762015137187,100849.98725011082
2013-04-07,Islamabad,0.0,0.2963296982976522,292.29868214770784,100892.15019105835
2013-04-08,Islamabad,0.5189995067538411,0.2857426674638881,294.04980612891814,100906.57365513165
2013-04-09,Islamabad,2.983291535519312,0.28151812864271814,294.2943985516796,101081.85109924234
2013-04-10,Islamabad,0.0373459977855581,0.28632067698760766,293.0542218021534,101199.97381492713
2013-04-11,Islamabad,0.0,0.28238946299069867,293.9612129258783,101008.3749325008
2013-04-12,Islamabad,0.0,0.27251942628670217,294.64244952694855,101006.61453336026
2013-04-13,Islamabad,0.0,0.2697922307038851,295.37774755272,101010.70313636835
2013-04-14,Islamabad,0.0,0.2725401666395579,294.92223442143796,100986.82475678969
2013-04-15,Islamabad,6.921314441980483,0.2683115821507521,295.8995662075601,100594.57853923195
2013-04-16,Islamabad,2.188168903293976,0.335727236706124,291.8559226265524,100465.54262077385
2013-04-17,Islamabad,0.0,0.3175540751068546,293.59083816171903,100506.53839638943
2013-04-18,Islamabad,0.0,0.29370147980658234,294.42009273779587,100607.94544891948
2013-04-19,Islamabad,6.03783105827062,0.2753543265709031,295.5668296263787,100587.35641604806
2013-04-20,Islamabad,7.502868363446479,0.26517713304275964,295.244750070606,100737.72130075938
2013-04-21,Islamabad,5.461787071111372,0.2670322356516715,293.8814124907806,101030.344651292
2013-04-22,Islamabad,0.0,0.26725506967201057,293.7777301921956,101248.88049727728
2013-04-23,Islamabad,0.43842413861713286,0.27440054325984226,293.97943989409083,101290.31219980618
2013-04-24,Islamabad,5.734526441235057,0.27771790543355407,295.7094377142696,101278.53899251399
2013-04-25,Islamabad,2.7921104708915245,0.2656623500106806,296.2197301162174,101198.56373488012
2013-04-26,Islamabad,13.066277672381371,0.2644773209228535,294.890972776848,101295.72672272177
2013-04-27,Islamabad,0.21659065416101966,0.2581461553038899,294.6429583154418,101195.95187626472
2013-04-28,Islamabad,0.21753744209323897,0.24292333259817864,294.6407986110225,100861.26528572768
2013-04-29,Islamabad,0.0,0.23135206468191366,296.2555527906725,100854.56282896982
2013-04-30,Islamabad,0.0,0.2206951086021674,296.59171817955826,100854.7487008179
2013-05-01,Islamabad,0.0,0.217202425664392,294.99409083583726,100672.6627174896
2013-05-02,Islamabad,0.0,0.21071552880100577,296.0588765751697,100355.69036125574
2013-05-03,Islamabad,0.0,0.19979287581578,297.2101210243382,100098.42550290462
2013-05-04,Islamabad,0.0,0.19351014218840595,298.42028171029943,100217.0063566488
2013-05-05,Islamabad,0.0,0.20275067031955424,298.4499657531914,100490.74219496049
2013-05-06,Islamabad,0.0,0.20471329592390697,298.57695950816077,100633.94716659654
2013-05-07,Islamabad,0.36378242640360653,0.19696850857840115,299.05690759858834,100665.98221715697
2013-05-08,Islamabad,0.0,0.1905683452666393,298.87418149857007,100612.4658461132
2013-05-09,Islamabad,0.0,0.1834824320246286,299.84020320881996,100414.08987519046
2013-05-10,Islamabad,0.07274101670694398,0.17987503441016178,300.7112744417385,100332.57569964702
2013-05-11,Islamabad,3.6228470875813463,0.19120195417791722,299.31130613777725,100273.76886283026
2013-05-12,Islamabad,11.452391040476407,0.21496039255216903,295.6620051565664,100822.98909852325
2013-05-13,Islamabad,0.01091102224369664,0.2063977236875889,297.27846758093136,100683.00993161974
2013-05-14,Islamabad,0.0,0.20381852480517856,298.21179443092154,100493.68702786088
2013-05-15,Islamabad,0.0,0.19452754547695977,299.439196522441,100317.52947725776
2013-05-16,Islamabad,0.0,0.18543201516093188,300.7229850804259,100101.99835017737
2013-05-17,Islamabad,0.0,0.17836214460216485,301.7741283519211,100193.7826440362
2013-05-18,Islamabad,0.0,0.17343879661428813,303.465882209755,100161.3732112711
2013-05-19,Islamabad,0.0,0.17466562619293927,305.09356457757076,100057.53887385753
2013-05-20,Islamabad,0.0,0.17320327625220017,304.62113445106144,100183.6860310042
2013-05-21,Islamabad,0.0,0.16944417210043589,304.9088031689351,100196.82823086722
2013-05-22,Islamabad,0.0,0.16687318057333636,305.0452886569596,100115.01443417194
2013-05-23,Islamabad,0.0,0.16503621233314966,305.5871021190438,99924.4757315492
2013-05-24,Islamabad,0.0,0.16369981777166942,306.8073749838285,99724.4348618468
2013-05-25,Islamabad,0.0,0.18297563480896836,304.9988663025083,99921.4469413624
2013-05-26,Islamabad,1.2851135302715329,0.25043274179504604,299.6518699350872,100210.91055431771
2013-05-27,Islamabad,8.080451298679385,0.2700962798504685,300.14100236623716,100401.5578191078
2013-05-28,Islamabad,0.21852971142405492,0.24771920497710934,299.36342525382463,100494.1940019497
2013-05-29,Islamabad,0.0,0.22689309683293188,299.6319512323636,100455.89264464722
2013-05-30,Islamabad,0.0,0.20596509580207567,301.2387307603768,100159.06749387537
2013-05-31,Islamabad,0.0,0.19110897251494763,303.2579400454007,99932.33860194229
2013-06-01,Islamabad,0.0,0.1813959071080855,303.91380819026045,100115.87866343047
2013-06-02,Islamabad,0.0,0.17702396550618776,304.08733250893806,100137.58040185469
2013-06-03,Islamabad,0.0,0.1762013382384273,303.5704586900198,100204.34770154557
2013-06-04,Islamabad,0.0,0.1728853630722893,304.6038017433694,100157.9455775232
2013-06-05,Islamabad,0.0,0.16924361340727448,305.5583720469222,99961.01044603476
2013-06-06,Islamabad,0.0,0.16665735170015908,305.8655691897237,99800.31732867988
2013-06-07,Islamabad,0.0,0.16487280928168677,305.4280834562855,99889.34237763463
2013-06-08,Islamabad,0.0,0.16365826412338136,306.0127978246326,99706.38713777794
2013-06-09,Islamabad,0.0,0.1628334155619075,307.24900676574117,99561.7618610312
2013-06-10,Islamabad,0.0,0.16234947857285692,307.52734623392183,99596.64079268224
2013-06-11,Islamabad,11.870045832248485,0.16282755193860224,306.136411875897,99843.03403416456
2013-06-12,Islamabad,5.167131773484776,0.21635464428066492,301.48679525139966,100185.08163247182
2013-06-13,Islamabad,4.656652593541115,0.2404800598219471,301.8044324660099,100039.60648567879
2013-06-14,Islamabad,0.0,0.2957651925466793,298.8567489703065,100031.97224539302
2013-06-15,Islamabad,3.247966045030364,0.40995700600787893,296.0444913725391,100171.08348337103
2013-06-16,Islamabad,0.0,0.3541015648244482,298.2695955222689,99943.2312796286
2013-06-17,Islamabad,0.629618577301017,0.3248791321905416,298.3976717536886,99746.24083396331
2013-06-18,Islamabad,0.0,0.2977321700444986,299.5102910031156,99900.95881766974
2013-06-19,Islamabad,0.0,0.26908820251462073,301.40277550855905,99991.34869378382
2013-06-20,Islamabad,0.0,0.2436980741486198,303.49603911777405,99834.70906848261
2013-06-21,Islamabad,0.0,0.22146689362200897,305.3176707290499,99624.037307876
2013-06-22,Islamabad,0.0,0.20401393152050498,306.96480828733166,99650.35427561271
2013-06-23,Islamabad,0.0,0.19188492425298717,307.4652901153462,99541.19934646564
2013-06-24,Islamabad,0.0,0.18389860365434252,307.11060662577694,99569.0607535469
2013-06-25,Islamabad,13.91653886348108,0.19516519369544266,304.69699607948473,99898.4601889694
2013-06-26,Islamabad,2.5549342896721385,0.28635027504982064,302.40317028381537,99919.92631076349
2013-06-27,Islamabad,27.816932894968794,0.3531925800221663,300.3600626547926,99832.83233766089
2013-06-28,Islamabad,9.63593171167697,0.35543710937217843,301.55440700269014,99720.20673549687
2013-06-29,Islamabad,20.976942447082806,0.33226706831935854,302.28859742232413,99794.93196435476
2013-06-30,Islamabad,0.7134229847291045,0.30581495284947446,302.5472238447641,99862.13015054457
2013-07-01,Islamabad,0.0,0.30954418298306347,302.7133396966806,99696.91823501662
2013-07-02,Islamabad,0.0,0.27603176986529926,303.44601704355784,99690.53133917002
2013-07-03,Islamabad,0.0,0.24703126350261614,304.4379543121264,99836.6180923446
2013-07-04,Islamabad,0.0,0.2215682248826506,305.2984321049209,99810.3080219607
2013-07-05,Islamabad,0.13573476201509707,0.21585129175866588,304.4277880792106,99818.72362131097
2013-07-06,Islamabad,16.0054007397901,0.290302178660694,301.7617573260992,100084.65099323307
2013-07-07,Islamabad,15.681214460945625,0.3518784645463003,300.4197293394412,100060.46995077534
2013-07-08,Islamabad,3.6922927589047028,0.3548876675208867,300.7904527994437,99831.10191527219
2013-07-09,Islamabad,31.48131489143339,0.4108764300406294,297.8780027580368,99748.0484789942
2013-07-10,Islamabad,5.036987524252462,0.393744330219496,297.7888073802597,99814.30047803646
2013-07-11,Islamabad,0.0,0.3574324581207591,300.97027147520447,99982.67224233784
2013-07-12,Islamabad,0.0,0.32447674401906174,302.38034825023425,100184.77407518984
2013-07-13,Islamabad,0.0,0.3019093013081875,302.73091104455483,100025.46064867443
2013-07-14,Islamabad,0.34074684640220804,0.28601891334617763,302.92846368567064,99830.30513583677
2013-07-15,Islamabad,0.9572393562116022,0.2829550533107623,302.36388522294664,99952.27009522363
2013-07-16,Islamabad,15.678019015754666,0.30278304293466013,301.5881781375757,100019.8403395139
2013-07-17,Islamabad,11.5157995318755,0.36141263919495126,300.78154086752966,99969.88682870267
2013-07-18,Islamabad,0.0,0.3470462541301351,301.9743746089851,99597.01743682078
2013-07-19,Islamabad,7.781199462069784,0.34468017790216476,301.7497639562613,99457.70239565334
2013-07-20,Islamabad,20.726966209970183,0.39310775113160334,298.44918648402614,100067.67110089069
2013-07-21,Islamabad,0.0,0.3682544470834418,300.6256355573424,99746.09703507976
2013-07-22,Islamabad,17.168330042214006,0.3438278127294475,301.6878078848622,99741.19226508858
2013-07-23,Islamabad,25.484976002509867,0.356499406922905,299.80998086859216,100013.07289843008
2013-07-24,Islamabad,35.45106756429677,0.3910368095884698,299.3859800969268,99939.89931392386
2013-07-25,Islamabad,0.0,0.37498959988618097,300.4481526703636,99661.26837221764
2013-07-26,Islamabad,0.0,0.359869343116368,300.8757309028306,99737.15301749867
2013-07-27,Islamabad,0.0,0.3430725979327603,302.11350614442387,99941.90504389582
2013-07-28,Islamabad,0.0,0.3200460898300317,303.2079626139782,99878.91548460163
2013-07-29,Islamabad,10.721986401298462,0.31356129069453587,302.91616365671166,99804.0237874301
2013-07-30,Islamabad,23.339894733261566,0.3984765123092628,299.7876189100051,99842.46018435097
2013-07-31,Islamabad,0.0,0.3937675555059203,301.6154487246393,99657.94232050896
2013-08-01,Islamabad,108.03008054662416,0.42243134624344797,299.4762861139279,99973.3626348563
2013-08-02,Islamabad,45.17022717515658,0.4361512124860959,298.00361435401726,100331.03861345268
2013-08-03,Islamabad,0.0,0.42605348950476934,299.17578251760517,100439.26854238668
2013-08-04,Islamabad,0.0,0.40160241097452587,301.0600098744694,100199.86371484357
2013-08-05,Islamabad,0.0,0.40860845053405387,300.8609069302491,100058.35680008301
2013-08-06,Islamabad,22.41924712151732,0.42716508843123846,298.92382381968247,100269.8771962109
2013-08-07,Islamabad,36.76732963878414,0.4214052274300757,298.8659088788503,100334.44964346213
2013-08-08,Islamabad,9.641630735020485,0.3993361174735928,300.2728552669768,100097.86594551467
2013-08-09,Islamabad,0.0,0.3944051861464854,300.2380791050444,100078.86761310029
2013-08-10,Islamabad,7.83515882897543,0.428741131418932,298.5025015228732,100265.44957631816
2013-08-11,Islamabad,78.11211047914766,0.4227335017163248,299.08609382958747,100412.70142650681
2013-08-12,Islamabad,0.0,0.43448370028804784,299.29593022149766,100310.33797562073
2013-08-13,Islamabad,90.11730189269436,0.45317691909775926,296.7584670794539,100247.56701001257
2013-08-14,Islamabad,8.576331080196066,0.4491320194840358,296.1953944302121,100303.111543856
2013-08-15,Islamabad,0.0,0.44069694219061906,297.76587480392374,100356.70353141628
2013-08-16,Islamabad,0.0,0.4457507980071679,297.29812589689925,100243.01775797489
2013-08-17,Islamabad,0.1808977606275832,0.43423152756651573,297.89200891730064,100123.11446692681
2013-08-18,Islamabad,15.202079440631167,0.4232424791141862,298.81135251231404,100098.65018857147
2013-08-19,Islamabad,9.272363318844484,0.43242513319426634,298.6575272017909,100223.1743298395
2013-08-20,Islamabad,4.2281780663142,0.40754575343263083,299.33311426150783,100076.7782796798
2013-08-21,Islamabad,10.307363896181073,0.3894316243790722,299.54867559374605,100091.26106063277
2013-08-22,Islamabad,11.617306489767959,0.37237883256683807,299.9403931253731,100253.8633130457
2013-08-23,Islamabad,0.0,0.3577081199420376,300.31887656466813,100294.35506322187
2013-08-24,Islamabad,0.0,0.3483155716754437,300.631050623526,100276.82187528422
2013-08-25,Islamabad,0.0,0.33904908691543184,300.9112008823795,100076.12448274293
2013-08-26,Islamabad,0.0,0.3319990015173738,301.13410141189314,99932.84582613343
2013-08-27,Islamabad,0.18738125017929477,0.33456198266013926,301.0456997754873,100019.8311287146
2013-08-28,Islamabad,29.360206645896028,0.406829565921129,298.7726589275044,100456.90756943189
2013-08-29,Islamabad,22.07903133050779,0.41226823852528877,298.94648692558513,100538.27959449319
2013-08-30,Islamabad,13.332560754647378,0.3866748042515214,299.66579550526467,100404.07814169719
2013-08-31,Islamabad,37.00123928769658,0.37409598318563764,299.3097366999232,100441.1573321188
2013-09-01,Islamabad,0.0,0.36203018697773603,299.2228952518884,100546.56056064129
2013-09-02,Islamabad,0.0,0.3442154312579018,299.6927631483064,100491.53070716427
2013-09-03,Islamabad,0.0,0.3336448886844682,299.2708137074147,100407.14955905262
2013-09-04,Islamabad,0.0,0.3256837658574745,299.4990127134957,100328.08886270237
2013-09-05,Islamabad,0.4674481095322743,0.3253630746437805,299.21371267101136,100246.69699394067
2013-09-06,Islamabad,0.0,0.3235381211127637,298.93906228661916,100466.72160450583
2013-09-07,Islamabad,0.0,0.32317961627080793,299.11947744909963,100607.00961366302
2013-09-08,Islamabad,0.030852875981225276,0.3685734049062848,297.8802337540088,100867.05856159907
2013-09-09,Islamabad,0.0,0.41925959829733167,297.2014258966409,100924.60904603018
2013-09-10,Islamabad,0.0,0.39714933221948373,297.717892071272,100674.5158235898
2013-09-11,Islamabad,0.0,0.381465397855695,298.540354237659,100777.99462457652
2013-09-12,Islamabad,42.63111972171349,0.401991265103391,297.8953208292501,101027.81283358818
2013-09-13,Islamabad,0.0,0.4004868314302813,297.77617730718964,101000.41058593572
2013-09-14,Islamabad,0.0,0.38235565838820945,297.92996075402215,100639.24094622514
2013-09-15,Islamabad,67.499885839577,0.39345310257381483,297.31619812985315,100415.93811104541
2013-09-16,Islamabad,0.0,0.3797882459911489,296.5163070744398,100584.74456951137
2013-09-17,Islamabad,0.0,0.3581075418398944,297.12465142465777,100488.12919916103
2013-09-18,Islamabad,0.0,0.3391849764202224,297.52678221627593,100512.1489838883
2013-09-19,Islamabad,0.0,0.32325645651930135,298.1003827635133,100450.2952624796
2013-09-20,Islamabad,0.0,0.30856831061871326,298.7712422493597,100480.43092628806
2013-09-21,Islamabad,0.0,0.29647828105393254,299.0523462718356,100592.22900632645
2013-09-22,Islamabad,0.0,0.28601491804158924,299.47859518537376,100415.4214092555
2013-09-23,Islamabad,0.0,0.2756648438130031,299.6968411539623,100356.91909154595
2013-09-24,Islamabad,0.0,0.266437998067062,299.6659827317721,100514.86540765257
2013-09-25,Islamabad,0.0,0.2564487136073636,299.87225284058616,100668.0593637738
2013-09-26,Islamabad,0.0,0.24795063150575394,299.9582495073947,100778.4056151522
2013-09-27,Islamabad,0.0,0.2479491592684079,299.7252905023714,100621.6128366434
2013-09-28,Islamabad,0.0,0.2779549942778699,298.24912476994587,100706.24064496552
2013-09-29,Islamabad,0.0,0.2901012723699913,298.26548651032215,100564.93542635339
2013-09-30,Islamabad,0.0,0.2807421583437854,298.03252809603845,100742.9900481305
2013-10-01,Islamabad,0.0,0.2740110545334528,297.80377945784244,101059.52913230128
2013-10-02,Islamabad,0.0,0.2665506094649416,298.32528586499853,101159.94904414016
2013-10-03,Islamabad,0.0,0.25746258587386395,298.40098056753015,100953.18168441067
2013-10-04,Islamabad,0.0,0.2527341259949175,298.0794524934277,100828.60826019736
2013-10-05,Islamabad,0.0,0.25005565628450266,299.13953858534376,100555.79781608106
2013-10-06,Islamabad,0.0,0.24392746106058255,299.29478309115206,100751.06270107657
2013-10-07,Islamabad,0.0,0.2376914116651551,299.73757902103216,100990.8318662322
2013-10-08,Islamabad,0.0,0.23139927171235863,300.08156773898486,101116.2227928471
2013-10-09,Islamabad,0.0,0.22617307221810176,299.666828955515,101175.59178008903
2013-10-10,Islamabad,0.0,0.2209090161915863,298.74552150982066,101232.58091023032
2013-10-11,Islamabad,8.975533859384248,0.21905448327489427,298.4966076713029,101162.82434611034
2013-10-12,Islamabad,0.02929071937510036,0.257371752301832,295.9939203193953,101132.80127665865
2013-10-13,Islamabad,0.0,0.25016129586965985,295.7507061455767,101146.56426386078
2013-10-14,Islamabad,0.0,0.23971817507279897,296.1053400307242,100895.36073670765
2013-10-15,Islamabad,0.0,0.22912792137985233,296.2365591323184,101000.2833332386
2013-10-16,Islamabad,0.0,0.22064774539423565,296.19227856848016,101062.69524535608
2013-10-17,Islamabad,0.0,0.22945713557077882,294.2665462447061,101341.1701345863
2013-10-18,Islamabad,0.0,0.22477534694271806,294.4775410009281,101309.34398589197
2013-10-19,Islamabad,0.0,0.21633733925429036,294.38384206472136,101282.00989360706
2013-10-20,Islamabad,0.0,0.20928317823675002,293.91080297657686,101176.3592883168
2013-10-21,Islamabad,0.0,0.2033698715830507,293.6432643136842,101058.6695864217
2013-10-22,Islamabad,0.0,0.19858318832083136,293.66719722737685,101310.48839368946
2013-10-23,Islamabad,0.0,0.19462749689996767,294.1000892366586,101526.86524885184
2013-10-24,Islamabad,0.0,0.1910374365766061,294.005519336281,101472.83655991367
2013-10-25,Islamabad,0.0,0.18798414668088864,293.4380798393907,101231.50702133827
2013-10-26,Islamabad,0.3834653281562732,0.18553734571588656,293.471910269161,101277.06017447481
2013-10-27,Islamabad,14.370408188439692,0.18719006921852815,292.10271100613545,101275.95869439488
2013-10-28,Islamabad,0.0,0.18588866885090435,291.33730363660055,101162.36308994301
2013-10-29,Islamabad,0.6335809745890918,0.18393563347515599,292.40141284828087,101293.39329583691
2013-10-30,Islamabad,0.15763728605937105,0.2114438085032884,289.95875090287007,101562.63737295939
2013-10-31,Islamabad,0.0,0.25350857843486896,289.4379930537126,101650.89808614885
2013-11-01,Islamabad,0.0,0.2438828005731516,289.33178705227584,101631.24426079134
2013-11-02,Islamabad,0.0,0.23388238929150773,288.8848486045388,101665.94344916669
2013-11-03,Islamabad,0.0,0.22519215354580033,288.8699503589519,101713.8073487449
2013-11-04,Islamabad,0.0,0.2185633580739196,288.8691469224913,101869.11686385906
2013-11-05,Islamabad,7.370649699098845,0.22365913971068926,288.92767092663837,101832.681558649
2013-11-06,Islamabad,21.04850070064875,0.2592902211648711,288.3971018681698,101848.48828959856
2013-11-07,Islamabad,8.454559398680788,0.3833103336629527,285.9571786526361,101859.85621568195
2013-11-08,Islamabad,0.0,0.3603981852381457,286.1726533335461,101828.64902687464
2013-11-09,Islamabad,0.0,0.33845156434179574,286.6298905941979,101914.77373520705
2013-11-10,Islamabad,0.0,0.32097757485854156,286.599774161821,101833.61615582796
2013-11-11,Islamabad,0.0,0.3054860977048651,286.5565729114204,101390.60879095424
2013-11-12,Islamabad,0.0,0.29304720519077726,287.11239150463365,101448.5697636249
2013-11-13,Islamabad,0.0,0.28301223179090357,286.69564755506127,101641.72813594191
2013-11-14,Islamabad,0.0,0.2732157947248342,285.8651296525314,101702.02380874561
2013-11-15,Islamabad,0.1788879548872885,0.26425525223580193,285.797004939264,101770.77223459313
2013-11-16,Islamabad,0.0,0.2565792349085842,286.1617665833709,101903.47231431329
2013-11-17,Islamabad,0.0,0.24970748005934185,286.5305108423424,101894.19587949329
2013-11-18,Islamabad,0.16181981610729265,0.24301751892673612,287.1868212425539,101780.29390396923
2013-11-19,Islamabad,0.0,0.23692720428906716,287.1169568672243,101542.53132567018
2013-11-20,Islamabad,0.0,0.23171217845265504,286.9863513504309,101266.40758897105
2013-11-21,Islamabad,0.0,0.2269045587917568,287.25378765326326,101435.78136048559
2013-11-22,Islamabad,0.0,0.22241552270017287,287.73101322389243,101679.10370258002
2013-11-23,Islamabad,1.8556025230750661,0.21860726349148493,287.705503400372,101544.39683030843
2013-11-24,Islamabad,0.0,0.2149996658703813,288.06627126442817,101610.21002341865
2013-11-25,Islamabad,0.0,0.2113958727987655,287.80993109530164,101482.11063261675
2013-11-26,Islamabad,0.0,0.20815603132399566,287.3415426071815,101365.95728650356
2013-11-27,Islamabad,0.0,0.2052253175684907,286.96876815073233,101577.78482994463
2013-11-28,Islamabad,0.0,0.20252452436509047,286.7796987825542,101950.55560371291
2013-11-29,Islamabad,0.0,0.19995502479267227,286.5864187632375,101821.91798065123
2013-11-30,Islamabad,0.0,0.1976072877682082,286.50427477812934,101562.45878747273
2013-12-01,Islamabad,0.0,0.19571376734793391,287.2120817561826,101592.31570194905
2013-12-02,Islamabad,0.19981347447197095,0.1946188735146623,286.7725957265635,101683.4829759902
2013-12-03,Islamabad,0.0,0.19404709565190117,286.01122635820616,101877.18880806348
2013-12-04,Islamabad,0.0,0.19269411045606588,285.92504495505653,101835.9214970045
2013-12-05,Islamabad,0.004824613973001662,0.1909624192853934,287.23508423316093,101551.11751718028
2013-12-06,Islamabad,0.0,0.1892683182316632,287.3830691392763,101362.5164097671
2013-12-07,Islamabad,0.033674761730870785,0.1882177613711846,286.8193456357692,101469.18766235339
2013-12-08,Islamabad,0.33476623971250513,0.18729832921442935,286.4123217349522,101508.52285238852
2013-12-09,Islamabad,0.0,0.18688943611475636,285.90786866426333,101404.97985646118
2013-12-10,Islamabad,0.0,0.18622181855836997,285.5817849285572,101476.47822759881
2013-12-11,Islamabad,4.518161146812401,0.1956486518307894,283.79831329600574,101662.5313839327
2013-12-12,Islamabad,0.0,0.19641151909302498,284.18306424543925,101503.45047689967
2013-12-13,Islamabad,0.0,0.19408796442635035,285.2437076097066,101224.65243416344
2013-12-14,Islamabad,0.024324966395276943,0.1916782502369281,286.6227104899149,101188.0002607601
2013-12-15,Islamabad,0.0,0.18992134562481627,285.2518174620135,101583.33737416723
2013-12-16,Islamabad,0.0,0.18867111894137664,285.20992122279694,101594.6437839628
2013-12-17,Islamabad,0.0,0.1875542295242367,285.03285308554456,101430.6392604503
2013-12-18,Islamabad,0.0,0.1871344512122543,284.2763640675643,101334.13492025151
2013-12-19,Islamabad,0.0,0.19992928291508028,281.986988904573,101579.42583897965
2013-12-20,Islamabad,0.0,0.20070166425421776,282.0602442544349,101745.68373354443
2013-12-21,Islamabad,0.4741500971462679,0.20860548772397455,282.12790413258995,101823.5157386829
2013-12-22,Islamabad,0.0,0.22368272337847658,280.84872131442467,102239.47669962996
2013-12-23,Islamabad,0.0,0.22159966457868197,280.8925660522373,102177.48780928848
2013-12-24,Islamabad,0.0,0.21829834699634346,280.81789633182376,102280.41795365149
2013-12-25,Islamabad,0.0,0.2149578208276311,280.63375397899995,102103.5149357976
2013-12-26,Islamabad,0.0,0.21169200488588036,281.32332810925845,101938.64149360813
2013-12-27,Islamabad,0.09161289850278093,0.20942675680847714,281.33319955485575,101924.63478738465
2013-12-28,Islamabad,0.0,0.20700752255756613,280.6156698853749,102011.2925603798
2013-12-29,Islamabad,0.0,0.20458338239075757,279.7155634293878,101874.80461786922
2013-12-30,Islamabad,0.0,0.20242860108962235,279.7774430018912,101758.26130789299
2013-12-31,Islamabad,0.6565724643210988,0.22124768649276114,278.73122315482476,102248.72442135423
2014-01-01,Islamabad,0.0,0.23892910971661874,279.06131291183857,102385.74181447811
2014-01-02,Islamabad,0.0,0.2334722871606785,280.31739167899855,102045.78764963507
2014-01-03,Islamabad,0.0,0.2283227778665709,281.31106373025375,101709.73163169023
2014-01-04,Islamabad,0.0,0.22473070530529093,281.51381660194727,101634.51186138649
2014-01-05,Islamabad,0.0,0.2221980887144687,281.0248538356358,101472.17774174665
2014-01-06,Islamabad,0.0,0.21942793648798006,280.65280848054095,101839.17889882512
2014-01-07,Islamabad,2.0371006717190108,0.2158812883018665,280.9656080493422,101872.09089798103
2014-01-08,Islamabad,45.910156315743734,0.22693705961001823,279.6589991987414,102053.37380206675
2014-01-09,Islamabad,0.0,0.23344525778734315,279.8730566205676,101837.15641377446
2014-01-10,Islamabad,0.0,0.23219879798229412,280.2592978849347,101868.95305004033
2014-01-11,Islamabad,0.0,0.22977614329409213,280.10932222831525,102076.92511602759
2014-01-12,Islamabad,9.464823693306721,0.22546051185789118,281.6410951783657,102110.31616946991
2014-01-13,Islamabad,0.0,0.22156004499283602,282.6909515598041,101969.8197000335
2014-01-14,Islamabad,0.0,0.21842392369868294,283.01694085522735,101741.42123340229
2014-01-15,Islamabad,0.0,0.21429841259250684,283.1114376179944,101929.73510754402
2014-01-16,Islamabad,6.69012089081586,0.2109937897255855,282.8112568497873,101937.35791381987
2014-01-17,Islamabad,2.782897536477387,0.20909480263070773,282.7171267878555,101844.13123550548
2014-01-18,Islamabad,0.0,0.2066111163423148,282.35837682114226,102167.05980713696
2014-01-19,Islamabad,0.0,0.20379909536601562,282.0500493944638,102522.49512691268
2014-01-20,Islamabad,0.0,0.20125531919702944,283.2101973198448,102081.3620447712
2014-01-21,Islamabad,0.0,0.20297958259882623,284.58782981829887,102128.44359908602
2014-01-22,Islamabad,0.06791905700675267,0.24575971960416107,283.31625269598885,102009.27746578144
2014-01-23,Islamabad,0.0,0.28734711905541843,283.5305502057472,102277.88887677058
2014-01-24,Islamabad,2.5345974369213,0.27472541509794846,283.8043097737337,101917.79916926239
2014-01-25,Islamabad,0.0,0.26335877788044615,284.4071996902292,101958.98766363233
2014-01-26,Islamabad,0.0,0.2532531739495516,284.26714658295555,101906.89299670892
2014-01-27,Islamabad,0.0,0.24411708472769705,284.4615759239016,102013.36601372436
2014-01-28,Islamabad,0.0,0.23581820868691225,284.62119066836476,101652.92231267902
2014-01-29,Islamabad,0.0,0.22856051524353693,285.00615749660085,101809.47244433811
2014-01-30,Islamabad,0.0,0.22244646954955288,284.9250024246483,102002.09545133519
2014-01-31,Islamabad,0.0,0.21675314478339125,285.65929338242603,101893.33108324144
2014-02-01,Islamabad,0.0,0.21276659304391732,286.3556975932107,101979.99526866108
2014-02-02,Islamabad,12.063432651936271,0.25401074320424377,285.98611623034225,101773.0071620208
2014-02-03,Islamabad,17.85948562197078,0.43873922354296174,283.250074755068,101580.22299498947
2014-02-04,Islamabad,4.328797735137302,0.410296151577788,283.87757918555445,101351.48566459009
2014-02-05,Islamabad,0.0,0.4282071522952421,282.6781198697519,101365.73167574233
2014-02-06,Islamabad,20.511796338524263,0.43117812277829026,281.2099239251413,101201.04866905783
2014-02-07,Islamabad,0.0,0.4199149268943375,281.7829791003646,101166.01959359797
2014-02-08,Islamabad,0.0,0.4042995293234048,281.82076238344507,101249.35426317868
2014-02-09,Islamabad,0.0,0.39006471401899967,281.57285132480496,101160.80156441835
2014-02-10,Islamabad,0.10937939320735525,0.3852957919127744,280.97911047150876,101205.58329366276
2014-02-11,Islamabad,0.0,0.3783658912196925,281.26602534416025,101516.38740670901
2014-02-12,Islamabad,0.0,0.36637080941376554,281.2077734172981,101447.73563510357
2014-02-13,Islamabad,0.0,0.3551266983203611,282.3957919022391,101286.67207643183
2014-02-14,Islamabad,0.0,0.37133072606231393,281.65118434763724,101294.02542091081
2014-02-15,Islamabad,1.089565017485618,0.3745979271902423,281.40995757396576,101303.43802045438
2014-02-16,Islamabad,0.0,0.36088601582271457,281.52947442278224,101805.28877971387
2014-02-17,Islamabad,0.0,0.34838041811745535,282.52949900766833,101876.65112325783
2014-02-18,Islamabad,0.3851950484209858,0.33723921997927003,284.86178042329846,101682.60930927706
2014-02-19,Islamabad,1.1490236835229077,0.3309047362970398,284.77723281038345,101697.5408974126
2014-02-20,Islamabad,0.0,0.32502607638421055,284.4183608973864,101603.05201701832
2014-02-21,Islamabad,3.3662352890452483,0.3453536722074725,282.6198161660918,101686.10904318807
2014-02-22,Islamabad,0.0,0.3616774984316982,282.8926335083064,102014.79034889273
2014-02-23,Islamabad,0.0,0.34808802902820485,284.88049564153687,102057.50430573868
2014-02-24,Islamabad,0.0,0.3330346280761284,285.6301664100574,101897.25656127791
2014-02-25,Islamabad,0.0,0.32005930371169067,286.1737287901338,101741.910546502
2014-02-26,Islamabad,0.0,0.32821325169971616,284.66986320921984,101657.6234357948
2014-02-27,Islamabad,0.46899545985784713,0.38283373565694645,283.4840755210254,101608.41386781813
2014-02-28,Islamabad,0.0,0.3849094585671791,283.78610660795874,101449.47958753009
2014-03-01,Islamabad,0.0,0.37464049833398716,283.3589609165575,101703.30122194868
2014-03-02,Islamabad,5.325341218414783,0.36135809676643194,284.41721900977075,101829.7918303227
2014-03-03,Islamabad,17.092530893458765,0.37628609159135773,283.27516107089525,101963.55789726475
2014-03-04,Islamabad,0.0,0.3738109533749876,284.4300321516794,101946.67324026019
2014-03-05,Islamabad,0.0,0.3622354105553795,284.38158055143094,101819.31433313625
2014-03-06,Islamabad,0.0,0.347742336753637,285.1397678793645,101833.74621116307
2014-03-07,Islamabad,4.15972167034764,0.3338350715201808,285.9074235756869,101859.90026068901
2014-03-08,Islamabad,1.07525275519099,0.31963026776381065,287.51026198758206,101787.15954467167
2014-03-09,Islamabad,21.733568315426616,0.3873816643358535,286.1208288846051,101518.95374741375
2014-03-10,Islamabad,10.723322311195114,0.4428679850027278,285.5231478802711,101298.35900268864
2014-03-11,Islamabad,0.0,0.4361691523123726,282.08399291384933,101655.87849361669
2014-03-12,Islamabad,0.0,0.4109330370649772,285.0402388428209,102040.12439570446
2014-03-13,Islamabad,0.0,0.3952398514257216,286.7106445280063,101758.77647176689
2014-03-14,Islamabad,9.484378795887016,0.3840769065699771,288.5696271949821,101575.944459168
2014-03-15,Islamabad,10.799083086148839,0.3931557410154322,288.5644842197585,101891.3152294547
2014-03-16,Islamabad,1.570703167776788,0.38660489548483734,291.5428575200008,101730.80339755469
2014-03-17,Islamabad,15.245125029911142,0.42327964999200784,289.8940824935944,101299.53044889108
2014-03-18,Islamabad,0.2495393467699705,0.4378783437772164,286.52561203014966,101747.21732008261
2014-03-19,Islamabad,0.0,0.4130442662126541,288.0894332913671,101496.83195149433
2014-03-20,Islamabad,0.0,0.3975665758419819,289.6769938696825,101130.33597657851
2014-03-21,Islamabad,1.1608924259349545,0.39746932621432113,287.67248787130495,101132.29327871342
2014-03-22,Islamabad,0.0,0.38916939497807146,289.1998129765984,101001.6265777051
2014-03-23,Islamabad,8.360438368264198,0.41360724493984313,288.3967202745304,101353.68231890317
2014-03-24,Islamabad,12.140682253417582,0.44520779632331975,286.0531885845212,101469.38199753594
2014-03-25,Islamabad,0.0,0.4318407413252011,287.3775228825878,101555.32850974546
2014-03-26,Islamabad,0.0,0.405696598289066,288.9758285439889,101423.76139279989
2014-03-27,Islamabad,0.0,0.39271571907132635,290.63779137538717,101390.81138803941
2014-03-28,Islamabad,2.5966994477177017,0.44960170798062965,286.08555454803286,101660.55416349303
2014-03-29,Islamabad,0.0,0.42943337899178996,288.1394133011058,101578.77143206309
2014-03-30,Islamabad,0.0,0.41110711578146625,289.638564607318,101265.09085250784
2014-03-31,Islamabad,0.0,0.39319331129939494,290.14835356853615,100961.61690187184
2014-04-01,Islamabad,5.662739184905484,0.37799223348984634,291.2839114838911,100755.11651499475
2014-04-02,Islamabad,15.533379103454283,0.4310941794609112,287.63605841588844,101109.30924902517
2014-04-03,Islamabad,0.0,0.4162586419103491,290.5774271317144,101368.70862760616
2014-04-04,Islamabad,3.2138902126785984,0.404466761209636,291.10274632023004,101342.08395089184
2014-04-05,Islamabad,8.315845916641017,0.4028747235310403,291.1749895535362,101294.3592805011
2014-04-06,Islamabad,15.30738329391927,0.4143073928037607,290.2984715164336,101257.70874164428
2014-04-07,Islamabad,0.0,0.4213232277446964,289.78188809792954,101412.54467310489
2014-04-08,Islamabad,0.0,0.39961074988806233,290.4809603583049,101316.04247795975
2014-04-09,Islamabad,0.0,0.3816948178997201,290.82751085409336,101328.77402936143
2014-04-10,Islamabad,0.0,0.3657755436655222,291.6658043371562,101291.73866901515
2014-04-11,Islamabad,1.2450171805822334,0.35082595989063126,292.518021150455,101093.917922744
2014-04-12,Islamabad,5.4365186771946,0.34708032698668373,292.7459609815587,101056.70529669811
2014-04-13,Islamabad,0.0,0.34685235767018446,291.076156879388,101374.52493278496
2014-04-14,Islamabad,0.0,0.3354358533744447,291.89684765505103,101528.48245447002
2014-04-15,Islamabad,4.36635548179111,0.3273588652399222,292.5502950569372,101328.40805080772
2014-04-16,Islamabad,9.913658793867762,0.3224451599542038,292.5072811043965,101041.20341204919
2014-04-17,Islamabad,12.805104178657235,0.3182696838191561,292.14648200631774,101033.36297519441
2014-04-18,Islamabad,9.48084688795946,0.3980500145201927,288.8195727402985,101461.67607771364
2014-04-19,Islamabad,0.0,0.417724797788306,288.5168769581949,101554.70055541185
2014-04-20,Islamabad,0.018371259730876232,0.39009730608053145,291.4156880035478,101476.96613138613
2014-04-21,Islamabad,0.2515522562071385,0.3700075653022051,292.1871989281421,101361.626573442
2014-04-22,Islamabad,0.0,0.35179099778156314,293.8162083835908,101465.47913137758
2014-04-23,Islamabad,0.0,0.33674513315935106,294.32267528782734,101135.10991890146
2014-04-24,Islamabad,7.216645817450703,0.32184524094372,296.11445412181814,100964.13835773719
2014-04-25,Islamabad,0.8404659254153803,0.3126983381511355,295.11393771974514,101041.78985401696
2014-04-26,Islamabad,0.0,0.315921398034072,294.32401774494923,100996.7904348654
2014-04-27,Islamabad,0.0,0.30724097712690834,295.68638132344637,101110.55240673738
2014-04-28,Islamabad,0.0,0.28674493798664175,296.5624592130728,100845.691419217
2014-04-29,Islamabad,0.0,0.2687261460370338,297.7389769448974,100688.54056489022
2014-04-30,Islamabad,1.8569130170698205,0.25827303450680716,298.73983136772716,100722.2575826474
2014-05-01,Islamabad,0.04920917970845473,0.24695227157821514,299.3039037056775,100521.21794498315
2014-05-02,Islamabad,0.0,0.24825200580208756,299.2513410458577,100418.52561594802
2014-05-03,Islamabad,0.04239457489810923,0.2492863097670852,299.237090566894,100623.41781510053
2014-05-04,Islamabad,11.719321958484542,0.2570640705397696,298.1171713497101,100653.90539382589
2014-05-05,Islamabad,0.0,0.33230267230505933,296.7234883774962,100917.33165805042
2014-05-06,Islamabad,3.4502725158098326,0.31875144597454924,297.1981803591691,100987.26470274774
2014-05-07,Islamabad,1.790000353409819,0.304841757359147,297.58529587356344,100805.22593369165
2014-05-08,Islamabad,0.0,0.2990290251037387,297.14545991787816,100692.6848820967
2014-05-09,Islamabad,0.0,0.2814170724128855,297.31662953740346,100372.05742299408
2014-05-10,Islamabad,5.452845363314245,0.2672587038197754,297.58497171683996,100407.13723760577
2014-05-11,Islamabad,0.0,0.25747409007173205,295.7053686156164,100769.46513523995
2014-05-12,Islamabad,16.73878322296625,0.3538595887407727,291.9874841064341,100831.56043665588
2014-05-13,Islamabad,0.1420197453702013,0.4017469709318101,291.5822226325577,101167.45935162398
2014-05-14,Islamabad,0.0,0.3759657889710725,293.07825355540774,100986.35648425775
2014-05-15,Islamabad,0.0,0.34293318529863226,294.7534538597646,100733.10613859081
2014-05-16,Islamabad,0.0,0.31570211836700224,297.1198143755148,100622.23120857684
2014-05-17,Islamabad,1.0978154419909438,0.30154026717784643,296.11387788899435,101071.63038821277
2014-05-18,Islamabad,1.1919185588361028,0.29446514498485826,296.0097355847724,101074.97974313358
2014-05-19,Islamabad,0.0,0.2911583492213193,296.5851089825975,101005.89138703042
2014-05-20,Islamabad,0.18520868814938565,0.2926337316557959,296.93023545139977,100839.4396116593
2014-05-21,Islamabad,0.0,0.2817998988193312,297.2755860848248,100612.24277367734
2014-05-22,Islamabad,0.0538163988051736,0.2645476389832576,297.7943423292298,100270.05355173702
2014-05-23,Islamabad,0.0,0.24749477104823173,298.4248522665579,100453.91588604436
2014-05-24,Islamabad,0.0,0.23074231212743695,298.57688323855837,100757.97005770827
2014-05-25,Islamabad,3.7265054657896073,0.218206944628334,298.90235270036936,100830.82811434225
2014-05-26,Islamabad,0.0,0.20769862979191991,299.448530925037,100982.07372689401
2014-05-27,Islamabad,0.2535811320782727,0.19841119148897723,299.9363243037748,100714.58621815461
2014-05-28,Islamabad,0.0,0.19041585509536,301.1016014810855,100378.83821719683
2014-05-29,Islamabad,8.605778358452186,0.18876677366211078,302.3759574655958,100227.03407253254
2014-05-30,Islamabad,5.614628100502536,0.19189018288368181,301.24247465636273,100386.23486667841
2014-05-31,Islamabad,9.292049243621355,0.19865279155555013,299.5743890999718,100388.87465397782
2014-06-01,Islamabad,6.744134246839528,0.2050272852673425,298.39595548280425,100650.67733817246
2014-06-02,Islamabad,0.003100669431163834,0.1989338515033346,300.89523676121064,100672.80709366898
2014-06-03,Islamabad,0.0,0.18939653633416867,301.5369857480878,100290.872385294
2014-06-04,Islamabad,0.0,0.18317409493581924,302.8953604384858,100153.80652525468
2014-06-05,Islamabad,0.0,0.17972540044814186,303.1809925143644,100002.9589121686
2014-06-06,Islamabad,0.0,0.1756236847253645,303.77204772263235,99872.40007417813
2014-06-07,Islamabad,0.5900433626079955,0.1716306565639916,303.98693372066583,99751.7511222631
2014-06-08,Islamabad,0.0,0.16944352553373704,304.18699144776804,99687.48660780265
2014-06-09,Islamabad,0.0,0.16737666264574583,304.30554341189344,99713.10842397173
2014-06-10,Islamabad,0.0,0.16557153330535454,304.31392477219765,99768.68738951444
2014-06-11,Islamabad,0.0,0.16498838663516793,304.54750104867213,99799.01444589552
2014-06-12,Islamabad,0.07607337962415067,0.16437306841465657,304.07899385889743,99806.16797887486
2014-06-13,Islamabad,7.6717386187399494,0.16354754229383933,304.9498908629644,99614.34651355947
2014-06-14,Islamabad,0.0,0.16283560158414126,305.73341401682575,99601.09353933137
2014-06-15,Islamabad,0.0,0.16238122339609906,306.85300783552816,99707.59694058083
2014-06-16,Islamabad,0.0,0.17775254212494343,306.4202850979807,99708.89999211326
2014-06-17,Islamabad,0.0,0.1897778299924429,305.93938316994655,99636.39062961836
2014-06-18,Islamabad,4.637168503085163,0.18967051081989672,304.19524627519473,99694.9728880565
2014-06-19,Islamabad,0.0,0.18254799370355665,304.16163677357093,99587.83055141875
2014-06-20,Islamabad,0.0,0.17788372687691528,304.9926051659842,99364.75713892902
2014-06-21,Islamabad,0.0,0.1769693234501935,304.90517523953207,99613.95862618511
2014-06-22,Islamabad,0.0,0.17456315638627898,303.948479404449,99839.17003689005
2014-06-23,Islamabad,0.0,0.17608349717872393,303.43953159244904,99767.30823760289
2014-06-24,Islamabad,0.0,0.1764062266791914,304.19663658623165,99602.26353678777
2014-06-25,Islamabad,0.5044316849763415,0.18360102734468808,302.72495313497575,99894.75899870969
2014-06-26,Islamabad,0.0,0.18664453206459775,303.49675821833375,100238.67335287727
2014-06-27,Islamabad,0.0,0.18191602667965992,305.41764650554035,100286.97118068187
2014-06-28,Islamabad,1.013350601546691,0.17671262120571027,306.51674018106314,99987.1787791028
2014-06-29,Islamabad,0.0,0.19020296297762462,303.77470746688726,99904.26473010264
2014-06-30,Islamabad,7.046496851480782,0.22429613130142823,302.6517978126305,99852.2399276977
2014-07-01,Islamabad,0.0,0.3497433011265451,299.06012348708555,100242.64578300498
2014-07-02,Islamabad,24.07023293742932,0.3978323748901973,299.1480768127498,100266.78022863051
2014-07-03,Islamabad,0.17204045241116817,0.39650146964067123,298.99421419806856,100015.01718707371
2014-07-04,Islamabad,0.0,0.36008680323766046,300.84035958203407,99925.73141142968
2014-07-05,Islamabad,14.967776002285882,0.3243995905193526,301.67779581852477,100144.69009232474
2014-07-06,Islamabad,0.0,0.2970953099990324,301.95503845146624,100198.44984134137
2014-07-07,Islamabad,0.0,0.27202426949777236,302.8373908439466,99988.21956105632
2014-07-08,Islamabad,0.0,0.24649709827850444,304.0300699888874,99792.53778427826
2014-07-09,Islamabad,11.741382784355789,0.23161271594439606,304.2349199192381,99818.61533269295
2014-07-10,Islamabad,0.0,0.21932013643795667,305.2032351904735,99883.74923015389
2014-07-11,Islamabad,0.0,0.20521987465876995,305.99480424655775,99749.90873468119
2014-07-12,Islamabad,0.0,0.19921229497227746,306.1734744478694,99730.91478793883
2014-07-13,Islamabad,0.0,0.1965900496195662,306.0491147768652,99851.47999678843
2014-07-14,Islamabad,13.178722458394004,0.19576233209905988,305.292642800705,99789.85198277133
2014-07-15,Islamabad,5.202790531486125,0.20864723441133629,304.15752482446413,99701.93903258721
2014-07-16,Islamabad,31.0146341672086,0.2797410620432849,301.3967801168456,99937.60903039879
2014-07-17,Islamabad,0.0,0.3027785188469861,300.43427871054286,99887.85142856739
2014-07-18,Islamabad,0.0,0.3077305124803902,301.36977547671063,99684.11250376579
2014-07-19,Islamabad,0.0,0.2758197070031807,301.8388627196154,99702.95854056776
2014-07-20,Islamabad,0.0,0.2518082383767741,303.05770687431533,99805.2185286737
2014-07-21,Islamabad,0.0,0.22755956479927866,304.609081697553,99739.40053210687
2014-07-22,Islamabad,0.0,0.2117436429971548,305.34303221061424,99811.37328338865
2014-07-23,Islamabad,7.823288064564374,0.21172250491499867,303.8772530852282,99854.85188400936
2014-07-24,Islamabad,36.18113868007023,0.2560558044147722,299.84783601783255,100098.12315052182
2014-07-25,Islamabad,28.50954249760478,0.25689806537825643,300.6815156911348,100327.84957979969
2014-07-26,Islamabad,30.309941902627276,0.25696684528412295,300.7604577792192,100485.17349959926
2014-07-27,Islamabad,29.843527404148883,0.2568133376462973,301.1726215738625,100324.6294684473
2014-07-28,Islamabad,18.988927268747755,0.27797020339775014,300.15359759203915,100042.30622612663
2014-07-29,Islamabad,37.63288374624963,0.3585250070077609,298.6818366205755,100193.69745826423
2014-07-30,Islamabad,0.0,0.3442945093661401,301.28947211636734,100224.25767146223
2014-07-31,Islamabad,0.4631014419693744,0.3274585254997561,301.60188706474514,100176.60584905474
2014-08-01,Islamabad,13.246529128020132,0.35085939936391913,299.8055287501175,100112.91510660613
2014-08-02,Islamabad,0.0,0.34375629373298056,301.1254942452524,99878.19655057754
2014-08-03,Islamabad,0.0,0.3118661077604426,302.7216737365365,99599.85664163745
2014-08-04,Islamabad,0.0,0.27995840429423074,303.7838351489498,99586.61258156745
2014-08-05,Islamabad,6.947796176798341,0.2700019134349868,302.0205495237714,99908.22390196557
2014-08-06,Islamabad,0.0,0.26811134656747376,303.5260698964846,99803.83289825954
2014-08-07,Islamabad,52.340006755408915,0.2965022436010162,301.7059633863495,99887.36652884986
2014-08-08,Islamabad,33.15253492095754,0.3948718118065532,299.02459088814203,100098.4809712638
2014-08-09,Islamabad,25.330260501563394,0.35282870197502864,300.5154878022414,100306.1947757037
2014-08-10,Islamabad,0.0,0.31649461335418716,302.1656599096696,100195.88315958802
2014-08-11,Islamabad,0.0,0.2909217240234954,302.7356574204664,100070.40704471433
2014-08-12,Islamabad,9.661080768882353,0.30438951020452365,301.768014954644,100003.08559041203
2014-08-13,Islamabad,8.27336848270551,0.3303291120215925,302.3237395416442,99855.4445572195
2014-08-14,Islamabad,0.35342002980711573,0.31233294802722616,302.0334972344703,99701.42652356366
2014-08-15,Islamabad,74.70940042991582,0.37783293832259635,298.76745912856813,99901.98174430736
2014-08-16,Islamabad,45.1605941587199,0.4454192133415153,294.47953132930166,100548.67743835552
2014-08-17,Islamabad,0.0,0.40316093687330107,297.5985916300409,100564.37505151251
2014-08-18,Islamabad,0.0,0.37828058885172433,299.6123066354398,100710.11065464282
2014-08-19,Islamabad,0.0,0.35603883821432697,299.92185567174965,100613.32277515522
2014-08-20,Islamabad,0.0,0.33566892294691253,300.6595184375089,100366.1348097659
2014-08-21,Islamabad,20.037316520121607,0.3229912783069514,300.9728934478679,100214.48448868288
2014-08-22,Islamabad,35.56055170152617,0.3905052228540812,299.2188160263887,100443.4524603105
2014-08-23,Islamabad,0.0,0.4059965922562786,299.0632540743136,100589.96838124123
2014-08-24,Islamabad,0.0,0.37698223501479544,299.79176471554024,100516.71466700867
2014-08-25,Islamabad,20.02297187865196,0.36060078635236087,299.90515242591033,100490.37891850645
2014-08-26,Islamabad,0.0,0.3571440968899378,299.679013092221,100434.65444102134
2014-08-27,Islamabad,0.0,0.3404405309763195,299.61090734182665,100355.14565475653
2014-08-28,Islamabad,0.0,0.32600298035260994,298.84170628257533,100615.49569284021
2014-08-29,Islamabad,0.0,0.3135699488309218,299.5140162536145,100551.19042022873
2014-08-30,Islamabad,0.0,0.29551174302649225,299.9671992979225,100445.83482269736
2014-08-31,Islamabad,0.0,0.27725379838842734,300.8026360030745,100267.27960728254
2014-09-01,Islamabad,39.33826460948253,0.27170141122749264,299.7092044866404,100514.04451039633
2014-09-02,Islamabad,0.0,0.2947392051340248,299.30479655687117,100657.49799882618
2014-09-03,Islamabad,0.0,0.3641406485948852,296.61140303572483,100572.08098732155
2014-09-04,Islamabad,0.0,0.45086468142991,293.75924124845017,100222.7458591015
2014-09-05,Islamabad,0.0,0.4576664689675946,293.99838379785956,100136.5932469533
2014-09-06,Islamabad,0.0,0.4233918818167259,296.20137444332903,100389.03672809333
2014-09-07,Islamabad,0.0,0.40195862958855233,298.3255140945436,100661.42194107821
2014-09-08,Islamabad,0.0,0.38525351693381493,299.0699069862551,100601.97090144834
2014-09-09,Islamabad,0.0,0.37308945279328626,298.83487862710757,100467.30136263133
2014-09-10,Islamabad,0.0,0.3679650617654449,298.83651894276863,100485.57937266953
2014-09-11,Islamabad,37.33169349347589,0.363425720130655,298.5813475685686,100634.62217782275
2014-09-12,Islamabad,0.2612023977404819,0.40861154494144575,296.8012658856245,100724.49854343825
2014-09-13,Islamabad,0.0,0.3904984113242141,297.34785766509634,100542.73484536291
2014-09-14,Islamabad,7.262138564494161,0.3808769830141676,297.093073015206,100656.2168028256
2014-09-15,Islamabad,0.0,0.36198059779250097,297.2060493881338,100596.21492030837
2014-09-16,Islamabad,0.0,0.3458563848123138,297.474602669458,100414.48341686657
2014-09-17,Islamabad,0.0,0.3325148844638345,298.14076441338597,100352.33727682632
2014-09-18,Islamabad,0.0,0.3207038915070764,299.03294879779827,100522.76994921223
2014-09-19,Islamabad,0.0,0.3119124455223788,299.61278623611855,100498.42406588208
2014-09-20,Islamabad,0.0,0.31256601415927937,298.6998942213586,100465.61204050807
2014-09-21,Islamabad,0.0,0.30242805847549137,298.42729424599827,100566.21828461076
2014-09-22,Islamabad,0.0,0.2909791931175008,298.49060352084274,100594.39196219476
2014-09-23,Islamabad,0.0,0.2806584012135621,299.06943177152704,100507.5906617338
2014-09-24,Islamabad,101.66760439758038,0.2948989317697693,297.68596804422253,100728.84833674859
2014-09-25,Islamabad,0.2555471939559436,0.37339598062865176,296.58837402534215,100959.17654914233
2014-09-26,Islamabad,0.0,0.34442061256759215,297.1215425307779,100949.96103732777
2014-09-27,Islamabad,45.8869617984812,0.32461738074700225,297.6360935231536,101053.80020448705
2014-09-28,Islamabad,0.0,0.30981810837783075,297.9180446701546,101076.6315637647
2014-09-29,Islamabad,0.0,0.29946353307476536,297.9067101507994,101013.69155705746
2014-09-30,Islamabad,0.0,0.29872861519326477,297.23363221973,101104.7534531172
2014-10-01,Islamabad,0.0,0.29965073801461334,297.4912913224745,101217.96900010227
2014-10-02,Islamabad,0.0,0.3010670429756093,297.6151469299186,101131.63533377291
2014-10-03,Islamabad,0.0,0.29493368273497045,298.4653086506535,100964.03267281217
2014-10-04,Islamabad,0.0,0.2957904781500969,297.9020142077553,101083.69743659339
2014-10-05,Islamabad,9.093480496369475,0.2979144720173759,297.86670780030107,101319.66331503508
2014-10-06,Islamabad,0.012923895149947373,0.30727735373148146,297.1923161517454,101298.51840667774
2014-10-07,Islamabad,19.34134662215845,0.3234709221497872,294.977007109405,101151.02879551575
2014-10-08,Islamabad,0.0,0.38676895484602253,293.23534798666583,101377.26920210256
2014-10-09,Islamabad,0.0,0.36052705065903745,294.1525793498385,101285.69570044281
2014-10-10,Islamabad,0.0,0.33877047012475026,294.0250692680226,101070.11768450729
2014-10-11,Islamabad,0.0,0.3229047467279148,293.83879804635035,101046.69635447457
2014-10-12,Islamabad,1.4370259191778378,0.3082103268116817,294.2055775245722,101188.73943601927
2014-10-13,Islamabad,0.6676964959096066,0.31961605720265024,290.7993315388713,101509.01175516409
2014-10-14,Islamabad,0.0,0.33775965179017337,289.03434600212523,101446.35746193047
2014-10-15,Islamabad,0.0,0.3352346710988683,290.28633217739815,101701.97201731679
2014-10-16,Islamabad,0.0,0.32291353487728847,291.28514291529916,101561.05704784056
2014-10-17,Islamabad,0.0,0.31086099048234195,291.92412419860005,101522.21972234375
2014-10-18,Islamabad,0.0,0.2989015265394194,292.3243370194925,101420.6847883083
2014-10-19,Islamabad,0.0,0.2892765949330159,293.2921431864681,101421.89382019917
2014-10-20,Islamabad,0.0,0.28151618503962994,292.85143793865353,101514.7946116451
2014-10-21,Islamabad,0.0,0.2719596206338691,293.1008880737181,101604.58724023466
2014-10-22,Islamabad,0.0,0.26354841921221195,293.07383003013405,101658.89601498906
2014-10-23,Islamabad,0.0,0.25906662860534013,293.7373097502008,101455.97064104349
2014-10-24,Islamabad,24.099328180933856,0.28478348041757773,292.4862626875294,101486.85395907701
2014-10-25,Islamabad,0.0,0.27462015858419003,292.3043555561436,101422.96366837567
2014-10-26,Islamabad,0.0,0.26444008730805585,292.5783513524948,101719.5507604674
2014-10-27,Islamabad,2.8313925742214012,0.2563073196990511,292.5386394109973,101520.66402128995
2014-10-28,Islamabad,8.73494912243319,0.28410861786796726,290.36607417716573,101478.12120867627
2014-10-29,Islamabad,0.0,0.28363805475432047,290.30342892929883,101560.06580142159
2014-10-30,Islamabad,0.0,0.2728894324932431,290.08512894648635,101508.72066093802
2014-10-31,Islamabad,0.0,0.26246745090606904,289.89797149396173,101581.43504373948
2014-11-01,Islamabad,0.0,0.2535176401405877,289.58323551459137,101568.33327057093
2014-11-02,Islamabad,0.0,0.24682879962915077,290.49618846522725,101604.17387191067
2014-11-03,Islamabad,4.934842662842504,0.24490492338807024,290.0743763532927,101619.50181501813
2014-11-04,Islamabad,0.0,0.24126931260845771,290.1255613739615,101498.79473563048
2014-11-05,Islamabad,0.0,0.2355377219584954,290.3680768354079,101498.76219497458
2014-11-06,Islamabad,0.8129312878800774,0.2520442888229444,290.3935930903065,101311.93591199243
2014-11-07,Islamabad,3.3678886346052477,0.3409129751584556,289.2403196315438,101551.53712207555
2014-11-08,Islamabad,0.0,0.33142347207016715,288.0181283391811,101900.61328640128
2014-11-09,Islamabad,0.0,0.31209308759629106,288.01364497523474,101899.61753565374
2014-11-10,Islamabad,0.0,0.2973893608953769,287.49136123277333,101554.47105030184
2014-11-11,Islamabad,0.0,0.28584639212571783,287.22389546550556,101554.29562804103
2014-11-12,Islamabad,0.0,0.27610051409493097,287.0888178699918,101726.99093023852
2014-11-13,Islamabad,0.0,0.2674465380375151,286.99082159179653,101737.50298275433
2014-11-14,Islamabad,0.0,0.25980604672289925,286.9159354942117,101702.29427699116
2014-11-15,Islamabad,1.5769044837632482,0.2528277047288701,286.64384803302454,101519.89445504692
2014-11-16,Islamabad,0.0,0.24662372777669192,287.04974214020933,101602.65421294505
2014-11-17,Islamabad,0.0,0.2408856650414883,287.17057381397893,101642.30834098322
2014-11-18,Islamabad,0.0,0.23572230460838087,287.0312486631239,101748.26700340485
2014-11-19,Islamabad,0.0,0.23132499442835505,286.9556125070284,101714.32941778742
2014-11-20,Islamabad,0.0,0.22738122011296025,286.68327075911486,101548.24124073483
2014-11-21,Islamabad,0.0,0.22368461375632365,286.73717028165237,101471.59153815765
2014-11-22,Islamabad,0.0,0.22114670638572043,286.0923476143215,101459.07428997935
2014-11-23,Islamabad,1.4617544415919617,0.2182114633385529,285.8119675865252,101635.74582570714
2014-11-24,Islamabad,0.0,0.21559781011830317,285.78768380860294,101631.38730652592
2014-11-25,Islamabad,0.0,0.21327286561077186,286.23066238044953,101572.44348540311
2014-11-26,Islamabad,0.41189153290592867,0.21065070386881432,286.79509495452197,101110.16645197185
2014-11-27,Islamabad,0.17843136699163575,0.2135091368795342,286.95948882310626,101311.2113755343
2014-11-28,Islamabad,0.0,0.21240133261497368,287.5749424381943,101455.54294725684
2014-11-29,Islamabad,0.0,0.20961488265196737,287.8199422837835,101496.57031853936
2014-11-30,Islamabad,0.0,0.2068390981194761,287.1541527076835,101634.53906143425
2014-12-01,Islamabad,0.0,0.2042096345740831,286.9147554229061,101655.84283130032
2014-12-02,Islamabad,0.0,0.20180684076462746,286.47847264279915,101539.12519219509
2014-12-03,Islamabad,0.0,0.1997056227036948,286.4982252912123,101548.42228070578
2014-12-04,Islamabad,0.0,0.1979002959297503,286.254843221565,101658.04082920283
2014-12-05,Islamabad,0.0,0.196307218118346,285.9947560959578,101887.80698531505
2014-12-06,Islamabad,0.0,0.19479836475536016,285.269459513419,101783.60164314382
2014-12-07,Islamabad,0.0,0.19341988796488369,285.15813209000345,101579.08946735316
2014-12-08,Islamabad,0.0,0.19207559045252687,284.24898524406734,101557.7630916483
2014-12-09,Islamabad,0.0,0.19092303344537828,284.18000346778433,101781.75733076881
2014-12-10,Islamabad,0.0,0.19023370322864866,283.06231206372644,101848.93101226067
2014-12-11,Islamabad,0.043443420832525,0.1894898360475878,283.3771203448303,101788.93383799058
2014-12-12,Islamabad,0.13811433566261144,0.18859348736856196,284.28773801204926,101749.88620984154
2014-12-13,Islamabad,0.4546583470286259,0.18802493346360308,284.33985609368807,101743.99496278308
2014-12-14,Islamabad,0.0,0.1878455520848914,282.8403511903416,101848.37369264704
2014-12-15,Islamabad,0.0,0.18790718896680322,281.8011194448302,102039.45526330374
2014-12-16,Islamabad,0.0,0.18768515812431485,281.7219894223802,102172.0436556432
2014-12-17,Islamabad,0.0,0.18727817396338245,282.03333858000076,102044.18796538921
2014-12-18,Islamabad,0.0,0.18689306653299603,282.6829663341244,102074.60649349444
2014-12-19,Islamabad,0.0,0.18659772183829954,282.77157375180195,102254.99943762503
2014-12-20,Islamabad,0.0,0.18652706849646067,282.52951493748304,101820.98079683163
2014-12-21,Islamabad,4.060173706383666,0.18658803007409108,282.8715266491,101714.36497423661
2014-12-22,Islamabad,3.0167778046881044,0.18718418839314876,283.2172390717201,101612.61149092246
2014-12-23,Islamabad,0.04881401989189059,0.1870351111133766,283.1567420891532,101801.37910714895
2014-12-24,Islamabad,0.0,0.18657289895622056,282.7616173111903,102028.63800958352
2014-12-25,Islamabad,0.0,0.18618288240081035,282.6925513493444,101927.16667578499
2014-12-26,Islamabad,0.0,0.18559486687869123,282.56551943254215,101692.11960610306
2014-12-27,Islamabad,0.0,0.1847296927524669,282.1756562667547,101738.02010517089
2014-12-28,Islamabad,0.0,0.18422089726292504,282.1350711849513,101957.87338712426
2014-12-29,Islamabad,0.0,0.18379818713928994,281.8144236204072,101756.04932202377
2014-12-30,Islamabad,0.46646576374193255,0.18350505200042108,282.1689702148585,101545.95003531272
2014-12-31,Islamabad,0.19436197473106123,0.18296864041671654,283.50222956770875,101791.57602470905
2015-01-01,Islamabad,0.0,0.18217316678197973,283.97599856110804,101917.4570488353
2015-01-02,Islamabad,0.0,0.18144058468194643,284.05941738056777,101756.47641577806
2015-01-03,Islamabad,0.0,0.1812167080424483,283.3392870103929,101807.09947180093
2015-01-04,Islamabad,0.0,0.18187630552929912,283.7098682082884,102057.49469953617
2015-01-05,Islamabad,0.8540872103368585,0.18145100471547815,282.9978332796499,101694.50317921246
2015-01-06,Islamabad,0.0,0.18098345508719704,283.56985116908044,101447.03327852867
2015-01-07,Islamabad,0.0,0.18046461488736093,283.46525624561866,101540.51717854751
2015-01-08,Islamabad,0.0,0.1799432535573227,282.96115580600065,101813.1451950514
2015-01-09,Islamabad,0.0,0.17957157331431434,282.8942867461655,101968.74903689293
2015-01-10,Islamabad,17.063583299866593,0.1792104521669831,283.44358039835004,101815.5537442874
2015-01-11,Islamabad,0.0,0.17866530953322693,284.98788552166195,101762.01793240702
2015-01-12,Islamabad,0.0,0.17828616752194895,285.16068305874995,101769.57240533062
2015-01-13,Islamabad,15.717146280522961,0.20860884215734068,283.7331700261046,101729.78515642765
2015-01-14,Islamabad,0.0,0.2727769626438588,283.4849672362463,101957.5119075702
2015-01-15,Islamabad,0.0,0.2635692790544331,282.699101235404,102081.77354336716
2015-01-16,Islamabad,0.0,0.25520002045269374,282.76255659020416,101955.42163520017
2015-01-17,Islamabad,0.0,0.24737180692174215,282.5135241319366,101921.98797590489
2015-01-18,Islamabad,0.0,0.24054847180580435,282.49846419665334,101796.46851979221
2015-01-19,Islamabad,0.0,0.23458200947095992,283.157998255583,101823.10757667907
2015-01-20,Islamabad,0.3843922023314375,0.23009981752090647,284.5536958901084,101868.09060560286
2015-01-21,Islamabad,0.0,0.2982071832624449,283.1190893992758,102233.1707083296
2015-01-22,Islamabad,0.0,0.38634028048863184,281.9721030058255,102147.3904772122
2015-01-23,Islamabad,0.0,0.3877335194341719,281.228072730454,102188.2095814765
2015-01-24,Islamabad,0.7529437622081415,0.3561525695973326,281.8655061051498,102034.70873524962
2015-01-25,Islamabad,0.0,0.3372040669770213,281.9897069925102,102004.51511626916
2015-01-26,Islamabad,0.0,0.33477242621440534,280.7089747440645,102128.0653015722
2015-01-27,Islamabad,0.0,0.3765768216778859,279.5347349054031,102199.77146972054
2015-01-28,Islamabad,16.5505841911411,0.35276017700679185,281.0666077558192,101746.65761277343
2015-01-29,Islamabad,0.0,0.3390746768076397,280.69598507918374,102033.62758131168
2015-01-30,Islamabad,0.0,0.3259389274321588,280.96257762788355,102082.5155010146
2015-01-31,Islamabad,0.0,0.31520111738299245,282.9599843488292,101722.3439144849
2015-02-01,Islamabad,0.26884428209423894,0.3509583977341985,282.507315005637,101863.8755517172
2015-02-02,Islamabad,14.519400061301672,0.38578731261689886,283.61963819519656,102026.89503731646
2015-02-03,Islamabad,0.0,0.37784376429616684,282.07929233980485,102278.78802869642
2015-02-04,Islamabad,0.0,0.35839173429983323,282.6946435030976,102371.43639478936
2015-02-05,Islamabad,0.0,0.3410656094802253,283.1769699208393,101845.13713990945
2015-02-06,Islamabad,0.005056929032141567,0.3294350781346124,283.6558988089884,101861.50293657061
2015-02-07,Islamabad,4.254281230612713,0.36165552109070176,282.4618586617313,101955.0825547241
2015-02-08,Islamabad,0.0,0.3768687526715661,283.38681793886536,102020.72847237224
2015-02-09,Islamabad,0.0,0.3546548314051396,284.033095675236,102083.52609767916
2015-02-10,Islamabad,0.0,0.338275492497591,284.9476485567582,101918.19642694738
2015-02-11,Islamabad,0.0,0.3251927527446365,285.0118397343558,101659.36064327457
2015-02-12,Islamabad,0.0,0.3141177831989805,285.27339014396193,101567.48416148932
2015-02-13,Islamabad,0.0,0.3040518541896786,286.4384711786267,101222.32911901461
2015-02-14,Islamabad,0.0,0.294020495278057,287.098890748986,101080.727334833
2015-02-15,Islamabad,5.754136180266216,0.29001267816107806,288.77132373729046,101237.57692671148
2015-02-16,Islamabad,15.047324622074747,0.4119053712662447,285.9535464454675,101605.87230287392
2015-02-17,Islamabad,2.0973221965475997,0.39434566688326544,286.87455696555355,101488.64339673048
2015-02-18,Islamabad,2.3202978447869067,0.4031016557214802,285.8959594258957,101334.11846074811
2015-02-19,Islamabad,17.627845668406763,0.43585233963154,284.99624086647475,101510.50457928808
2015-02-20,Islamabad,6.589517853507339,0.42986166510270385,285.70495529149395,101791.50316926534
2015-02-21,Islamabad,0.15802872233520693,0.40734500690438435,287.7820315576191,101791.99500683515
2015-02-22,Islamabad,2.4010861938091117,0.3887072359016015,289.731209937965,101483.83969613984
2015-02-23,Islamabad,17.853353119781165,0.37709078235761273,290.0890047951306,101467.08884209738
2015-02-24,Islamabad,22.082047463460807,0.4206671823849648,288.02068391707166,101033.7979251455
2015-02-25,Islamabad,5.221356146603716,0.4404856533351041,283.63286810144024,100854.39008038798
2015-02-26,Islamabad,0.0,0.4222789769203529,283.3260577386022,101235.60094861253
2015-02-27,Islamabad,0.0,0.40734472108975406,284.10471954560796,101504.10831632829
2015-02-28,Islamabad,0.004477006493223613,0.39409177641175996,285.92384837490596,101592.79044907576
2015-03-01,Islamabad,11.202143405351235,0.43226874960093487,284.13490101338954,101166.34924976411
2015-03-02,Islamabad,1.2040455233681593,0.44594823922192006,283.729415547056,101247.2539948871
2015-03-03,Islamabad,0.0,0.43438617716186384,283.1659582401818,101564.76641474068
2015-03-04,Islamabad,0.0,0.41692756228533495,284.05621503915233,101496.30149905077
2015-03-05,Islamabad,10.613070525639946,0.4467100249218144,283.0783201363103,101898.42607735834
2015-03-06,Islamabad,0.0,0.4222330582818936,284.5713752267931,101909.48553776261
2015-03-07,Islamabad,24.691643748166946,0.4337588065899967,283.29348292256884,101483.26101196224
2015-03-08,Islamabad,15.425384096578687,0.44938730760238116,282.0611875381203,101671.95106236644
2015-03-09,Islamabad,0.0,0.4306368247936461,284.49805592684737,102369.61104400668
2015-03-10,Islamabad,0.40122896105730005,0.41260951084978087,286.0204353233357,102058.86395109084
2015-03-11,Islamabad,0.0,0.40089860074565997,286.95922152999265,101894.58647145421
2015-03-12,Islamabad,0.0,0.38984867929915407,287.586906008489,101786.06205663682
2015-03-13,Islamabad,0.0,0.37942967768944025,288.65373205432104,101513.36244656905
2015-03-14,Islamabad,0.0,0.3696994909570087,290.02731686156795,101568.97621860928
2015-03-15,Islamabad,18.75633858005985,0.4337701642666685,286.05052874540837,101527.30277514094
2015-03-16,Islamabad,0.0,0.4446603980206131,285.8163125652779,101882.16925425458
2015-03-17,Islamabad,0.0,0.4272169979883514,287.04121740527177,101801.57160670844
2015-03-18,Islamabad,0.0,0.41011867945583774,288.1669880224874,101394.88474581929
2015-03-19,Islamabad,2.4403417763001625,0.3974453649682345,289.90697916527677,101550.13699318755
2015-03-20,Islamabad,0.0,0.38573808502215295,290.26218952069524,101593.7521201856
2015-03-21,Islamabad,0.005942382025830358,0.3733351747081088,290.8651119615422,101674.05569892228
2015-03-22,Islamabad,0.0,0.3603920936223084,291.4358656009852,101333.63446161214
2015-03-23,Islamabad,0.0,0.3481354814845446,292.07212501134296,101108.25580315526
2015-03-24,Islamabad,17.844517804618903,0.3407790252092061,293.5046278925347,101260.94786610153
2015-03-25,Islamabad,0.0,0.33324486931087366,292.66286596818895,101566.31810136813
2015-03-26,Islamabad,0.0,0.32235524647630476,292.98692444600175,101581.63206041676
2015-03-27,Islamabad,0.0,0.3115812853865689,293.9311306203926,101456.94671257558
2015-03-28,Islamabad,17.4456225066007,0.355965205010672,292.7292429888004,101140.0013446552
2015-03-29,Islamabad,18.041912057130762,0.4425690257330465,289.04848108168324,101107.25073751766
2015-03-30,Islamabad,2.1783949768313944,0.4282127832424255,290.2934072331245,101239.84367077728
2015-03-31,Islamabad,7.063113373952469,0.4376191743794591,289.7137160638961,101316.08061465484
2015-04-01,Islamabad,14.974010149110233,0.44347246496247317,288.22137000043875,101016.2587667256
2015-04-02,Islamabad,2.3587745071557884,0.4408080946502353,289.84518213350015,100767.13220678344
2015-04-03,Islamabad,0.0,0.4356929916727149,289.21227359174696,100618.2339490445
2015-04-04,Islamabad,0.0,0.4122395347974642,290.8839540606318,100551.95768581468
2015-04-05,Islamabad,0.0,0.4035859507160499,291.18854205241513,100956.87273806617
2015-04-06,Islamabad,0.7685663636517521,0.4051752348196102,290.5013918378005,100996.98033677126
2015-04-07,Islamabad,0.0,0.4171249071106499,289.2804456603007,101300.2368522208
2015-04-08,Islamabad,0.0,0.4003391888902246,290.26968338366896,101521.50389825668
2015-04-09,Islamabad,0.0,0.3805715000819334,291.98186859231583,101216.46104763025
2015-04-10,Islamabad,3.305667219895534,0.3626718693572572,293.1634677179622,101022.82190548122
2015-04-11,Islamabad,1.922959181899334,0.35020479042074376,293.797106620493,101101.51279465183
2015-04-12,Islamabad,0.0,0.3387588824895956,294.1426890752558,101388.82902451573
2015-04-13,Islamabad,0.0,0.3254142131432179,294.66406175626344,101376.59187956154
2015-04-14,Islamabad,0.0,0.3153577560874197,295.13188936884785,101416.13515045927
2015-04-15,Islamabad,6.932541281403637,0.3277257160078469,294.831147750779,101520.52221896173
2015-04-16,Islamabad,0.0,0.4212610538400503,292.36959059679737,101693.44954896325
2015-04-17,Islamabad,0.0,0.3870873300823178,294.11386289902015,100926.147486827
2015-04-18,Islamabad,9.949293121656897,0.36536137484872455,295.460259736111,100551.8635482271
2015-04-19,Islamabad,37.07006988188867,0.3732128252883421,293.32150297384806,100755.16527713044
2015-04-20,Islamabad,0.0,0.38077843504912023,294.6487316859109,100943.9128492906
2015-04-21,Islamabad,0.0,0.35399180261044316,295.2335495234907,100902.83810848757
2015-04-22,Islamabad,0.0,0.33199262087778014,295.08470665276855,100573.36059886716
2015-04-23,Islamabad,0.0,0.3131622549326487,295.9500270206193,100640.78010571086
2015-04-24,Islamabad,0.0,0.2965962827723346,296.61510828605157,100648.71023088995
2015-04-25,Islamabad,0.0,0.2837515726581399,297.27600147545166,100701.3610400988
2015-04-26,Islamabad,10.369956589803259,0.27342598423771275,297.49514633986973,100949.6858224672
2015-04-27,Islamabad,22.144200450536758,0.38427998633551885,293.1136639058312,101104.53901702682
2015-04-28,Islamabad,0.0,0.3579126987743784,295.45476603022644,100799.72433111836
2015-04-29,Islamabad,20.190384348441338,0.3330544698446712,296.78162701375356,100730.50443150038
2015-04-30,Islamabad,8.932127682098365,0.329776566511373,293.46924757878315,101079.09721093287
2015-05-01,Islamabad,8.45134536653309,0.3111112214800043,294.48054718717947,100999.0245150005
2015-05-02,Islamabad,0.0,0.29127039031984725,294.9469256962584,100900.2306987802
2015-05-03,Islamabad,0.0,0.27323357183972674,295.6576221988141,100955.93222049646
2015-05-04,Islamabad,0.08177906821485399,0.25657846226080083,297.58036398319894,100919.94930099249
2015-05-05,Islamabad,0.04292875066752606,0.24133471451845329,298.84222504974565,100662.31885345138
2015-05-06,Islamabad,0.0,0.2278640071072166,299.7790697996421,100461.78935843073
2015-05-07,Islamabad,0.7171519840079676,0.21840530960892285,300.94918985696256,100602.42225690342
2015-05-08,Islamabad,2.3632453439245555,0.21285536057456897,300.933476835684,100514.98113610396
2015-05-09,Islamabad,3.806993543356352,0.2090841349451308,300.37854165975796,100530.06211560978
2015-05-10,Islamabad,0.0,0.21333532602391336,300.10026625085845,100480.3303698814
2015-05-11,Islamabad,18.437778210532624,0.24061762475093565,296.8105548356865,100877.29218202904
2015-05-12,Islamabad,0.0,0.36513193722678194,294.2294361649994,100983.32202911138
2015-05-13,Islamabad,0.0,0.40488915787967844,294.7852865261644,100935.18654755063
2015-05-14,Islamabad,0.3763759129152883,0.3830469497281229,295.83380473431805,101095.73771478956
2015-05-15,Islamabad,0.0,0.35318187356687214,297.5369462479337,100842.68784957488
2015-05-16,Islamabad,4.018237552703101,0.3235871377724963,299.14342639856545,100506.53679843458
2015-05-17,Islamabad,11.180030784873205,0.35557270597913193,298.1746649694206,100481.07050185304
2015-05-18,Islamabad,0.0,0.3758190152369479,298.07780257461474,100578.44206365671
2015-05-19,Islamabad,0.0,0.3391207804768121,298.567414185498,100486.46110198495
2015-05-20,Islamabad,0.0,0.31017393891884676,298.79550127057746,100516.19815705859
2015-05-21,Islamabad,0.0,0.2840172531421435,299.00710587207135,100335.26803472158
2015-05-22,Islamabad,1.5067042981796053,0.26602870003923734,300.1146021894952,100107.53738674347
2015-05-23,Islamabad,0.0,0.2606056285020484,299.8729014001527,99986.2631520423
2015-05-24,Islamabad,0.23150085677045046,0.24788649526365952,300.533284537444,100142.4709341322
2015-05-25,Islamabad,1.2796132280439412,0.23578750422776676,299.52412928551644,100130.0716145241
2015-05-26,Islamabad,0.0,0.22743882358552137,298.55658022100073,100428.63054417152
2015-05-27,Islamabad,0.0,0.21193623782385956,300.50870858558847,100466.80311867644
2015-05-28,Islamabad,0.0,0.20382201971733183,300.9864739742456,100344.52839975731
2015-05-29,Islamabad,0.0,0.2005608429581406,300.7487804048333,100505.7750333233
2015-05-30,Islamabad,0.0,0.19699172030554393,300.6677758512895,100548.57092745331
2015-05-31,Islamabad,0.0,0.19284620165486988,300.4428857626382,100335.3343946103
2015-06-01,Islamabad,0.0,0.18916084137825595,299.8517911666509,100324.40135524195
2015-06-02,Islamabad,0.0,0.18806242693090866,299.64785300610384,100689.05349311931
2015-06-03,Islamabad,0.03996648134050555,0.19014366164589164,297.9764989414004,100915.43878532694
2015-06-04,Islamabad,1.1451730639681608,0.2060465525957778,298.21091851073163,100876.4694495049
2015-06-05,Islamabad,0.0,0.22601157920399906,297.77740165628705,100838.14641998433
2015-06-06,Islamabad,0.0,0.22245446744431402,300.3627402458094,100375.71562940524
2015-06-07,Islamabad,0.0,0.207629065442562,302.056488513332,100245.34949595858
2015-06-08,Islamabad,0.0,0.19743774898264754,302.76594588986177,100258.15299831465
2015-06-09,Islamabad,0.0,0.18923512860766042,303.0657059661096,100144.85902542519
2015-06-10,Islamabad,3.138136196535447,0.19227262957241056,302.2823676524664,100279.08235755538
2015-06-11,Islamabad,0.0,0.19071740106550242,302.1041420860305,100333.49660088216
2015-06-12,Islamabad,0.0,0.184134145092585,302.5251694035512,100013.79072475676
2015-06-13,Islamabad,0.0,0.1821022681009792,302.48694013053455,99917.82712778807
2015-06-14,Islamabad,0.02684163099681582,0.1809428559371905,302.15685290404735,100048.0780834347
2015-06-15,Islamabad,1.9690660649543732,0.19365253699723353,300.1184014535804,100258.53863583397
2015-06-16,Islamabad,0.0,0.18966890596756913,302.0096444115243,100190.00278878292
2015-06-17,Islamabad,0.0,0.18197794142566348,303.4394227206664,99975.59624356269
2015-06-18,Islamabad,0.0,0.17610661474258,305.0080623897895,99892.76510099301
2015-06-19,Islamabad,0.0,0.17159658411219786,305.99233481130597,99758.2733742639
2015-06-20,Islamabad,15.551639955141694,0.22182056046012136,303.3224975311051,99943.11813426513
2015-06-21,Islamabad,0.0,0.3230398885351577,300.33630355449986,100059.29210635886
2015-06-22,Islamabad,0.0,0.2967630503471202,302.0758595579871,99827.19856525112
2015-06-23,Islamabad,4.7662202680394445,0.28375648068454407,301.1760736969403,99780.72029573181
2015-06-24,Islamabad,0.0,0.3134258753020366,297.89404920168295,99911.84760988872
2015-06-25,Islamabad,0.0,0.2932396937404661,298.988761789854,99661.8297503098
2015-06-26,Islamabad,0.0,0.26031815926382085,301.1319288392525,99655.36793603069
2015-06-27,Islamabad,0.0,0.23369039306807157,302.63947692854214,99879.21427657905
2015-06-28,Islamabad,0.0,0.21213134947302034,304.68105157232293,100144.86685746447
2015-06-29,Islamabad,0.0,0.21637964788571068,303.2594038730427,100384.45708365068
2015-06-30,Islamabad,6.154448350104351,0.24367550869906546,300.92537280707415,100414.61752357498
2015-07-01,Islamabad,0.0,0.25692944450564037,301.92922519602126,100333.9420199599
2015-07-02,Islamabad,0.0,0.26420905735227,300.98029746533416,100375.35639473252
2015-07-03,Islamabad,0.0,0.24519838004671451,303.91666034914005,100051.69651966996
2015-07-04,Islamabad,0.0,0.22353883398406235,305.8870785628934,99752.24596496866
2015-07-05,Islamabad,0.0,0.2214438356149137,306.16701011446065,99499.56592007806
2015-07-06,Islamabad,1.5169561493310568,0.29120588118304364,301.0806616973853,99750.16635320982
2015-07-07,Islamabad,2.375736779868698,0.41043869296563334,298.0946594120786,99997.1396508799
2015-07-08,Islamabad,0.0,0.3973238210392027,300.5304793318138,100065.04836992972
2015-07-09,Islamabad,25.885033793785702,0.3971792620938055,300.3902435072313,99972.85230925427
2015-07-10,Islamabad,38.322825934398956,0.44302074806539826,297.26809851569936,99997.3429929431
2015-07-11,Islamabad,1.4231483855756408,0.4283294967133972,298.15297479239064,100356.73946515052
2015-07-12,Islamabad,0.0,0.41813779828070413,299.0503823047009,100304.5303046559
2015-07-13,Islamabad,0.0,0.3923327585465243,300.21758777857866,100209.80709970847
2015-07-14,Islamabad,0.0,0.3727881053264057,301.84943201924506,99888.40338767847
2015-07-15,Islamabad,0.0,0.35716797024643576,303.16658298112026,99443.93774335239
2015-07-16,Islamabad,55.42431629575198,0.38234012699686615,301.75155102009893,99430.29542341185
2015-07-17,Islamabad,36.86059101181583,0.45305478839007784,297.1800422696793,99973.24650780438
2015-07-18,Islamabad,0.0,0.42996446805138155,298.4063163373271,99960.4487595778
2015-07-19,Islamabad,10.888466385440708,0.42937472364853463,299.7228493245767,99946.04314122822
2015-07-20,Islamabad,6.191257794943824,0.4276382412520956,299.8802846720621,100020.59645884964
2015-07-21,Islamabad,25.368961394074393,0.41844608928530164,299.8969498138614,100284.70901519367
2015-07-22,Islamabad,9.073396679009731,0.4082717898398916,300.7954228138831,100281.49764569875
2015-07-23,Islamabad,36.52234557022866,0.42783782373477824,299.21875483543056,100446.61130725357
2015-07-24,Islamabad,20.412580841077983,0.4152837576678304,300.2015090633498,100286.77976928063
2015-07-25,Islamabad,5.006149017351678,0.4127643076023683,300.66183206811127,100065.56889892455
2015-07-26,Islamabad,23.13367593337751,0.44104712594119755,298.1814740377723,100288.68194268395
2015-07-27,Islamabad,0.0,0.41535333285883136,300.8099631283678,100172.90107423207
2015-07-28,Islamabad,6.50966730391441,0.4250545112277154,299.66221869776604,100195.07516569276
2015-07-29,Islamabad,0.0,0.4127818553659101,300.54577474527764,99924.78739846703
2015-07-30,Islamabad,1.5600742184662093,0.41236287109588704,299.8554773332282,99947.31949469387
2015-07-31,Islamabad,0.0,0.429884185104089,299.1532408213975,99955.09960715461
2015-08-01,Islamabad,1.5775446828252637,0.4360960422252372,298.418395142524,100275.03516744068
2015-08-02,Islamabad,52.55899172330975,0.437080662032204,298.5524143208123,100487.28926251079
2015-08-03,Islamabad,0.09684926016931021,0.4398545794024208,298.73682809148886,100387.84124222699
2015-08-04,Islamabad,0.0,0.42092914805937687,300.81510579224835,100113.51834770477
2015-08-05,Islamabad,0.0,0.4097518078719586,300.58249674119054,99966.58805093555
2015-08-06,Islamabad,0.0,0.4021100674843833,301.10271094504657,99913.73376466511
2015-08-07,Islamabad,0.0,0.40520056708546065,301.60010927314306,100026.76695935274
2015-08-08,Islamabad,1.3197812918702534,0.43890166984108153,299.8316037636555,100164.1783410685
2015-08-09,Islamabad,0.2116740753519373,0.43058583729661765,298.7193613648083,100119.74447643363
2015-08-10,Islamabad,24.147861113267915,0.4185316114639746,300.0530777758428,100217.65381221293
2015-08-11,Islamabad,0.0,0.402219876100622,301.20480576617933,100369.24708829747
2015-08-12,Islamabad,0.0,0.4110756821856662,299.73101398361695,100531.89271960693
2015-08-13,Islamabad,38.177860211265745,0.4103575991212399,300.040592853238,100429.1106816425
2015-08-14,Islamabad,0.0,0.4022099424087556,300.38521288699366,100340.32736474577
2015-08-15,Islamabad,28.787255471304885,0.4002231561588115,299.7479676985363,100412.81421945342
2015-08-16,Islamabad,0.0,0.386295524305629,300.0551965418695,100412.090106464
2015-08-17,Islamabad,0.0,0.37522154496339977,300.00432169821767,100274.18154230707
2015-08-18,Islamabad,0.0,0.3556687549309298,301.10503672089095,100259.01098496257
2015-08-19,Islamabad,0.0,0.34787948195201696,300.9270539714745,100271.92212474704
2015-08-20,Islamabad,22.39387177356371,0.37664925067852967,299.6021190175415,100165.95961877871
2015-08-21,Islamabad,0.0,0.4317082203045469,297.59281977459705,100298.34740383847
2015-08-22,Islamabad,0.0,0.4198728373508459,298.61959151339295,100192.91255833351
2015-08-23,Islamabad,29.25484549790535,0.42070104023004173,298.31381544370737,100282.68831389837
2015-08-24,Islamabad,0.0,0.4167053668811557,298.4855493861215,100423.46225337924
2015-08-25,Islamabad,0.0,0.38993918947219225,299.8661178987956,100230.16906383578
2015-08-26,Islamabad,0.0,0.3692925625944008,300.53170885830184,100234.53197863617
2015-08-27,Islamabad,51.34606605239404,0.35788583676710556,300.23558725927734,100375.21246902143
2015-08-28,Islamabad,0.0,0.34600328847269246,299.71197579903844,100462.46427409221
2015-08-29,Islamabad,0.0,0.3300291302837538,300.2638795061452,100276.26313321355
2015-08-30,Islamabad,26.026026425195322,0.3261534856069123,299.59518865166945,100339.30465623723
2015-08-31,Islamabad,0.0,0.3585770828901387,298.3930301547726,100430.31102958317
2015-09-01,Islamabad,0.0,0.3373523668097765,299.1523193771473,100195.42612425251
2015-09-02,Islamabad,0.0,0.31632448359787474,299.8442788064456,100252.64910147904
2015-09-03,Islamabad,34.165218649465174,0.3446403121098255,298.3089907037328,100750.06903747555
2015-09-04,Islamabad,0.0,0.3290908166389464,298.8653962006646,100960.16956226411
2015-09-05,Islamabad,2.6389368704150162,0.3251172598666683,298.27865336948986,100858.44604539927
2015-09-06,Islamabad,4.371155013914925,0.32577089554829153,298.18505808425067,100805.31516337651
2015-09-07,Islamabad,0.34418580420513467,0.31728792450028415,297.7587873322317,100773.65095948344
2015-09-08,Islamabad,0.0,0.29993880903632497,298.1726168170695,100780.17350173078
2015-09-09,Islamabad,0.0,0.2810809426990485,298.4332023314033,100744.23383287486
2015-09-10,Islamabad,0.0,0.2647455042652763,298.79487215467424,100869.96458814117
2015-09-11,Islamabad,0.0,0.25020465709455036,299.05196011042375,100788.18815722912
2015-09-12,Islamabad,0.0,0.23735416586918434,299.64942790236364,100770.15142096483
2015-09-13,Islamabad,0.0,0.2265146833800877,300.13215326635884,100749.17439698345
2015-09-14,Islamabad,0.10870145897624393,0.22250902895412591,299.8439712725057,100514.5676025846
2015-09-15,Islamabad,5.115601550366727,0.22257289262285065,299.3934031826174,100565.65810409658
2015-09-16,Islamabad,3.295949632455488,0.22235877253722205,298.95998940352115,100608.7716271003
2015-09-17,Islamabad,0.0,0.21655315520422846,299.3998870828214,100677.74463985262
2015-09-18,Islamabad,0.0,0.20726984568818746,299.92867746680264,100719.35523587775
2015-09-19,Islamabad,0.0,0.20010645100843924,300.1106488604252,100635.78924474785
2015-09-20,Islamabad,3.787165912305354,0.19471880504686856,299.1176943098209,100601.32342598967
2015-09-21,Islamabad,0.0,0.19051733582612448,299.80154162929296,100449.28051496916
2015-09-22,Islamabad,9.447661740420692,0.3715907271153052,293.0995781772895,100334.20483805875
2015-09-23,Islamabad,1.8093178808800245,0.41369567611935104,293.9022164188594,100847.59848311523
2015-09-24,Islamabad,0.0,0.38619274888026994,295.90916265600123,100570.25961401826
2015-09-25,Islamabad,0.0,0.36853238304783115,296.94782859230713,100465.61128735905
2015-09-26,Islamabad,5.985019635397428,0.3602061209291892,295.9091057698116,100742.90992337772
2015-09-27,Islamabad,5.280789837441065,0.34989330465850377,295.2876426183952,100976.56557831893
2015-09-28,Islamabad,0.0,0.33769619568050574,295.7013805952245,101112.12403156408
2015-09-29,Islamabad,24.10186209467672,0.32322602859433935,295.0650555784977,101418.94466095508
2015-09-30,Islamabad,0.0,0.30836250965851086,295.42544938348067,101350.55396490324
2015-10-01,Islamabad,0.0,0.2952106406096629,295.65496867945427,101343.01069649229
2015-10-02,Islamabad,0.0,0.28354078422397067,295.7426837603817,101185.58263998631
2015-10-03,Islamabad,0.0,0.27340519057288254,296.40952798538274,100950.11971019396
2015-10-04,Islamabad,0.0,0.2660863601196322,296.4255515779384,101129.7641194125
2015-10-05,Islamabad,0.0,0.25766489128587056,296.65699012479035,101146.64597591062
2015-10-06,Islamabad,5.761237707053929,0.2498416389776531,296.564858398292,101105.56849996874
2015-10-07,Islamabad,0.0,0.24195648953026083,296.2918062988225,101110.0194678363
2015-10-08,Islamabad,0.0,0.23318396400570884,296.48571202100624,100863.20572336415
2015-10-09,Islamabad,0.0,0.22530666642336974,296.91819083875146,100522.14737136789
2015-10-10,Islamabad,0.0,0.21869871946057906,297.49482599298636,100617.97137749537
2015-10-11,Islamabad,0.0,0.2134930927796489,298.0669006004599,100991.46447161619
2015-10-12,Islamabad,0.0,0.20982953756309064,297.9071040381107,101158.93417406554
2015-10-13,Islamabad,0.0,0.22499314301039924,296.9684984260262,101268.67604645078
2015-10-14,Islamabad,15.402712154548887,0.30291440681949144,294.8337496262161,101609.93275054281
2015-10-15,Islamabad,0.0,0.3122437786040828,295.152873151088,101602.57868950648
2015-10-16,Islamabad,0.6019795743555345,0.29351725250239963,295.46540969977116,101600.02197063573
2015-10-17,Islamabad,0.0,0.2767227126536063,295.33806189628,101389.03139032729
2015-10-18,Islamabad,37.26569206731652,0.29001186908537296,295.08928697428286,101516.02038973333
2015-10-19,Islamabad,7.808973148820896,0.43773751531119887,291.061367832163,101597.06432496531
2015-10-20,Islamabad,0.0,0.3961790126557509,291.71565553594246,101410.04231311954
2015-10-21,Islamabad,0.0,0.3752815793058679,291.8397472324869,101374.20257719065
2015-10-22,Islamabad,0.0,0.36000619989812377,291.59795051261216,101393.91806662384
2015-10-23,Islamabad,0.0,0.34746670485529413,292.2452212919664,101332.41695395275
2015-10-24,Islamabad,26.6115488590374,0.3609782257919654,291.1548939014892,101384.63436533693
2015-10-25,Islamabad,17.712289412335725,0.4462893179002066,288.618083105925,101789.44930845292
2015-10-26,Islamabad,0.0,0.4334657326847297,287.84441114654084,102001.00649413402
2015-10-27,Islamabad,0.0,0.41421576605710025,288.6111021637581,101763.07272932677
2015-10-28,Islamabad,0.0,0.40015221914176013,288.9796941135987,101684.25039575854
2015-10-29,Islamabad,0.0,0.3875752657296389,288.75220705331594,101768.02501556033
2015-10-30,Islamabad,0.0,0.377689534286872,289.0245165401127,101862.19387654326
2015-10-31,Islamabad,0.0,0.36916698826276717,289.6964814793217,101815.05656468839
2015-11-01,Islamabad,0.0,0.3624794163392474,290.7001962898377,101813.03275132438
2015-11-02,Islamabad,0.04757197091548105,0.35581386139377186,292.217554641168,101762.08739512756
2015-11-03,Islamabad,12.085269416383047,0.36930758162413424,290.25953030666835,101578.64615815847
2015-11-04,Islamabad,4.1963978044864545,0.4387134939525653,287.9539729994598,101356.98144340297
2015-11-05,Islamabad,0.0,0.43001655266489625,287.7154689680865,101540.12679086043
2015-11-06,Islamabad,0.0,0.4113698153050341,288.0083318886426,101572.54509870522
2015-11-07,Islamabad,0.0,0.400526434189897,288.1955770159468,101639.55974461143
2015-11-08,Islamabad,1.7742203687354132,0.3918407934795771,289.2011236857165,101801.10881013826
2015-11-09,Islamabad,0.013090815996658612,0.39084867009896423,287.8479518848749,101794.56773012257
2015-11-10,Islamabad,0.0,0.39661658479321266,286.43604218415004,101773.55082050609
2015-11-11,Islamabad,0.0,0.38919648928562256,287.66540173504313,101748.4611463923
2015-11-12,Islamabad,0.408103023803303,0.3962068800447515,288.6131838595178,101683.22171072826
2015-11-13,Islamabad,0.0,0.41351168681092365,288.72906450453166,101748.29238630297
2015-11-14,Islamabad,0.0,0.39428291996162856,288.3376858093574,101394.73869352804
2015-11-15,Islamabad,0.0,0.38338044324578296,287.8894577856404,101467.14379497577
2015-11-16,Islamabad,0.0,0.3741262506542781,287.098685099404,101532.17207110298
2015-11-17,Islamabad,0.0,0.3662878486672966,286.4046058311613,101477.69335750988
2015-11-18,Islamabad,0.0,0.3598446917635425,286.8263854351655,101724.20610597801
2015-11-19,Islamabad,0.0,0.3546480198752722,287.38945683539185,101866.05668370018
2015-11-20,Islamabad,0.0,0.35003398807778835,287.2727453380906,101763.36072001046
2015-11-21,Islamabad,0.2792007250185417,0.34574231580607884,287.01846344717825,101631.6983247408
2015-11-22,Islamabad,0.0,0.34257345173709586,286.9458512144644,101613.61767313903
2015-11-23,Islamabad,0.0,0.33865307834274805,287.1837100150314,101739.1645936121
2015-11-24,Islamabad,0.0,0.33373617205460016,287.3001680347692,101826.60171845874
2015-11-25,Islamabad,0.6929770095531257,0.32998747073429335,287.31865992648795,101600.31448092402
2015-11-26,Islamabad,0.050809247828425434,0.32678779971649613,285.9714840411409,101460.78765674027
2015-11-27,Islamabad,0.0,0.3230083996903431,285.1715964191459,101465.6449786987
2015-11-28,Islamabad,0.0,0.3191829951020925,286.01473085284,101833.5034236307
2015-11-29,Islamabad,0.0,0.31574134068612464,286.4585807599589,101986.87245208271
2015-11-30,Islamabad,0.0,0.31202978488864935,287.01152007434126,101837.19344277207
2015-12-01,Islamabad,0.0,0.30849487733496184,286.2400913708906,101604.38645745702
2015-12-02,Islamabad,0.0,0.30533627113743683,285.9347573416897,101768.2357566022
2015-12-03,Islamabad,0.0,0.30181661054819287,286.14980668359425,101642.43043389916
2015-12-04,Islamabad,0.7172689966233701,0.2988259670793058,286.5740135771033,101506.76603567933
2015-12-05,Islamabad,0.0,0.29673071565174614,287.37018572779107,101685.48357033843
2015-12-06,Islamabad,0.0,0.2942354092321788,287.5397237466307,101668.00007744646
2015-12-07,Islamabad,0.0,0.2918756590308303,287.0051772327637,101832.4606945029
2015-12-08,Islamabad,24.895521801775992,0.2898056603637361,287.0346019891974,101601.76941916575
2015-12-09,Islamabad,0.0,0.3190276712721717,285.9027430865236,101584.57394679927
2015-12-10,Islamabad,0.0,0.4283159546335112,285.06260748737697,101267.65897980992
2015-12-11,Islamabad,0.0,0.4241688407578885,281.5421849614018,101395.96986906578
2015-12-12,Islamabad,0.0,0.41101257358680726,281.7765899759855,101498.23284489961
2015-12-13,Islamabad,0.0,0.4020577501658359,282.0370285677221,101671.4244847324
2015-12-14,Islamabad,0.0,0.39440579420366717,281.35377881537534,101793.82067095632
2015-12-15,Islamabad,0.0,0.3877033596591885,280.9119288342592,101601.62483196254
2015-12-16,Islamabad,0.09944497441254557,0.3822501573158877,281.72915774038023,101570.43984755132
2015-12-17,Islamabad,0.0,0.3776357562664871,281.6387935361346,101859.80343911995
2015-12-18,Islamabad,0.0,0.3729511239765617,281.0847447797351,101952.23861430536
2015-12-19,Islamabad,0.0,0.36858366890688526,281.4806071096937,101874.02796705184
2015-12-20,Islamabad,0.0,0.3661018997390596,281.4627950173462,101938.37890465138
2015-12-21,Islamabad,5.8883100050131345,0.36158121564733664,281.77493378807173,101862.66175651403
2015-12-22,Islamabad,0.0,0.38353704017374446,281.24298525072675,102239.86952332768
2015-12-23,Islamabad,0.0,0.39428836833553776,279.93109303241494,102291.64426640442
2015-12-24,Islamabad,0.0,0.38187043743056354,279.28233365914446,102226.66110141652
2015-12-25,Islamabad,0.9562593638384674,0.37254505005109484,280.45636957392446,102230.68421172298
2015-12-26,Islamabad,0.0,0.367618977254676,281.98511392819086,102108.70079876432
2015-12-27,Islamabad,0.0,0.3630105082899442,283.4898597522773,102150.88103265256
2015-12-28,Islamabad,0.0,0.3578717399998338,284.23496064004564,102214.5855449388
2015-12-29,Islamabad,0.0,0.3528418730683351,283.68685837486413,101888.34830726207
2015-12-30,Islamabad,0.0,0.3482183068116598,283.022559486448,101918.53858432142
2015-12-31,Islamabad,7.540399602585842,0.34374189097116675,283.449278793247,102129.46194679076
2016-01-01,Islamabad,0.0,0.33975747503543413,283.421182252642,102159.09579416008
2016-01-02,Islamabad,0.0,0.3364406802410585,282.966134407311,102173.84914496269
2016-01-03,Islamabad,0.34940173376479833,0.3332113616364215,284.9189221070176,101833.44435259025
2016-01-04,Islamabad,16.22594182710629,0.3541808050369377,284.81590930474454,102012.39176786809
2016-01-05,Islamabad,0.0,0.3554887928448884,284.11644459873713,101934.65533982651
2016-01-06,Islamabad,10.751567081531038,0.3484647620552394,283.4191679533946,101909.56600995864
2016-01-07,Islamabad,0.0,0.347265656611341,284.3185991842006,102003.29712510237
2016-01-08,Islamabad,0.0,0.35746554412756204,282.9662774954646,101950.21143379674
2016-01-09,Islamabad,0.0,0.34762287181813595,282.30044563744696,101586.3730357731
2016-01-10,Islamabad,0.0,0.3403570439042045,282.8264482116339,101758.79158270713
2016-01-11,Islamabad,0.0,0.3348176563073225,283.1697603231228,101738.81414413851
2016-01-12,Islamabad,28.271808624441043,0.39044997589220937,281.95031481074096,101725.22861838368
2016-01-13,Islamabad,0.0,0.3981678097269724,282.61211179760727,101654.27725049455
2016-01-14,Islamabad,0.34308609535953133,0.38173663296171245,282.84106349394324,101658.78700626115
2016-01-15,Islamabad,0.0,0.3717794085713343,282.43847695797405,101678.18821939942
2016-01-16,Islamabad,0.0,0.362708777838398,282.3046936261934,101374.26042756131
2016-01-17,Islamabad,0.0,0.35606385488716696,282.2122474075595,101619.5001950372
2016-01-18,Islamabad,0.0,0.35187340985414484,282.0956201787091,101569.29048495692
2016-01-19,Islamabad,0.0,0.3464711726307209,281.3700879236495,101613.18590133463
2016-01-20,Islamabad,0.0,0.3406371947151431,280.0617132352115,101919.584155521
2016-01-21,Islamabad,0.0,0.33632049941016295,280.1921276570259,102002.57855592913
2016-01-22,Islamabad,0.0,0.33306191128847334,280.63143576903207,102013.50271737586
2016-01-23,Islamabad,0.0,0.3301977786957402,280.4609712545172,102116.67085505147
2016-01-24,Islamabad,0.0,0.3272047241321031,280.2410827142225,101965.40105753491
2016-01-25,Islamabad,2.659700169363157,0.32437245351018207,281.0825265841004,101746.71005183939
2016-01-26,Islamabad,0.0,0.3246684707915216,282.45909336832466,101645.04244385488
2016-01-27,Islamabad,0.0,0.3255146400373367,283.56921443768954,101606.47578093025
2016-01-28,Islamabad,4.976968051466674,0.33271229370296673,284.90127008300567,101612.47216190718
2016-01-29,Islamabad,1.665278172862681,0.42960933605912976,284.67767744619573,101795.09898971452
2016-01-30,Islamabad,0.0,0.4304718155310361,283.5926721618356,101745.52954262536
2016-01-31,Islamabad,0.0,0.4108243477978206,282.87481579368546,101738.7175371459
2016-02-01,Islamabad,0.0,0.3970630681543831,283.17626633238683,101795.83644516504
2016-02-02,Islamabad,0.0,0.38607686619720083,283.03887503506337,101843.57524207346
2016-02-03,Islamabad,0.0,0.37660202046142355,282.875063041641,101835.60464650315
2016-02-04,Islamabad,0.0,0.368501190165425,283.67575128965325,101755.36548438853
2016-02-05,Islamabad,0.0,0.361222097399655,284.5851116212802,101534.25428726528
2016-02-06,Islamabad,0.0,0.3576762183052655,285.25370287479257,101339.5241977542
2016-02-07,Islamabad,0.0,0.35867821038570685,284.86324591219824,101792.52187968942
2016-02-08,Islamabad,0.0,0.35192554280693317,284.7417465265352,101824.05740842843
2016-02-09,Islamabad,0.0,0.3450366509623328,285.08531323039847,101495.89826200207
2016-02-10,Islamabad,40.037004874568,0.40747445606826516,283.7504912944461,101145.62534921955
2016-02-11,Islamabad,0.0882867441285351,0.442188066257587,279.92787239415065,101335.2417288607
2016-02-12,Islamabad,0.0,0.42179845348776385,282.11175159068495,101536.45115082589
2016-02-13,Islamabad,0.0,0.4087812045751917,282.91515764535933,101733.13109944123
2016-02-14,Islamabad,0.0,0.39878995546516127,283.0711556317064,101871.39921516187
2016-02-15,Islamabad,0.0,0.38915657064388653,283.40300167188934,102036.55676008081
2016-02-16,Islamabad,0.0,0.37965037625297066,284.3652883708073,102097.70512155541
2016-02-17,Islamabad,0.0,0.37102695382575734,284.81805512454594,102045.51650604226
2016-02-18,Islamabad,0.0,0.3629631007902855,285.87686374926767,101902.17529649915
2016-02-19,Islamabad,0.0,0.4082974168538868,285.83572320864533,101799.47161622938
2016-02-20,Islamabad,0.0,0.41954571001725544,286.03434295692455,101749.52136847177
2016-02-21,Islamabad,0.0,0.4042507870584377,286.23419935097985,101633.68944504288
2016-02-22,Islamabad,0.0,0.39123024835760467,287.05686771466895,101521.93228231149
2016-02-23,Islamabad,0.0,0.3773643568300673,287.9871634689085,101264.96726928063
2016-02-24,Islamabad,0.0,0.36664541725384325,287.5570994472787,101326.01198963496
2016-02-25,Islamabad,0.0,0.3594480007166368,288.4197969073667,101724.30217581913
2016-02-26,Islamabad,0.0,0.35191431482522717,288.2807303510425,101976.88990524538
2016-02-27,Islamabad,0.0,0.34355720054089056,288.15869418312747,101931.15654664127
2016-02-28,Islamabad,0.0,0.3352861902122654,288.7913817648453,101989.87738805085
2016-02-29,Islamabad,0.0,0.32722728405964685,289.174923236042,101961.93736713313
2016-03-01,Islamabad,0.0,0.3194444437023942,288.94887100683343,101699.99510843925
2016-03-02,Islamabad,0.0,0.3123662026721781,290.183265244968,101711.70400995015
2016-03-03,Islamabad,0.0,0.3070189151761316,290.6792071860567,101686.84488824975
2016-03-04,Islamabad,0.6048449343415542,0.30227207934773487,290.62160534757743,101409.34769728237
2016-03-05,Islamabad,10.658615241190144,0.3363682814235494,287.59972576854125,101501.90172293496
2016-03-06,Islamabad,1.3176073938896828,0.37947152660627115,286.3796156157757,101729.31199269019
2016-03-07,Islamabad,0.0,0.36388923831553627,288.4641395986784,101549.06937568211
2016-03-08,Islamabad,0.0,0.34392296144900275,289.74373427656417,101269.08866695463
2016-03-09,Islamabad,0.0,0.3296633916949716,290.33201257823265,101311.15041700294
2016-03-10,Islamabad,8.322423239900447,0.3201248174785345,291.4814408445576,101390.08254690841
2016-03-11,Islamabad,15.358958989708391,0.4233741001917091,287.64423298494256,101340.77538396389
2016-03-12,Islamabad,10.097304335980965,0.4475048524813402,286.6807729945909,101176.43790641622
2016-03-13,Islamabad,3.1481276594282286,0.44951167828031396,286.2915088019316,101485.71188994932
2016-03-14,Islamabad,2.157418454990592,0.43698694125826804,286.2674726650103,101641.92378842487
2016-03-15,Islamabad,0.18160144287807753,0.413781074587646,287.1007797461863,101803.56313271618
2016-03-16,Islamabad,8.640566002031905,0.42058779151699927,288.5554544930136,101445.63286117044
2016-03-17,Islamabad,6.438456712882103,0.438250969584992,287.27463455591084,101401.01408743921
2016-03-18,Islamabad,5.880256329577593,0.44658682545938616,288.0823272665873,101196.47838355752
2016-03-19,Islamabad,0.0,0.43906379944757074,288.01150548961346,101283.55092708384
2016-03-20,Islamabad,0.0,0.4373138777789354,287.80015607597386,101483.20825636057
2016-03-21,Islamabad,0.0,0.4124535429684226,287.97170576460127,101551.0876949661
2016-03-22,Islamabad,0.0,0.39294193941391875,289.32244186233083,101110.14444438921
2016-03-23,Islamabad,0.0,0.3785160817194048,290.84620168528437,101110.46808388941
2016-03-24,Islamabad,5.661293452110533,0.38355524875713215,289.8097212293613,101697.38158650127
2016-03-25,Islamabad,13.080302223546257,0.40066283076557524,290.0972616099316,101847.25001705241
2016-03-26,Islamabad,0.18394802992581663,0.40593467250866366,289.78390465961127,101682.5292957204
2016-03-27,Islamabad,0.0,0.38589022863668854,291.6178184596762,101395.54685190812
2016-03-28,Islamabad,4.300767408126992,0.3693704039457869,292.63979725726915,101426.84054982726
2016-03-29,Islamabad,0.0,0.3545095209748467,292.6385356496645,101268.6033299134
2016-03-30,Islamabad,1.1761956996262024,0.34181482928180085,293.6852891683568,101271.7081345067
2016-03-31,Islamabad,6.962579653579778,0.34477413117875666,292.51449993523227,101287.62075714213
2016-04-01,Islamabad,10.545375089735154,0.34118148704603873,292.7064725630311,101043.546816027
2016-04-02,Islamabad,4.173511268041897,0.413979151238343,292.3211177918269,101214.85887799271
2016-04-03,Islamabad,8.496440582757625,0.43406448551023186,290.85914973895507,101201.67332196984
2016-04-04,Islamabad,0.0,0.4219907915843542,292.3277218502537,101024.48074105599
2016-04-05,Islamabad,2.7388646955851357,0.4053137343560787,293.2911434979625,101025.21056163599
2016-04-06,Islamabad,6.433923582388661,0.39835321428906867,291.2077306895431,101164.49631916183
2016-04-07,Islamabad,0.8146269574810855,0.3914886325023607,291.7547375497437,101184.4920823433
2016-04-08,Islamabad,4.6612424712991825,0.38117204148947925,292.1566282220329,101295.60992742775
2016-04-09,Islamabad,0.6253235413028461,0.3810921048098205,290.6226289473709,101536.78439901555
2016-04-10,Islamabad,0.05505219496677162,0.37093989048579773,292.4293452122327,101330.15187463048
2016-04-11,Islamabad,0.015101915687088168,0.3808215419146022,290.81168557080713,101374.02306732013
2016-04-12,Islamabad,4.497738953919502,0.3607553055010558,292.7701584995794,100921.82445801693
2016-04-13,Islamabad,0.0,0.3414210890411069,293.6428264946466,100559.07798609375
2016-04-14,Islamabad,0.0,0.32464866313801627,294.9757707334266,100606.96902248365
2016-04-15,Islamabad,0.0,0.3107453110150361,296.29498890590304,100710.98177912271
2016-04-16,Islamabad,2.463779797002611,0.298667367454072,297.5605611233478,100601.94178584425
2016-04-17,Islamabad,6.825797156961045,0.2925110792482363,295.45407426061115,100790.15722554117
2016-04-18,Islamabad,0.0,0.27963616659961726,295.70605201574324,100874.20000298414
2016-04-19,Islamabad,4.165194454397371,0.27176836736656884,294.22492746028735,101177.00720784924
2016-04-20,Islamabad,0.0,0.26031001253497965,295.5605843303625,101081.66429910253
2016-04-21,Islamabad,0.005398819388127263,0.26070031973316504,295.29326020089667,100677.8182996027
2016-04-22,Islamabad,0.0,0.26989259887966377,293.058464917827,100537.8651770895
2016-04-23,Islamabad,0.0,0.25726130796053787,293.1121027433316,100575.42028663715
2016-04-24,Islamabad,0.0,0.2445844565819381,293.55809365849996,100651.08546216354
2016-04-25,Islamabad,0.0,0.23195668494697946,295.34135113653235,100821.14086870766
2016-04-26,Islamabad,1.7073041925997963,0.22392648703230936,296.0966001451672,101111.37086016723
2016-04-27,Islamabad,0.0,0.21897124015421043,296.072330614494,101039.34100597979
2016-04-28,Islamabad,0.0,0.21073668538623325,296.06668353153407,100858.29509266574
2016-04-29,Islamabad,0.0,0.2015398679567355,297.0740052381452,100808.27136811652
2016-04-30,Islamabad,0.0,0.19397528416235202,298.4863845110573,100658.94408721186
2016-05-01,Islamabad,0.0,0.18778616592814068,299.7724125797231,100391.1304287123
2016-05-02,Islamabad,6.317767871721212,0.1851447593151567,301.67476991141103,100328.96710905884
2016-05-03,Islamabad,0.0,0.18519872626924663,297.45654520765055,100766.93659124756
2016-05-04,Islamabad,5.647927046418435,0.1938130007490822,295.5574545522681,100860.28326502892
2016-05-05,Islamabad,0.4281539547292149,0.20658559670395624,296.75228936862334,100942.41459858583
2016-05-06,Islamabad,0.0,0.204816118647742,298.05730869718263,100772.36520906282
2016-05-07,Islamabad,0.0,0.1947413158256291,299.35815739894406,100667.69439131356
2016-05-08,Islamabad,0.0,0.1867091279056371,301.0671617878776,100659.9244246937
2016-05-09,Islamabad,0.0,0.18681671699173624,301.648834309351,100639.72459543105
2016-05-10,Islamabad,12.730295785999601,0.19271536004813805,302.14649755433305,100785.1164052197
2016-05-11,Islamabad,0.9347593403682178,0.1938710865735838,300.7607136592045,100816.68081153937
2016-05-12,Islamabad,0.0,0.20010886086001398,299.25811628544864,100399.29501060092
2016-05-13,Islamabad,18.798115028332603,0.2169866968523551,299.62619087854483,100514.84874209903
2016-05-14,Islamabad,2.6139053752849386,0.21296803430467035,299.9456408910646,100721.96470999501
2016-05-15,Islamabad,2.0296953370510313,0.20112090930190216,300.50176199934594,100664.87893413787
2016-05-16,Islamabad,0.0,0.18980985973407255,301.40036705544077,100278.16526434108
2016-05-17,Islamabad,0.0,0.18150725286697506,302.24743708142074,100173.6267968999
2016-05-18,Islamabad,0.0,0.17581875870342847,303.40025328942227,99928.7976125176
2016-05-19,Islamabad,0.0,0.17198974555369162,303.96304400337624,99979.6168869509
2016-05-20,Islamabad,0.0,0.16906540607734968,304.1964438542798,99817.87655603429
2016-05-21,Islamabad,0.0,0.16676228255986209,305.44484058786804,99719.94570506112
2016-05-22,Islamabad,7.517370723148285,0.16509105945521424,305.7511903179885,99751.63226930903
2016-05-23,Islamabad,0.9973518546696255,0.1755877679221138,303.4665982506872,100022.90129626893
2016-05-24,Islamabad,0.0,0.21028409791965222,298.5981776114168,100293.88769269246
2016-05-25,Islamabad,0.0,0.21160480063346782,299.56124130850856,99964.91015891444
2016-05-26,Islamabad,3.626503826895242,0.19935747885890873,300.83382872704846,100089.25131339241
2016-05-27,Islamabad,0.0,0.18915209601723498,302.6830686651005,100139.33629240374
2016-05-28,Islamabad,0.0,0.18945122418526428,302.35707105714346,99993.9290874676
2016-05-29,Islamabad,4.933803332756695,0.19047614978182412,302.2354603144754,100029.18233773192
2016-05-30,Islamabad,0.0,0.18861484777668475,301.31891300028,100333.56966592868
2016-05-31,Islamabad,0.0,0.1833232472397637,302.3220105827993,100411.88156340946
2016-06-01,Islamabad,20.51664803876032,0.17775917316313194,304.0798908760863,100440.76512444009
2016-06-02,Islamabad,0.0,0.1740464056168619,303.73099148917254,100466.15497639656
2016-06-03,Islamabad,0.0,0.17206551990963226,304.3940520784769,100503.52354727505
2016-06-04,Islamabad,0.0,0.1703260096590362,304.5780638282392,100446.43257930805
2016-06-05,Islamabad,0.0,0.16761438978820045,304.97328278440654,100342.30453651496
2016-06-06,Islamabad,0.0,0.16557702519039222,305.10503996953906,100231.6134913857
2016-06-07,Islamabad,0.0,0.17007454835168564,304.477156766727,100197.7163562651
2016-06-08,Islamabad,0.48298377619071126,0.17006395019718137,304.77868885690634,100048.80656362261
2016-06-09,Islamabad,0.0,0.16711278783021596,305.2380439683483,99941.73291133308
2016-06-10,Islamabad,0.0,0.16591862990521417,304.9264983915761,99972.70022715259
2016-06-11,Islamabad,0.0,0.16681073802722324,303.64521938407984,100020.53940745645
2016-06-12,Islamabad,0.0,0.17203659345108652,304.0315179415879,99976.29913835488
2016-06-13,Islamabad,0.0,0.17851250067545463,304.10592856308926,99934.28706985243
2016-06-14,Islamabad,0.0,0.17601204751095234,306.00256748002005,99635.01157433727
2016-06-15,Islamabad,7.194206245837466,0.23062668695508096,304.27069021970914,99628.8426405262
2016-06-16,Islamabad,0.0,0.37351568549694814,301.5082247960746,99990.36002476866
2016-06-17,Islamabad,0.49109345951247724,0.31948318976980655,302.35539353420535,100134.17693459829
2016-06-18,Islamabad,0.0,0.28165255018899815,303.7346119644111,100234.2715581801
2016-06-19,Islamabad,0.0,0.2514445607121166,304.36607349740876,100293.38778541505
2016-06-20,Islamabad,13.980861371636076,0.23803499164066402,303.9605808717455,100122.94810980913
2016-06-21,Islamabad,5.814980773904964,0.29041322076683657,302.0779797840222,100134.65789911216
2016-06-22,Islamabad,4.465867404782492,0.37005412631526113,300.008566040124,100329.32316309797
2016-06-23,Islamabad,0.0,0.32461081247470086,301.8191679052113,100167.74966854339
2016-06-24,Islamabad,0.0,0.28524130037926526,303.0732430524897,99971.94380726779
2016-06-25,Islamabad,13.276130995360777,0.25390796147627614,304.3114012034354,100101.81807294747
2016-06-26,Islamabad,4.0891643170472145,0.23381765886953537,303.9268533078051,100137.68511514655
2016-06-27,Islamabad,40.428360659961974,0.22347952556912237,303.66499061405784,100077.89363901711
2016-06-28,Islamabad,0.0,0.26532768678089114,301.79036621758837,100319.49326322415
2016-06-29,Islamabad,0.0,0.2633852685831175,304.41687214905613,100255.03151751
2016-06-30,Islamabad,0.0,0.23654935911180125,305.52979062711677,99883.26490737693
2016-07-01,Islamabad,24.715098533085683,0.22222933355003027,305.79638257993145,99496.2753836086
2016-07-02,Islamabad,9.913119840879979,0.25330185367991925,300.6384790502145,99724.42695840064
2016-07-03,Islamabad,24.804159679103204,0.3879827045746382,297.9353597770891,99980.14837746123
2016-07-04,Islamabad,0.0,0.35642212514487187,301.57930324247945,99808.60760865241
2016-07-05,Islamabad,22.63546205439708,0.33454977152930226,302.6171390634116,99625.57366756577
2016-07-06,Islamabad,0.03187226999787711,0.33905259923203634,301.95633073236365,99802.64867374726
2016-07-07,Islamabad,0.7097386589620998,0.32633561607944744,302.0830201277104,99921.27012755221
2016-07-08,Islamabad,14.997968395943152,0.2964441472818039,303.67216579551217,99716.0870359607
2016-07-09,Islamabad,0.0,0.3249630251737839,300.63477168912124,99797.24840453197
2016-07-10,Islamabad,0.0,0.3059986379269341,302.8149014802937,99694.00428371264
2016-07-11,Islamabad,0.0,0.3050980198954867,302.7061760734878,99814.77415761001
2016-07-12,Islamabad,0.0,0.3334837861140819,301.9604807245947,100012.3667327685
2016-07-13,Islamabad,7.401465021188671,0.33121370220116386,301.7533789642757,100021.01752705652
2016-07-14,Islamabad,24.63139057155087,0.328834802188318,301.90732663173577,99890.89133764952
2016-07-15,Islamabad,53.69713905341063,0.3235633173810398,301.7657572133779,99866.42516754009
2016-07-16,Islamabad,19.035374555162342,0.33132032664120337,300.8278547180046,100011.14490835743
2016-07-17,Islamabad,11.69726858763083,0.3668299745776495,300.0561806522927,100182.35748111446
2016-07-18,Islamabad,0.0,0.39935425982176687,299.39252652802924,100175.3973280262
2016-07-19,Islamabad,0.0,0.3728833457518085,300.74741919377914,100070.36037789608
2016-07-20,Islamabad,0.0,0.33074820103634545,302.63969440832284,99946.94245692839
2016-07-21,Islamabad,0.532043753485146,0.30079256300910084,303.48987265282085,99905.62503730219
2016-07-22,Islamabad,0.1296795547580411,0.29108832408766305,302.00531432612456,99977.8982715941
2016-07-23,Islamabad,5.725030336952011,0.3022678635385761,301.0815285085998,100203.34713632855
2016-07-24,Islamabad,0.10794320506996653,0.31742961838964107,301.2421042616787,100333.70355912652
2016-07-25,Islamabad,22.341132647386974,0.30864973746056856,302.07693629079574,100303.01212996226
2016-07-26,Islamabad,12.264673136541605,0.3363589046452194,301.4732824826331,100290.35841153769
2016-07-27,Islamabad,24.52934627308321,0.40275086284401135,297.7649599647787,100615.28978154412
2016-07-28,Islamabad,0.0,0.37741578868991876,299.50596265376674,100403.70471727072
2016-07-29,Islamabad,0.08419998189414336,0.36071689260457157,300.5592490484137,100140.80284264019
2016-07-30,Islamabad,24.507677908630228,0.39440876122897733,299.4433119498936,100282.39136571494
2016-07-31,Islamabad,0.0,0.4162438482422425,299.81383839644957,100157.53476599805
2016-08-01,Islamabad,0.5106535840829178,0.37796253825759785,301.2856310130507,99935.3477907155
2016-08-02,Islamabad,2.230423082396179,0.37313534616348903,299.5163415889703,100087.27498749486
2016-08-03,Islamabad,0.0,0.35293603291437164,300.3788085105326,100144.2710718305
2016-08-04,Islamabad,0.0,0.32515086771790525,302.46616337216346,100075.06520884966
2016-08-05,Islamabad,0.0,0.2992377665778196,303.4213598877931,100106.48652431683
2016-08-06,Islamabad,14.545039210072984,0.31753210776908153,301.41384720713756,100071.81481984108
2016-08-07,Islamabad,4.918774183057437,0.4141205816902217,297.9185475329233,100255.13321571898
2016-08-08,Islamabad,0.0,0.41366741045174044,299.2594414755046,100234.32578455393
2016-08-09,Islamabad,4.754326132362848,0.39205850316104446,300.1745860743772,100012.80519161253
2016-08-10,Islamabad,57.112652188623244,0.380647416593502,299.5979212036604,100154.93964647473
2016-08-11,Islamabad,1.2762319150148163,0.37682578801953365,299.86869874468266,100319.37307378587
2016-08-12,Islamabad,0.0,0.3701289443226134,300.3128337467206,100333.2342549225
2016-08-13,Islamabad,0.0,0.3411079538167911,301.4133187622246,100145.53802052543
2016-08-14,Islamabad,25.27907004396933,0.32479477573427373,301.2165231392908,100074.42458171808
2016-08-15,Islamabad,0.0,0.32256458744989674,300.3278376243757,99925.03525199229
2016-08-16,Islamabad,0.0,0.2981855626548818,301.5843705365851,99771.06123847546
2016-08-17,Islamabad,0.1325003500064102,0.2802188729256171,301.27262604107057,100035.53463313119
2016-08-18,Islamabad,0.0,0.26407986673989964,301.54338060402483,100165.86068093196
2016-08-19,Islamabad,0.0,0.24312226857198413,303.0994908404509,100012.26453932856
2016-08-20,Islamabad,0.0,0.2271837193125361,303.37564934418333,100135.89389054048
2016-08-21,Islamabad,0.0,0.2176320767526605,302.8030573946518,100266.97772313103
2016-08-22,Islamabad,0.0,0.20635153629201838,303.3430069464047,100351.41795294096
2016-08-23,Islamabad,0.0,0.19814993549408394,303.3440314562318,100368.69962108084
2016-08-24,Islamabad,0.0,0.2027310805975359,302.24890882753914,100435.98101780274
2016-08-25,Islamabad,0.0,0.2684893949315918,300.40122932493176,100672.54442691043
2016-08-26,Islamabad,6.223938584528267,0.27615933969535345,301.92989864695994,100635.15047419968
2016-08-27,Islamabad,28.40701251146841,0.37219220755372134,298.83988167834707,100923.60064948442
2016-08-28,Islamabad,0.0,0.3651695266498589,299.3091042154206,100844.717593632
2016-08-29,Islamabad,0.0,0.33879669539508084,300.40464328609,100422.650972628
2016-08-30,Islamabad,0.0,0.3420933251953865,299.55672165000726,100322.01190224125
2016-08-31,Islamabad,0.0,0.35522281058735594,299.530105932838,100406.07962241652
2016-09-01,Islamabad,3.8449562026872077,0.32384888496611136,299.2645357195361,100363.9243110108
2016-09-02,Islamabad,0.0,0.3020043836479747,299.1499537195224,100219.98262961267
2016-09-03,Islamabad,0.0,0.27775382697821666,300.40742470015306,100070.42924449204
2016-09-04,Islamabad,0.0,0.2552879414100096,301.3729177321198,100299.48629020115
2016-09-05,Islamabad,0.0,0.24713384010669168,301.51552020016504,100347.90741134158
2016-09-06,Islamabad,0.0,0.2692415458798659,300.1147759305888,100455.78814486606
2016-09-07,Islamabad,0.0,0.2530332827848853,301.388542724545,100384.02753860959
2016-09-08,Islamabad,0.0,0.23404888599867535,302.30369796658687,100500.71267897946
2016-09-09,Islamabad,0.0,0.22022003646350316,302.97139206746175,100517.15941819953
2016-09-10,Islamabad,2.031847608815295,0.2244292083971985,301.6645489402234,100443.7920196756
2016-09-11,Islamabad,63.1235221101753,0.25086987922597564,300.4576374887924,100430.2979311849
2016-09-12,Islamabad,2.8498710988190323,0.32012613507067955,298.8778288821312,100591.6135738058
2016-09-13,Islamabad,2.8364531198414595,0.31333555472765695,299.1643976061759,100805.53013697358
2016-09-14,Islamabad,0.0,0.3082722929326189,298.65838923869217,100920.54907689505
2016-09-15,Islamabad,0.0,0.2805559661290714,299.5590631412331,100663.96927152012
2016-09-16,Islamabad,0.0,0.25612479239345803,300.6320765637559,100530.46999980105
2016-09-17,Islamabad,4.671665865501892,0.23773566164460197,300.7384107005227,100437.58800723878
2016-09-18,Islamabad,0.0,0.2230655737875692,301.6087127037824,100581.07932009116
2016-09-19,Islamabad,0.0,0.2107552031154673,302.0007163768789,100463.16150143812
2016-09-20,Islamabad,0.28863873589516426,0.20198058925911597,301.82714982687827,100383.27096205548
2016-09-21,Islamabad,0.0,0.2150042452938032,300.4536203792017,100724.93604734603
2016-09-22,Islamabad,0.0,0.24288828436957152,298.8376198450119,100886.15341183609
2016-09-23,Islamabad,1.377770261806592,0.27438395748254363,297.4303056968647,100636.65750086689
2016-09-24,Islamabad,2.647545848730387,0.26913105742031096,298.65226593836894,100532.66554606149
2016-09-25,Islamabad,0.0,0.2544244172373495,299.2621453019104,100616.98209388216
2016-09-26,Islamabad,0.607386838689973,0.24288333517383395,299.2586158405628,100709.78639272883
2016-09-27,Islamabad,0.0,0.23578450117928948,299.63428556567663,100742.09228597782
2016-09-28,Islamabad,0.0985402860125851,0.22667008284131251,300.4861359349859,100610.63958480171
2016-09-29,Islamabad,0.027829025426062085,0.22466691437676528,300.32913481850386,100648.88244480695
2016-09-30,Islamabad,0.0,0.2138391514728512,301.0467662400451,100641.98477217952
2016-10-01,Islamabad,1.7757357011837287,0.20418959577674142,301.48462321826815,100821.85071911523
2016-10-02,Islamabad,0.0,0.19816388657858,301.323133842101,100962.42266935906
2016-10-03,Islamabad,0.0,0.19259673353305654,301.05631806188256,100789.12783567708
2016-10-04,Islamabad,0.0,0.19097652972759138,300.12438863496055,100581.84018000263
2016-10-05,Islamabad,0.0,0.19517687734419112,298.81093416767226,100641.79281687684
2016-10-06,Islamabad,7.176686160144091,0.20516274414205907,297.5849523850914,100865.8918822615
2016-10-07,Islamabad,0.0,0.20563961998324562,298.25936426565715,100866.9340852508
2016-10-08,Islamabad,0.0,0.20514518695351547,296.76391810710794,100832.05753099284
2016-10-09,Islamabad,0.0,0.20354241873672183,296.4696701029509,100690.07156940624
2016-10-10,Islamabad,0.0,0.19618981832798263,296.6798602773726,100733.49878394857
2016-10-11,Islamabad,0.0,0.18932880647760011,296.70321354644796,100711.31820794583
2016-10-12,Islamabad,0.0,0.185288514620126,296.56090455639753,100689.2765879365
2016-10-13,Islamabad,0.0,0.1816652621285893,296.71000814317136,100945.46205621053
2016-10-14,Islamabad,0.0,0.17816290497561196,296.4360481587341,101030.07183371889
2016-10-15,Islamabad,0.0,0.17542616472800382,296.64165923648636,101101.48073501661
2016-10-16,Islamabad,0.0,0.1731878668654836,296.41855239683156,101210.11526341742
2016-10-17,Islamabad,0.0,0.17137566036050725,295.9923214077682,101116.99067267575
2016-10-18,Islamabad,0.0,0.16984286795512027,296.51919412378,100941.90448223136
2016-10-19,Islamabad,0.0,0.1685356930102221,296.3337810757996,100871.7591283792
2016-10-20,Islamabad,4.488391094755051,0.16762813175907942,296.1423832571868,100766.31308155894
2016-10-21,Islamabad,5.4259546834760854,0.1673220500211993,295.54449832168564,101003.34368605343
2016-10-22,Islamabad,0.0,0.16649185066060668,295.18780649791245,101067.19199651275
2016-10-23,Islamabad,0.0,0.16573326960593404,294.74839960858964,100993.78922272178
2016-10-24,Islamabad,0.0,0.16510495384514326,294.14185354443754,100887.54781465996
2016-10-25,Islamabad,0.0,0.16462146344506587,294.17240939312995,101000.02535696422
2016-10-26,Islamabad,0.0,0.16421950260780077,293.628692922511,101353.105127879
2016-10-27,Islamabad,0.0,0.16387503104445317,293.2272010035519,101568.48318879028
2016-10-28,Islamabad,8.434267617265071,0.16359987577366336,293.3314925422429,101222.87922154233
2016-10-29,Islamabad,0.0,0.16339578819786632,293.6508288660525,101416.3170043285
2016-10-30,Islamabad,0.0,0.16329402567110757,292.9128062082989,101628.59918617272
2016-10-31,Islamabad,0.0,0.16319786431315153,292.896946406492,101858.26803010321
2016-11-01,Islamabad,0.0,0.16307818101249755,293.083734023848,101670.6270885675
2016-11-02,Islamabad,0.0,0.16295723958972616,293.0423170353129,101726.97749505476
2016-11-03,Islamabad,0.0,0.16422469115811275,293.37022285307637,101719.94468475736
2016-11-04,Islamabad,0.0,0.18470053838812217,291.6756214063321,101382.33724449776
2016-11-05,Islamabad,0.0,0.18216876440982196,291.3341935050095,101121.94258197959
2016-11-06,Islamabad,0.0,0.17946845006012532,291.4333851679128,101259.23373908647
2016-11-07,Islamabad,0.0,0.1769561348657026,290.6604777614777,101427.0172741121
2016-11-08,Islamabad,0.0,0.1747408938827469,290.84024596542804,101426.70938395252
2016-11-09,Islamabad,0.0,0.172973474004108,291.263682573389,101506.06235576487
2016-11-10,Islamabad,0.0,0.1715132032303657,291.242949729629,101386.20518727835
2016-11-11,Islamabad,0.0,0.17034794473207895,290.8552729559926,101471.20994313012
2016-11-12,Islamabad,2.4483098812575106,0.17223986105171318,288.82419850709084,101815.56730914068
2016-11-13,Islamabad,0.0,0.1713229521067556,289.4519135360947,101874.37288763022
2016-11-14,Islamabad,0.0,0.17027381197440908,289.1485173116103,101689.50272057322
2016-11-15,Islamabad,0.0,0.16939931588520363,288.798364082571,101720.89363262245
2016-11-16,Islamabad,0.0,0.16867422839639112,288.9964245837009,101862.55340146253
2016-11-17,Islamabad,0.0,0.16802082940952587,289.58521196210575,101722.6987702356
2016-11-18,Islamabad,0.0,0.16741315503907025,289.8978817731471,101418.15750974833
2016-11-19,Islamabad,0.0,0.1669012715314782,290.1277502416784,101224.53909767067
2016-11-20,Islamabad,2.913171740542286,0.16656806356824885,289.8144690317723,101431.05940285233
2016-11-21,Islamabad,1.7060045041186243,0.166626219848977,289.76712622590577,101461.20972464587
2016-11-22,Islamabad,0.8160260215657108,0.1663742158812377,289.8951550138607,101420.3331757168
2016-11-23,Islamabad,0.0,0.1659827613769853,289.54820573854846,101430.06388941786
2016-11-24,Islamabad,0.01315076282538169,0.16567364721700223,288.9803066143802,101748.87285672256
2016-11-25,Islamabad,6.337611240382452,0.16536113282855136,289.6242389251358,101600.51939074509
2016-11-26,Islamabad,0.6783047025544457,0.16504858805458805,289.4435221754297,101544.85698304138
2016-11-27,Islamabad,0.0,0.16481490799641046,288.78650159467065,101516.74312431792
2016-11-28,Islamabad,0.0,0.16457093638540282,288.55008062565327,101398.3112384754
2016-11-29,Islamabad,0.0,0.16443442821307538,289.3014890220544,101583.47595642818
2016-11-30,Islamabad,0.0,0.16717574993678982,289.10590047065693,101755.81563196305
2016-12-01,Islamabad,0.0,0.16683151486582268,288.4967939442951,101858.80750008524
2016-12-02,Islamabad,0.0,0.16624471404142538,287.791530193361,101814.02010872345
2016-12-03,Islamabad,0.0,0.16576539888830516,287.7545282584684,101932.37527958884
2016-12-04,Islamabad,0.0,0.1653832222287735,287.6226509470023,101967.02991706831
2016-12-05,Islamabad,0.0,0.1650791132941411,287.9783517387579,101734.51052383648
2016-12-06,Islamabad,0.0,0.16482052278231746,288.67322621714055,101818.05051107555
2016-12-07,Islamabad,0.0,0.16459542129731927,288.5666865172649,101668.39838065863
2016-12-08,Islamabad,0.0,0.16442157904429908,287.66624432446514,101619.84313291518
2016-12-09,Islamabad,0.0,0.16428626489829382,287.23486445703344,101378.18992215568
2016-12-10,Islamabad,0.1712115476620506,0.22233080127082278,287.72627773625766,101330.19415329002
2016-12-11,Islamabad,0.11318962868138911,0.29979368600745165,286.5341734082514,101494.23398137311
2016-12-12,Islamabad,0.0,0.29033617776515686,285.2832123283407,101545.54419315004
2016-12-13,Islamabad,0.0,0.28032298326083943,285.09574726266015,101696.69998806331
2016-12-14,Islamabad,0.2576357018741068,0.26862969351590366,285.12780314600695,101748.21961647664
2016-12-15,Islamabad,0.0,0.25897792534395037,285.19662545709684,101654.62142751584
2016-12-16,Islamabad,0.1387899381326982,0.25099444340555865,284.5576497279841,101879.1790807177
2016-12-17,Islamabad,0.0,0.24396363577930105,284.38853518156554,101789.01970159667
2016-12-18,Islamabad,0.0,0.23717056631060762,285.06805331020416,101830.90205474677
2016-12-19,Islamabad,0.0,0.23075798315914645,285.33036245218557,101840.29953908699
2016-12-20,Islamabad,0.0,0.2244026287352298,286.0304388517194,101744.75097163334
2016-12-21,Islamabad,3.6494194249827965,0.21839781621196588,286.1728062751629,101612.73001455139
2016-12-22,Islamabad,0.0,0.21328854164409294,286.39434909382527,101601.94259832145
2016-12-23,Islamabad,0.0,0.20864566315364771,285.88030908024393,101371.15268355524
2016-12-24,Islamabad,0.0,0.20468508972632407,284.47504790391986,101219.84106815004
2016-12-25,Islamabad,0.0,0.20096724002240207,283.6631205396022,101733.9735324963
2016-12-26,Islamabad,4.620565838120133,0.19760728574443479,284.11012424605303,101715.82002687175
2016-12-27,Islamabad,0.0,0.19464309623227594,285.3409032225365,101684.50768389623
2016-12-28,Islamabad,0.0,0.1919193877556288,286.5321190102463,101551.6403926607
2016-12-29,Islamabad,0.0,0.1894524782887459,286.867991123081,101677.41194053816
2016-12-30,Islamabad,0.0,0.187585967379916,286.15489273750103,101813.09896839896
2016-12-31,Islamabad,0.0,0.1862606170415144,285.6578986502827,101733.76941561322
2017-01-01,Islamabad,0.0,0.1863959363625978,285.3714884641383,101865.5176371868
2017-01-02,Islamabad,0.0,0.18543159644220983,286.2498946007234,102005.40133499216
2017-01-03,Islamabad,9.132742345590588,0.21658722441798475,285.72972861731694,101858.5227475871
2017-01-04,Islamabad,6.113363906862433,0.4113816143088683,283.6442336408761,101736.28070929582
2017-01-05,Islamabad,0.0,0.40141865925709863,284.21585362305876,101504.61512628748
2017-01-06,Islamabad,0.0,0.44499595038080203,282.5779486977347,101283.35994163806
2017-01-07,Islamabad,0.0,0.43608792955361175,281.1713567682623,101393.20895089181
2017-01-08,Islamabad,0.0,0.415705393052131,279.9471745628283,101869.75139048357
2017-01-09,Islamabad,0.0,0.39872955730605264,279.09246614340634,101762.53324691064
2017-01-10,Islamabad,0.0,0.38503060953723345,278.69352621340676,101693.57368461812
2017-01-11,Islamabad,0.0,0.3743979963872418,278.39971699062045,101682.85866163996
2017-01-12,Islamabad,0.0,0.36566475111955427,279.1125538494537,101691.06237459365
2017-01-13,Islamabad,0.0,0.3577825070012939,279.74452870572935,101820.80536391308
2017-01-14,Islamabad,2.0726055382955857,0.3511263808451258,280.82101970230445,102169.17472417698
2017-01-15,Islamabad,10.094251318282774,0.37091923929461695,281.9082217136479,101970.29094217521
2017-01-16,Islamabad,0.0,0.4198933808194586,280.3271760182072,101927.73515443821
2017-01-17,Islamabad,0.05209608892427179,0.42038481551321194,281.2836223972818,101865.61874495528
2017-01-18,Islamabad,0.00664387722413486,0.4468858423776991,280.0593332795697,102509.59372939495
2017-01-19,Islamabad,0.0,0.4185870557148441,280.9196430239142,102628.94049447787
2017-01-20,Islamabad,0.5381115154302613,0.4011989192683075,282.3657635289565,102247.71308575098
2017-01-21,Islamabad,6.809822586569215,0.3893191216289146,284.6541696518135,102067.8426966571
2017-01-22,Islamabad,0.0,0.378424076064537,284.78489049827897,102277.66966564443
2017-01-23,Islamabad,16.459429519692865,0.37811032983411214,284.470793990114,102102.05945720694
2017-01-24,Islamabad,13.547451321010046,0.4198148142054983,283.78573635039993,102175.55648582088
2017-01-25,Islamabad,24.22799907082572,0.44997733403251083,284.1469218961673,101968.02577616982
2017-01-26,Islamabad,15.62792505488748,0.4445104064578283,282.9312101331783,101863.47724672881
2017-01-27,Islamabad,0.0,0.4277090405079986,284.20431238663946,101967.67038255704
2017-01-28,Islamabad,13.656580325618382,0.41744947726196047,283.8406754329021,102022.42722484484
2017-01-29,Islamabad,0.0,0.40615710923336834,284.82998536771595,101698.86587659441
2017-01-30,Islamabad,1.021106822662749,0.41668470432793314,284.66644267146296,101586.69380549146
2017-01-31,Islamabad,0.0,0.41506733802627804,283.91241755784864,101731.44246616514
2017-02-01,Islamabad,0.0,0.39848466334585003,284.62626825757957,101740.28369489223
2017-02-02,Islamabad,9.786106054044877,0.3890208581903596,285.00116271334286,101994.12096532393
2017-02-03,Islamabad,13.6527005661765,0.3831439514724503,285.21173620244963,101748.13905120277
2017-02-04,Islamabad,7.3124258227988195,0.42515775116689775,285.05479925363596,101091.65867926084
2017-02-05,Islamabad,0.0,0.44155715231864867,283.6986077181895,101506.0789989371
2017-02-06,Islamabad,0.0,0.42555124248346043,283.5792019252691,101788.18147161057
2017-02-07,Islamabad,0.0,0.4097048857309894,284.7954658183747,101624.28023893303
2017-02-08,Islamabad,0.0,0.4021275725463056,284.2099491990937,101538.07401394323
2017-02-09,Islamabad,0.0,0.3931303767739616,283.60513156058045,101782.54820260282
2017-02-10,Islamabad,0.0,0.38288347413883816,283.7147509955198,101609.8015342214
2017-02-11,Islamabad,0.0,0.37430926554471156,284.12330194518705,101737.38759073318
2017-02-12,Islamabad,0.0,0.36648320681206076,285.05629902028505,102154.33680220039
2017-02-13,Islamabad,0.0,0.3575680133560019,285.72751390231275,102285.75759472631
2017-02-14,Islamabad,2.537229463226999,0.34994038708232794,286.0470708104872,102208.79297319074
2017-02-15,Islamabad,1.7740143099356347,0.34985513201283613,286.65757670140965,102198.17318093199
2017-02-16,Islamabad,13.535643453807483,0.3457088274442074,288.3532092248938,102013.97931327022
2017-02-17,Islamabad,10.62230470375553,0.3385016170289675,290.12263528669683,101955.57448004295
2017-02-18,Islamabad,14.791986360506996,0.3404729789451831,289.4894906009704,101845.07239360701
2017-02-19,Islamabad,0.24823428837405528,0.4032818203872415,288.77764450354704,101330.70868551341
2017-02-20,Islamabad,0.0,0.4249231582423496,286.3851597770205,100822.99735545226
2017-02-21,Islamabad,0.0,0.40393556543936243,285.14622460908055,100938.64059977664
2017-02-22,Islamabad,0.0,0.3894920052493733,284.98169184493634,101525.58172803649
2017-02-23,Islamabad,0.0,0.3768091041181346,284.5462955525272,101708.77421871448
2017-02-24,Islamabad,0.0,0.3657913267275462,285.0374867634694,101791.77609235032
2017-02-25,Islamabad,0.0,0.3556237925832366,285.9247178176328,101559.33549164997
2017-02-26,Islamabad,0.0,0.3459461888618925,286.09554611337205,101356.2463884373
2017-02-27,Islamabad,0.15049364494055553,0.3368449153949008,287.75860278366804,101551.62069710337
2017-02-28,Islamabad,0.0,0.33502514237692427,287.9681053151211,101679.73853543778
2017-03-01,Islamabad,1.2370589681365773,0.3745274373114741,285.33623503438855,101588.73690408854
2017-03-02,Islamabad,0.0,0.37448310299849735,285.62067208778603,101516.14779554708
2017-03-03,Islamabad,0.0,0.3566743432856617,285.6400718283054,101269.51780806633
2017-03-04,Islamabad,0.0,0.34140441826532475,285.76860987516545,101248.98625645149
2017-03-05,Islamabad,0.0,0.32759185140401376,286.3501575328824,101255.98496082207
2017-03-06,Islamabad,5.03382565244354,0.31677232436170466,287.2092322740325,101141.03834239005
2017-03-07,Islamabad,14.535552231775755,0.3174166672515949,285.3918908242523,101221.77595131246
2017-03-08,Islamabad,2.5467406521226867,0.3641740499923216,284.98446967871274,101082.12816216008
2017-03-09,Islamabad,0.6050252904779648,0.4221529045380791,283.94420326987154,101043.1169938839
2017-03-10,Islamabad,0.0,0.40206344679892175,283.4078397056264,100907.93437905003
2017-03-11,Islamabad,0.0,0.3893393983930999,282.8242433329778,101274.22738527977
2017-03-12,Islamabad,0.0,0.37660754860091666,283.8226015578876,101655.81646717693
2017-03-13,Islamabad,0.0,0.3612716395755244,284.8426570606691,101555.19423535476
2017-03-14,Islamabad,0.0,0.348668210985965,286.0560148056504,101772.26291153199
2017-03-15,Islamabad,0.04146711562113614,0.3449511419670983,286.20285821317685,101661.9621382754
2017-03-16,Islamabad,0.0,0.3387736493860711,286.85114091506523,101351.23391920276
2017-03-17,Islamabad,0.0,0.3310162979058208,287.32609459021535,101205.38705997626
2017-03-18,Islamabad,0.0,0.325727328939309,288.4339212206233,101154.85605048655
2017-03-19,Islamabad,0.0,0.31549582146666594,289.3012956833754,101389.93759982783
2017-03-20,Islamabad,1.3220961416549892,0.30157761458653265,291.19824767377645,101383.06455623888
2017-03-21,Islamabad,6.236493326242818,0.2999853034383245,289.84514168653806,101576.39034896383
2017-03-22,Islamabad,7.170297964344214,0.31217762370581764,291.01233673335673,101459.59228135944
2017-03-23,Islamabad,0.0,0.32388000901131014,291.8194232438663,101332.07481007857
2017-03-24,Islamabad,0.034386258534902465,0.30469402077144814,292.86641864540405,101300.58597444692
2017-03-25,Islamabad,0.0,0.29187950529896145,291.989062836357,101291.22295910826
2017-03-26,Islamabad,0.6057558069883529,0.2778013113812656,294.2828839983367,101343.16283188296
2017-03-27,Islamabad,0.0,0.2631821951780067,295.5942540135443,101251.7304774538
2017-03-28,Islamabad,0.5932622881531092,0.25360232858243104,295.6408252693514,101282.58521312693
2017-03-29,Islamabad,0.0,0.24215797349263327,295.52325146743203,101112.723286657
2017-03-30,Islamabad,5.322494239958044,0.2312935326442822,296.5914415982502,101027.50574844542
2017-03-31,Islamabad,4.3310791757800535,0.2331377511105933,295.81451495101777,101108.05472657854
2017-04-01,Islamabad,4.258665812052937,0.2313964872603228,295.08312458460256,100997.7094681489
2017-04-02,Islamabad,0.0,0.22286882322886517,295.0952684950823,100740.73671224875
2017-04-03,Islamabad,10.296204612468786,0.2148045882784364,296.4387616834673,100776.19259263734
2017-04-04,Islamabad,13.223695930769601,0.2698060513128172,292.5909289883235,100920.49511696547
2017-04-05,Islamabad,13.3316199180076,0.4077484127736982,291.01625045466545,100526.17544037904
2017-04-06,Islamabad,7.957776854337579,0.42730022804124174,288.48293424814534,100513.89870962831
2017-04-07,Islamabad,0.9081095156709298,0.43846018204897097,287.2661930046819,101273.58499428746
2017-04-08,Islamabad,0.0,0.4088956593415526,288.65536739381236,101553.21906298316
2017-04-09,Islamabad,0.0,0.3863215838000049,289.2811183550708,101473.95066873948
2017-04-10,Islamabad,0.0,0.36652433506317444,291.0229309354893,101159.02061248069
2017-04-11,Islamabad,0.0,0.3479076895084197,293.4326307806079,100979.40031007004
2017-04-12,Islamabad,0.0,0.3294451779493658,294.5802526851433,100855.3304682882
2017-04-13,Islamabad,0.001247565941782203,0.31323397838805395,295.89908858023404,100895.20532582932
2017-04-14,Islamabad,0.0,0.2971816677359314,296.2551022124949,100788.6873738831
2017-04-15,Islamabad,0.0,0.2810996959087761,296.98242402618456,100527.39434882456
2017-04-16,Islamabad,0.0,0.2657933759542606,298.0999530573497,100556.22055436025
2017-04-17,Islamabad,0.0,0.2516904716184666,299.58119913600507,100661.36093636318
2017-04-18,Islamabad,0.0,0.23880367224989077,300.87650150148545,100441.03227208012
2017-04-19,Islamabad,0.11994471284801198,0.22863536109222926,301.511537968517,100209.61724931507
2017-04-20,Islamabad,8.364579378417478,0.2235702395650559,301.65563009035804,100249.44027386203
2017-04-21,Islamabad,10.999361294591191,0.2177183835193801,300.2841248288136,100411.16336761344
2017-04-22,Islamabad,12.526443485109791,0.2745569148261772,296.35712079762004,100714.3511059922
2017-04-23,Islamabad,9.00752368542948,0.3634110705841269,294.2042255508873,100790.28624849377
2017-04-24,Islamabad,0.0,0.3875059764689115,293.0568211558822,100986.64673012539
2017-04-25,Islamabad,0.0,0.34960329260678724,294.87835548040897,100703.64336866503
2017-04-26,Islamabad,0.149197675094268,0.3271192360684677,295.52011343459736,100822.59322244045
2017-04-27,Islamabad,0.0,0.3071301501189703,296.1873340695158,100929.64386744861
2017-04-28,Islamabad,10.466673743507446,0.2861241646848583,297.2678726177732,100754.0106218879
2017-04-29,Islamabad,5.939440228431559,0.2707283658433313,296.0177026413895,100994.35493497337
2017-04-30,Islamabad,0.0,0.25710566026904647,295.1664811585742,100948.28768445046
2017-05-01,Islamabad,0.0,0.23997749518385397,296.29655092419847,101021.21873969745
2017-05-02,Islamabad,0.0,0.22884296196760662,296.874363319579,101160.55135446037
2017-05-03,Islamabad,25.514773865122514,0.22789467583230563,294.9973770935386,101122.33326843932
2017-05-04,Islamabad,2.9120230588227343,0.22058395582452972,296.7326158797319,101113.45884893251
2017-05-05,Islamabad,38.663215545963766,0.20869462335010158,298.855149211788,100839.66911392726
2017-05-06,Islamabad,10.221114106330285,0.1991532145787804,301.05432406154546,100837.3159893536
2017-05-07,Islamabad,3.930244170639873,0.19244987419331605,301.0439015789007,100787.87202364035
2017-05-08,Islamabad,8.797721776493487,0.1953233140333069,301.0398169491454,100607.77141465542
2017-05-09,Islamabad,0.5598593683621388,0.19456121973687612,301.3990916139861,100440.90872295771
2017-05-10,Islamabad,5.180842407457359,0.18813410198921787,301.3821284503865,100744.44115135171
2017-05-11,Islamabad,0.03836833858797893,0.1839159706370949,300.81339642272036,100930.63537071981
2017-05-12,Islamabad,13.345485705480657,0.18143956834293132,301.6068456480447,100854.40324450911
2017-05-13,Islamabad,9.388194712419029,0.19920286968120712,300.9092016995629,100621.517416571
2017-05-14,Islamabad,0.7093553725772509,0.22632907060061694,300.96504266504223,100377.6085898777
2017-05-15,Islamabad,9.34582288708326,0.24244279465224275,300.99391814528445,100285.56641566433
2017-05-16,Islamabad,3.40366217913447,0.2657706129265981,298.9707998987519,100388.88411168205
2017-05-17,Islamabad,0.0,0.2988558347370504,298.38762150279433,100445.15509611886
2017-05-18,Islamabad,0.0,0.2772962355583714,300.7238502665789,100392.31810101292
2017-05-19,Islamabad,15.885755675154838,0.2573861971292222,301.455153577258,100377.24951080835
2017-05-20,Islamabad,2.0442528544699132,0.2485567598578667,300.923061255726,100291.14992212722
2017-05-21,Islamabad,17.187496889489154,0.24462771248387769,299.3697686561604,100489.38362000362
2017-05-22,Islamabad,1.905344888374808,0.24599481112865973,298.7077996787651,100702.42164905532
2017-05-23,Islamabad,0.0,0.23337633618842565,301.37456132473267,100529.0074746487
2017-05-24,Islamabad,3.0152320248070974,0.2295929693061558,301.8412263815975,100372.6706639222
2017-05-25,Islamabad,0.0,0.22142671836580208,303.3280159571507,100168.51284403281
2017-05-26,Islamabad,0.0,0.20218013331901413,304.22690573847814,99975.12435165232
2017-05-27,Islamabad,0.0,0.18859809818938278,304.35763213358155,99895.07481469691
2017-05-28,Islamabad,0.26389781757968983,0.1817861284982776,303.39089473349503,99928.22041900667
2017-05-29,Islamabad,0.0,0.17714750808494484,303.37557964082976,99983.40235849323
2017-05-30,Islamabad,6.748198283189728,0.17476575061966415,303.152749488384,99823.36132821385
2017-05-31,Islamabad,0.0,0.252535735774983,297.81531931708435,100312.06194544074
2017-06-01,Islamabad,0.0,0.24049566444497691,300.5275430422157,100385.3527849461
2017-06-02,Islamabad,0.0,0.21699345830828587,303.0080041302672,100220.54582343348
2017-06-03,Islamabad,0.0,0.19905109728453982,305.6422564638785,99913.05472906535
2017-06-04,Islamabad,0.0,0.1859359940118954,308.4985043668212,99701.4879418
2017-06-05,Islamabad,2.1927602887505984,0.18214795553778013,307.5194229686678,99813.38798045226
2017-06-06,Islamabad,2.7135629469514306,0.18112568602819903,305.69605996108476,100155.74431869855
2017-06-07,Islamabad,0.0,0.18129978093487603,301.4544344307294,100558.56303679629
2017-06-08,Islamabad,3.1343516432123923,0.20947770518885672,301.04867028006885,100381.74919640423
2017-06-09,Islamabad,0.0,0.23704399671611373,301.3398960159147,100308.98481232385
2017-06-10,Islamabad,12.990023567224341,0.22381445304589945,301.37180893568564,100348.01772244897
2017-06-11,Islamabad,0.0,0.20654665884064466,301.9274004206693,100208.00621774244
2017-06-12,Islamabad,0.14988233478163304,0.19303630030160787,302.9993508586567,99958.3108437827
2017-06-13,Islamabad,0.0,0.18316631994524543,303.8125601144839,99961.72076538415
2017-06-14,Islamabad,0.0,0.19550116642228363,303.7372202004815,100147.8134552914
2017-06-15,Islamabad,0.0,0.1943880747605347,304.80484043777244,100028.30993112238
2017-06-16,Islamabad,0.0,0.18355540481319227,305.1024577498566,100034.08047503808
2017-06-17,Islamabad,5.128652917255153,0.18235198335443897,304.17181052041036,100065.62324537593
2017-06-18,Islamabad,0.0,0.198054895017496,304.3801465078069,99881.87752553608
2017-06-19,Islamabad,3.617351297965549,0.22584603187785737,303.12086819677984,99803.68063106784
2017-06-20,Islamabad,10.467860130641204,0.31063177703667305,300.0232458001148,99873.81240905373
2017-06-21,Islamabad,9.085146413559121,0.36674381488143604,297.391737538391,100208.60227195216
2017-06-22,Islamabad,0.0,0.3179053211071941,299.86959101438833,100172.3236561974
2017-06-23,Islamabad,0.0,0.2809715456315917,302.262035481036,100054.39020188656
2017-06-24,Islamabad,0.0,0.25111709208359306,304.03038609865376,99807.38569045295
2017-06-25,Islamabad,0.0,0.2346707049841886,304.571134533666,99878.61202381091
2017-06-26,Islamabad,1.219018629902485,0.29827460061948535,302.55530299969524,100104.58552930749
2017-06-27,Islamabad,32.718350673479684,0.28409537652081196,302.54369701299174,100086.06709953789
2017-06-28,Islamabad,6.916757901365049,0.35895687291366773,298.98826372548103,100228.83208649278
2017-06-29,Islamabad,0.0,0.33502157992856113,299.9581261985329,100122.56315332127
2017-06-30,Islamabad,0.0,0.3037173636744958,300.5746823592548,99863.60812875156
2017-07-01,Islamabad,0.0,0.2731043107422193,303.46645065657344,99657.1156058871
2017-07-02,Islamabad,0.0,0.2467527864101237,304.5777640351747,99717.70960812092
2017-07-03,Islamabad,0.0,0.23177024019425302,304.1245054987982,99719.26033164133
2017-07-04,Islamabad,17.681443149887045,0.2611128331032994,303.27901980688773,99607.68132346756
2017-07-05,Islamabad,0.0,0.28416866692615916,302.8256317255647,99738.74784322278
2017-07-06,Islamabad,0.0,0.2778204185200546,302.8998381726124,99947.63767635054
2017-07-07,Islamabad,0.0,0.26674408946123224,302.35066464326286,100184.46587844178
2017-07-08,Islamabad,0.0,0.25062246772054103,304.15814793698775,100072.69705824257
2017-07-09,Islamabad,0.0,0.2633362868190211,304.2857390399369,99939.4736220215
2017-07-10,Islamabad,20.792177702328832,0.3552406071015628,301.8821258083501,99960.92933899094
2017-07-11,Islamabad,13.907660463259498,0.4171055853073223,299.6678361798016,100045.22315272437
2017-07-12,Islamabad,12.566254467708527,0.4332033170098405,297.750534784441,100275.33462091023
2017-07-13,Islamabad,0.4481082154916203,0.40787496999426315,299.3184082389807,100327.44726429276
2017-07-14,Islamabad,7.400265318088341,0.3815966018335145,301.58159798815285,100193.40650933904
2017-07-15,Islamabad,0.16993687957420903,0.3707999950660636,301.9071250157653,100117.35942651257
2017-07-16,Islamabad,1.0947267040051292,0.4149646038858973,300.99246420154935,100094.67341575818
2017-07-17,Islamabad,13.290934672313801,0.4101776742437187,300.8096416373877,100125.22000086684
2017-07-18,Islamabad,22.02934037210682,0.41301722553509856,300.0362290025379,100248.22604772975
2017-07-19,Islamabad,0.0,0.38663878328176143,301.42057353521835,100034.38525526065
2017-07-20,Islamabad,3.82238176788251,0.3703108511681847,301.8162168409108,99872.18358042782
2017-07-21,Islamabad,10.626169657263793,0.39546327245599905,300.25872003077893,100013.67258480743
2017-07-22,Islamabad,10.609658434491742,0.4150166601954949,300.5539994315194,100094.96960226624
2017-07-23,Islamabad,0.0,0.4142901413206486,300.3232378774698,100024.44399164715
2017-07-24,Islamabad,0.0,0.39458573457751084,301.0384662517096,99870.38360828016
2017-07-25,Islamabad,0.718152241743493,0.42242176014912314,299.88624006415375,99941.45596742706
2017-07-26,Islamabad,0.0,0.42061164746904567,299.8873411903418,100131.26905395956
2017-07-27,Islamabad,25.075965462773492,0.4254070405606068,300.1317178992671,100284.04217066074
2017-07-28,Islamabad,16.304996400449507,0.42743149521861384,300.1543684682691,100345.01617955924
2017-07-29,Islamabad,18.815091765315586,0.4255087097624996,300.1808289905225,100389.86313328461
2017-07-30,Islamabad,13.565672652804125,0.41861271314326215,300.6338429361583,100166.98018756251
2017-07-31,Islamabad,43.23762141570274,0.4303592362533319,299.3362463735043,100157.90529506392
2017-08-01,Islamabad,27.67520378261627,0.4225784050116043,299.9127984791612,100149.23291204358
2017-08-02,Islamabad,30.664751689824683,0.43551701578428176,299.01507607481807,100085.31943003667
2017-08-03,Islamabad,11.645505900597877,0.4239964112432759,299.73632299881086,99762.053846602
2017-08-04,Islamabad,5.770785200303674,0.40916476676783303,301.4483101961459,99655.39103532412
2017-08-05,Islamabad,0.0,0.4065747256349319,301.6264700682657,99948.28620728363
2017-08-06,Islamabad,0.0,0.4136171003116775,301.24173303403813,100120.2691534321
2017-08-07,Islamabad,0.0,0.437159776047965,300.67808196352144,100211.17060210707
2017-08-08,Islamabad,0.0,0.4346157544819952,300.4320725863699,100254.96115776055
2017-08-09,Islamabad,1.0874604646725152,0.44152425397346434,300.2937679343392,100109.86686314859
2017-08-10,Islamabad,37.05249120890864,0.4169662300616269,300.44999606261007,99962.79182392794
2017-08-11,Islamabad,17.646065771365624,0.41814353472430504,300.6360368559653,99870.50500950676
2017-08-12,Islamabad,0.0,0.40269287641569623,301.11208098438476,99800.03422529387
2017-08-13,Islamabad,12.083148002971443,0.3948765441405127,300.5825570555366,100173.14150284491
2017-08-14,Islamabad,0.0,0.4350652602042234,298.1964688647948,100580.04817915572
2017-08-15,Islamabad,0.0,0.40354344933466646,299.80021381382534,100327.59471630442
2017-08-16,Islamabad,0.0,0.37956219318808465,300.2929617258295,100076.1787954447
2017-08-17,Islamabad,0.0,0.35916674989810726,301.13713013294836,99971.77448302717
2017-08-18,Islamabad,0.0,0.3446393279198972,301.6814177363378,100124.57349171251
2017-08-19,Islamabad,5.191360373022363,0.3510392299914207,300.6038773213904,100493.58156213054
2017-08-20,Islamabad,0.0,0.3763450338767737,299.93222629329193,100492.98959872792
2017-08-21,Islamabad,0.0,0.36721895377571256,300.2997036864903,100312.60782180777
2017-08-22,Islamabad,4.417808935460212,0.4003651604661007,299.4412977005177,100347.41577200618
2017-08-23,Islamabad,0.6152065908603651,0.4027885312809851,300.18919703338605,100370.50174361106
2017-08-24,Islamabad,23.297452084109946,0.4175835059359962,299.8062094875368,100306.4432928528
2017-08-25,Islamabad,38.01876292381131,0.42814862843943796,298.17336995090716,100296.674163223
2017-08-26,Islamabad,0.0,0.40202738596082555,298.7335443822677,100192.89888548158
2017-08-27,Islamabad,0.0,0.3765863113249516,299.6380999740628,100161.77443080406
2017-08-28,Islamabad,2.4629457938731285,0.36119345019293103,299.90497300266804,100383.69636619808
2017-08-29,Islamabad,0.0,0.3824678723748103,299.2207942056169,100539.76837790175
2017-08-30,Islamabad,0.0,0.37616271510657706,299.1835902607543,100594.97573794393
2017-08-31,Islamabad,0.0,0.3734412014700333,299.67980001272423,100443.70670956302
2017-09-01,Islamabad,18.86840111880493,0.3999707859169926,298.5708254961204,100340.97067266154
2017-09-02,Islamabad,0.0,0.4092620663248752,298.1726119488826,100370.67139078201
2017-09-03,Islamabad,0.0,0.39562358780743345,298.15220161394495,100491.00341581504
2017-09-04,Islamabad,1.0687970670604927,0.3877554746871265,298.8198760487439,100626.2807021907
2017-09-05,Islamabad,0.0,0.3732297480817382,299.34248777578057,100562.63925654242
2017-09-06,Islamabad,0.0,0.38647530983189404,298.4188127679458,100607.87613043407
2017-09-07,Islamabad,0.0,0.4013014136204488,298.2688064267869,100720.31112052944
2017-09-08,Islamabad,0.0,0.37253063280484555,299.6211419533343,100737.66345252037
2017-09-09,Islamabad,0.0,0.3484152521730119,300.27505407301123,100494.93959069902
2017-09-10,Islamabad,23.43812126120465,0.37002682254716046,298.5023430175851,100782.02284634902
2017-09-11,Islamabad,0.0,0.4005265123364622,297.68608505964085,100919.01575573526
2017-09-12,Islamabad,0.0,0.36994902693305387,298.790694918579,100852.11208953377
2017-09-13,Islamabad,35.84404423213973,0.351151363778772,298.47553065413916,100832.2504639682
2017-09-14,Islamabad,0.0,0.33910878412615836,297.97000423676155,100869.62017309632
2017-09-15,Islamabad,0.0,0.32190796369571967,297.97843569190553,100730.56674214735
2017-09-16,Islamabad,0.0,0.3028535289971697,298.1218154254069,100682.61742623404
2017-09-17,Islamabad,0.0,0.2856927344106371,297.99908274227226,100637.70800625821
2017-09-18,Islamabad,0.0,0.26989695898386795,298.53374231713286,100515.71225728703
2017-09-19,Islamabad,0.0,0.25640852768297984,298.9077646033658,100446.3466030848
2017-09-20,Islamabad,0.0,0.244804403169085,299.05817495535734,100398.61178578739
2017-09-21,Islamabad,0.0,0.23559028400907267,299.08834862071217,100402.76343234167
2017-09-22,Islamabad,0.0,0.22691220984066385,298.8998602348361,100509.33308263897
2017-09-23,Islamabad,0.0,0.21832451716221488,299.23732344417937,100687.16888123272
2017-09-24,Islamabad,0.0,0.21259319677273822,299.0306050287286,100807.59401004955
2017-09-25,Islamabad,0.0,0.2071666643227901,299.12028306389163,100613.62061255172
2017-09-26,Islamabad,0.0,0.20067449419971814,299.2111579805168,100669.05373718226
2017-09-27,Islamabad,0.0,0.19501757561413316,299.5253886135141,100697.9312026795
2017-09-28,Islamabad,0.0,0.19025928910222056,299.6140351861187,100618.70418651382
2017-09-29,Islamabad,0.0,0.1891337225252243,299.3762221913215,100628.95504162212
2017-09-30,Islamabad,0.0,0.18657810855377632,299.85892436981163,100805.07727344421
2017-10-01,Islamabad,0.0,0.18762949050668107,299.0728323634356,100748.00849139992
2017-10-02,Islamabad,4.527749054017005,0.1867593485081814,299.1299277427853,100734.35228012309
2017-10-03,Islamabad,0.0,0.18256762598263898,299.51372233180587,100808.32429282152
2017-10-04,Islamabad,0.3039601586600193,0.17926886410811715,299.63269052067045,100962.01313925305
2017-10-05,Islamabad,0.0,0.1767284686526405,299.2343152644532,101020.67098116846
2017-10-06,Islamabad,0.0,0.1746610895578702,298.75127695104516,101038.9640175953
2017-10-07,Islamabad,0.0,0.17333484566567853,298.9644659447489,100866.85471329183
2017-10-08,Islamabad,0.0,0.17612875629833444,297.8758348529699,100837.26853457096
2017-10-09,Islamabad,0.4665132116682722,0.1781785951175251,297.65483584654163,100902.92044827995
2017-10-10,Islamabad,0.0,0.17715905258481465,297.3790392508284,100834.12570661008
2017-10-11,Islamabad,0.0,0.1774339567631441,297.15586401977396,100905.08549839996
2017-10-12,Islamabad,0.0,0.17622019535446504,297.4541106695093,100785.49573120824
2017-10-13,Islamabad,0.0,0.17405897787561123,296.83250388592,100581.96279834647
2017-10-14,Islamabad,0.0,0.17246555532885902,296.7302340887875,100617.72540613203
2017-10-15,Islamabad,0.0,0.1711975803548422,296.420787262172,100707.52548876531
2017-10-16,Islamabad,0.013283130921042963,0.17006034258975936,296.06215971915117,100839.541158528
2017-10-17,Islamabad,0.0,0.16876211700224356,296.1433752742325,100911.16656423363
2017-10-18,Islamabad,0.0,0.16771335265571144,296.27906394862384,101009.00663268498
2017-10-19,Islamabad,0.7887499041980354,0.1668740736645498,296.0654318880356,101032.28725920549
2017-10-20,Islamabad,0.0,0.16616685488083346,295.8927171329083,101020.44355752072
2017-10-21,Islamabad,0.0,0.1655503977095485,295.54297797540005,100733.21673319483
2017-10-22,Islamabad,1.4750219719953437,0.16840122459913168,294.30804676712006,100783.34317838839
2017-10-23,Islamabad,0.0,0.17069034071339986,294.27214328532904,101114.93524801343
2017-10-24,Islamabad,0.0,0.1694996458116644,293.59984449676546,101286.34080206107
2017-10-25,Islamabad,0.0,0.16831507215959135,293.33071759094287,101423.12988942921
2017-10-26,Islamabad,0.0,0.16737529651194952,293.46787376011196,101533.58999953108
2017-10-27,Islamabad,4.676078783907986,0.16665234725540687,292.9318391942371,101467.65625888154
2017-10-28,Islamabad,0.03368792009789472,0.16606246483121234,292.7828958293738,101441.88337665124
2017-10-29,Islamabad,0.0,0.16556435376674497,292.9371000682559,101701.94367155884
2017-10-30,Islamabad,0.0,0.16517536768785268,292.4909334611348,101623.56559892402
2017-10-31,Islamabad,0.0,0.16485394430184389,292.31054757334635,101465.51580085323
2017-11-01,Islamabad,0.0,0.16459278140052794,292.21842037995566,101602.19005289093
2017-11-02,Islamabad,0.0,0.1643909062138413,292.3023903059651,101477.75925591723
2017-11-03,Islamabad,0.0,0.1642255986181174,292.4848017084061,101542.7782601405
2017-11-04,Islamabad,0.0,0.16408815473969046,292.4638135081819,101778.79089101792
2017-11-05,Islamabad,0.0,0.16397927703031723,292.41481345836775,101693.20158353137
2017-11-06,Islamabad,0.0,0.16386693774323016,292.31366364716985,101552.06327943817
2017-11-07,Islamabad,0.0,0.16384636874616162,292.72939544826767,101558.82496532673
2017-11-08,Islamabad,0.0,0.16423263947042493,292.1657725422302,101537.71486133532
2017-11-09,Islamabad,0.0,0.1646775814390203,291.95130497132163,101464.06252309188
2017-11-10,Islamabad,0.0,0.16462655236790305,291.6406257792394,101588.05816655108
2017-11-11,Islamabad,0.0,0.1643269621145784,290.92208441010007,101575.1717716197
2017-11-12,Islamabad,0.0,0.16412091919780727,290.18641960173323,101328.37026688475
2017-11-13,Islamabad,0.0,0.16397431742660196,290.54118796095855,101137.60231991213
2017-11-14,Islamabad,21.456048220156173,0.23562616314122642,287.8411432186467,101337.3001781979
2017-11-15,Islamabad,5.377028914787213,0.3440381312723379,285.93002149526893,101683.16048823952
2017-11-16,Islamabad,0.0,0.31680712378182446,286.70288058122185,101739.3755147703
2017-11-17,Islamabad,0.0,0.30597225922566673,286.26293595321135,101729.28748763699
2017-11-18,Islamabad,0.0,0.2983927586599297,285.637638529899,101788.08055674765
2017-11-19,Islamabad,0.0,0.28615446048632664,286.18355997313466,101787.19548515588
2017-11-20,Islamabad,0.0,0.27383337775018746,286.0875458675063,101797.16907307251
2017-11-21,Islamabad,0.0,0.26292635127365604,285.48176400500614,101575.29407058567
2017-11-22,Islamabad,0.0,0.25339737144901453,285.0808586879926,101527.21639463305
2017-11-23,Islamabad,0.0,0.24535412707657003,285.0414323500451,101431.97853702934
2017-11-24,Islamabad,0.0,0.2383371559314105,286.13314082135963,101599.78032170834
2017-11-25,Islamabad,0.0,0.23185208925306708,286.92472598289373,101596.51689220875
2017-11-26,Islamabad,0.0,0.22610366375711982,287.1231380265071,101802.56193229619
2017-11-27,Islamabad,0.0,0.2206194151971638,286.5220767423867,101415.51665240891
2017-11-28,Islamabad,0.0,0.21654747571539434,286.9916920031881,101447.42680315246
2017-11-29,Islamabad,0.0,0.21228765867822277,286.8231188780024,101738.15334682363
2017-11-30,Islamabad,0.0,0.2076594876431364,286.29672202337144,101659.24385224351
2017-12-01,Islamabad,0.0,0.20369764533878515,286.1661433135678,101594.91314735288
2017-12-02,Islamabad,0.0,0.20030956156424787,285.85072046806994,101740.24729221613
2017-12-03,Islamabad,0.0,0.1974070914172233,285.36195313770224,101741.19944096451
2017-12-04,Islamabad,0.0,0.1947876212939236,284.3867356056043,101586.855654728
2017-12-05,Islamabad,0.0,0.19241073357681815,283.46729326585717,101721.2894944949
2017-12-06,Islamabad,0.0,0.19019675409857278,284.7903426742224,101584.1600676129
2017-12-07,Islamabad,0.0,0.18794978774951102,286.36988625335556,101638.05677606747
2017-12-08,Islamabad,1.2388151174113964,0.18595292605682737,286.7890416411409,101529.3212820017
2017-12-09,Islamabad,1.6925403378647392,0.18465395777337484,285.5743943568679,101586.44745613259
2017-12-10,Islamabad,0.0,0.1835310739104333,286.13039061472165,101668.58694288295
2017-12-11,Islamabad,0.34684512243443905,0.326406410333739,284.4379985181897,101456.31726579912
2017-12-12,Islamabad,0.0,0.43255952886515764,282.5872046403699,101706.60679120156
2017-12-13,Islamabad,6.889198417190013,0.4151684895758394,281.00323433574124,102042.14441028434
2017-12-14,Islamabad,1.9987713351407337,0.3999091569277973,281.8672093111024,102138.36381573709
2017-12-15,Islamabad,0.0,0.3847895713568964,281.4930490074536,102321.0307540585
2017-12-16,Islamabad,0.0,0.3732326152193748,282.0053877776226,102341.41768507574
2017-12-17,Islamabad,0.0,0.36340681831813565,283.379569123918,102372.90719214677
2017-12-18,Islamabad,0.0,0.3548747018116725,284.40788553478546,102271.97898927401
2017-12-19,Islamabad,0.0,0.34825499250425773,285.5182181447339,102118.07215700457
2017-12-20,Islamabad,0.0,0.3419101241467088,286.47499705126376,102223.72504518898
2017-12-21,Islamabad,0.0,0.33620430940264306,285.370632537963,102269.87945921063
2017-12-22,Islamabad,0.0,0.3300852724184342,284.09982986288884,102011.16184390776
2017-12-23,Islamabad,0.0,0.32402397687031154,283.7194938041262,101495.73684298409
2017-12-24,Islamabad,0.0886014817188286,0.3188977982434021,283.5543238414455,101690.37320878425
2017-12-25,Islamabad,0.0,0.313506353716931,284.1531220413068,101838.25954758482
2017-12-26,Islamabad,30.843162442342155,0.3094001862708355,285.4280357442948,101773.62646828532
2017-12-27,Islamabad,0.0,0.30508102716626284,284.73133714447,101722.97551732813
2017-12-28,Islamabad,0.0,0.30015947857316233,283.6395567565163,101820.19681489017
2017-12-29,Islamabad,0.0,0.2948682544870096,284.37780763115154,101844.61248458175
2017-12-30,Islamabad,0.0,0.28939290150988517,283.58280366825846,101776.7221278023
2017-12-31,Islamabad,0.0,0.28500917576443274,283.21750299892244,101598.53890227823
2018-01-01,Islamabad,0.0,0.2808011645226195,282.4195479086738,101434.10143212
2018-01-02,Islamabad,0.0,0.2771569487162176,282.33209125566276,101546.10010629351
2018-01-03,Islamabad,0.0,0.2735857086473065,282.0030915565892,101578.1000625966
2018-01-04,Islamabad,0.5502194341438638,0.2858075133565899,282.2293259598389,101610.69921253294
2018-01-05,Islamabad,0.0,0.31680069934199157,281.62996065792777,101667.93075505322
2018-01-06,Islamabad,0.0,0.31032770982068414,281.1733670794904,101535.64997790291
2018-01-07,Islamabad,0.0,0.3016505577990931,281.12967459793003,101553.08500139264
2018-01-08,Islamabad,0.0,0.2938390332867959,281.48758821908206,101763.96350850911
2018-01-09,Islamabad,0.0,0.2866448128660519,282.4940733670297,101980.89253949055
2018-01-10,Islamabad,0.0,0.27952270171866106,283.7114290083879,101909.88800105728
2018-01-11,Islamabad,0.0,0.2733514293498171,284.19325213839716,101683.26570777534
2018-01-12,Islamabad,0.0,0.2676201577911023,283.37194258175106,101596.55864615068
2018-01-13,Islamabad,0.0,0.2623776497765063,283.2470673331587,101630.37138950313
2018-01-14,Islamabad,0.0,0.2574500110709429,283.4230881343281,101726.9635962582
2018-01-15,Islamabad,0.0,0.25235376182686714,283.1098199426335,101666.12149323872
2018-01-16,Islamabad,0.0,0.24764253093823618,283.8793195577301,101273.31776742477
2018-01-17,Islamabad,0.0,0.24853309607756263,284.17300999212836,101574.95546828819
2018-01-18,Islamabad,0.05935384941959733,0.24494418748365826,284.1562879439883,101738.47939817715
2018-01-19,Islamabad,0.0,0.23999491250074273,284.1561431552867,101739.80139886777
2018-01-20,Islamabad,0.0,0.2347725918284578,284.7001098709831,101427.33484827599
2018-01-21,Islamabad,0.0,0.23021733041129314,284.6462122596971,101379.36441825629
2018-01-22,Islamabad,0.0,0.22657201852920328,283.83556478754576,101285.40548121954
2018-01-23,Islamabad,0.0,0.22428910377711414,282.46357923828054,101279.19897379898
2018-01-24,Islamabad,0.0,0.22175356930976486,282.05330530828434,101551.46164837321
2018-01-25,Islamabad,0.0,0.21873719338828795,282.46931383507234,101318.91423195851
2018-01-26,Islamabad,0.0,0.21590220452063297,282.6427370574494,101431.6354090878
2018-01-27,Islamabad,0.0,0.21305092355411492,283.0020653529794,101439.47038134915
2018-01-28,Islamabad,0.0,0.20999798235455894,283.73773001968243,101553.55229056776
2018-01-29,Islamabad,0.0,0.21346081668697114,285.0751119621195,101753.90740423642
2018-01-30,Islamabad,0.0,0.24555841405187193,285.1362316955323,101785.69804053364
2018-01-31,Islamabad,21.80745031322899,0.24337097945560324,285.38061991255836,101588.53383557481
2018-02-01,Islamabad,0.0,0.242707874885048,284.79890240451033,101652.90697543879
2018-02-02,Islamabad,0.0,0.2361221916271933,284.759275249318,101348.71884591988
2018-02-03,Islamabad,0.0,0.2302798628129465,284.2939738437734,101734.5493611023
2018-02-04,Islamabad,0.0,0.22413581123749296,283.9165661867494,101663.74884647413
2018-02-05,Islamabad,0.0,0.2183414527053836,283.83195877375863,101868.4892114956
2018-02-06,Islamabad,0.0,0.21324184885447564,283.8754812038828,101895.79254865625
2018-02-07,Islamabad,0.0,0.20826121498191053,283.98684246163884,101462.96268750569
2018-02-08,Islamabad,0.0,0.20386270123491684,283.9224417336652,101410.33486284167
2018-02-09,Islamabad,0.27940678918764433,0.1998447044219562,284.9535385806215,101457.16750566998
2018-02-10,Islamabad,1.3454135133139105,0.19875694277099595,284.9721837246648,101847.01885217243
2018-02-11,Islamabad,13.719681467551778,0.2051631979009722,285.9255711275029,101701.44600703128
2018-02-12,Islamabad,26.32903637759634,0.40713036338421404,282.125985328388,101867.82864687544
2018-02-13,Islamabad,0.0,0.40373696685749844,283.0997896619884,102658.01534399016
2018-02-14,Islamabad,0.3859452982509582,0.3768440166671892,284.5674620437213,102363.58609736653
2018-02-15,Islamabad,0.0,0.3586854086586763,286.3564138124088,102037.87107651996
2018-02-16,Islamabad,0.4649835158313781,0.34442861372930206,286.99063775117764,101842.41447708722
2018-02-17,Islamabad,0.0,0.33134483225343125,285.9401669509992,101356.60486996098
2018-02-18,Islamabad,0.0,0.3194034588211726,285.51790449766827,101315.27822958825
2018-02-19,Islamabad,0.043948193867292984,0.3084934704076754,286.7356668542864,101497.79088107066
2018-02-20,Islamabad,0.06430491438493532,0.29926108608535257,288.4255970534283,101375.35311960005
2018-02-21,Islamabad,0.0,0.3021520494614259,287.88325898032554,101363.40139112312
2018-02-22,Islamabad,2.4241321289784903,0.29604129344005836,287.71666132517095,101254.0484768627
2018-02-23,Islamabad,6.315728416178769,0.28914684179836636,289.05778279556847,101304.82306149387
2018-02-24,Islamabad,2.599928552872064,0.3326581022256701,285.36196390995946,101759.3187625051
2018-02-25,Islamabad,1.4037139615823495,0.32340734360182744,287.5025211518857,101936.33130421257
2018-02-26,Islamabad,1.1414843320028014,0.30872787682704694,289.73759294144185,101425.00786330205
2018-02-27,Islamabad,0.0,0.2962648758807224,289.6940383351415,101401.8134037788
2018-02-28,Islamabad,0.0,0.28348907866321926,290.759296399138,101406.72784534014
2018-03-01,Islamabad,8.009654894157439,0.30541867722543153,289.1387094547956,101293.43338503536
2018-03-02,Islamabad,0.29838472948702727,0.43707458649091,287.68142980447436,101231.69794532422
2018-03-03,Islamabad,3.7957172079716424,0.4332939742244741,287.24410081092964,101135.88412305032
2018-03-04,Islamabad,0.008336402379953109,0.4044522049879745,287.82511867110196,101212.50939482346
2018-03-05,Islamabad,0.11611916853988988,0.3910326016431162,287.7932233334114,101560.31962010029
2018-03-06,Islamabad,0.0,0.3758614846716228,288.20717859409115,101491.02712189079
2018-03-07,Islamabad,0.0,0.35837286697819515,288.54065979590433,101340.4259594124
2018-03-08,Islamabad,9.377446444643553,0.3443859638896817,290.10257615471085,101547.88321465315
2018-03-09,Islamabad,0.04848682345366512,0.3343496308320866,289.8606479380473,101657.45473538888
2018-03-10,Islamabad,0.0,0.32059744166086157,289.9021842766828,101464.17035413637
2018-03-11,Islamabad,1.4472015383548105,0.3071505556240571,290.9054739630323,101275.1994267541
2018-03-12,Islamabad,0.5261056097341664,0.2993725191266987,291.94852171868956,101283.51291295304
2018-03-13,Islamabad,6.421724366478216,0.31899486888275913,290.87178301724856,101193.88005782192
2018-03-14,Islamabad,3.363982698346142,0.40574062816869716,288.53974948758326,101101.37410439207
2018-03-15,Islamabad,0.3121149570791985,0.39996273173241886,289.3188942507132,101183.73224344614
2018-03-16,Islamabad,0.0,0.37095237309138396,288.86959783939074,101268.57683860726
2018-03-17,Islamabad,0.0,0.3474806197431571,288.88539014517374,101279.73729274189
2018-03-18,Islamabad,0.0,0.3302511400789985,289.94641232547997,101397.88202844339
2018-03-19,Islamabad,0.0,0.31425664218652044,291.06534924559986,101603.59100313763
2018-03-20,Islamabad,3.2996456248498625,0.30354755838688574,291.18240077129883,101267.36317840258
2018-03-21,Islamabad,1.1640455551348248,0.31396926213887905,289.3664156986454,101219.58326808408
2018-03-22,Islamabad,0.0,0.31635449505917673,289.9334216308744,101241.6019625216
2018-03-23,Islamabad,4.538987630267165,0.3050701957285046,291.50251758851186,101250.70283333243
2018-03-24,Islamabad,2.317709253568407,0.28971810790664987,292.1231504264556,101542.4024405581
2018-03-25,Islamabad,0.0,0.2742729714638363,292.92913115101,101552.96750268577
2018-03-26,Islamabad,0.0,0.2586830489504249,293.7758509629694,101219.37065411702
2018-03-27,Islamabad,3.146949695221404,0.24534578641241256,294.4904575986545,100971.36335283467
2018-03-28,Islamabad,0.0,0.23314805139456019,294.2084797721908,101076.04428125429
2018-03-29,Islamabad,0.0,0.2206586700412162,295.6552054921405,100795.32751359935
2018-03-30,Islamabad,0.0,0.20870607637541247,296.38660386500806,100641.55099529354
2018-03-31,Islamabad,0.0,0.1991872595072554,297.0698093122999,100813.55636467763
2018-04-01,Islamabad,0.0,0.1922231170592774,297.324621714051,101047.5973640495
2018-04-02,Islamabad,3.463237181295722,0.19183388754935296,297.3998671098258,101125.23265305985
2018-04-03,Islamabad,0.916469745158737,0.19018260112822172,296.5460592228005,101144.03895983013
2018-04-04,Islamabad,1.9656077558425866,0.18755457443305065,297.0703487442206,100793.14276543527
2018-04-05,Islamabad,0.10776303397872473,0.1944533541455047,296.89930447884046,100637.37960166945
2018-04-06,Islamabad,0.18068701683930155,0.2099422353760958,296.62446724231063,100848.66275443646
2018-04-07,Islamabad,1.0701589506832834,0.20936112670357224,297.6122981086174,100944.27877597655
2018-04-08,Islamabad,22.415456599208255,0.21125421669614977,296.2914635240196,101237.06154364283
2018-04-09,Islamabad,0.8400843456895046,0.32103338249238594,293.51768256477663,101312.97459223376
2018-04-10,Islamabad,12.449978012531462,0.3965876523211688,293.3657390135433,101105.28444164661
2018-04-11,Islamabad,1.1946935980236824,0.4044347568229964,290.7177092231692,101161.46024581083
2018-04-12,Islamabad,0.0,0.35961293278674594,291.7969045936386,101125.53190651856
2018-04-13,Islamabad,2.099190294593512,0.3255925115718578,293.7200061088386,101112.20149294031
2018-04-14,Islamabad,0.0,0.3007021349723524,294.83808345042144,100942.7616187446
2018-04-15,Islamabad,11.858754598559354,0.28024246517998597,296.90249088402345,100954.28929306309
2018-04-16,Islamabad,19.270038610894378,0.3096620650675454,293.2198761301404,101335.71824020335
2018-04-17,Islamabad,2.5470252626074825,0.3152313839843014,293.83458503109773,101394.2538165471
2018-04-18,Islamabad,5.318046319653297,0.31141893111231783,294.4343363416544,101062.0219585569
2018-04-19,Islamabad,4.611591273985577,0.3154696808767978,294.52372575232283,100610.6868850467
2018-04-20,Islamabad,15.954138876422467,0.403425128149173,287.200285849618,100848.1231757452
2018-04-21,Islamabad,0.0,0.37873310644029995,290.6231389068193,101264.1620751813
2018-04-22,Islamabad,0.0,0.3481344694243648,293.14405703865884,101141.11281568307
2018-04-23,Islamabad,0.0,0.3217317720730391,294.7475293606031,100916.82876801873
2018-04-24,Islamabad,0.0,0.2984922477374425,296.8810681706533,100738.48860222645
2018-04-25,Islamabad,0.0,0.2862388788122397,297.61675504026107,100536.25577260298
2018-04-26,Islamabad,0.0,0.2707197027342447,297.7999647569629,100546.6899058138
2018-04-27,Islamabad,0.0,0.2519754670249679,298.4027659712957,100705.37668890117
2018-04-28,Islamabad,0.0,0.23866859757410383,298.40202559798615,100713.79539072805
2018-04-29,Islamabad,0.0,0.22462918019606623,298.90614710231006,100316.16742786826
2018-04-30,Islamabad,0.0,0.21004431005545002,299.7920048221489,100185.16370475422
2018-05-01,Islamabad,3.9073075268246997,0.20234685752722611,300.10037246126353,100483.86845968236
2018-05-02,Islamabad,9.565641524646333,0.2172020329656141,298.9456256342702,100608.7098994333
2018-05-03,Islamabad,2.1552554798356063,0.22610761260165263,297.83064955191145,100934.35575562163
2018-05-04,Islamabad,3.3036206767208975,0.21494794559390587,298.4458599742522,100917.75299625414
2018-05-05,Islamabad,7.5115220891811925,0.20869242868346424,298.1613083381279,100938.14580929413
2018-05-06,Islamabad,19.34095219259161,0.3016195527517716,296.0798842873162,101006.94892335216
2018-05-07,Islamabad,7.768672029717622,0.4103105242431999,293.93958010516036,100903.5341386107
2018-05-08,Islamabad,0.0,0.3700257401753094,295.1328815186819,100687.20873773644
2018-05-09,Islamabad,0.7392749871483854,0.340156786550906,296.17608444410234,100879.23399558337
2018-05-10,Islamabad,0.0,0.31181779609663873,298.2925032257642,100869.33086724396
2018-05-11,Islamabad,0.0,0.28586910253527137,300.73136207701185,100500.90482825367
2018-05-12,Islamabad,18.826335835817872,0.2785454123948905,298.82352858182537,100859.94450641744
2018-05-13,Islamabad,9.187518780967949,0.2773785697734981,297.10467884052827,100814.04633926944
2018-05-14,Islamabad,15.406821716455692,0.30191612735140166,296.6363065786477,100761.84756299455
2018-05-15,Islamabad,2.306735160140364,0.32516254590246557,296.9140911340231,100841.05790898838
2018-05-16,Islamabad,0.0,0.2964615013702283,298.02158150508075,100593.35716422342
2018-05-17,Islamabad,0.0,0.27183616513519154,298.8462941888164,100594.28410770315
2018-05-18,Islamabad,0.011270189061940468,0.26330288076690594,297.7751907584953,100555.08273022204
2018-05-19,Islamabad,0.0,0.2495016529635511,298.244979527974,100691.57737895618
2018-05-20,Islamabad,0.0,0.2306249146499578,298.703784929675,100804.76089934522
2018-05-21,Islamabad,0.0,0.21431896652691892,299.41478354572405,100792.30368495917
2018-05-22,Islamabad,0.0,0.20238901706436693,299.3880819180719,100791.63464208372
2018-05-23,Islamabad,0.0,0.19289661694441781,299.834145995425,100600.67604929287
2018-05-24,Islamabad,0.0,0.18514928872246358,300.54000455519736,100444.46477642845
2018-05-25,Islamabad,0.0,0.17898361818737643,302.14824319323446,100364.68900629805
2018-05-26,Islamabad,0.0,0.1772366374951962,302.32687624399284,100247.48557826215
2018-05-27,Islamabad,0.0,0.17572496400394005,302.696222656914,100246.01708369332
2018-05-28,Islamabad,0.0,0.17210144385391216,303.6261762752558,99896.40718823897
2018-05-29,Islamabad,0.0,0.17283476330133798,304.0965746322073,99823.67100639184
2018-05-30,Islamabad,0.0,0.171318679689763,304.1550549066001,99996.12945921056
2018-05-31,Islamabad,0.0,0.16918502172614913,304.7864276376924,100102.70973956678
2018-06-01,Islamabad,0.0,0.16877341457284428,304.8579754893807,100216.02935860126
2018-06-02,Islamabad,0.0,0.16686126904769993,305.0932933498372,100225.83913305443
2018-06-03,Islamabad,0.0,0.16513248609726414,306.00951150957167,99951.48633034537
2018-06-04,Islamabad,0.0,0.16401629398571393,307.3311233148709,99974.51992718612
2018-06-05,Islamabad,23.515429535534853,0.1815700088955922,305.5580790282658,100369.00376574507
2018-06-06,Islamabad,0.0,0.18529492344799234,304.63243434067545,100389.45960456834
2018-06-07,Islamabad,0.0,0.17732817837604115,305.73394502450094,99949.65569046716
2018-06-08,Islamabad,6.260637918255197,0.17232138144972295,307.20591247402126,99535.68217466804
2018-06-09,Islamabad,14.111754099542456,0.23759578117188004,301.98768033457003,99713.98490575692
2018-06-10,Islamabad,0.0,0.3217828679575904,301.15093094761255,99771.7400925378
2018-06-11,Islamabad,0.0,0.29315599492382854,303.02109663669324,99454.79399349453
2018-06-12,Islamabad,0.0,0.25117603607476097,304.1328834538432,99175.95075222538
2018-06-13,Islamabad,0.0,0.21884352787941772,305.71612009767176,99108.09740525957
2018-06-14,Islamabad,0.0,0.19690854289967435,307.3659032758022,99204.62830639519
2018-06-15,Islamabad,0.2937571169013764,0.21872522086033822,304.06218828962767,99626.56001567408
2018-06-16,Islamabad,2.954415986549968,0.2501482925760816,301.9974640157345,99902.86641232493
2018-06-17,Islamabad,0.0,0.2615599369534027,300.4394082149815,100090.34188737723
2018-06-18,Islamabad,0.0,0.25625588535284965,301.21684310989633,100109.36088591638
2018-06-19,Islamabad,0.0,0.2355697236274966,302.80913122183847,100034.10725232765
2018-06-20,Islamabad,0.0,0.22360458016682883,303.83329936305313,100211.43161264835
2018-06-21,Islamabad,0.0,0.2079034992670359,304.5068567298639,100113.71724654404
2018-06-22,Islamabad,0.0,0.20511188871070177,303.2973926683773,100147.91050422615
2018-06-23,Islamabad,0.0,0.2014465405176204,303.8254184360645,100066.8917966441
2018-06-24,Islamabad,0.0,0.19514616626441544,304.05720253633143,99893.9051323553
2018-06-25,Islamabad,0.0,0.18838324685659272,305.05328725168624,99536.94913899443
2018-06-26,Islamabad,0.0,0.18314917725441088,305.68099672103773,99550.02483722041
2018-06-27,Islamabad,0.0,0.191584104904238,302.5681609429167,100109.80050112831
2018-06-28,Islamabad,0.0,0.19593045739452636,301.3279318041705,100308.36274143397
2018-06-29,Islamabad,0.0,0.19562036974170277,299.4607235014274,100330.76053271793
2018-06-30,Islamabad,0.7980583283375504,0.20301668631628078,300.3093594079013,100223.57509783831
2018-07-01,Islamabad,0.0,0.19420118622320678,304.70846757221955,99792.29192766358
2018-07-02,Islamabad,25.1510768606937,0.21708172426114897,303.374403799442,99547.72307705424
2018-07-03,Islamabad,0.0,0.3259662242037859,298.74153229838026,99746.75547631699
2018-07-04,Islamabad,1.0545694636461609,0.36739105633527236,298.225274440925,99906.71764478934
2018-07-05,Islamabad,0.0,0.3370694106152021,300.2505901454566,100076.92695449271
2018-07-06,Islamabad,0.0,0.29646713642278055,301.91442284098287,99930.82962525863
2018-07-07,Islamabad,0.0,0.25923027578170044,303.81360212671296,99805.49315167284
2018-07-08,Islamabad,0.0,0.22961942251119669,305.5089202397063,99644.98096486917
2018-07-09,Islamabad,0.0,0.20826491761995045,306.5890324295545,99679.36215063834
2018-07-10,Islamabad,0.375703329842877,0.2138047679381706,304.9177404549138,99752.88335498043
2018-07-11,Islamabad,3.597102901152919,0.26306015582924014,302.3214738973121,99721.92834142374
2018-07-12,Islamabad,20.199424306517283,0.3604071798991419,301.3879480508954,99696.54170953455
2018-07-13,Islamabad,12.557893255723895,0.4109359683851418,299.6986582140544,99882.88251088512
2018-07-14,Islamabad,2.5934780373763466,0.37104957091044516,301.79178109483496,99768.0671009589
2018-07-15,Islamabad,34.98918879945545,0.3497097697739439,301.70370089702203,99837.09403491768
2018-07-16,Islamabad,44.59739864674269,0.3805050604098359,300.5595429597277,99877.32866676988
2018-07-17,Islamabad,6.018178844152675,0.38777284938912926,300.29935381046903,99972.74199601544
2018-07-18,Islamabad,0.0,0.39372302520494307,300.6567620127687,100012.58871455934
2018-07-19,Islamabad,2.922756102263892,0.388296906356461,301.2680308013682,99959.57115233221
2018-07-20,Islamabad,0.0,0.3909553624510577,301.33922197114265,99877.16068256619
2018-07-21,Islamabad,1.528434258908932,0.3646398456161736,302.3710192392594,99845.3078112921
2018-07-22,Islamabad,25.974915505626466,0.39451087615251196,299.98239235343647,99925.18517554054
2018-07-23,Islamabad,27.666628421700004,0.4113063783055697,299.8396340379244,100006.47053695268
2018-07-24,Islamabad,0.0,0.4090813537658254,300.26377279783384,100017.58323611078
2018-07-25,Islamabad,29.671477606241126,0.4050361864646997,301.09433451185,99747.91982693209
2018-07-26,Islamabad,35.75890912346568,0.43088488379093287,299.5036503249999,99900.05719882564
2018-07-27,Islamabad,25.572088219113258,0.4369643960753589,297.55886222155647,99919.8836061485
2018-07-28,Islamabad,0.0,0.4077255382650307,299.5937055708588,99940.5204199303
2018-07-29,Islamabad,17.563892112802368,0.38912123157012707,299.91015485648745,99976.62992886297
2018-07-30,Islamabad,0.0,0.36395769927471033,300.75621771895214,99818.94605179394
2018-07-31,Islamabad,0.0,0.3434991689246055,301.5219560079959,99713.52107218579
2018-08-01,Islamabad,0.0,0.3363498345842075,301.2885481674087,99796.37704096285
2018-08-02,Islamabad,3.494285081658107,0.3296623606113218,301.2537181101927,99965.74098281685
2018-08-03,Islamabad,0.0,0.309430724809471,302.5154796470127,99886.66345678344
2018-08-04,Islamabad,0.0,0.29318701945719694,303.00887798892586,99846.01696681314
2018-08-05,Islamabad,0.0,0.28102499195551206,303.6099874232415,99740.7652171627
2018-08-06,Islamabad,9.760762005807225,0.3174416762051851,300.72044310885553,99818.30665172683
2018-08-07,Islamabad,47.378476116993454,0.4421421792767264,297.2310276400112,100159.91003706059
2018-08-08,Islamabad,28.704149592541278,0.43336134512145896,298.32259516296585,100345.1178568079
2018-08-09,Islamabad,0.0,0.4137469643780225,300.41901682973287,100453.80292683658
2018-08-10,Islamabad,0.0,0.40065389094883874,301.1756593785664,100182.84729939236
2018-08-11,Islamabad,4.879955517340963,0.39652017980184706,301.3923679316709,99697.13396496006
2018-08-12,Islamabad,12.98464087525774,0.4018381952077576,300.2579410072708,99485.86529077236
2018-08-13,Islamabad,25.158784641650783,0.41826993839828897,298.6436243189231,99841.33278208981
2018-08-14,Islamabad,6.1823969263750955,0.4194293289944353,298.19087977401614,100017.45400568697
2018-08-15,Islamabad,0.0,0.40171150748271767,300.3224381858287,100163.33165378735
2018-08-16,Islamabad,4.41622765174499,0.3856227746622091,300.6911952099242,100322.96173363537
2018-08-17,Islamabad,7.964978597666232,0.3753633874844588,301.1864380301851,100042.91589954414
2018-08-18,Islamabad,4.98711357613897,0.40182628758511324,299.80125026481164,100059.7058874938
2018-08-19,Islamabad,1.6784757287737229,0.3760736384879009,300.913361855936,99955.34877549337
2018-08-20,Islamabad,5.780449582969805,0.35686663818914455,301.8629954831891,100063.21986338159
2018-08-21,Islamabad,32.65178718981479,0.3631012096806603,300.1503183813189,100166.9747240348
2018-08-22,Islamabad,1.2382320831473683,0.3567526782353864,301.31626115111203,100002.3411615832
2018-08-23,Islamabad,2.6637513167340656,0.3629822148966374,301.0511246041512,100003.03777681779
2018-08-24,Islamabad,34.70833780996353,0.3863051836605517,300.7550924626482,99939.34897728049
2018-08-25,Islamabad,8.384333274920756,0.40462574202705087,299.8142172192248,99922.95336977344
2018-08-26,Islamabad,0.5285262250568514,0.4027241629120791,299.180376454344,100029.19678895631
2018-08-27,Islamabad,0.0,0.36996521217668027,300.17611578518273,100193.6828379366
2018-08-28,Islamabad,0.0,0.3432322359561392,301.0707858604886,100257.95223898414
2018-08-29,Islamabad,0.0,0.3206846510305297,301.4254366405023,100249.6368723995
2018-08-30,Islamabad,0.0,0.30284936655780725,301.6434149512645,100000.49997832923
2018-08-31,Islamabad,0.0,0.29240960999515814,302.2418694525571,100080.22689750924
2018-09-01,Islamabad,0.0,0.3175064171507791,301.34754644225086,100273.33400027281
2018-09-02,Islamabad,0.0,0.3148382525235655,300.62169401519145,100305.31645154553
2018-09-03,Islamabad,0.08316942757655121,0.2970635429721046,300.2325696258122,100384.56133332953
2018-09-04,Islamabad,0.0,0.2790840245141753,300.6511167118282,100370.23729309718
2018-09-05,Islamabad,0.0,0.26153220067600946,301.2526347060149,100256.00428122583
2018-09-06,Islamabad,0.0,0.24497351329052316,302.0404516468758,100240.25013286683
2018-09-07,Islamabad,0.0,0.23659013022472697,301.85441704690317,100511.68129753371
2018-09-08,Islamabad,0.0,0.23014692940508963,301.32670531209914,100589.99802724691
2018-09-09,Islamabad,0.0,0.22325200645547744,301.3838630046183,100716.3126094198
2018-09-10,Islamabad,7.855581148786024,0.245545200603879,301.4491517484128,100765.04335189678
2018-09-11,Islamabad,0.0,0.2538262034294439,301.0821150763143,100631.27056700755
2018-09-12,Islamabad,0.0,0.23869463564539248,301.9930045040687,100247.82577069881
2018-09-13,Islamabad,12.91336125474494,0.26476496082300294,299.6266465648709,100352.70382059709
2018-09-14,Islamabad,62.256991599386836,0.40144898660052164,297.14768500558847,100788.22294027952
2018-09-15,Islamabad,0.0,0.42834749962358254,293.3447033872298,101088.10595136933
2018-09-16,Islamabad,0.0,0.39328271241568424,296.0706447088263,100778.78928311585
2018-09-17,Islamabad,0.0,0.36936617859598164,297.03764761419586,100644.71298272593
2018-09-18,Islamabad,0.0,0.3494401724788496,297.2386375918617,100650.92591358398
2018-09-19,Islamabad,0.0,0.3318889736108287,297.8198580840544,100626.09204120432
2018-09-20,Islamabad,0.0,0.3153770165415017,299.13669436156425,100704.74609463813
2018-09-21,Islamabad,0.0,0.30823151051547293,298.6427844502624,101025.88219861251
2018-09-22,Islamabad,0.0,0.2973832517883552,298.2863234459143,101114.48679928722
2018-09-23,Islamabad,0.0,0.28538600142246817,297.20997667734,101066.15610540958
2018-09-24,Islamabad,0.0,0.27464862960698183,297.5515234811628,100901.31077557296
2018-09-25,Islamabad,0.0,0.2653386841391597,297.29995004392765,100881.07761271656
2018-09-26,Islamabad,0.34657446007075693,0.254761115862808,298.0339921500541,100804.93533824923
2018-09-27,Islamabad,0.0,0.24601945750878465,297.68803025968845,100872.46400089806
2018-09-28,Islamabad,0.0,0.2409006219702888,297.82968677359264,100978.12238245193
2018-09-29,Islamabad,0.0,0.2395583185397114,296.8985046783494,101187.850374514
2018-09-30,Islamabad,0.0,0.2367636443662526,296.92787742027866,101009.83128538381
2018-10-01,Islamabad,0.0,0.2296202925024819,297.04084237068236,101007.34860745593
2018-10-02,Islamabad,3.9142250154750333,0.22536131272928828,297.08780907190356,101058.34764612505
2018-10-03,Islamabad,0.0,0.23266138080800866,295.95149385555953,101089.58564263504
2018-10-04,Islamabad,0.0,0.23792664534528152,295.55066951009684,101333.49332006562
2018-10-05,Islamabad,0.0,0.23478343775065194,295.2488884937334,101407.41739731595
2018-10-06,Islamabad,0.0,0.22588226892879726,294.9019598289347,101247.00823667919
2018-10-07,Islamabad,0.0,0.21593756733036365,295.4581409717613,101136.36861422003
2018-10-08,Islamabad,35.38870158604658,0.21991330625079483,295.1306832640969,101036.49280458479
2018-10-09,Islamabad,0.0,0.2533573423959822,293.9342199019423,101169.62375908038
2018-10-10,Islamabad,0.0,0.23994581541047197,294.31393300638246,101094.95197893455
2018-10-11,Islamabad,0.0,0.2331550814630467,293.2857241937374,101344.95871642094
2018-10-12,Islamabad,0.7211199467560859,0.22466140343934649,293.44892171175405,101456.60882079598
2018-10-13,Islamabad,0.0,0.21503297235284405,293.4021951634274,101409.47830575578
2018-10-14,Islamabad,0.0,0.21038336947043293,293.37629472113446,101311.06963217903
2018-10-15,Islamabad,15.316705060804212,0.21585097876764972,293.46306119507153,101376.31914405328
2018-10-16,Islamabad,1.5337716670008348,0.41376320880256534,290.3109462838301,101435.46192583049
2018-10-17,Islamabad,0.0,0.38946705943751425,291.4769160902235,101309.462856609
2018-10-18,Islamabad,0.0,0.36178993205553794,291.56662573429946,101290.2967449752
2018-10-19,Islamabad,0.0,0.343569384350786,291.1654008339436,101459.31356897423
2018-10-20,Islamabad,0.0,0.3273954550056596,291.05645128931593,101617.955540761
2018-10-21,Islamabad,0.0,0.31330866470557783,291.10001476786783,101649.1106347483
2018-10-22,Islamabad,0.0,0.3011968875559067,290.9870944204478,101419.37157672456
2018-10-23,Islamabad,0.0,0.2908149807012227,290.8849490437779,101467.15649868129
2018-10-24,Islamabad,0.0,0.28087674812345936,291.0946326103799,101504.5902673963
2018-10-25,Islamabad,0.0,0.27258109948089165,291.09699998928187,101663.37144208145
2018-10-26,Islamabad,0.0,0.2646297511904396,291.36655767641236,101789.9903131537
2018-10-27,Islamabad,0.0,0.25622377451572753,291.49621610196397,101800.38940184341
2018-10-28,Islamabad,0.0,0.24864164185918247,291.4877281121892,101745.67056729172
2018-10-29,Islamabad,0.0,0.24191008180358628,291.9560104069906,101641.96515584498
2018-10-30,Islamabad,0.0,0.2360437672266831,292.76311618006457,101637.58983255936
2018-10-31,Islamabad,0.0,0.2377332708454085,292.51203419562177,101721.47087373814
2018-11-01,Islamabad,13.20631247722275,0.39377056598453736,289.23195331232876,101644.48344386628
2018-11-02,Islamabad,0.0,0.4205953205612794,288.7497364798362,101581.72687441732
2018-11-03,Islamabad,0.0,0.4384255989702307,286.61841536690685,101601.87954624904
2018-11-04,Islamabad,0.0,0.409841079119816,287.26458514577837,101737.08712370975
2018-11-05,Islamabad,0.0,0.39269524536507505,286.91533018089086,101696.59161382786
2018-11-06,Islamabad,0.0,0.3789143486208558,286.6047663132196,101628.61828986862
2018-11-07,Islamabad,0.02898266786963275,0.3680794744373188,287.1219682738148,101576.12823214609
2018-11-08,Islamabad,0.0,0.3594880139264143,287.892788253655,101633.28174487574
2018-11-09,Islamabad,0.006490638271142883,0.3521139515161265,288.15649186281024,101473.5862135362
2018-11-10,Islamabad,0.7534448583781662,0.3455306175411991,288.59586427478223,101585.23032504774
2018-11-11,Islamabad,0.33849202077963697,0.3408586157079647,288.9567833650183,101668.42018077006
2018-11-12,Islamabad,0.303605283506299,0.337574696534689,288.3211374629047,101479.36598814573
2018-11-13,Islamabad,0.0,0.34255016076476796,287.79191141046294,101295.46817874357
2018-11-14,Islamabad,0.0,0.3550907153397192,286.2648931740973,101495.43305180245
2018-11-15,Islamabad,1.9069380046595907,0.34808566722679335,286.4752445448186,101877.22542567132
2018-11-16,Islamabad,0.0,0.3365227646647219,285.8847637763119,101498.60583058128
2018-11-17,Islamabad,0.0,0.3271955677137881,286.3899066122128,101288.99886885541
2018-11-18,Islamabad,0.0,0.3235905202784909,287.68258184648914,101472.95319995971
2018-11-19,Islamabad,0.0,0.31659499410627234,288.32827912338536,101814.16691167695
2018-11-20,Islamabad,0.0,0.3090204536935608,288.0311534743917,101847.47143895512
2018-11-21,Islamabad,0.3309709688178579,0.3016248764901487,287.5333278924822,101709.61585137104
2018-11-22,Islamabad,2.5440917596404606,0.300153991718647,285.77805072882234,101935.11759214001
2018-11-23,Islamabad,0.0,0.2967675218455955,286.688320976447,102092.02881931815
2018-11-24,Islamabad,0.0,0.2899793154755364,287.3555393982245,101736.78042153607
2018-11-25,Islamabad,0.9356203759970416,0.2841075163570019,288.1139684607185,101713.98859121342
2018-11-26,Islamabad,0.0,0.27897757576657994,287.8609647563367,101652.72131390401
2018-11-27,Islamabad,0.6295986874660482,0.2752308500249819,288.0759927940362,101887.99801694442
2018-11-28,Islamabad,0.0,0.2717891420079287,287.9903833700856,102024.71224058987
2018-11-29,Islamabad,0.0,0.26783774630636314,286.8915777288385,102026.20237753511
2018-11-30,Islamabad,0.0,0.26338825769646906,286.5330379604273,101845.3681506071
2018-12-01,Islamabad,0.0,0.2591746790250477,285.93442626001837,101493.58779834649
2018-12-02,Islamabad,0.0,0.2554920687963212,285.49722485457517,101596.90308926096
2018-12-03,Islamabad,0.0,0.2520337129010368,285.0599216737684,101677.11200889004
2018-12-04,Islamabad,0.0,0.24889683289422587,284.9269365357185,101802.04579146016
2018-12-05,Islamabad,0.064190112705863,0.24600077862936384,284.6428710598144,101498.64629990679
2018-12-06,Islamabad,0.0,0.243231779577885,283.98158920813916,101593.27181716383
2018-12-07,Islamabad,0.0,0.24034120609621773,284.10966167453137,101588.13248424069
2018-12-08,Islamabad,0.0,0.23785131795415765,284.88908400781406,101675.87218848057
2018-12-09,Islamabad,11.1809011489447,0.2438606530038989,285.1763972633868,101527.10999954524
2018-12-10,Islamabad,11.13484431425463,0.3870935673520196,283.4904478287149,101748.05194170341
2018-12-11,Islamabad,2.262228797594547,0.38439264581247284,282.7546596506862,101851.50439597452
2018-12-12,Islamabad,0.0,0.3713864512996682,282.18725122010545,102045.45950651684
2018-12-13,Islamabad,0.0,0.3537246403195366,281.5382530508221,102313.88021804375
2018-12-14,Islamabad,0.0,0.34050768790263064,281.21555629217517,102490.1290368077
2018-12-15,Islamabad,0.0,0.32990138892444565,280.8675513506972,102404.32929948617
2018-12-16,Islamabad,0.0,0.32112013339063966,281.70291396064687,102328.39827052831
2018-12-17,Islamabad,0.0,0.31357101434763124,282.0865181440429,102138.55135659192
2018-12-18,Islamabad,0.03223219340562355,0.3066735754718058,283.53615706317476,101869.37412783926
2018-12-19,Islamabad,0.0,0.30058593866222405,283.17295537051245,101810.25289678162
2018-12-20,Islamabad,0.0,0.2952718327529087,282.65125609274673,101900.148891521
2018-12-21,Islamabad,0.0154788657021045,0.28990804956639193,282.28952435929773,101737.47698525815
2018-12-22,Islamabad,0.7034772517213196,0.28516380393669344,281.9122481396797,101753.30619415328
2018-12-23,Islamabad,0.3543119916681281,0.28114337688986846,281.62999058722403,101977.44398098935
2018-12-24,Islamabad,0.0,0.27711351345013047,281.42512965919707,101850.98306480494
2018-12-25,Islamabad,0.031370153212232486,0.27313268228209153,281.14551377031535,101675.01073841286
2018-12-26,Islamabad,1.1835776246600676,0.2701404841793687,280.0561770693174,101560.13942884305
2018-12-27,Islamabad,0.0,0.26711728348676417,279.6397580439701,101859.15218548215
2018-12-28,Islamabad,0.0,0.2635773098499679,280.52005631044085,101752.28040448361
2018-12-29,Islamabad,0.0,0.260226914171918,281.9225892171368,101957.96016836428
2018-12-30,Islamabad,0.0,0.25713897603195585,282.15503065479817,102210.38330879682
