Date,Location,precipitation_mm,soil_moisture,temp_2m,sea_level_pressure
2019-01-01,Swat,4.693729689872338,0.2805415667487426,278.41393434276955,102091.51321288521
2019-01-02,Swat,0.0,0.3418259347995527,275.40655888569125,102453.24185364327
2019-01-03,Swat,0.0,0.33131032416784656,274.72237970503085,102369.62142216884
2019-01-04,Swat,8.909264067948355,0.3415223019274385,274.8705372446098,102237.76467097916
2019-01-05,Swat,0.0,0.37605181680682775,272.57693096803735,102336.76515405973
2019-01-06,Swat,0.0,0.3565812483089809,270.8344605603001,102172.59240799714
2019-01-07,Swat,0.0,0.34919777183257306,271.87637239057847,102233.74956952714
2019-01-08,Swat,0.0,0.34798715437409383,274.410679972631,102011.02607673842
2019-01-09,Swat,0.0,0.3450020754255108,272.21090100152617,101896.89022639523
2019-01-10,Swat,5.628564158008971,0.3450265596630935,273.6973409440808,101961.9985209135
2019-01-11,Swat,0.20017731652455403,0.3723469868731526,275.18770614606785,102224.67928029594
2019-01-12,Swat,2.5825363346154053,0.39284574435042185,273.2067596543156,102137.91405213009
2019-01-13,Swat,0.0,0.3764985396867764,270.69847986480914,102572.26910343285
2019-01-14,Swat,0.021099502616024505,0.367415740783857,273.6404064533354,102225.59059985957
2019-01-15,Swat,11.616179607975738,0.36513178497277904,276.1296601526254,101830.75834616486
2019-01-16,Swat,4.046089521767022,0.36456638035137195,274.65259203295955,101960.13137641024
2019-01-17,Swat,0.0,0.36182887872147584,272.40681738522414,101958.06290872152
2019-01-18,Swat,6.737396154048936,0.3581315919402957,274.9209326798901,102007.44734244996
2019-01-19,Swat,6.312447340183003,0.3767138649950176,276.98601661269265,102072.66909640163
2019-01-20,Swat,11.760037491832446,0.4105751373674017,277.68886253721,101898.24122133876
2019-01-21,Swat,18.266057565199972,0.4132817969926873,276.37153973138317,101524.06398844447
2019-01-22,Swat,2.436216599341753,0.41737476717597655,275.4074605755722,101658.8195357772
2019-01-23,Swat,2.364919241370284,0.40975839185777996,273.0626300925096,102202.62323966462
2019-01-24,Swat,0.0,0.39920568391573735,272.1521417480775,102318.16130489409
2019-01-25,Swat,0.0014615086415589779,0.3931458331894179,271.8854280850502,102227.45170180926
2019-01-26,Swat,0.0,0.39000224008152296,271.2426237987903,102584.48109435185
2019-01-27,Swat,0.0,0.38546892654135906,271.17841016918055,102511.78637824138
2019-01-28,Swat,0.0,0.38187455989474545,272.5458203130004,102461.30358551984
2019-01-29,Swat,6.011792800252736,0.38042823105437173,273.6427876949795,102122.16489486536
2019-01-30,Swat,2.0485342351553357,0.385067087166237,275.66953449135457,102179.14498815314
2019-01-31,Swat,5.604953263105339,0.4088008932730943,275.07106558754566,102206.59747781367
2019-02-01,Swat,0.1614269389513106,0.3966322313314253,275.65742963931876,102294.35178911779
2019-02-02,Swat,0.0,0.38952700064451823,276.2503150278738,102146.40428833885
2019-02-03,Swat,0.0,0.38394565558193505,277.8918954570406,102229.0616228673
2019-02-04,Swat,17.352909639363396,0.37957150908828735,278.69578094342074,102207.41262135174
2019-02-05,Swat,8.803429614537011,0.3939301763928067,277.8420987453852,101952.9875241287
2019-02-06,Swat,9.535465977500584,0.41295411477749705,275.23752529203506,101487.07582695285
2019-02-07,Swat,2.1291775844332466,0.40259807889690263,276.29275327779226,101083.59385470953
2019-02-08,Swat,3.6586222696707216,0.40760217058794496,273.23891218148515,102163.60419693294
2019-02-09,Swat,0.0,0.39549074993507927,275.786392644688,102021.43104897773
2019-02-10,Swat,0.9725358815565052,0.3888238561089472,277.5196405417127,102061.50273307234
2019-02-11,Swat,0.0,0.385149333602755,279.2627562205779,102253.4722542308
2019-02-12,Swat,19.070541103041574,0.3981967722749406,278.7003811462628,102529.30918293119
2019-02-13,Swat,13.702147966822242,0.42339729471603993,278.52762965222985,102307.89424835694
2019-02-14,Swat,7.1048682058087875,0.4219597813966471,277.321195536758,101882.46196866191
2019-02-15,Swat,0.0,0.40760938293327914,276.7760248865187,101909.32621569364
2019-02-16,Swat,3.6926549055402726,0.39456056130109,277.38262330036827,101931.76234156976
2019-02-17,Swat,4.13761285615726,0.39165424393152887,277.70153455421297,101472.3108400745
2019-02-18,Swat,3.7979145739779274,0.41538232198230235,274.4633360935418,101299.81623211334
2019-02-19,Swat,6.8058039787082745,0.40482137514711863,276.3421542073506,101839.64974308207
2019-02-20,Swat,15.84857406673019,0.4171563922958198,276.7124675217143,102073.57102143968
2019-02-21,Swat,0.0,0.4178203078196299,276.5374506382569,101890.20313461091
2019-02-22,Swat,0.0,0.4028174721329032,276.64321440217407,101977.47205973396
2019-02-23,Swat,0.14712534570142857,0.392827908241777,277.9905646883998,101606.48535102497
2019-02-24,Swat,8.518903234792342,0.3910321129624316,277.56994681219544,101270.94899959327
2019-02-25,Swat,6.148181892876222,0.3976805481112143,276.2465442309127,101401.82841687159
2019-02-26,Swat,3.18008000126908,0.41613278046324437,274.3766733500298,101585.53364542188
2019-02-27,Swat,0.0,0.4075621969719128,275.3752326924782,101402.46131511212
2019-02-28,Swat,2.3130273613482366,0.3971929845225692,276.9914784863745,101712.74068514474
2019-03-01,Swat,17.415177850826073,0.4002891046621877,276.56767138310755,101965.5608355219
2019-03-02,Swat,20.24472130450623,0.42188131083818675,275.74506765923365,101996.31776583077
2019-03-03,Swat,0.0,0.4155285522705626,276.92406311314255,101622.77162101593
2019-03-04,Swat,0.0,0.40525938305318676,277.7179629205363,101171.01503645099
2019-03-05,Swat,0.6290670128329292,0.3956641954312926,278.25302182519846,101266.3004384145
2019-03-06,Swat,5.80224433466717,0.38889239421943567,278.83673508932134,101300.1845408155
2019-03-07,Swat,0.08300133494607731,0.40422364095918173,276.81666072701074,101678.13254237948
2019-03-08,Swat,0.0312183365168385,0.39127373838681384,278.48689335579934,101750.29630213219
2019-03-09,Swat,0.0,0.3803906111872777,277.96926784166493,101695.62445141264
2019-03-10,Swat,4.4901975929156235,0.37244796633549293,279.84510163428166,101492.18549003075
2019-03-11,Swat,16.769332386258768,0.4200228053723023,275.97286149785396,101900.99381429274
2019-03-12,Swat,0.0,0.4141967312423387,278.0815673164822,102042.51093962442
2019-03-13,Swat,7.083465762420709,0.40245279743570367,278.87917820586335,101868.29073557735
2019-03-14,Swat,5.855218430621945,0.3994748904695344,278.07784468991787,102075.90201710151
2019-03-15,Swat,0.0,0.39108695495250434,278.7656903314297,102156.69953224644
2019-03-16,Swat,0.0,0.38099976814320474,281.0075064082418,101859.84784277975
2019-03-17,Swat,0.0,0.37130749106879296,281.6496564339693,101684.96000219534
2019-03-18,Swat,1.0112402564119496,0.36324529672423606,282.69525266494594,101615.94742540836
2019-03-19,Swat,9.366042641492097,0.41107406786225054,279.1407144496845,101505.2244033069
2019-03-20,Swat,0.0,0.4180990652775747,279.01257624266947,101567.38535360481
2019-03-21,Swat,0.0,0.3997524769911545,280.4406091768131,101858.5438662428
2019-03-22,Swat,1.1386563936424199,0.3870404113066748,282.7288911191003,101896.13762458917
2019-03-23,Swat,3.757683186236372,0.3798653349029983,282.65479495538267,101795.30652927619
2019-03-24,Swat,0.0,0.37055555064504225,282.54178746798635,101651.23281143764
2019-03-25,Swat,0.0,0.36006523887796205,283.34375315746667,101604.57208902236
2019-03-26,Swat,0.0,0.3493225718187252,284.68032206231595,101673.3355462301
2019-03-27,Swat,7.881830080070566,0.341088236146905,287.009558478133,101709.92714032499
2019-03-28,Swat,1.485487339538215,0.33688518247083876,286.71783477921656,101645.21426595023
2019-03-29,Swat,8.925380662714131,0.34998353691808687,285.2419934304511,101451.02369168635
2019-03-30,Swat,3.4725833744888344,0.3829381929308434,282.2722528370515,101593.96436029002
2019-03-31,Swat,0.0,0.3583952753811965,284.3217651226975,101460.01289749173
2019-04-01,Swat,0.0,0.34027951038508797,285.87686845639695,101364.59474297076
2019-04-02,Swat,0.0,0.32614455103239987,287.11008062587734,101376.47719960978
2019-04-03,Swat,0.0,0.3144820326924772,287.93994206467363,101221.98638572788
2019-04-04,Swat,0.0015367333078327274,0.3041631589375343,288.40983520348163,101369.56812826765
2019-04-05,Swat,0.016651201581610698,0.2973973702569831,288.789413091599,101338.7059218086
2019-04-06,Swat,0.05308495000033228,0.29052152276246246,287.53598121126754,101255.22873939743
2019-04-07,Swat,4.867163462476608,0.2803551358158916,289.29544266832403,101081.0799068337
2019-04-08,Swat,0.0,0.27006521289502705,288.46739529902135,101145.61527237644
2019-04-09,Swat,7.6794106838652105,0.2995502608346789,289.1953933568487,101222.1630664941
2019-04-10,Swat,0.26656098665688305,0.37057645415033036,288.4942373054305,101478.37914260535
2019-04-11,Swat,6.9281773871542445,0.35363605451144897,287.71843215476974,101482.51866461361
2019-04-12,Swat,2.8202992813496635,0.3623381513860089,287.99488501537587,101470.26293947683
2019-04-13,Swat,1.6846081636704469,0.3965805967835354,286.2660292581658,101673.20886986461
2019-04-14,Swat,3.2686240304928473,0.3766388144581552,288.65092796360153,101520.78816058103
2019-04-15,Swat,7.274623489846079,0.37043413651299917,288.8902908695769,101320.30535470757
2019-04-16,Swat,21.46095944858793,0.4216574867992228,285.40854780930766,101378.05844945808
2019-04-17,Swat,7.652246408099133,0.43088336821782874,284.51013422883466,101570.10765589077
2019-04-18,Swat,0.0,0.40822389766026995,285.8254816190998,101612.8534315917
2019-04-19,Swat,0.0,0.3843253245583145,288.04313430871355,101224.63791848427
2019-04-20,Swat,1.4401397918187537,0.3746805209667491,288.1332447640627,101017.92100798411
2019-04-21,Swat,1.118365909030235,0.36876989915811503,288.8710111140542,100986.33379449397
2019-04-22,Swat,0.12291606151245557,0.3541585632496782,289.72576465176707,101076.59657791808
2019-04-23,Swat,3.2577212317254087,0.35046088697970323,290.0955659463177,101314.6269657078
2019-04-24,Swat,6.078611247548549,0.41711353482019325,287.9138178796919,101629.53042092247
2019-04-25,Swat,3.006675909535666,0.42172874371563196,287.27272111004595,101586.0918432229
2019-04-26,Swat,0.0,0.4067072148925981,288.1619105674704,101492.1155177105
2019-04-27,Swat,0.0,0.3914245500208182,288.8886269201548,101354.31600296628
2019-04-28,Swat,0.0,0.37349366368323955,289.1259014974316,101188.26900403452
2019-04-29,Swat,2.6626955214460306,0.3621295573201528,289.9117865147026,101025.7882440452
2019-04-30,Swat,2.350930495395136,0.398226928912649,286.95170322329994,101114.5686042665
2019-05-01,Swat,1.0401493216742617,0.3753457563436226,288.8230702657294,100930.02720198732
2019-05-02,Swat,0.1079210218049009,0.3737224008013355,287.59000228682095,101129.25629269314
2019-05-03,Swat,0.43020461219169603,0.36060947097655904,287.33903043196335,101313.94406559566
2019-05-04,Swat,0.0,0.34203993348298206,288.0188112109787,101293.03825542668
2019-05-05,Swat,0.0,0.32368196927508114,288.80665073940025,101208.1438034676
2019-05-06,Swat,0.0,0.30698370450608164,289.58624086636564,100982.74791668351
2019-05-07,Swat,0.0,0.2920284654286603,290.3936026930898,100864.326327738
2019-05-08,Swat,0.0,0.277708042782884,291.5470211024483,100943.25080656743
2019-05-09,Swat,0.8017380280166491,0.2716118152274302,291.94853006284035,100805.22560367358
2019-05-10,Swat,1.280291860806729,0.27730012013328725,290.99943726684376,100911.43040984448
2019-05-11,Swat,1.2908247359623546,0.2879370254754865,290.4835539488513,101198.25532122068
2019-05-12,Swat,0.0,0.28068872032077846,291.31087069861456,100986.75201831553
2019-05-13,Swat,1.6658439450560514,0.2880123217918603,291.13107616181213,100875.5630172249
2019-05-14,Swat,0.9365269513702745,0.2911522195622908,290.79322455151555,100931.47489144589
2019-05-15,Swat,3.753454757842823,0.29542013264230316,291.05835897052594,101144.03271871655
2019-05-16,Swat,0.38216364151368853,0.3405360160186356,289.07787050104747,101255.63860187889
2019-05-17,Swat,2.4372100328024415,0.36996357190892887,289.21582090252696,101152.51141486452
2019-05-18,Swat,0.5499048301495845,0.3540518748938644,289.4509419329425,101159.36302213155
2019-05-19,Swat,2.4665192658141155,0.34111458039262393,290.28650617454895,101292.2163229629
2019-05-20,Swat,0.0,0.32270104340145306,291.3983155470506,101310.76655221109
2019-05-21,Swat,0.0,0.2966503750009893,292.67908089064196,101079.38417397783
2019-05-22,Swat,3.0740132921546066,0.283669419573553,293.12066472118624,100919.01999700534
2019-05-23,Swat,4.469305243472519,0.3362332209577289,288.91413791022194,101152.5906259104
2019-05-24,Swat,2.4172705946073894,0.4080055625667129,287.560461287209,101188.28552640094
2019-05-25,Swat,0.0,0.37117160581122927,290.56090149986517,100911.21100401829
2019-05-26,Swat,0.2245482896846921,0.3509308975764592,290.6116108423874,100837.48393238694
2019-05-27,Swat,0.0,0.33004508962782186,291.75177844148783,100892.51680336248
2019-05-28,Swat,0.0,0.30850317620535855,292.68656266739674,100791.82431271036
2019-05-29,Swat,0.0,0.2888310241312263,293.7416493286579,100617.2653966116
2019-05-30,Swat,0.6447439063455597,0.2723880887696635,294.19145974996934,100551.76719412649
2019-05-31,Swat,0.4227296588890849,0.26153964663513607,294.97607242664407,100587.7191756672
2019-06-01,Swat,0.0,0.25916479317925056,295.3825889400591,100647.22681466292
2019-06-02,Swat,0.05857603578284386,0.24667986417473547,295.75824503777324,100584.97746138385
2019-06-03,Swat,10.036389527877672,0.23917550886381125,294.93987491259014,100606.6761589886
2019-06-04,Swat,4.259546014172663,0.25435625013907415,293.02460060108086,100864.63301938998
2019-06-05,Swat,1.4276010347341195,0.2672851574273374,292.3991025257199,100848.95334731825
2019-06-06,Swat,6.951052152723415,0.2661593247410888,293.2269663129384,100878.95039192746
2019-06-07,Swat,0.0464322575862427,0.24847232676540845,294.34871820370375,100967.36149094331
2019-06-08,Swat,2.879719476959326,0.2336834630867694,295.04473650961944,100788.22421589195
2019-06-09,Swat,0.0,0.21697559093435095,295.6655001704486,100542.63661947819
2019-06-10,Swat,1.182694796448546,0.2018426019774642,297.47521110509604,100232.0824266931
2019-06-11,Swat,8.587094807880298,0.23714502615694355,293.07281716216926,100431.22540791215
2019-06-12,Swat,0.4160909189423938,0.3339117180810084,291.2904855861793,100665.41755054379
2019-06-13,Swat,0.007107432050028971,0.29335894614449376,293.78861584189383,100660.56309815987
2019-06-14,Swat,0.15177463199684607,0.2629192681661286,295.37449218482607,100450.07973004141
2019-06-15,Swat,0.36812629140761133,0.2496615755055918,294.5099200596846,100518.76775384239
2019-06-16,Swat,0.0,0.23244840912227804,295.353628773296,100332.56986887525
2019-06-17,Swat,0.0,0.21534420263591372,295.7302567815856,100230.483421232
2019-06-18,Swat,0.18660810578887868,0.20285190355987795,294.80095215333193,100383.27787804713
2019-06-19,Swat,0.3730557013578375,0.19451272867264865,294.7429120745286,100454.84895765879
2019-06-20,Swat,0.6984007197155948,0.20687149123843349,294.4598078963756,100633.21356915082
2019-06-21,Swat,0.0,0.21506387666379953,294.8230017982388,100732.77705251052
2019-06-22,Swat,0.0,0.21050744548270986,296.0082934150892,100610.32573792446
2019-06-23,Swat,0.0,0.21976437329337734,295.4239447347508,100682.98319941969
2019-06-24,Swat,0.0,0.27172046243010434,293.4753446116584,100918.13569176123
2019-06-25,Swat,0.0,0.25092476670625985,294.698283505051,100763.79830021402
2019-06-26,Swat,0.0,0.22541044141927527,295.3513948152249,100427.88192398587
2019-06-27,Swat,0.0,0.20499836959986242,296.23006260239225,100128.56892724754
2019-06-28,Swat,0.0,0.18873764441591628,296.8787292834203,100089.51851184886
2019-06-29,Swat,0.0,0.1788798156673733,297.2273414783929,100051.20846063721
2019-06-30,Swat,0.08554340608338627,0.17083872629279437,296.8508588250656,100130.62374803721
2019-07-01,Swat,0.0,0.16380025492806702,297.164911169183,100185.48898652226
2019-07-02,Swat,0.0,0.15455539338682636,298.9720929185631,100208.55649285542
2019-07-03,Swat,0.0,0.14632428979483086,300.06894848743383,100136.06929448989
2019-07-04,Swat,0.0,0.14149442634424853,300.7828902881677,99963.69415867087
2019-07-05,Swat,0.11143019911871543,0.1574750547252524,297.67102716713833,99901.93870365454
2019-07-06,Swat,0.0,0.19009797253309688,297.3000845517581,99853.69750558445
2019-07-07,Swat,0.0,0.20069416146627936,297.7588464924919,99953.41950057054
2019-07-08,Swat,0.0,0.20687408387163786,298.6849812471993,99852.40526841058
2019-07-09,Swat,1.3448351638647222,0.22500001458087313,297.56512510551227,99813.78082155052
2019-07-10,Swat,36.114847789535794,0.2743116443393666,297.3594470603256,99839.11814202668
2019-07-11,Swat,0.6145912883790281,0.2797496663553728,297.86861795153715,99893.46641173832
2019-07-12,Swat,11.49319644191813,0.3046092349610455,296.55860865457885,100106.50940160733
2019-07-13,Swat,0.0,0.31885718389555523,296.0202062699168,100120.42996217294
2019-07-14,Swat,0.0743214560526048,0.33047769538625565,296.0321931455425,99957.72949664522
2019-07-15,Swat,0.0,0.35612223029917484,295.35025557760304,99978.13429664483
2019-07-16,Swat,0.0,0.35073930136312276,295.1264538792383,100286.12908721543
2019-07-17,Swat,0.0,0.3620761584948464,295.22757918871673,100419.82820517616
2019-07-18,Swat,0.0,0.4106501294284582,293.87954709304154,100500.67081854578
2019-07-19,Swat,0.0,0.38492188315820813,295.13479451686453,100607.97375936816
2019-07-20,Swat,0.0,0.36888130645585615,296.4405186834772,100645.91045634165
2019-07-21,Swat,0.053018912156335425,0.3742430213329587,296.0423512401222,100621.47871031146
2019-07-22,Swat,0.05192740906970998,0.3732170299405831,296.05143795046126,100517.43915031434
2019-07-23,Swat,0.0,0.3591842196486759,297.4804500451517,100341.7594231057
2019-07-24,Swat,0.4280398392701233,0.36783708306478174,297.40364129224764,100084.99163006044
2019-07-25,Swat,12.507685299408104,0.415530293906872,294.7615101706303,100252.34824264904
2019-07-26,Swat,0.06358373145448286,0.4110113734833214,295.3000863414756,100185.53136280304
2019-07-27,Swat,0.061923991734993314,0.4245503558861646,294.58769854920666,100339.58570025933
2019-07-28,Swat,0.0,0.4160793503314614,295.14346479761065,100632.07297728346
2019-07-29,Swat,0.0,0.39646279798351636,296.50454748932265,100641.97609560635
2019-07-30,Swat,0.0,0.38303116618887734,297.1506182681615,100381.30848992559
2019-07-31,Swat,39.24919539434338,0.4117286500629557,295.6378190091437,100324.7116563036
2019-08-01,Swat,2.5703996464867207,0.4146961822974114,294.6815873499185,100307.63806517885
2019-08-02,Swat,0.0,0.4036958275947428,295.7449641461902,100230.65939179398
2019-08-03,Swat,0.0,0.39866921522644383,295.75722291768074,100298.68712668742
2019-08-04,Swat,0.0,0.3762007130237314,297.1264446571238,100123.09680124793
2019-08-05,Swat,0.0,0.37392696094225797,296.96471920106205,99952.11285545627
2019-08-06,Swat,8.232566675265625,0.3971895973923248,296.5246859095212,99922.35483834248
2019-08-07,Swat,0.8409318606563031,0.4049627693771769,295.4372500525483,100165.23898879849
2019-08-08,Swat,0.0,0.385193396223361,297.39612529331475,100098.26331835367
2019-08-09,Swat,40.151557075976925,0.4153962974116512,295.0781615789112,100313.05234999715
2019-08-10,Swat,0.0,0.41931221339437236,294.88847238784604,100513.10759797173
2019-08-11,Swat,0.0,0.4106369932432108,295.5374720475645,100472.42593995838
2019-08-12,Swat,0.0,0.3987537988221441,296.57507702878866,100332.65515105495
2019-08-13,Swat,23.0252845905811,0.4123573108097476,295.71626654624947,100398.90508074265
2019-08-14,Swat,23.032821837493174,0.4226515977217249,293.96999423728,100714.83273449891
2019-08-15,Swat,0.0,0.4012175983622969,295.9522272572252,100585.71988258358
2019-08-16,Swat,28.80977088716795,0.40273958192777315,294.6863005107894,100443.19569340009
2019-08-17,Swat,0.0,0.406102978322706,293.79782608258887,100522.81576269063
2019-08-18,Swat,0.0,0.38815395285613497,293.86408308415855,100688.52147710342
2019-08-19,Swat,0.0,0.3731319934198215,293.547251089911,100973.83699066617
2019-08-20,Swat,0.0,0.3560282237010007,293.59470741390703,100841.80494775646
2019-08-21,Swat,0.0,0.3413139626152065,293.8302615209949,100648.32698685207
2019-08-22,Swat,0.0,0.32684198583060137,294.9080696838909,100684.19576978253
2019-08-23,Swat,0.0,0.3182799907287775,294.9117555939892,100720.850935254
2019-08-24,Swat,0.0,0.3116594880993955,295.1210904025739,100662.0014763042
2019-08-25,Swat,0.0,0.3135481533315766,295.2030785593631,100722.60734783215
2019-08-26,Swat,0.0,0.3192582176589111,294.5859852756384,100871.35861294667
2019-08-27,Swat,0.0,0.30474569285338,295.8660554579899,100736.03753637004
2019-08-28,Swat,0.0,0.28974497087868795,296.1509628555033,100854.81294463639
2019-08-29,Swat,0.0,0.27826816873302296,296.4999837687957,100813.00266933616
2019-08-30,Swat,3.236609658309163,0.2791433647518268,295.54450495808817,100593.24873994378
2019-08-31,Swat,0.0,0.2747949278119099,295.5959492879493,100410.53607599986
2019-09-01,Swat,0.0,0.2756076971108394,295.70934848683896,100601.86608197897
2019-09-02,Swat,0.0,0.27715482891582954,295.32183915018567,100665.09174888305
2019-09-03,Swat,0.0,0.2691249451398559,296.1675965266544,100488.14580154944
2019-09-04,Swat,4.192194095329873E-4,0.27628982275380615,296.1776620536219,100420.19058741584
2019-09-05,Swat,1.7470624076455226,0.269302074982305,295.4545707121582,100472.686598081
2019-09-06,Swat,6.293253867900735E-4,0.26383420957860265,295.3919941037694,100390.34672486564
2019-09-07,Swat,0.0,0.2639546710757618,294.8872137481254,100528.26321870238
2019-09-08,Swat,0.0,0.2542094150039222,294.92089575829516,100644.41233757357
2019-09-09,Swat,0.0,0.23874642688499637,296.1033426427821,100439.97127668824
2019-09-10,Swat,0.0,0.2249703821053835,296.2362313701213,100443.86174437092
2019-09-11,Swat,0.0,0.21315001383449067,296.21573421744597,100598.1493993614
2019-09-12,Swat,0.0,0.20285242673412102,296.4637993175699,100681.19093695367
2019-09-13,Swat,7.024653435154779E-4,0.19882954434220473,295.5051599069069,100849.30000642421
2019-09-14,Swat,0.0,0.19446354152555065,295.0828986891545,100888.93851826293
2019-09-15,Swat,4.865913125193472,0.1895417373337615,294.4865322422189,100855.22430163236
2019-09-16,Swat,0.0,0.18581494418805988,294.3213285423341,100670.3736671023
2019-09-17,Swat,0.0,0.17870729026459742,293.890736050659,100856.14994693693
2019-09-18,Swat,0.0,0.17162105100029593,294.5034659258676,101151.42095613525
2019-09-19,Swat,4.515429240941204,0.1740713619978222,293.6781420811801,101337.0250807326
2019-09-20,Swat,4.515259953391735E-4,0.19855821238532806,291.91691111794785,101329.34506443428
2019-09-21,Swat,0.0,0.19927936893036535,293.29859103549484,101161.44686898046
2019-09-22,Swat,0.0,0.19158546794944983,294.35296522118216,101310.14080912688
2019-09-23,Swat,0.0,0.18663321941322658,294.9694128898201,101425.87023546002
2019-09-24,Swat,0.0,0.19116615330318626,294.751852231944,101434.13716224824
2019-09-25,Swat,5.491817328268341E-4,0.23502246023455503,293.7580602837646,101634.8545183964
2019-09-26,Swat,0.0,0.2571642536250312,293.52652655012446,101610.23335724276
2019-09-27,Swat,0.0,0.2650990102738447,293.5125188175966,101426.58584923025
2019-09-28,Swat,0.0,0.3010999786040382,292.2217723566465,101304.48915092142
2019-09-29,Swat,0.0,0.3429982615555097,290.83665937006907,101475.26811627919
2019-09-30,Swat,60.84070273726031,0.3498958765605587,291.26583985070926,101271.47848622274
2019-10-01,Swat,0.0,0.36086616121746345,289.62596228701403,101370.38247661984
2019-10-02,Swat,0.0,0.32531703117551936,290.2310072897539,101411.73034722096
2019-10-03,Swat,13.143722598784025,0.3243572170436183,289.22113388742235,101442.42995407945
2019-10-04,Swat,1.5042459622434083,0.3268665729205604,287.55866094870356,101595.01295718136
2019-10-05,Swat,0.3684276751977316,0.3101264700609197,288.15463184238246,101558.46863669092
2019-10-06,Swat,0.0,0.2967342087232134,288.8770249309014,101586.32696864172
2019-10-07,Swat,0.0,0.28466006237239394,288.35469027421885,101741.72662547743
2019-10-08,Swat,0.0,0.2728327494769708,289.1483897651975,101496.78173864474
2019-10-09,Swat,0.0,0.26253555544680796,288.9677908860749,101527.27548743082
2019-10-10,Swat,0.0,0.25188708373024904,289.1375134441407,101511.26301459456
2019-10-11,Swat,0.0,0.24258213909132328,289.1456346722503,101388.24430850176
2019-10-12,Swat,0.0,0.23431893763365733,289.45915531826256,101546.59438205141
2019-10-13,Swat,0.0,0.22586351047812134,289.90603571332144,101545.69304151551
2019-10-14,Swat,0.0,0.21799427571205549,290.1546924804137,101593.22439192548
2019-10-15,Swat,0.0,0.21076589432017084,289.94386346087487,101712.43884630245
2019-10-16,Swat,0.0,0.20415155546469166,290.247041933148,101727.3878881336
2019-10-17,Swat,17.557101673026914,0.21629973523149823,288.4680686508853,101858.42502008194
2019-10-18,Swat,0.0,0.24710703244482463,286.1470126415978,102052.84266749478
2019-10-19,Swat,0.11488128640065164,0.24779553464693793,285.6091161525349,102029.81051051745
2019-10-20,Swat,0.0,0.23925962677309892,286.47781371889175,101869.21105359103
2019-10-21,Swat,0.0,0.2295308060663396,286.48397389796327,101671.81759713202
2019-10-22,Swat,0.0,0.22240933450146422,286.8266489908494,101376.10618388616
2019-10-23,Swat,0.0,0.22409491657507083,285.62079466708445,101392.75620745849
2019-10-24,Swat,0.0,0.21905997820711562,285.5709448709245,101574.29954155404
2019-10-25,Swat,0.0,0.2171222982707434,285.0065792122889,101640.01964873211
2019-10-26,Swat,0.0,0.2124840487141439,285.7200627790744,101762.59264397313
2019-10-27,Swat,0.0,0.20445952396478645,287.03930006202467,101605.01343646811
2019-10-28,Swat,0.0,0.19765451166517528,287.78226828623247,101667.06304099954
2019-10-29,Swat,0.0,0.19202028977830662,288.96045300790365,101698.96868853988
2019-10-30,Swat,0.20658003165099847,0.2031075346291967,287.14373851143273,101638.55703233748
2019-10-31,Swat,0.7751712154032255,0.2077380816810706,287.47859416298775,101601.59861166184
2019-11-01,Swat,4.234038688754511,0.2296571342654904,285.439276570509,101762.46523464046
2019-11-02,Swat,0.0,0.25290254564923426,285.33314806751144,101837.77767419214
2019-11-03,Swat,0.0,0.2447216828597248,284.9873095953717,101825.17326581666
2019-11-04,Swat,0.0,0.2358384051546209,285.16648829864346,101810.52333000825
2019-11-05,Swat,12.274321559780777,0.23719286346180288,285.88301154573423,101355.76517935183
2019-11-06,Swat,0.0,0.40986494245274646,280.81387704871906,101238.16848078997
2019-11-07,Swat,5.250173035658721,0.4089234592817659,280.86612797356656,101523.85685640518
2019-11-08,Swat,0.0,0.38897242392688025,281.00590034741793,102069.53799845808
2019-11-09,Swat,0.0,0.37011807772775857,281.28672103861635,101961.86922706087
2019-11-10,Swat,0.0,0.35734095189504156,282.02181849292947,101741.53214230787
2019-11-11,Swat,0.0029686750920502815,0.34642449996997443,282.6169974250836,101648.00474987036
2019-11-12,Swat,0.14380237261335263,0.3399892296738025,283.9496518866921,101814.68299192264
2019-11-13,Swat,1.7968369803314712,0.3359960265833023,284.99468861148785,102004.25783197496
2019-11-14,Swat,10.335482041321487,0.3700539393813334,283.8795180779474,102109.60478371133
2019-11-15,Swat,11.13429270735709,0.4252895354318964,281.86854326482245,102115.776246196
2019-11-16,Swat,4.252006244441758,0.4189718950124993,281.31777907670823,102164.607390323
2019-11-17,Swat,0.0,0.3917078609347788,282.6808548215069,101968.27100211635
2019-11-18,Swat,0.0,0.37624501957139445,282.143115097989,101699.92974895991
2019-11-19,Swat,0.0,0.3653082532626536,282.51872737464265,101641.23606654057
2019-11-20,Swat,7.728700385729231,0.3574844303007811,283.68430967955726,101727.32307996976
2019-11-21,Swat,12.934649068418738,0.4034657113244657,280.58880005521695,102240.84473361267
2019-11-22,Swat,8.712333651296621,0.42541193770419583,280.1504124672466,102245.16167795374
2019-11-23,Swat,0.0,0.40230611327557225,280.7310212465145,102054.13912441525
2019-11-24,Swat,0.0,0.3922859534886722,280.69611669758143,101912.3739647912
2019-11-25,Swat,0.2874727213408577,0.388227426357538,281.00912300893293,101943.93714338027
2019-11-26,Swat,0.0,0.3885481269608611,280.705134879443,101986.42429267894
2019-11-27,Swat,0.014530626936896504,0.4099694766924395,278.13112889811754,101960.89758186563
2019-11-28,Swat,0.0,0.3954956102810142,277.4593839543189,102130.29163395546
2019-11-29,Swat,0.0,0.3821807715478225,277.56517248178267,102116.46697398345
2019-11-30,Swat,0.0,0.3726280094092266,277.8085560103613,102094.55680546671
2019-12-01,Swat,0.0,0.36562452178687954,278.24075646535096,101974.602266887
2019-12-02,Swat,0.0,0.3598250122417753,278.1949034974313,102070.82075789514
2019-12-03,Swat,0.0,0.35454766146512795,279.61757125289654,101962.16964119504
2019-12-04,Swat,0.0,0.3499901983641131,278.99496245780176,102055.79981445652
2019-12-05,Swat,0.0,0.3457375639767543,278.34702658643727,102338.01049271184
2019-12-06,Swat,0.0,0.3416223381406631,277.9401122368214,102321.64031340042
2019-12-07,Swat,0.0,0.33769527624952855,277.84452411652376,102190.10220770334
2019-12-08,Swat,2.0517852416201054,0.3342510330913347,277.9262812663827,102059.41021808941
2019-12-09,Swat,0.3996556349827843,0.3312379873529481,278.7238817550773,101931.09323935094
2019-12-10,Swat,7.239940555681737,0.3340383095344896,280.2522686741955,101629.40307987876
2019-12-11,Swat,0.0,0.36658384018144397,277.9474810810705,101696.00280034964
2019-12-12,Swat,8.718363562886516,0.38183585992333285,277.961229253227,101516.56156343076
2019-12-13,Swat,0.2244139636159926,0.3973214193120972,276.2086314507695,101535.15722703662
2019-12-14,Swat,0.0,0.39712773143093133,274.95893414704096,102335.99208860753
2019-12-15,Swat,0.0,0.3823451691017967,274.6393412931774,102240.72029105219
2019-12-16,Swat,0.0,0.3731567170356575,274.98649052299413,102302.60312656804
2019-12-17,Swat,0.0,0.3672003053369197,275.3758443382888,102253.00173453725
2019-12-18,Swat,0.3680603842504657,0.3633328898788411,278.3006853346534,101966.64821315832
2019-12-19,Swat,0.0,0.35949752004722324,277.0642476442921,101830.60077388988
2019-12-20,Swat,0.0,0.3556244227415028,276.6407282909551,101685.65071607199
2019-12-21,Swat,0.0,0.35181287312495535,275.6960563196758,101942.97083584566
2019-12-22,Swat,0.0,0.34806070633722436,276.0659070779657,102027.69566254372
2019-12-23,Swat,0.0,0.3445466624357334,276.64753865258626,101781.42542298626
2019-12-24,Swat,0.0,0.3419857795973277,275.55226661542315,102053.76657421529
2019-12-25,Swat,0.0,0.3390905682672468,275.51026593798093,101920.19570427577
2019-12-26,Swat,0.0,0.336324123110175,276.3174558768971,101803.10093196601
2019-12-27,Swat,0.0,0.3339580636456353,276.41910105754874,101805.85482443184
2019-12-28,Swat,0.0,0.33175073423365775,276.3983200450157,101895.3790270201
2019-12-29,Swat,0.0,0.32942936537171025,276.069213407326,101930.01958398415
2019-12-30,Swat,0.00262354484569714,0.32697895127481413,277.4565499643579,101872.94574954871
2019-12-31,Swat,0.0,0.33093450603217284,275.37868214885435,102206.12097399155
2020-01-01,Swat,11.155406756146194,0.3319039115752213,276.7825124458141,102465.06897580856
2020-01-02,Swat,9.9646441499854,0.3669029715501992,275.44976449592406,102604.5204998137
2020-01-03,Swat,0.007957562796985953,0.38871382794280385,274.5131157621244,102188.15650241585
2020-01-04,Swat,0.0,0.38129810316085894,272.7033368022695,102084.49346070804
2020-01-05,Swat,11.065289356419159,0.3726108080131523,273.8032538201905,102206.92716966392
2020-01-06,Swat,22.85834889919961,0.3936927279645726,274.09302217243766,102241.00023622885
2020-01-07,Swat,0.0,0.4062996473173135,273.5104109483667,101879.19254806523
2020-01-08,Swat,0.0,0.3976595095208464,271.35599808437314,101764.3388359832
2020-01-09,Swat,0.0,0.38946988369656044,269.72889442702774,102181.9574112648
2020-01-10,Swat,0.0,0.38580455951072573,273.2814582688777,102175.37849411397
2020-01-11,Swat,2.806393317288016,0.3850069778871982,276.6243523436932,102153.41067865984
2020-01-12,Swat,2.286599147276954,0.41237503527715075,275.85031624844333,102042.94886984436
2020-01-13,Swat,1.5752743024994926,0.42279814010735844,275.2323764858578,101122.72844853751
2020-01-14,Swat,0.0,0.40998702375647517,275.3481829819427,101846.85677976989
2020-01-15,Swat,0.0,0.3984070838334532,275.3140017635745,101837.64615235185
2020-01-16,Swat,0.0,0.3924938449803835,274.28016206774555,101756.1152384849
2020-01-17,Swat,0.0,0.3883060276375183,272.72259392294194,101792.00036142516
2020-01-18,Swat,0.0,0.3848935491090606,272.2112613678264,102039.07354888668
2020-01-19,Swat,0.0,0.38170686299627404,273.7358276185809,102139.29519863454
2020-01-20,Swat,7.535595654599958,0.3812980158073497,276.1713759732803,101959.71851452971
2020-01-21,Swat,0.0,0.3988199443644862,272.83739573738336,102437.72049996554
2020-01-22,Swat,0.0,0.39655053587654626,273.4551608735956,102492.48931936735
2020-01-23,Swat,0.0,0.389508963915079,274.5769833664346,102217.8760868047
2020-01-24,Swat,1.0217256285905052,0.3874213587028902,277.12864159605834,101833.07704932375
2020-01-25,Swat,0.0,0.3882093306171398,277.455642215408,101731.86326139564
2020-01-26,Swat,0.0,0.3869224906974984,275.21182865874044,101639.20642916978
2020-01-27,Swat,0.0,0.3834962587460404,276.6282856487874,101297.31320539878
2020-01-28,Swat,7.158326671649058,0.3970021881783898,275.91560469182394,101321.43470926136
2020-01-29,Swat,0.7322384840448958,0.41063930255383035,275.09735606592415,102009.66671362577
2020-01-30,Swat,0.0,0.3959067001539546,274.69532701356724,101889.09082293644
2020-01-31,Swat,0.0,0.3888037355949007,275.44595054624716,101541.53324302325
2020-02-01,Swat,0.0,0.3833111632062846,273.91668140773584,102066.21727192523
2020-02-02,Swat,0.0,0.3779783890982587,274.49491889880176,102076.20293530858
2020-02-03,Swat,1.6919235838667899,0.37386296120057533,275.46643265407124,101807.05175234303
2020-02-04,Swat,2.007385032642168,0.3747466288631043,274.72686577534836,102045.81435265174
2020-02-05,Swat,0.0,0.37227314952915525,275.85794712714045,101839.3471409218
2020-02-06,Swat,0.0,0.3679379799076628,275.36392479453707,101666.71932640865
2020-02-07,Swat,0.0,0.36395651754863206,274.68373003528444,102120.34107661703
2020-02-08,Swat,0.0,0.3602989496710265,275.3339255518799,102197.3720580142
2020-02-09,Swat,0.0,0.35653145184851803,275.5958556331322,102186.18474669375
2020-02-10,Swat,0.3029657476131031,0.35315487264823964,277.3870142927931,101997.29270558496
2020-02-11,Swat,14.280903132297027,0.35975865109434246,278.45025290330557,102375.40069684997
2020-02-12,Swat,0.0,0.37295097451436054,280.20975285819003,102290.78313451998
2020-02-13,Swat,0.0,0.4141744140880557,278.4149132872378,101921.40170828406
2020-02-14,Swat,0.0,0.397355943316502,278.9377545374419,101694.90647687076
2020-02-15,Swat,0.0,0.3854749781594491,278.6689460956971,101651.49984167085
2020-02-16,Swat,0.0,0.3770598199834827,278.62737805233525,101952.60195806953
2020-02-17,Swat,0.0,0.3697170529385139,279.56476647613505,102038.01152134448
2020-02-18,Swat,0.0,0.3633945434666472,280.72911457631216,101502.20635531655
2020-02-19,Swat,4.295113936367167,0.3714274004934232,278.9549682409958,101575.03310214591
2020-02-20,Swat,0.0,0.3909114851354641,280.1807450056318,101931.07238772293
2020-02-21,Swat,0.0,0.3733356419885959,280.30393525754374,102137.23072255695
2020-02-22,Swat,0.0,0.36305549430408707,280.3835036686449,102308.63104356523
2020-02-23,Swat,0.0,0.35497935009405057,280.34840842467673,102007.36474098785
2020-02-24,Swat,0.0,0.3490863279385689,279.98662827902456,101690.72590591504
2020-02-25,Swat,0.0,0.34269073196357264,280.32546196104096,101606.08110163607
2020-02-26,Swat,4.054488984983285,0.3357151912274385,282.31863583039234,101600.85878695689
2020-02-27,Swat,10.636259453754134,0.34076654911169885,283.43951641461337,101653.31996397379
2020-02-28,Swat,5.1000402535172356,0.4043793137006853,280.494359538265,101753.31627915683
2020-02-29,Swat,1.6812367071171914,0.4139690659336826,280.0937310170779,101753.58297629202
2020-03-01,Swat,0.0,0.3963069238390718,281.0744022053973,101747.5792340619
2020-03-02,Swat,0.0,0.38248745642062676,281.7717889705304,101521.70589069932
2020-03-03,Swat,0.0463830625842244,0.37115697986170065,281.8615441996875,101296.88797083903
2020-03-04,Swat,22.20461841378122,0.37939471666008634,281.7303903350771,101269.18988859298
2020-03-05,Swat,11.925713523717283,0.42516814704896744,278.58181076321904,101422.93997964475
2020-03-06,Swat,11.678664980402738,0.4213515979465877,279.3127837596608,101337.12552911219
2020-03-07,Swat,3.3830365502956656,0.42685229028020066,276.2904450317777,101716.22176432137
2020-03-08,Swat,0.0,0.42167461092737296,276.1843991056944,102150.076466592
2020-03-09,Swat,0.0,0.40947149938821087,280.3356937424005,101564.26453667769
2020-03-10,Swat,3.4543125085806903,0.4043974159658386,281.04602319140105,101255.62394177531
2020-03-11,Swat,4.435176164925843,0.40030090860351153,282.1200886265868,101084.54184666263
2020-03-12,Swat,4.917391743748424,0.4116860494815666,279.875963203176,101542.80074622025
2020-03-13,Swat,0.025008450684749176,0.3974354455273105,280.06474734670473,101752.80414245356
2020-03-14,Swat,0.17023104392774793,0.38849834988942,280.46420785828036,101823.49872299805
2020-03-15,Swat,0.0,0.3800985952615236,281.16156890976424,101929.78500892303
2020-03-16,Swat,0.0,0.36899231411747013,283.11080536148773,101816.74856062228
2020-03-17,Swat,4.953557912326741,0.3602121503342283,283.1282199917577,101864.11019851317
2020-03-18,Swat,0.0,0.3511956960918977,283.4026546189492,101626.67504360365
2020-03-19,Swat,0.8140931298955124,0.34202502478718766,283.302128904222,101365.60403986844
2020-03-20,Swat,7.198231098214933,0.34161979484449023,284.6199487686587,101403.99435782156
2020-03-21,Swat,0.2048791798279752,0.4104436664671247,281.55243356952855,101659.64230566502
2020-03-22,Swat,0.0,0.3839268512777904,283.7531523110666,101647.4977426733
2020-03-23,Swat,12.18806993996453,0.3776232508560636,285.0927787279034,101503.22690369141
2020-03-24,Swat,7.6567317970195194,0.4178308250874057,282.9222562121734,101557.44961394015
2020-03-25,Swat,11.413565655409785,0.4184935858941581,283.1103679392452,101716.20441945345
2020-03-26,Swat,0.006708398001605165,0.4029371795165248,285.14797348614735,101654.13107948018
2020-03-27,Swat,53.254831519771045,0.41553780087476067,282.62550593493296,101400.88427362891
2020-03-28,Swat,5.637962163951535,0.4212080238307126,280.70418992022394,101844.39732337966
2020-03-29,Swat,0.0,0.4004119195789604,283.47141029146036,101648.80102266379
2020-03-30,Swat,0.18029929463978905,0.39163298911858574,283.60764470968445,101685.57360604705
2020-03-31,Swat,20.317061052128178,0.4200941210115106,281.64018541260884,101630.71048578169
2020-04-01,Swat,0.9630256464607237,0.42074752381635055,282.3939040792849,101633.49353354954
2020-04-02,Swat,0.0,0.4070855268227505,282.92096126978396,101574.92377874194
2020-04-03,Swat,2.9056849887138023,0.3867730350394145,284.4942551869857,101532.05510684419
2020-04-04,Swat,0.7719703368923885,0.3700328636595499,285.8441896839449,101492.48431935723
2020-04-05,Swat,4.607416922093099,0.36067502962023246,285.93490800012916,101674.31421632698
2020-04-06,Swat,1.4285265673916148,0.36898180810849973,285.3414704026431,101703.88067455232
2020-04-07,Swat,9.820950486366767,0.36903089771359054,284.8536592395816,101461.08102955329
2020-04-08,Swat,5.475793223686848,0.3543936106708074,286.09257746257896,101543.3084578045
2020-04-09,Swat,8.944060392033037,0.3538059140884956,285.6988193265131,101608.55521990021
2020-04-10,Swat,0.0,0.35070179684217934,286.9298274671815,101740.63780643996
2020-04-11,Swat,0.16760284565911354,0.3332701827772565,288.37073937620374,101769.76391600764
2020-04-12,Swat,5.313128411540236,0.31896297339940666,290.5539386035496,101360.29050870649
2020-04-13,Swat,22.872279308826283,0.3151657256558094,289.7322296801144,101329.86442407689
2020-04-14,Swat,51.56222053640707,0.3766888766840528,287.2284155274705,101510.754709403
2020-04-15,Swat,0.0,0.41452693921713546,286.7552949103136,101526.59265611341
2020-04-16,Swat,2.173433501875801,0.3921059014202444,288.1541544333304,101298.0626378423
2020-04-17,Swat,14.295618217966814,0.41965525593370107,284.7363107119916,101320.2385213992
2020-04-18,Swat,0.0,0.4243476922261433,284.1781249307879,101469.55501680414
2020-04-19,Swat,9.74123174919045,0.41360414683602037,285.0633117522601,101426.70618130638
2020-04-20,Swat,10.872357326542021,0.39645373935879163,286.8541436610167,101363.0211040439
2020-04-21,Swat,0.0022246103195046668,0.3862307611701929,286.64327747266316,101326.08379019432
2020-04-22,Swat,0.0,0.3713558677671607,287.1930758031988,101162.47776666042
2020-04-23,Swat,0.0,0.3551194702266662,288.4752750310485,101055.82059020802
2020-04-24,Swat,0.0,0.33963054647226104,289.66158086947615,100910.85006823827
2020-04-25,Swat,5.176842818267446,0.3359436190474243,289.4388964398394,101026.73392909892
2020-04-26,Swat,0.7165279868599307,0.33133054135942197,289.4433150323705,101212.74109209584
2020-04-27,Swat,6.15182602419827,0.3479701114863539,288.4203287917873,101598.39710156735
2020-04-28,Swat,3.440888740356526,0.358060935033815,288.28359920919047,101629.39621836449
2020-04-29,Swat,5.97405001943412,0.33966233590430145,290.8797412221767,101248.7347035453
2020-04-30,Swat,0.06606559900224963,0.3202093666479505,290.9217025907048,101255.4362318503
2020-05-01,Swat,5.493335555265021,0.32448777534260664,290.76993195023874,101175.21151466735
2020-05-02,Swat,4.768294745764518,0.37581186764770236,289.6531731290417,101173.1509232149
2020-05-03,Swat,1.1428170797179507,0.39811409699526623,288.4403034794838,101288.4440800122
2020-05-04,Swat,9.062572930536772,0.3849706808988425,288.91231029961665,101393.05808449202
2020-05-05,Swat,5.125268207409444,0.37992430158826257,287.6782514908527,101223.73415849888
2020-05-06,Swat,0.8097589432762892,0.36329144467316116,288.1993142818885,101135.72803273408
2020-05-07,Swat,0.6981944540342052,0.3435904114378122,290.40121408018075,101197.90810973353
2020-05-08,Swat,2.5470205411624183,0.3256622792468652,292.02121194406436,101044.43493031486
2020-05-09,Swat,4.361393911739961,0.3224208951414489,291.3632570633078,101192.65639871794
2020-05-10,Swat,0.0,0.3138533073361979,291.77246305792204,101199.07385719828
2020-05-11,Swat,4.74619436713258,0.310079330801983,290.49611776033845,101404.65313046302
2020-05-12,Swat,6.300985343813868,0.3018767942155474,291.61241913088776,101261.24636121471
2020-05-13,Swat,14.432988346157524,0.2993070215109977,291.7286172920316,101102.27929845575
2020-05-14,Swat,0.2816017340076231,0.38106662877404857,287.86482329648857,101336.93797220485
2020-05-15,Swat,0.0,0.3754339067370458,290.4342751810961,101152.11190143526
2020-05-16,Swat,3.6640355620928666,0.3582307216859128,290.17457194062075,101006.96346621167
2020-05-17,Swat,2.2154330787385743,0.35019125609038854,290.6267595646496,100986.88069680949
2020-05-18,Swat,3.9446630938433103,0.3372137796337613,290.15855744108205,100890.81272889416
2020-05-19,Swat,0.9665481939170375,0.3240451816654877,289.6884999782212,100891.66633778406
2020-05-20,Swat,0.0,0.30437357676517146,291.7854555937815,100706.26331152464
2020-05-21,Swat,0.0011488813140220103,0.2839678276190692,293.1252295134402,100516.96956541976
2020-05-22,Swat,0.5166457981534993,0.2677637698541865,295.01121982152193,100586.07126854421
2020-05-23,Swat,1.7627198635970298,0.2616147729785417,293.00188346870675,100955.41234086159
2020-05-24,Swat,0.133478952558016,0.24846053167469898,293.7900775134191,100902.02623051492
2020-05-25,Swat,0.05088720587289489,0.23515172056002398,294.6017989076987,100675.49307474945
2020-05-26,Swat,0.0,0.22172324425651843,295.6395809864918,100538.47999060134
2020-05-27,Swat,0.0,0.20749523902959013,296.0106554071811,100315.39054457085
2020-05-28,Swat,0.0,0.20545608658989048,294.78228332266497,100427.26870685151
2020-05-29,Swat,0.0,0.2583282763637887,291.5286151840869,100823.92406656695
2020-05-30,Swat,0.0,0.2821361369222806,291.20694974516266,101041.38029896356
2020-05-31,Swat,0.0,0.2944252167872692,290.5354985152698,101143.09975916785
2020-06-01,Swat,3.4919493285961805,0.3194212084179711,290.3836825734063,101162.48741638397
2020-06-02,Swat,3.042715660068229,0.32223821872168285,290.9330661341276,101025.2616680391
2020-06-03,Swat,0.8269677495226241,0.3097872021235142,291.9095419859718,100885.29119817117
2020-06-04,Swat,1.5389653876664544,0.2901755967546139,292.96237499405373,100728.68390294682
2020-06-05,Swat,3.788861238866529,0.27428227054881993,293.47575565240004,100581.89343015513
2020-06-06,Swat,0.0,0.2687601126753034,293.5028664201982,100588.69151892656
2020-06-07,Swat,0.0,0.26324574603906997,294.20690106816085,100597.75180737878
2020-06-08,Swat,1.4193068987083062,0.27115682533820146,294.0287489156605,100634.6195583885
2020-06-09,Swat,0.6296420915904288,0.2780132533285253,294.41485680915974,100728.84688977059
2020-06-10,Swat,0.0,0.26922020914280126,294.5141977651668,100611.6700843139
2020-06-11,Swat,1.4042699765231281,0.25917407749465016,294.1766857473371,100546.30636335949
2020-06-12,Swat,5.679856065578581,0.25017062245886745,294.36927070326567,100490.13288331806
2020-06-13,Swat,2.2769191753912903,0.24061028020102274,293.8641014969979,100624.33417514116
2020-06-14,Swat,0.2202065306864429,0.2224273684110564,294.95969323268935,100606.79249211894
2020-06-15,Swat,0.0,0.20377947053887988,295.7210850338404,100301.16758898794
2020-06-16,Swat,0.0,0.18832923664972015,296.2746200707662,100076.41778980776
2020-06-17,Swat,0.0,0.1760848094120125,296.7715945684046,100019.48694772003
2020-06-18,Swat,0.0,0.16631041013901302,297.231284369238,100178.34498602856
2020-06-19,Swat,0.0,0.1685001315823767,296.75039048615645,100384.35377910617
2020-06-20,Swat,0.0,0.16576223811724342,296.68539887073945,100422.36669784348
2020-06-21,Swat,0.0,0.15766532843034226,297.64328797743707,100295.284453001
2020-06-22,Swat,0.0,0.15048152908723186,298.75886853060484,100259.46387695654
2020-06-23,Swat,18.66971254618904,0.16265368840075572,297.61872491350056,100690.71312147926
2020-06-24,Swat,0.0,0.27849429006223647,294.9258694441934,100751.07820568199
2020-06-25,Swat,0.0,0.2888714952753013,296.03518482299506,100448.91990650995
2020-06-26,Swat,0.0,0.2758105110460649,295.857986915161,100356.91543333587
2020-06-27,Swat,0.0,0.25530951825343134,297.41930144777405,100208.16468064066
2020-06-28,Swat,0.3602719299999096,0.30192787806995774,294.7355524738205,100303.26019274659
2020-06-29,Swat,0.0,0.28120683651951617,296.00322777579083,100481.29916495351
2020-06-30,Swat,0.0,0.24814345603616078,297.6255153882948,100531.5557727872
2020-07-01,Swat,0.0,0.22626693127284372,297.4806763867584,100376.44717602737
2020-07-02,Swat,0.0,0.20280696878323398,298.54366528856013,100111.31506563822
2020-07-03,Swat,0.0,0.18263728426146664,299.5117886778629,100038.74031992568
2020-07-04,Swat,5.804670135943003,0.19480293816736025,297.30912461616776,100143.72822723085
2020-07-05,Swat,0.33434841222138456,0.2600224233007342,294.34657358392263,100231.07969185016
2020-07-06,Swat,2.827184539316864,0.2450180176384572,296.7193503972347,100255.51127803382
2020-07-07,Swat,0.0,0.21862403282359727,297.89493412697584,100477.35175977892
2020-07-08,Swat,0.40233666769695375,0.2074321249668618,298.2428110825931,100547.62429662452
2020-07-09,Swat,3.1225860931861806,0.22963853755971772,296.5997349089282,100203.1250245334
2020-07-10,Swat,0.0,0.22459948863697246,298.00290280365454,99956.15536401501
2020-07-11,Swat,0.0,0.2148234092085613,297.781479548637,99965.947086999
2020-07-12,Swat,2.2364725248576427,0.2308643713448921,295.90740411093503,100238.56948595165
2020-07-13,Swat,0.13191586742705536,0.22681467461611943,297.0025125319096,100229.77528863426
2020-07-14,Swat,0.0,0.20674212775184636,298.25263999504546,100316.2854272557
2020-07-15,Swat,0.5081047326834828,0.20601669088487945,297.9315829133525,100392.77312918828
2020-07-16,Swat,0.6853567569335481,0.2211410866152943,297.0105865372555,100397.1955661804
2020-07-17,Swat,2.798358202802616,0.23086461984133672,297.5768633774778,100531.3294164184
2020-07-18,Swat,1.1757866277460511,0.22199121067453373,298.1298032934111,100527.80400739335
2020-07-19,Swat,0.36964058494981955,0.21847113567602858,298.37653871309993,100211.04730496694
2020-07-20,Swat,20.721257235465192,0.28880665034108116,295.5574761503818,100022.5257229009
2020-07-21,Swat,0.8886704465262245,0.3850071779316739,292.5609787141509,100487.6132495082
2020-07-22,Swat,0.0,0.34043397055121205,295.0640483978956,100528.1199435883
2020-07-23,Swat,0.0,0.3022448294499819,297.30208940141733,100395.87652688858
2020-07-24,Swat,5.085975365631167,0.3224999910884596,296.1024428564826,100859.63948280535
2020-07-25,Swat,2.263749815931501,0.3284650843757371,296.02227290960724,100999.94572375074
2020-07-26,Swat,0.0,0.3427241908891211,295.8581899970845,100915.17202093583
2020-07-27,Swat,20.04468190497503,0.35083706270079346,296.48230961993676,100569.31545159686
2020-07-28,Swat,0.0,0.32452856228896426,297.69976543950247,100319.52314942206
2020-07-29,Swat,3.8754878940870627,0.3096549820907422,297.9345562707117,100357.80861942151
2020-07-30,Swat,2.9872663146822966,0.3253847527859278,296.6045325135144,100535.89492112884
2020-07-31,Swat,26.08436248334027,0.37903308025541493,295.202644758998,100534.64045554241
2020-08-01,Swat,0.0,0.3661352604425317,295.7941325448454,100499.05668305258
2020-08-02,Swat,0.0,0.3431187797995176,296.5390256677549,100242.14011435088
2020-08-03,Swat,2.8414216167377444,0.3221546144979563,296.98061507877696,99845.56769248359
2020-08-04,Swat,0.0,0.32416910951618444,296.4583565584373,99823.18913336871
2020-08-05,Swat,0.0,0.3055553674010922,298.25029406891815,100079.08860430693
2020-08-06,Swat,0.0,0.29671939075651144,298.3552139617147,100441.30792287496
2020-08-07,Swat,0.0,0.28860102886737665,297.9817846498426,100528.8029372814
2020-08-08,Swat,0.0716157465099327,0.34465336476728503,296.6128706440085,100264.50842735282
2020-08-09,Swat,23.247575307456607,0.38127063068817757,296.4578265782362,100206.84568712761
2020-08-10,Swat,0.0,0.3865579640525576,296.29705992781027,100316.99624487068
2020-08-11,Swat,0.0,0.37401286153000757,296.78838593396307,100214.01154739544
2020-08-12,Swat,0.0,0.3531026644981869,297.6567745863685,100055.14247739888
2020-08-13,Swat,4.893863606103288,0.3483258006484394,297.5380051836065,100013.48204811984
2020-08-14,Swat,0.0,0.3602581112470239,296.52246511420753,100137.06037925105
2020-08-15,Swat,0.0,0.3875220897716995,296.58580997388026,100129.64372379723
2020-08-16,Swat,0.0,0.3619185178294566,298.141800654093,100137.03152694921
2020-08-17,Swat,27.442411825638278,0.3667250049747537,297.5509462443531,100175.78512071453
2020-08-18,Swat,18.100295675179467,0.40627802892935183,296.02781876967407,100221.63929893127
2020-08-19,Swat,1.305009380472594,0.39627069518569336,295.79914272069607,100166.2351236483
2020-08-20,Swat,0.0,0.40912219131349353,294.06302986971195,100629.48232532207
2020-08-21,Swat,0.0,0.4053158039929212,294.597036964956,100825.63106708697
2020-08-22,Swat,0.0,0.38182319555817984,295.79332695454787,100668.9973063833
2020-08-23,Swat,0.0,0.3586977568912535,296.72073986305736,100524.04151786429
2020-08-24,Swat,1.1214125981593757,0.35703177209570247,296.82672072362044,100509.63274193469
2020-08-25,Swat,18.447558519781484,0.3708144126003815,295.5892491544663,100701.3040870638
2020-08-26,Swat,0.0,0.40119197120161376,294.75640709780146,100848.14991810388
2020-08-27,Swat,0.0,0.4134763330097357,293.58937034891767,100668.9531462454
2020-08-28,Swat,0.0,0.38861725567492683,293.8549539666134,100618.52231756243
2020-08-29,Swat,0.0,0.37006762558082673,294.4238410796649,100618.45776232028
2020-08-30,Swat,0.0,0.3566527100862455,295.28827498086673,100634.05925450797
2020-08-31,Swat,21.71853478828836,0.398473409496095,293.68823590761735,100878.8278672727
2020-09-01,Swat,125.60699312965323,0.42960158197859716,291.63667277986593,101134.63904803278
2020-09-02,Swat,0.35697475395559525,0.4185946511251289,293.03278091906344,101209.00671861332
2020-09-03,Swat,0.10350866900345876,0.41608334057963997,292.9973527463179,101354.03744835335
2020-09-04,Swat,0.0,0.40326293013651504,293.5487308694441,101162.82402817343
2020-09-05,Swat,0.0,0.38914749616607475,294.2726499711104,100852.57811210098
2020-09-06,Swat,1.0327163868443805,0.3894505049051905,293.43077457539175,100784.05522167064
2020-09-07,Swat,0.0,0.37449266100953243,293.45797567394186,100895.54668632029
2020-09-08,Swat,0.0,0.36015547091537864,293.56854249353876,100905.06636616182
2020-09-09,Swat,0.0,0.3465021195727058,293.792528312991,100870.85863242169
2020-09-10,Swat,0.0,0.33202678091298277,293.7478124192115,100576.17021229237
2020-09-11,Swat,0.0,0.32222389978557003,293.3450956440212,100755.19218790466
2020-09-12,Swat,0.0,0.31315229629275704,293.7583569643962,100999.40177252625
2020-09-13,Swat,0.0,0.3049844334096111,293.61890503791733,100961.55484456437
2020-09-14,Swat,0.3713845471858189,0.2981375522686184,293.7425482720495,100871.49077619659
2020-09-15,Swat,0.14632627080939395,0.29090401078311995,293.8018968209951,100821.42676675956
2020-09-16,Swat,4.723665598331155,0.2813669938674868,293.6050761886005,100803.530645264
2020-09-17,Swat,1.13169207624736,0.27109556873133867,293.6895521589527,100691.28204341547
2020-09-18,Swat,7.922380010934036,0.26110724345286485,293.2028259357328,100658.8616229685
2020-09-19,Swat,10.954235864091315,0.2509161487186499,292.8976464492859,100685.57651388836
2020-09-20,Swat,0.0,0.2411243428182296,292.6076247285159,100619.04662688373
2020-09-21,Swat,0.0,0.232350459904582,293.2456902307165,100522.26015961381
2020-09-22,Swat,0.0,0.2243618652547272,292.960866495388,100563.11804414587
2020-09-23,Swat,0.0,0.21685134174459234,292.65261690841515,100562.15727155092
2020-09-24,Swat,0.0,0.21008785564407717,293.00392731343373,100727.88791190834
2020-09-25,Swat,0.5217410892198945,0.20953700692884653,292.4354699573124,100649.03922968126
2020-09-26,Swat,0.6922480103930129,0.2197106961882782,290.2269547864949,100884.78525476303
2020-09-27,Swat,0.18442271237328728,0.25752911928968014,289.8057709862202,101159.58086818922
2020-09-28,Swat,0.09327073181206924,0.26285584202660955,290.8088081639212,101169.20319000083
2020-09-29,Swat,0.07313334817209277,0.25158861906138125,289.78321805477265,101096.55608792767
2020-09-30,Swat,0.022127165938400865,0.24120779273251847,290.3590491607913,101007.0102516773
2020-10-01,Swat,0.6212326054157952,0.23017095100027143,290.3214866109985,101004.3666674929
2020-10-02,Swat,0.0,0.2191861667517996,290.44149003096845,100981.74802392232
2020-10-03,Swat,0.0,0.2095274947409926,290.40078132713177,101086.36811901083
2020-10-04,Swat,0.0,0.2010705367584394,290.48538238204844,101169.04756320003
2020-10-05,Swat,0.0,0.1935592540096436,290.16772228022256,101121.63326624155
2020-10-06,Swat,0.0,0.18704650732603523,290.5417901775504,101133.60740221034
2020-10-07,Swat,0.0,0.1813977782525372,290.7388249095048,101322.18281563625
2020-10-08,Swat,0.0,0.17660990646105262,290.6549804341542,101363.96312906693
2020-10-09,Swat,0.0,0.17407870749344997,289.9902640519549,101378.34734174177
2020-10-10,Swat,0.0,0.17120486866890464,289.92799108290075,101253.467269396
2020-10-11,Swat,0.0,0.16793733402273464,289.5053689298362,101043.65722349583
2020-10-12,Swat,0.0,0.16524466917465314,289.1976745576281,100957.42054286109
2020-10-13,Swat,0.0,0.16607227158924384,288.1122835950442,101263.50391725209
2020-10-14,Swat,0.0,0.16427869178341936,288.2032402519224,101238.011859248
2020-10-15,Swat,0.0,0.16090901869720614,288.41316727654254,101247.98086292845
2020-10-16,Swat,0.0,0.15778552770231263,288.7741442491439,101148.28499045971
2020-10-17,Swat,0.0,0.15507146620504184,288.6828923903862,101245.07537801679
2020-10-18,Swat,0.0,0.15274858154153928,288.2758762706602,101220.59595623644
2020-10-19,Swat,0.0,0.15069015550928816,288.545630486251,101114.74304768676
2020-10-20,Swat,0.0,0.14898235637567592,288.2380018270988,101129.9785830918
2020-10-21,Swat,0.0,0.14892549535456237,287.51958937408585,101275.25132480414
2020-10-22,Swat,0.0,0.1481242873666175,287.2544650915199,101183.59814400952
2020-10-23,Swat,0.0,0.14789277879173476,286.5796809356965,101177.20730857863
2020-10-24,Swat,0.0,0.1473794385493497,286.76202961170395,101216.01785450525
2020-10-25,Swat,8.034142702378922,0.183116746388492,283.90230279923475,101695.50588776541
2020-10-26,Swat,0.14754446440751476,0.1841295891635945,285.1632690198748,101733.34070886868
2020-10-27,Swat,0.0,0.17776687663894597,286.34379231396537,101504.14489381328
2020-10-28,Swat,0.0024509905177810772,0.1724747877569574,286.16342900230956,101568.80521635927
2020-10-29,Swat,2.0002174848659444,0.17005069639672804,284.44734492817474,101830.06605987366
2020-10-30,Swat,0.007907980697096775,0.16668012040373592,283.6838318516446,101818.77520441121
2020-10-31,Swat,0.042424264910183335,0.16247797498598324,283.91646887119464,101769.84612721148
2020-11-01,Swat,0.0,0.15869383022753702,284.63124585421554,101732.39756466697
2020-11-02,Swat,0.0,0.15542454079263227,284.7411832789381,101738.08129360362
2020-11-03,Swat,0.0,0.15268247531239332,284.64722101713613,101631.0813381179
2020-11-04,Swat,0.0,0.150382400967658,284.12968211941893,101531.16140732734
2020-11-05,Swat,0.0,0.14840796045596458,284.320121666545,101802.68692713212
2020-11-06,Swat,0.0,0.1466530024891491,284.0118794182139,102093.27288436009
2020-11-07,Swat,0.0,0.14500393650806967,284.3519817649796,102022.85754915778
2020-11-08,Swat,0.0,0.14356491249166228,284.76730264051974,102029.06487974073
2020-11-09,Swat,0.0,0.14246309576314775,284.70555393050563,101888.3096687939
2020-11-10,Swat,0.0,0.14162767101062548,284.490444011483,101921.61627622288
2020-11-11,Swat,0.0,0.14093706863997565,284.1152442291921,102132.55312343182
2020-11-12,Swat,0.1975774974959461,0.14017999621816762,284.12034144754466,102165.83278811832
2020-11-13,Swat,18.437966612814893,0.14976940171289724,284.9041719401341,102036.11841796429
2020-11-14,Swat,24.82273748680573,0.3324766508656896,281.1832839928729,101862.44201085936
2020-11-15,Swat,13.227061514987334,0.4218791132923056,278.3773165707993,101901.78236057931
2020-11-16,Swat,0.0,0.4003958660458638,277.6155613009198,102214.49846805293
2020-11-17,Swat,0.0,0.38221312875708674,277.49062590147423,101771.32866878169
2020-11-18,Swat,1.1781407449456085,0.37143125170462016,278.4476333801846,101553.92337077917
2020-11-19,Swat,0.04012608408499535,0.37902990090878774,276.7543479920009,101840.84801931918
2020-11-20,Swat,0.0,0.36804899176817246,276.26142306543267,102015.72693606539
2020-11-21,Swat,0.0,0.3584032396788716,276.4134499977587,101866.07256527396
2020-11-22,Swat,0.06345442644370143,0.3522996821884055,277.94661208017357,101980.59838858493
2020-11-23,Swat,0.0,0.37529540194452626,277.19911366743366,102249.74901765189
2020-11-24,Swat,0.0,0.3917994572841599,277.19381721388163,102145.33625516963
2020-11-25,Swat,0.2304767787296351,0.41560851817125,276.6425841885767,102310.78621207179
2020-11-26,Swat,0.0,0.39558392628384653,276.6307324169456,102500.33497715597
2020-11-27,Swat,0.0,0.382860949787979,278.71468284685386,102552.79330500936
2020-11-28,Swat,0.0,0.37528874778481985,279.4001618725268,102187.47496934584
2020-11-29,Swat,0.0,0.3693277459514721,277.7931068069308,101975.83724080578
2020-11-30,Swat,0.12168881893466696,0.3629869229729201,279.12072602371325,101961.06550673376
2020-12-01,Swat,0.0,0.35696046565701717,280.3466222276627,102013.11513933961
2020-12-02,Swat,0.0,0.35129783167092865,279.8029129428408,101790.0370927454
2020-12-03,Swat,0.0,0.3455873153447597,279.2018923521675,101613.8355740514
2020-12-04,Swat,0.0,0.34758735004345054,279.53152186558697,101577.76824400474
2020-12-05,Swat,0.0,0.3603835481481087,280.01135242141083,101772.32730047498
2020-12-06,Swat,0.0,0.3757376180914711,280.1653002180611,102069.92089593987
2020-12-07,Swat,5.3313068607602245,0.37093090943381296,280.0543067897587,102134.61933303518
2020-12-08,Swat,5.392419008118972,0.39907363970145593,279.5664666247973,102169.76906675918
2020-12-09,Swat,0.0,0.40663899886215366,279.5675554602676,101966.37794653839
2020-12-10,Swat,0.0,0.39077989697483334,278.74302023142826,101914.06662768289
2020-12-11,Swat,31.070595477204602,0.39656345699185597,278.9778459826138,101769.08839109384
2020-12-12,Swat,1.5744732576999015E-4,0.4053485265267437,276.58036900491834,101951.60271481141
2020-12-13,Swat,0.0,0.39506272788941377,276.93294920896557,101758.73040058752
2020-12-14,Swat,0.0,0.3950837222678741,275.10883803440004,101962.16284594631
2020-12-15,Swat,0.0,0.39454184029563866,273.40331434444784,102239.65021098722
2020-12-16,Swat,0.0,0.382954499200447,272.3768455240429,102401.44282020898
2020-12-17,Swat,0.0,0.37539569846873694,272.2551956413459,102233.20575968585
2020-12-18,Swat,0.0,0.3694665795340362,272.73989664398215,102138.62042717464
2020-12-19,Swat,0.0,0.3655305124717729,274.2496782224825,102162.46816929159
2020-12-20,Swat,0.0,0.36309336079458926,277.0647081198541,102213.69942273128
2020-12-21,Swat,0.0,0.36804361510207606,277.7945548948203,101991.60304866817
2020-12-22,Swat,0.0,0.3610914350694455,278.09361090841134,101793.42969812265
2020-12-23,Swat,0.0,0.35519288235008517,276.6338411435718,101720.35850545502
2020-12-24,Swat,0.0,0.3504101976568805,275.89120696216577,101751.55069639473
2020-12-25,Swat,0.08220290409449235,0.34720650331783137,277.12883412230644,101878.0356101181
2020-12-26,Swat,0.0,0.34430614076533433,279.15804829979766,101622.20893714188
2020-12-27,Swat,0.527011883946157,0.3540457082383665,276.80902058433406,101300.41126897924
2020-12-28,Swat,0.0,0.35179784994748914,275.0789473881264,102002.9790269695
2020-12-29,Swat,0.0,0.3482046603297161,274.838591319644,101985.12095350485
2020-12-30,Swat,0.0,0.3427593944149058,275.2973098978616,102170.07243501929
2020-12-31,Swat,0.04066438893207614,0.33865390567519543,275.7943599850808,102110.00859200477
2021-01-01,Swat,0.24375014887248478,0.33560045488418394,275.66319014414324,101883.57629308762
2021-01-02,Swat,0.0,0.332881839601572,274.9034208418162,101918.89727178359
2021-01-03,Swat,0.0,0.3323355053173214,276.19393176187106,101793.89716707394
2021-01-04,Swat,0.0,0.34203270405390374,278.15005101528453,101952.8698871867
2021-01-05,Swat,1.3051334172501727,0.3731533439634829,277.02025074717784,101822.50808919627
2021-01-06,Swat,0.07628663438572661,0.3895240217540226,276.1822440714158,101919.65373975149
2021-01-07,Swat,0.0,0.3797851922781767,276.41857314987385,101636.92449375178
2021-01-08,Swat,0.0,0.3936251267636902,275.4590139313807,101726.23556980226
2021-01-09,Swat,0.0,0.37747764208678347,276.41560963567423,101763.29630390255
2021-01-10,Swat,0.0,0.36864300569284386,276.8137708226535,101705.97800086594
2021-01-11,Swat,0.6413626305132059,0.36227998413766327,277.5072737886263,101799.12913476472
2021-01-12,Swat,0.0,0.356970872024532,276.3350145783791,101756.62957914828
2021-01-13,Swat,0.0,0.35269589866509604,276.7357588604399,101557.97277828475
2021-01-14,Swat,0.0,0.34919224472660887,276.77593231423435,101590.1582427704
2021-01-15,Swat,0.3630935606718285,0.34540732665084944,276.61153044560587,101470.35005761549
2021-01-16,Swat,0.0,0.34156201689969395,277.26183325820296,101323.5390377136
2021-01-17,Swat,0.060056460046896284,0.33793668238449537,277.58681357389685,101533.1120362426
2021-01-18,Swat,0.0,0.33428143301803276,276.4760573649568,101838.67426865148
2021-01-19,Swat,0.1940957073441497,0.3303127922769363,277.0556641403444,101625.29156743697
2021-01-20,Swat,0.0,0.32639217849084823,277.9904474021327,101652.76057870507
2021-01-21,Swat,6.893346965106484,0.32349982166925223,278.10771027123013,101403.12284030113
2021-01-22,Swat,0.07146960875690761,0.3554390141781464,276.90777653027027,101504.53584634695
2021-01-23,Swat,0.0,0.3913166356696236,274.4160953681943,101452.54515968467
2021-01-24,Swat,0.0,0.37419046409819573,271.74393352915774,101876.7682730907
2021-01-25,Swat,0.0,0.3688209463956794,270.5427637206731,101951.22016863804
2021-01-26,Swat,0.0,0.3664992632339963,271.7117437306089,101924.74728969051
2021-01-27,Swat,0.0,0.36450372534738745,273.41872623267886,101929.12988113686
2021-01-28,Swat,0.0,0.3625440203887654,271.4047285306966,101947.09709008457
2021-01-29,Swat,0.0,0.3601945111620519,270.8718679805117,102040.33031454353
2021-01-30,Swat,0.0,0.3589743966440949,272.25465821460824,101720.99289036957
2021-01-31,Swat,5.877116756188509,0.3598552444184501,275.8784126383745,101875.09908310794
2021-02-01,Swat,0.0,0.36102902961162947,277.27944728885035,102165.01574918452
2021-02-02,Swat,0.29733398688600154,0.35528902256388545,277.81877001349136,101900.54534052369
2021-02-03,Swat,0.5653139546572891,0.35123662518324456,277.20022995862183,101940.3947334609
2021-02-04,Swat,0.0,0.3469067972576294,275.91011957751897,101968.16551022406
2021-02-05,Swat,0.0,0.34185293417600454,275.88453088496266,102000.69978188022
2021-02-06,Swat,0.0,0.3365272367930793,277.11567630852414,101953.50601903188
2021-02-07,Swat,0.003725160341078496,0.33087879275054044,279.966565589831,101846.290384269
2021-02-08,Swat,0.0,0.3261130051363441,280.81696123320785,101838.72264120114
2021-02-09,Swat,0.6213236087508358,0.32202483571171187,281.0229053492785,101545.57664389019
2021-02-10,Swat,0.0,0.31649943493180455,280.49106562312693,101573.66537288748
2021-02-11,Swat,0.0,0.31038802424975276,279.81307243023906,101603.55579529719
2021-02-12,Swat,0.0,0.3048052941277177,281.4551595458796,101685.04912903863
2021-02-13,Swat,0.0,0.2998604024694242,281.871803775497,101630.01547172939
2021-02-14,Swat,0.0,0.29460758862239206,280.7684065428852,101650.21694464448
2021-02-15,Swat,0.0,0.2891995728248096,280.33367021747097,101490.67627128593
2021-02-16,Swat,0.0,0.2839925769016888,280.10121088308813,101547.76128840353
2021-02-17,Swat,0.0,0.2789988208349915,280.0689896740157,101634.22984390683
2021-02-18,Swat,0.0,0.2742696434591633,280.2274029430921,101979.87146111882
2021-02-19,Swat,0.0,0.26991633662288067,281.4810092187348,102127.74957863227
2021-02-20,Swat,0.8121452364424027,0.2678291147658057,282.6469876488619,102087.28692101146
2021-02-21,Swat,0.0,0.2690309687366859,284.1758006483862,101939.83335820385
2021-02-22,Swat,12.089697211236937,0.37225242334490305,281.8487060085449,101846.77954480144
2021-02-23,Swat,5.068471913864264,0.4074606787541316,281.2506522655623,101699.15053169214
2021-02-24,Swat,0.0,0.41488602650069456,281.9294044078399,101646.19479856295
2021-02-25,Swat,0.03734442824092291,0.41881107675002205,282.31501058458946,101515.06623970096
2021-02-26,Swat,0.0029523452845977892,0.4265790994060786,280.95017202272464,100962.95742062297
2021-02-27,Swat,0.0,0.4114384010080544,279.9834288001303,101005.22154453234
2021-02-28,Swat,0.0,0.39172983472637724,280.1939002237966,101477.20557657053
2021-03-01,Swat,0.0,0.37801914033341477,281.0235537550057,101823.13522764975
2021-03-02,Swat,0.0,0.36639372967757255,281.60459402726264,101693.7650217816
2021-03-03,Swat,0.0,0.35769442008799174,281.90127695859115,101481.30459391892
2021-03-04,Swat,0.0,0.3526896329856271,281.62483143139815,101636.16785227948
2021-03-05,Swat,0.0,0.34500840030118374,281.6360287099931,101557.87719536074
2021-03-06,Swat,0.040535348783658075,0.3439263847236055,282.7760515712455,101436.43182570043
2021-03-07,Swat,0.22442515006999766,0.38466955808163866,280.87026614995204,101557.01510296942
2021-03-08,Swat,0.030302297432605013,0.3783769257121349,281.8316218519738,101807.14722195805
2021-03-09,Swat,4.334116741214565,0.3608657225974655,283.4340504602222,101764.32887491302
2021-03-10,Swat,12.22043187379983,0.3650461958855003,283.197852368865,101835.424502604
2021-03-11,Swat,16.374982960817157,0.4258644911632787,280.28094774667096,102027.40542926882
2021-03-12,Swat,8.425592861493845,0.4156637551045665,281.3583828843761,102243.2777055545
2021-03-13,Swat,15.81527637922079,0.3970738016510743,284.51250476146197,102030.00955766006
2021-03-14,Swat,5.8958013830876785,0.4160241432432409,280.4370142868485,101829.85578654615
2021-03-15,Swat,6.885239406179877,0.4027797625246933,282.874609819066,101648.93105454204
2021-03-16,Swat,0.28707907097125573,0.3906132691688697,283.220748220199,101673.38989177976
2021-03-17,Swat,0.0,0.3827138477965027,283.25795556985736,101558.17287631707
2021-03-18,Swat,0.0,0.36984842613212215,284.20261733899116,101649.13374476948
2021-03-19,Swat,0.020056467219290375,0.3562478257703433,285.02881062216653,101515.12720117801
2021-03-20,Swat,5.274384639174308,0.34527380928262585,285.83341802066633,101220.02409180858
2021-03-21,Swat,13.676517555483557,0.39986338859272463,282.24353690826956,101405.70941693439
2021-03-22,Swat,24.75210848187746,0.42588703178529136,281.97834252218684,101587.34130728165
2021-03-23,Swat,22.360489301333562,0.4262336153114807,280.97372297023315,101655.77477747932
2021-03-24,Swat,0.0,0.40821997146584205,281.81359619665005,101958.6996154577
2021-03-25,Swat,0.08937205662094892,0.38919255378101786,284.0041293880544,101704.79678445394
2021-03-26,Swat,0.14408708633703923,0.3728302270600154,286.13085621226355,101392.69323095393
2021-03-27,Swat,0.18149409361588617,0.36172690574676225,286.65465392806243,101302.92935060816
2021-03-28,Swat,6.603430758097148,0.3884658869461845,286.60419360869923,100998.6414740583
2021-03-29,Swat,0.0,0.4149828995659749,284.8785851689848,100811.64811983032
2021-03-30,Swat,0.0,0.39296393434761107,284.79272357796924,100662.29559142201
2021-03-31,Swat,0.0,0.3751992809962497,284.01397043128287,100731.54282142305
2021-04-01,Swat,0.0,0.35971594090941156,282.8501516924223,100787.21880994237
2021-04-02,Swat,0.0,0.3465816144354462,282.05472485889715,100980.67876661183
2021-04-03,Swat,0.0,0.3350956807401078,284.0250783635193,101390.9554225411
2021-04-04,Swat,4.103714203772012,0.3407387163366679,283.92135325078846,101597.5146866602
2021-04-05,Swat,0.24274878586178747,0.36492788926602643,285.73110839425647,101536.748910413
2021-04-06,Swat,6.7015485496950715,0.4216890447568141,283.69103197145955,101360.75048611558
2021-04-07,Swat,0.0,0.4054982442247714,283.4262785627053,101702.0039263572
2021-04-08,Swat,0.18476734935085332,0.3865433989046936,283.6762397708519,101391.32414451744
2021-04-09,Swat,0.0,0.3704374143690266,285.7266529755935,101572.14410014487
2021-04-10,Swat,3.603882454865616,0.3568771534006612,286.80316550579334,101700.43712011143
2021-04-11,Swat,0.3561287049998035,0.35901112356649756,286.20252825819205,101806.6676828219
2021-04-12,Swat,0.6755549101750948,0.35285772034028634,287.49845720256775,101799.85746948746
2021-04-13,Swat,5.241870447185235,0.3389494160500433,287.3523780090377,101619.27225281447
2021-04-14,Swat,4.806748601748024,0.3280991492892558,289.05263231866496,101408.90549604014
2021-04-15,Swat,6.691057796704268,0.40305399563073546,283.9027909292216,101659.20696435221
2021-04-16,Swat,10.032594624934632,0.41146283537345274,285.30760830214103,101416.09448751972
2021-04-17,Swat,5.797789659360877,0.4213050922475838,283.9895421909217,101486.51163617094
2021-04-18,Swat,4.257167109470111,0.41993973971877124,283.19335286957164,101725.63763672944
2021-04-19,Swat,0.19501844934880108,0.3925907612695962,286.1594777160394,101260.85140543549
2021-04-20,Swat,3.8151227774781042,0.3788237092496688,286.861848115697,101025.31586360632
2021-04-21,Swat,1.8268017160907526,0.37013990494906107,286.4006164100264,101203.39938848575
2021-04-22,Swat,1.9379736934700327,0.382974492883127,283.4547067870043,101382.19326939803
2021-04-23,Swat,0.0,0.36445719993003683,285.3084524474045,101368.46515395853
2021-04-24,Swat,0.0,0.34541763092755284,287.01803249470817,101518.06743298577
2021-04-25,Swat,0.0,0.32902012918797874,289.1104652977152,101353.00241869067
2021-04-26,Swat,0.15238121441659544,0.3138908011129067,290.35847548895464,101203.94484206552
2021-04-27,Swat,3.6728100601769786,0.2996906383349367,290.91216456422194,101243.01398151446
2021-04-28,Swat,0.01874228157728988,0.2863713241546354,291.2893941248968,101249.15163721303
2021-04-29,Swat,0.6289324327078496,0.2750993216104772,291.2438118090828,101280.59071595066
2021-04-30,Swat,0.19631616786127618,0.2665332193911947,291.3959541176305,101200.77285577988
2021-05-01,Swat,5.059098564149368,0.2551389651175179,291.828636881352,101163.05729385868
2021-05-02,Swat,1.0807860145070531,0.2448643560036068,291.9529875971088,101132.29341325996
2021-05-03,Swat,0.3369397122760615,0.2386730465002938,292.5650351213335,100904.065140503
2021-05-04,Swat,7.952017111438482,0.2857178964857436,290.94865623349864,101037.13119759463
2021-05-05,Swat,4.8699772994181485,0.33247811319306575,289.4786448772773,101273.5015150013
2021-05-06,Swat,1.0394151285230413,0.3284500233464563,289.7839871345763,101265.75379079123
2021-05-07,Swat,0.0,0.3219222379453487,289.94713975026116,101350.0358149846
2021-05-08,Swat,1.376717921957277,0.3077639278306603,290.411145502676,101217.43277618036
2021-05-09,Swat,0.5595777204992346,0.29320578656590784,291.2645729352114,100981.36538087981
2021-05-10,Swat,7.324838609006008,0.2903114048060011,291.95672024069614,100835.18072119114
2021-05-11,Swat,1.3644815971112751,0.35198879140058364,289.24510813249793,100882.9544771197
2021-05-12,Swat,2.4652422303623007,0.33160736380541683,290.387010856531,100538.43432077354
2021-05-13,Swat,5.435432476920032,0.32734423958718895,288.8261791942729,100801.26628487275
2021-05-14,Swat,4.651846517737427,0.3250550464763212,289.1351255721309,100827.47930771264
2021-05-15,Swat,0.0,0.3257268261417811,289.6023291980622,101084.62958041289
2021-05-16,Swat,0.01668151893258816,0.31751408473485176,290.63581456264,101333.23245051838
2021-05-17,Swat,0.0,0.299082848449073,291.63485192709646,101175.9329236338
2021-05-18,Swat,0.0,0.2816223835620177,292.48724997841293,100957.7462866028
2021-05-19,Swat,0.0,0.2676799913762639,291.8991909168708,100678.02724397229
2021-05-20,Swat,0.10263725549552824,0.2583227000237076,292.09127610034415,100548.61566642858
2021-05-21,Swat,0.04377866324673248,0.255739066618475,291.41175871022887,100887.68688894103
2021-05-22,Swat,0.0,0.24687409089367415,291.5848410616868,100952.19317885207
2021-05-23,Swat,0.0,0.25284542726047854,289.1259322074384,101238.13981413278
2021-05-24,Swat,0.0,0.2471216149440104,290.16499454545163,101119.63920282102
2021-05-25,Swat,0.0,0.23256278489560614,291.562625106485,100752.56666208031
2021-05-26,Swat,0.0,0.2146802919079013,293.1701034060059,100509.61806817347
2021-05-27,Swat,0.0,0.1983190554179667,294.6112255000641,100548.00058703136
2021-05-28,Swat,0.0,0.18490497863233374,295.64909566793455,100542.07543365956
2021-05-29,Swat,0.0,0.17749931632006546,296.20338195512113,100659.21090993141
2021-05-30,Swat,0.0,0.16936436508573716,295.8709524352194,100601.69314420174
2021-05-31,Swat,0.1415202603751856,0.1656404469490143,295.798354398668,100359.62960595793
2021-06-01,Swat,0.3278959093461583,0.17407224347788028,293.93216161499345,100710.44900439878
2021-06-02,Swat,6.27827016352264,0.17659366191934112,294.54895647572937,100762.84342474259
2021-06-03,Swat,0.004161731102856445,0.18576312698818226,294.23520141250066,101018.64459890653
2021-06-04,Swat,0.0,0.184637204787228,295.5244532852954,100916.80404836666
2021-06-05,Swat,1.9988004390124123,0.182824629462816,296.21191122361347,100759.16945858557
2021-06-06,Swat,5.892462103097239,0.17958922553250506,296.50290315778216,100710.33502546416
2021-06-07,Swat,0.0,0.1741487726642986,298.19326282650525,100427.11652282154
2021-06-08,Swat,0.0,0.16527485820972743,299.77060775771656,100146.14989787016
2021-06-09,Swat,0.0,0.1556985860392323,300.2696913252633,99946.0539823541
2021-06-10,Swat,0.0,0.14821563309952254,300.7449320510412,99881.75226921395
2021-06-11,Swat,7.049857893459087,0.15978583279757386,298.7615412091183,100062.09705771062
2021-06-12,Swat,0.929312099098769,0.17055661646899653,298.26845246644035,100141.00842482346
2021-06-13,Swat,1.6448298074408043,0.21622062250948468,295.28551294981986,100292.3752008198
2021-06-14,Swat,0.05885273792222754,0.20943849020150293,295.4114628563473,100149.23700589193
2021-06-15,Swat,0.5996890745434963,0.20846313439019437,294.565389800311,99881.2780520572
2021-06-16,Swat,0.3108150292208551,0.19509575828466535,295.7552988442677,100231.15285047867
2021-06-17,Swat,0.0,0.20470687670427107,293.45862991934564,100509.58061779676
2021-06-18,Swat,0.1767325679791772,0.20453437643312433,295.16215756206867,100442.12982498824
2021-06-19,Swat,0.0,0.18286947307812862,296.45412192449163,100293.76018743518
2021-06-20,Swat,0.07955375247668682,0.17727341796459384,295.91104599607945,100522.59381651832
2021-06-21,Swat,1.8071767824821257,0.1787171001212648,295.57153906321975,100649.47671627629
2021-06-22,Swat,1.7616599893642493,0.1726830726893663,296.2654569705447,100527.42303186403
2021-06-23,Swat,1.6122397441747298,0.16212789365570068,297.2075287123628,100571.17083751493
2021-06-24,Swat,0.0,0.15199096783260266,297.87715064338585,100470.75306262943
2021-06-25,Swat,0.02632223779051658,0.15292404098483567,296.6255206406201,100435.53744734169
2021-06-26,Swat,2.381682046021889,0.15690333514909416,295.7074819287135,100770.16563061484
2021-06-27,Swat,1.6635207617370467,0.16436011486577706,296.2317622512623,100979.44305567918
2021-06-28,Swat,0.0,0.16316112256620502,297.3920061807827,100687.68357794237
2021-06-29,Swat,0.07542423317572801,0.15178077050876868,298.903444642724,100320.42132843604
2021-06-30,Swat,0.5098218889519565,0.14294209531176671,299.9362924833645,99971.12879610255
2021-07-01,Swat,0.0,0.13931236652811974,300.8933832793535,99822.29631604288
2021-07-02,Swat,0.0,0.13855067892240386,298.72699388523785,100097.27171333235
2021-07-03,Swat,0.0,0.14747453778678232,297.2485179367407,100442.53227155084
2021-07-04,Swat,0.0,0.15300922183236507,297.2565429542638,100629.06661781894
2021-07-05,Swat,0.0,0.18159823314903806,296.835309716575,100626.27049121444
2021-07-06,Swat,0.0,0.18591995920137652,298.047138210324,100437.47881704445
2021-07-07,Swat,0.0,0.17059461493657144,298.9096501614364,100283.79620425146
2021-07-08,Swat,0.0,0.1557434607757761,300.06607056260935,100204.84053258237
2021-07-09,Swat,0.0,0.14626760516852658,300.6898281177233,100315.44155711774
2021-07-10,Swat,0.17795313357488707,0.16803595703978605,297.9279389276487,100426.56848311688
2021-07-11,Swat,10.764662736007653,0.21906018140076275,297.0327695547096,100543.4789050612
2021-07-12,Swat,11.169519586898708,0.3580851767439725,294.59147099221735,100703.02964369387
2021-07-13,Swat,0.0,0.3740346706795903,294.36423251552884,100789.33452366738
2021-07-14,Swat,0.0,0.3570504978557872,294.38938618242463,100755.46261133604
2021-07-15,Swat,0.0,0.3195534180152507,296.2390603901947,100775.28858270735
2021-07-16,Swat,0.0,0.29784904968699033,297.3395798550293,100846.52358419458
2021-07-17,Swat,0.0,0.2778577953482165,299.36535252245227,100432.11478777834
2021-07-18,Swat,39.04005550513081,0.28460887175487165,298.4061729270565,100063.0966252144
2021-07-19,Swat,59.68369755140876,0.40385611951322214,294.7588425913263,100094.97182856349
2021-07-20,Swat,0.0,0.42441687999233296,293.25578910723243,100222.99450502192
2021-07-21,Swat,0.0,0.4119274020394403,293.80663237087555,100091.48486212727
2021-07-22,Swat,0.0,0.38305032859300914,295.2599221773076,100063.65458526895
2021-07-23,Swat,0.0,0.3588987928409007,296.2266478854613,100243.1312957282
2021-07-24,Swat,0.0,0.3387603109965842,297.9316307982652,100287.68680623562
2021-07-25,Swat,0.0,0.35345987882701313,298.29530847666285,100135.61701020185
2021-07-26,Swat,0.0,0.39252362746350106,297.58035156828146,99940.40877567664
2021-07-27,Swat,41.15287825461438,0.42076138461994694,296.6473864648051,99715.3934890859
2021-07-28,Swat,33.457740957328106,0.42583808926506755,295.24973555244196,99955.10348369359
2021-07-29,Swat,0.0,0.41672377381720027,295.37455362194396,100074.17564555742
2021-07-30,Swat,0.0,0.4131256131384768,295.051715106452,100312.5612326091
2021-07-31,Swat,2.407769667627186,0.4151017988267261,294.86604005448305,100452.7284204631
2021-08-01,Swat,1.860226991806516,0.4124928059404482,295.16060004052736,100182.2098891393
2021-08-02,Swat,0.0,0.40022219407682835,295.6804684340702,100316.3585793081
2021-08-03,Swat,3.1446568130995285,0.39493332858871183,295.80023188582106,100413.5176896002
2021-08-04,Swat,0.0,0.3957762174145161,295.0482090698868,100495.2965965331
2021-08-05,Swat,14.38599439723041,0.38117382478465384,295.56566962338303,100404.53307331279
2021-08-06,Swat,0.05005389173147633,0.36628635117964115,295.02550843563495,100497.24106933286
2021-08-07,Swat,0.0,0.35302434421493073,295.59646344304514,100615.93439740883
2021-08-08,Swat,5.349552829698834,0.35623700955761944,295.3561413507555,100732.96168665416
2021-08-09,Swat,4.092134520383027,0.3610952825757342,294.87089730171476,100717.22118715399
2021-08-10,Swat,0.21790019867430913,0.34839075798546676,295.3756204501963,100508.85942937809
2021-08-11,Swat,0.0,0.3533429982885599,296.05485750093965,100535.17584941235
2021-08-12,Swat,0.0,0.3547099342540901,295.9985352506424,100622.51239822421
2021-08-13,Swat,2.1631185698553197,0.3574189154573592,295.49869278530633,100434.28850809552
2021-08-14,Swat,1.2845447551027431,0.39995624197638646,293.4997348560017,100367.27670575483
2021-08-15,Swat,1.7818148291667877,0.3937620428091233,292.2522418732167,100686.77973348113
2021-08-16,Swat,3.7887110158575776,0.36470003692124037,294.17842740182124,100881.84811972904
2021-08-17,Swat,0.0,0.3427713190127495,295.0944915597847,100760.68967967962
2021-08-18,Swat,0.0,0.329560213271044,294.7027934335172,100575.62614522966
2021-08-19,Swat,14.597065588050098,0.32478281043944485,295.05828754371885,100538.72567398587
2021-08-20,Swat,1.8754299937928098,0.31833667459351744,294.93308968985343,100814.61901991804
2021-08-21,Swat,0.04915194125639977,0.3034994715743376,295.7003197795999,101013.90635825049
2021-08-22,Swat,0.2535065735504476,0.2883670885552324,295.7685234965547,100864.64711345464
2021-08-23,Swat,0.40727319201498696,0.27836315968421343,296.03308746175037,100619.50698797508
2021-08-24,Swat,0.8230993250713143,0.27382504083658804,296.6691011943218,100419.39290407783
2021-08-25,Swat,1.013310956014835,0.2742276136395082,296.65056243564345,100170.15424863019
2021-08-26,Swat,0.3014897801551964,0.26714210442742214,297.0096004402969,100091.83556140537
2021-08-27,Swat,29.46907991425788,0.2777121197670869,295.942541702378,100368.27743593996
2021-08-28,Swat,7.64167732790924,0.3268509469544851,294.2419002726477,100558.873826443
2021-08-29,Swat,0.0,0.3218413076981502,293.73089307816946,100705.22894881674
2021-08-30,Swat,26.087981906102822,0.3149841891334685,293.6053150673091,101075.69046196653
2021-08-31,Swat,3.576766323211983,0.33335215583269473,292.9050017106205,101287.46353677682
2021-09-01,Swat,9.25837645243106,0.33468286824938764,293.2748642609338,101108.99269233175
2021-09-02,Swat,0.13225216616847563,0.3052834084707874,294.5652761280587,100852.1750519501
2021-09-03,Swat,0.4000537216792644,0.28406226787678035,295.6040087078732,100703.76993073981
2021-09-04,Swat,0.9697203607610759,0.2688043537695831,295.42190972273113,100642.69167295589
2021-09-05,Swat,1.2707121375541872,0.26042151711226286,295.56103430066304,100705.1675932876
2021-09-06,Swat,0.0,0.25855107150850226,296.05470853381496,100869.41886270187
2021-09-07,Swat,0.1869218748390525,0.264432291822108,295.88321824537746,100941.69647922799
2021-09-08,Swat,4.833570590284046,0.31165956983379256,293.9483940334415,100961.33158572829
2021-09-09,Swat,5.600630237283626,0.33512633134502967,294.74341787040447,100878.67120779239
2021-09-10,Swat,17.227465041330785,0.39316926572698147,293.4126924480622,100901.85190293258
2021-09-11,Swat,11.218200807461184,0.3942308462849487,293.02394170609927,100951.39632383289
2021-09-12,Swat,0.02665146200051523,0.37803978929090776,293.0437206673296,100738.61196795371
2021-09-13,Swat,0.0,0.3559888873498091,293.8621288182319,100716.21177669425
2021-09-14,Swat,0.0,0.33604097856718806,294.60309237359996,101003.04605983308
2021-09-15,Swat,0.0,0.32135316661718755,294.54918597953696,100976.63848604071
2021-09-16,Swat,0.0,0.3082567201154743,294.8919179799821,100664.04075631691
2021-09-17,Swat,0.0,0.29649129600779667,295.4220367648461,100731.93086839157
2021-09-18,Swat,0.0,0.288715176233097,295.5694659081177,100954.1538487608
2021-09-19,Swat,0.9866944393353202,0.2861837250847242,295.77248642403845,101087.2001718856
2021-09-20,Swat,24.07709953317119,0.2997882530199804,294.91773802021726,100991.42943685452
2021-09-21,Swat,3.7237584857124957,0.31481466295701976,293.5746999855224,100899.68796132927
2021-09-22,Swat,8.000970637641235,0.34903388290078424,293.22828336762166,100910.94309715835
2021-09-23,Swat,0.4195077278919002,0.3475205042939894,293.20712801426413,101133.4881536509
2021-09-24,Swat,0.10440451891931155,0.32954006231499955,293.1560285763503,101225.80706698788
2021-09-25,Swat,0.0,0.30912125511605365,294.179643669965,100962.29884146662
2021-09-26,Swat,7.1091028488466895E-6,0.2948524210361362,294.58782592155194,101002.58083606823
2021-09-27,Swat,5.510037692015218,0.2883855297989284,294.8302498446673,101091.49283776178
2021-09-28,Swat,0.0926468004304765,0.2792898421986477,295.2948213014926,101169.15505671511
2021-09-29,Swat,0.11644771412927192,0.27296254868137726,294.8396648134174,101297.51935686043
2021-09-30,Swat,6.231487051095836,0.2743564183435651,294.1940814087846,101333.89011738604
2021-10-01,Swat,10.468246849423998,0.33426868609516963,292.98706032865596,101288.38342735276
2021-10-02,Swat,0.1062811696250362,0.381721021942089,291.72861823381936,101162.87719308448
2021-10-03,Swat,0.0,0.3663876744780704,292.00404697230357,100970.78523807017
2021-10-04,Swat,0.0,0.3501594020488614,291.57171634199966,100963.24680534533
2021-10-05,Swat,0.0,0.33191742572288174,291.4116269673676,101372.7994583427
2021-10-06,Swat,0.0,0.31578705622059566,291.6196485637122,101249.46132649365
2021-10-07,Swat,0.0,0.30143782214821385,292.18302248061156,100959.26292961292
2021-10-08,Swat,0.0,0.2895329982244605,291.4652686663443,100940.38584604346
2021-10-09,Swat,0.0,0.27924478223726273,291.2841562613839,101037.93418065483
2021-10-10,Swat,6.79984417764091,0.328932766211104,288.65383871469663,101121.93365887729
2021-10-11,Swat,0.09092580810169464,0.3357061048364823,288.5765686744644,101261.97392705527
2021-10-12,Swat,0.0,0.3158766741076837,289.1660866312586,101224.90334443485
2021-10-13,Swat,0.011564115606695326,0.2993842252789182,288.9826576161853,101193.75303227882
2021-10-14,Swat,0.0,0.285438122256833,289.1571280644002,101200.43025657386
2021-10-15,Swat,0.009268041357734269,0.2734397436719913,289.98305348139564,100931.5245157054
2021-10-16,Swat,0.0,0.26313201277920356,290.0214002842601,101046.2345361111
2021-10-17,Swat,0.0,0.2825402138974599,288.3405527823764,101262.60608170586
2021-10-18,Swat,0.0,0.29533495198001913,288.0046197201767,101059.59121370061
2021-10-19,Swat,0.02424047527302734,0.28017933101337666,288.58610791623937,101163.71160521336
2021-10-20,Swat,0.0,0.26710213964142127,289.20242085662125,101385.5980425879
2021-10-21,Swat,0.0,0.25630299160234976,289.9388366272825,101238.74915549427
2021-10-22,Swat,19.871256596990598,0.3431524932522781,284.9421901814233,101336.45299044558
2021-10-23,Swat,0.007332641394380926,0.35837177391175284,284.01248332755773,101542.67913486589
2021-10-24,Swat,0.0,0.39139673529692454,281.63023859934805,102112.84220439516
2021-10-25,Swat,0.0,0.37391850737025334,283.22236742992817,101905.05926715415
2021-10-26,Swat,1.860247687378961,0.35504075341528907,284.40469081501624,101676.78635446669
2021-10-27,Swat,0.0,0.3411212339554277,284.43905265403265,101895.18346185125
2021-10-28,Swat,0.0,0.3291108371620549,284.1781014764735,101883.91917708358
2021-10-29,Swat,0.0,0.31932453844342396,284.04656182373634,102101.44953781083
2021-10-30,Swat,0.0,0.310480237157653,283.22949424164506,101969.97873408611
2021-10-31,Swat,0.0,0.30236706491906873,283.88101303389703,101577.78990902912
2021-11-01,Swat,0.0,0.2964562371998543,283.1463852960319,101700.90500410741
2021-11-02,Swat,0.0,0.2911855625653696,283.06350040762015,101927.0471033883
2021-11-03,Swat,0.0,0.2850415696008636,282.5963374272108,101890.2229894744
2021-11-04,Swat,1.2200663639467986,0.28975558153074016,283.97026807389886,101730.21139554125
2021-11-05,Swat,0.0,0.3601589782493205,281.9824827215966,101865.88504984576
2021-11-06,Swat,0.0,0.33451239203149097,282.29789008527354,101674.03079853469
2021-11-07,Swat,0.050936655874887375,0.31882881742845803,282.088751634039,101641.24920784906
2021-11-08,Swat,0.0,0.3077154408906822,283.48337801974924,101758.10627949062
2021-11-09,Swat,0.0,0.2990218345960465,284.03224083765633,101718.4801997677
2021-11-10,Swat,0.0,0.2915543854839291,283.43415589405475,101678.42269294887
2021-11-11,Swat,0.06730805272641385,0.28471625235225145,282.94632747702826,101673.33490557915
2021-11-12,Swat,0.0,0.27843076082334767,282.3979148305509,101683.06822564265
2021-11-13,Swat,0.0,0.2725949675452254,281.87714414748746,101595.77975067984
2021-11-14,Swat,0.026270581525173815,0.26742522071019076,281.35768795911827,101488.80479676211
2021-11-15,Swat,0.0,0.26275990568568935,281.10422078070377,101506.95357545355
2021-11-16,Swat,0.0,0.2584373910641644,281.6439578829329,101614.04996545083
2021-11-17,Swat,0.5821070673474295,0.2545937254278942,281.755251960627,101767.64145610086
2021-11-18,Swat,0.9519896322094938,0.2517434708157489,281.7895913818395,101577.33460763744
2021-11-19,Swat,0.0,0.24833615063136416,281.82625179502156,101399.61451158776
2021-11-20,Swat,0.0,0.24451810921243297,281.44534219799067,101509.92813936585
2021-11-21,Swat,0.048686458701016656,0.2406797505076494,281.13001909809327,101707.09627213565
2021-11-22,Swat,0.0,0.23703457338770553,281.65163603873236,101547.04045483423
2021-11-23,Swat,0.0,0.23365994502756907,283.3993109948071,101326.53987033195
2021-11-24,Swat,2.0133036128939503,0.23119553321012498,283.12622397859326,101577.87675021848
2021-11-25,Swat,0.19299555285627082,0.2284399675785469,282.125574182002,101759.94894268582
2021-11-26,Swat,0.0,0.22507182606033227,282.1265083580646,101613.71536691858
2021-11-27,Swat,0.0,0.22237439328319958,281.3512928824274,101813.24102658911
2021-11-28,Swat,0.16851367629810488,0.2199118263249321,281.2608166536287,102038.73985429674
2021-11-29,Swat,0.30667847036995033,0.21752215967755986,280.91410124319503,102118.99079491277
2021-11-30,Swat,0.15006317455256296,0.21504893534422764,281.196386530059,101871.05811054299
2021-12-01,Swat,0.0,0.21289395682419385,280.8257936486943,101926.60657389152
2021-12-02,Swat,0.0,0.21072042990627715,280.907868059952,101887.34339540364
2021-12-03,Swat,0.0,0.20852122414420457,281.2730727989153,101970.19318062252
2021-12-04,Swat,0.0,0.2280899295751105,282.21922739182395,101786.30774051843
2021-12-05,Swat,4.326058281734214,0.3966956857723281,278.9727377321549,102035.83107836722
2021-12-06,Swat,1.1516178916327988,0.3769381130401725,278.97714109277797,102089.48899790373
2021-12-07,Swat,0.37049386681077484,0.3553837800852595,278.78537050720365,102037.42005573379
2021-12-08,Swat,0.0,0.3438665979362671,279.11256904128226,101973.32647190336
2021-12-09,Swat,0.0,0.335107319524845,277.93041753404077,102312.94518224525
2021-12-10,Swat,0.0,0.3279043823123299,276.52956684108045,102196.48950931152
2021-12-11,Swat,0.07530958521512382,0.3221986119739211,277.00457225708857,102000.14163542236
2021-12-12,Swat,0.009578545893410674,0.317556254847041,277.0734913245028,102015.03096849806
2021-12-13,Swat,0.0,0.3131141875424064,276.69743206441103,101886.96308885235
2021-12-14,Swat,0.0,0.3336955346336332,275.42562926905583,102103.50636275244
2021-12-15,Swat,0.20871018160851765,0.3448826940738353,275.41115501616036,102011.08133988832
2021-12-16,Swat,1.0218440411086138,0.3326757289976173,274.89245460658304,102120.76670421705
2021-12-17,Swat,0.0,0.3245841137690106,274.50924482379264,102219.40019075356
2021-12-18,Swat,0.0,0.31894674231886244,274.6033875089764,102111.656472571
2021-12-19,Swat,0.0029313246836191907,0.3146160433692644,275.7195938427983,102020.88402399514
2021-12-20,Swat,0.0,0.31196607658283027,276.56190186368525,101851.89162555846
2021-12-21,Swat,0.0,0.30863629344346705,277.5920116071318,101801.91971934792
2021-12-22,Swat,0.0,0.3070008316187411,279.8934281469475,101572.82937923894
2021-12-23,Swat,0.0,0.31121240835442854,278.6864961348354,101671.0972749704
2021-12-24,Swat,0.0,0.3066169041382258,278.0637968853878,101663.80368719436
2021-12-25,Swat,0.0,0.30191077098438673,278.3637671382496,101784.06837891316
2021-12-26,Swat,3.2144249204240234,0.32230230293527923,276.8212242870943,102170.04946390704
2021-12-27,Swat,0.0,0.3558776421829799,274.4751248936462,102412.85806410646
2021-12-28,Swat,0.0,0.3409346362605295,274.24542869531933,102170.65405893883
2021-12-29,Swat,0.0,0.3318059339532265,274.33994010853553,102155.73883451628
2021-12-30,Swat,14.61160182840189,0.3259711299679995,274.8744549963953,102509.15119004741
2021-12-31,Swat,0.03824534044627283,0.3210858573470217,276.6520121752431,102395.23830388651
2022-01-01,Swat,21.591016190795084,0.3180559573419022,277.3295119390543,102351.48106678345
2022-01-02,Swat,0.00430411468755817,0.3151840542908714,277.1123529653182,102277.34822848538
2022-01-03,Swat,13.901516875651375,0.3302206204317721,277.66781662701345,102213.7587999065
2022-01-04,Swat,0.0,0.4061299496653504,276.37621260853786,102134.84783266285
2022-01-05,Swat,8.941655407487875,0.41622056849603556,275.83683239557286,101839.11214853985
2022-01-06,Swat,1.5506586975245353,0.40930899963243883,277.1550990488576,101936.45247170299
2022-01-07,Swat,56.37480041800049,0.41880572820006395,276.3413940731101,101757.30668684635
2022-01-08,Swat,14.796857072704288,0.4140900435040098,275.87744362071476,101807.00485002749
2022-01-09,Swat,0.0,0.39784017240518565,275.4120776722009,101756.02769417303
2022-01-10,Swat,0.0,0.3892672651746739,273.9410565817462,101990.23118160987
2022-01-11,Swat,0.0,0.38297795693138775,273.8481185008097,102048.10276008457
2022-01-12,Swat,0.2481023952784134,0.37786418482102735,275.8495526488992,101947.22917594046
2022-01-13,Swat,0.0,0.37408021855683876,275.15196010553336,101909.13838487197
2022-01-14,Swat,0.0,0.3704836057888777,276.1063423833913,102080.28275387274
2022-01-15,Swat,5.063789812681597,0.3671893841312063,278.29486543300385,102127.36049291407
2022-01-16,Swat,4.926484071879205,0.36617682389654055,280.2546796447665,102100.28775641203
2022-01-17,Swat,3.08392695504713,0.3791713993908542,278.0714207533068,102307.72747706498
2022-01-18,Swat,0.8805987601752738,0.378030878636111,278.97923147477815,101905.97351808086
2022-01-19,Swat,0.0,0.40066985055254745,277.4631676507215,101653.46592056425
2022-01-20,Swat,0.0,0.38526823059939547,277.6474192816903,101204.89324248719
2022-01-21,Swat,2.9552685109573833,0.3922628481768585,276.3778461628903,101266.69149161101
2022-01-22,Swat,0.10360493596372211,0.4118588163826266,275.1187430949066,101078.2655660692
2022-01-23,Swat,0.0,0.41338347861751523,275.20750527389765,101324.56984130667
2022-01-24,Swat,0.0,0.40327461457395763,275.8959109167514,101568.029423399
2022-01-25,Swat,0.0,0.39333683991065,274.299647273904,101583.3396653137
2022-01-26,Swat,0.0,0.38605595691937755,272.52920783754837,101705.36000856894
2022-01-27,Swat,0.0,0.3799000511921526,271.9935126774274,101861.1521104296
2022-01-28,Swat,0.0,0.375720203477914,275.145617837558,101730.50092012923
2022-01-29,Swat,0.0,0.3721216828673319,275.14739511698093,101806.10961047013
2022-01-30,Swat,0.0,0.36766274015740363,276.58320825659024,101317.37648110972
2022-01-31,Swat,0.0,0.3704644983820545,275.5986662221913,101348.02184156369
2022-02-01,Swat,0.0,0.3681099428847485,275.61439254380224,101353.96438937604
2022-02-02,Swat,0.13710156897704442,0.36521447982671995,276.8257754134022,101189.5923055639
2022-02-03,Swat,0.0,0.3662578494833847,276.87803534778516,100935.04440016062
2022-02-04,Swat,0.0,0.3590119860486081,275.6842487388346,101155.72838910087
2022-02-05,Swat,0.0,0.353766772224416,276.21702653217017,101501.22637710824
2022-02-06,Swat,0.11000650330952008,0.37063498433562664,277.053257844112,101804.53131803585
2022-02-07,Swat,0.0,0.4025807976600503,275.74681078761313,101882.34800819057
2022-02-08,Swat,0.10434203050788701,0.3912750841330703,275.8949265936414,101631.95618762946
2022-02-09,Swat,0.0,0.39067647566906405,274.7760183346143,101904.07571339111
2022-02-10,Swat,0.0,0.37976364776197347,274.81486702341977,101993.00558552383
2022-02-11,Swat,0.0,0.37136035124157274,276.717255741273,101774.71587959095
2022-02-12,Swat,0.0,0.36513570171969023,277.6916622359374,101504.25584249238
2022-02-13,Swat,0.0,0.3598036574374686,279.38345681480814,101450.80734722507
2022-02-14,Swat,0.0,0.356107642510203,279.12939869431176,101541.08599339565
2022-02-15,Swat,0.0,0.3564354058834728,278.1037392734052,101567.70452011631
2022-02-16,Swat,0.0,0.35376585777067265,277.7548232579073,101338.1884770367
2022-02-17,Swat,0.0,0.3525926205334569,278.13140525971414,101509.73660248182
2022-02-18,Swat,0.9474544312422984,0.3555122261747588,278.24961754351233,101631.74106351561
2022-02-19,Swat,0.0,0.34705412226401355,277.86931676213266,101589.39959057029
2022-02-20,Swat,0.0,0.3389432401322735,278.7067049295236,101036.91373294285
2022-02-21,Swat,0.0,0.33221740969238467,281.3108282410221,100998.30238565915
2022-02-22,Swat,38.43885356142085,0.357577882829892,278.7009186081356,101372.78852554715
2022-02-23,Swat,0.7009974782736802,0.40808969286686136,277.68522013920335,101831.52741899414
2022-02-24,Swat,0.18177901710155311,0.4115651250560932,277.8925605694147,101944.2906134161
2022-02-25,Swat,0.05243476328117608,0.4209944481655003,276.1938816338213,102005.54639520739
2022-02-26,Swat,0.0564838313435824,0.4150861886270937,275.7173730314511,102202.77788993451
2022-02-27,Swat,0.0,0.3997975265376302,276.795008048125,102221.649872325
2022-02-28,Swat,0.0,0.391524414079295,279.32746355315936,101857.54929672575
2022-03-01,Swat,0.0,0.38565641594597916,279.86667872362807,101956.63684204924
2022-03-02,Swat,1.4403427724465598,0.3775981193709697,280.89136699498744,101932.24466942108
2022-03-03,Swat,0.6422786835525945,0.37057897599919964,281.0674618641732,101900.69995841965
2022-03-04,Swat,0.0,0.36301666412572475,280.093913979229,102026.93546397978
2022-03-05,Swat,7.202779775941088,0.3562380573057367,282.73324691635537,101693.42090352753
2022-03-06,Swat,17.288937620039277,0.4049444017170791,280.0566919211251,101730.61572384172
2022-03-07,Swat,9.943153103000967,0.4177970336874873,279.9169570312115,102127.34079764433
2022-03-08,Swat,12.126225465916058,0.3983644950254399,282.91253407242516,101819.01845772364
2022-03-09,Swat,3.4692264092721463,0.40522679255818517,281.1964867055766,101852.27624973687
2022-03-10,Swat,1.1297290234934831,0.3914005414111526,283.593420518537,101630.79473983454
2022-03-11,Swat,1.0355706153194897,0.37681401132635484,284.40165200550916,101603.95575209815
2022-03-12,Swat,1.4930575694443196,0.3661360465417794,285.5295188542824,101497.76247511241
2022-03-13,Swat,5.9308808921721745,0.35598298767413195,287.4338130421538,101472.84295911356
2022-03-14,Swat,0.5735164108086178,0.3457163866993129,288.3839505003464,101412.74213463928
2022-03-15,Swat,0.0,0.33614412177841035,287.8641497264878,101288.58161683765
2022-03-16,Swat,0.0,0.32601282694279354,288.86752687369193,101132.72831499478
2022-03-17,Swat,0.0,0.31590836027569114,290.0194743942273,101076.77739926626
2022-03-18,Swat,10.574407881595002,0.354785081674309,288.0429459309334,101259.30515869315
2022-03-19,Swat,0.0,0.391165146716602,287.2001488073155,101172.37603470287
2022-03-20,Swat,0.0,0.3805582658703747,286.1180658766006,101064.56280097684
2022-03-21,Swat,0.0,0.3628945350286771,286.2578888600158,101308.32636137659
2022-03-22,Swat,0.0,0.3470059971289309,286.9784136699118,101183.80092857698
2022-03-23,Swat,0.044215725325685934,0.34080685386421805,286.3345469670403,101113.39859734655
2022-03-24,Swat,0.0,0.3335320170571706,286.031918416226,101140.84553284543
2022-03-25,Swat,0.0,0.3208219899368322,286.4285645711799,101276.75797639326
2022-03-26,Swat,0.0,0.3078670894223455,287.8194615880301,101327.29247643771
2022-03-27,Swat,0.0,0.29623914950781577,289.24791220447895,101205.75951592799
2022-03-28,Swat,0.0,0.28896914027884646,288.79266241056865,101163.17518296356
2022-03-29,Swat,0.0,0.28554861337187337,288.3904181572853,101080.69132114176
2022-03-30,Swat,0.0,0.2784264518089596,288.4233951824241,101169.90334215856
2022-03-31,Swat,0.0,0.26646421201288245,288.8491345468281,101375.06015769161
2022-04-01,Swat,0.0,0.25427211055607213,289.4153692840388,101087.58763738703
2022-04-02,Swat,0.08778079342427612,0.2491461296402222,289.34004938127117,101207.27033516178
2022-04-03,Swat,0.0,0.24291803430646167,288.79373239208917,101421.99972608566
2022-04-04,Swat,0.0,0.23201151060988834,289.4934186521195,101308.3582441868
2022-04-05,Swat,0.0018695505390379022,0.22127263774742367,289.931303579493,101505.04376583286
2022-04-06,Swat,0.0,0.2112165979596162,290.2930565952736,101471.86274619402
2022-04-07,Swat,0.0230063881603626,0.2016583756915684,291.05100697002587,101371.9052954732
2022-04-08,Swat,0.344247535083844,0.1927820395853195,292.0953544374149,101085.02123708073
2022-04-09,Swat,7.450272279071443E-4,0.1881887010116185,291.42266923082195,101179.51588247424
2022-04-10,Swat,0.0,0.1811907594931833,292.3296080787948,100996.19430258345
2022-04-11,Swat,0.0024629861069133114,0.1744329520499718,292.9515850417418,100778.50521954612
2022-04-12,Swat,4.329129921374608,0.17944091786089592,292.37565880229704,101002.88055239122
2022-04-13,Swat,2.8484166502246313,0.20875522474344338,289.9313828472242,100992.53227812689
2022-04-14,Swat,0.7850679100349001,0.21775394616174398,289.47591473122884,100923.93994018904
2022-04-15,Swat,0.6345520768038535,0.20905215216345202,290.0192781867202,100796.06787357552
2022-04-16,Swat,0.0,0.19566725134683574,290.80104507507093,100738.78354172393
2022-04-17,Swat,0.0,0.1839846835653609,291.7812708331321,100901.91100619348
2022-04-18,Swat,0.11062594868179779,0.1753511846767267,293.26314740111656,101091.7727611872
2022-04-19,Swat,1.676046941573978,0.1779425277289247,291.0588774114598,101499.24293058405
2022-04-20,Swat,1.179083330837573,0.18531629256990537,290.8817958213479,101177.26556581623
2022-04-21,Swat,2.658559636757253,0.21541225505348308,289.1342639951291,101351.28833838495
2022-04-22,Swat,0.016569615382938857,0.2544582994760683,288.0708485280112,101476.66522290497
2022-04-23,Swat,0.0,0.24348220846601415,290.00889469184875,101381.34046859313
2022-04-24,Swat,9.269418661845002,0.2219154095437974,291.2975154493129,101098.71860684625
2022-04-25,Swat,0.0077702619670613595,0.2092102561893957,290.77994854711875,100984.83483931373
2022-04-26,Swat,0.0,0.1938753546809329,292.09808506631606,101104.2184050147
2022-04-27,Swat,0.0,0.17821333418569935,293.7238131551774,100922.8946042178
2022-04-28,Swat,0.9653171982919256,0.16675451671550906,295.0552041083835,101029.15585316569
2022-04-29,Swat,1.5494570952134223,0.16101232432749968,294.4584426933392,100976.10739082877
2022-04-30,Swat,0.0,0.1550845284773649,294.8739448242611,100538.616851114
2022-05-01,Swat,0.01889108939224712,0.14766464411234026,295.4757273716401,100475.77188531915
2022-05-02,Swat,17.985980927035325,0.14328545674080073,296.1336756346065,100540.37422631227
2022-05-03,Swat,10.133618178567211,0.1524291502192771,294.3169052093311,100908.15336922121
2022-05-04,Swat,0.0,0.1980733834307961,290.7819278957691,101325.07112614925
2022-05-05,Swat,0.0,0.20205050376058817,291.9711440647438,101062.48647855023
2022-05-06,Swat,0.0,0.2035212903690317,291.5217485964346,101045.02724144312
2022-05-07,Swat,0.0,0.19161394930987538,293.3023784199901,100904.59343814745
2022-05-08,Swat,0.0,0.1733322294220965,294.9445375589897,100657.60658856104
2022-05-09,Swat,0.8997744330815236,0.1600068517679976,295.8298112462813,100782.72905453792
2022-05-10,Swat,0.0,0.1516041318960181,295.5947550661514,100806.0177882397
2022-05-11,Swat,0.0,0.14490987791768029,296.14605652018975,100549.03817373284
2022-05-12,Swat,0.0,0.1406818833123127,296.2409316949869,100448.1641234541
2022-05-13,Swat,0.0,0.1364010410073576,296.41090444315523,100291.9453724424
2022-05-14,Swat,0.0,0.1322569473683033,297.7886275039167,100243.86314656904
2022-05-15,Swat,0.0,0.13317160245310056,296.8756353772105,100472.17139444855
2022-05-16,Swat,0.0,0.1354895420311782,296.2529186663235,100449.72975614294
2022-05-17,Swat,0.3702967146253487,0.14829147969771928,295.23711702491147,100588.83484563675
2022-05-18,Swat,0.0,0.1467206757505015,295.6210824178579,100734.13091255176
2022-05-19,Swat,0.3726206871014374,0.14487173417652754,296.6378932631046,100653.98914333376
2022-05-20,Swat,0.0,0.15969926423540834,293.5299429062098,100463.31996675595
2022-05-21,Swat,0.0,0.17136316253024192,293.59329309827496,100199.90393070749
2022-05-22,Swat,0.003968517732989184,0.17005177927972764,293.65425206001527,99834.97000145674
2022-05-23,Swat,0.0,0.1805316412495324,290.51073558101007,100254.59368980459
2022-05-24,Swat,0.0,0.17218055077973637,292.2628580276136,100894.82888705315
2022-05-25,Swat,0.0,0.159060092766179,294.21910569912404,100779.9044588081
2022-05-26,Swat,0.0,0.14878851399982612,295.5607948270084,100513.49357654617
2022-05-27,Swat,0.0,0.14187641984195562,296.4577963547659,100341.15617994062
2022-05-28,Swat,0.0,0.14172372006309458,296.23552187129667,100268.77713066341
2022-05-29,Swat,0.0,0.14044171832168606,296.2168469435239,100369.27384571562
2022-05-30,Swat,0.0,0.13613857930119277,295.69643780992345,100454.87766933613
2022-05-31,Swat,0.0,0.1366966176177356,294.7877402754254,100604.31515871343
2022-06-01,Swat,0.0,0.14724083650298286,294.5369683564268,100678.5163890765
2022-06-02,Swat,0.0,0.14729819970385785,295.8091316793491,100583.86071093264
2022-06-03,Swat,0.0,0.13920753439320213,296.5532079938485,100399.89979897779
2022-06-04,Swat,0.0,0.13365349625563955,296.972599310743,100469.32415286382
2022-06-05,Swat,0.0,0.12977017583129422,297.860506811585,100434.74356162373
2022-06-06,Swat,0.0,0.12691675564243127,298.49288003843225,100326.14727203653
2022-06-07,Swat,0.0,0.12486269498034248,299.2781761912103,100321.46290244904
2022-06-08,Swat,0.0,0.12386238020917767,298.90881587888686,100224.55432329256
2022-06-09,Swat,0.0,0.12777584469512504,298.9946598477312,100232.73175118974
2022-06-10,Swat,0.0,0.1293285510494905,298.9760688647866,100387.068427727
2022-06-11,Swat,0.0,0.1293089111238219,298.756304818163,100308.47227041784
2022-06-12,Swat,0.03771614359182252,0.13630915804214036,298.0426414986654,100563.70314573954
2022-06-13,Swat,0.0,0.13815811861406152,297.8047673162017,100667.68812168158
2022-06-14,Swat,0.0,0.13416620905119114,299.3157898670929,100366.05824105062
2022-06-15,Swat,0.0,0.12908921054508005,300.7202968514049,100089.95608570195
2022-06-16,Swat,2.330095230550862,0.1295840404472255,299.24288663428075,100267.43213274743
2022-06-17,Swat,2.687684650861331,0.23781536150499888,294.0570408063459,100454.42563544054
2022-06-18,Swat,15.635278785906793,0.3078467310325914,293.39730762980753,100570.02959816794
2022-06-19,Swat,6.662987233300424,0.29972982171457413,292.61337618815605,100519.69034916357
2022-06-20,Swat,6.76172019294414,0.3563561627898461,290.913635556741,100362.72976094847
2022-06-21,Swat,3.007546122236447,0.4008306820291984,288.68791348661915,100446.06470345423
2022-06-22,Swat,0.0,0.4040607225075857,289.48713986935627,101119.77990243291
2022-06-23,Swat,0.0,0.3569201714634869,293.2848394199144,100832.84054345795
2022-06-24,Swat,0.0,0.3225147263945373,295.12435987739804,100447.14960776891
2022-06-25,Swat,0.0,0.2950395142213775,296.6231956167426,100269.80969863856
2022-06-26,Swat,0.0,0.27191688502771477,297.7249080922407,100483.38112804106
2022-06-27,Swat,0.0,0.25215050593393656,298.1163623860902,100529.93656166022
2022-06-28,Swat,0.0,0.23177360824803453,299.155052468484,100112.56361917873
2022-06-29,Swat,0.0,0.21262943557998923,300.25934548063947,99831.82200404059
2022-06-30,Swat,0.009601516634715004,0.21774211490701104,299.0661986199304,99975.34316372732
2022-07-01,Swat,0.0,0.3309358605261294,294.3767540861811,100341.03101250644
2022-07-02,Swat,0.0,0.32836983140518533,296.4685663935452,100150.22613885597
2022-07-03,Swat,0.0,0.3102552896875249,297.64370081938165,100281.76938923443
2022-07-04,Swat,0.0,0.33798307907685887,297.2012379657507,100309.42081500491
2022-07-05,Swat,23.290489480882062,0.351008378121626,296.6459404485151,100371.02095102618
2022-07-06,Swat,31.83783059998703,0.38232916270336903,296.7809489321187,100730.07704325364
2022-07-07,Swat,1.0587046950435142,0.35284499441190426,297.44490477607735,100773.62356643943
2022-07-08,Swat,13.249037371490965,0.36075237493624007,297.3015440497783,100407.42055854228
2022-07-09,Swat,17.71319477035357,0.36629859765169964,296.61960078391587,100265.30848638466
2022-07-10,Swat,0.0,0.3633734370970372,295.6962473951644,100455.9381196583
2022-07-11,Swat,0.0,0.3668496179659414,295.22452197674386,100591.77756063035
2022-07-12,Swat,0.0,0.3409209410251758,296.08354184813436,100366.23427813081
2022-07-13,Swat,0.0,0.34944705005415905,294.64219481926466,100275.88616093092
2022-07-14,Swat,0.0,0.35371766660588744,294.74691119279385,100485.05145389533
2022-07-15,Swat,0.0,0.35290099706747213,295.09568789418313,100716.97818752215
2022-07-16,Swat,0.0,0.35418803717566777,295.9232495519602,100699.65242379965
2022-07-17,Swat,0.0,0.34620617516783003,297.1938176822848,100797.94546627643
2022-07-18,Swat,0.0,0.32014556376040515,298.72946400084425,100503.97531711323
2022-07-19,Swat,0.0,0.32443243399261956,297.7707152678416,100302.97993698197
2022-07-20,Swat,0.3162791625004393,0.3358395553516906,297.2260402445949,100149.94353774801
2022-07-21,Swat,29.96668794602873,0.3784641865981977,295.4148377509668,100529.7877376958
2022-07-22,Swat,0.0,0.37271923465027484,295.08956196941864,100747.90864466311
2022-07-23,Swat,1.3839587187341729,0.37039678955358,295.19866057521915,100729.7669783843
2022-07-24,Swat,6.25124822188845,0.4142248270452884,294.3552442694098,100785.42860398309
2022-07-25,Swat,0.20943109355240971,0.41400377641848035,294.62300237015734,100971.42366265091
2022-07-26,Swat,0.0,0.40466383035652675,295.61111639534647,100932.15534883975
2022-07-27,Swat,2.8499641297430003,0.4219793038767167,295.01030734272103,100835.17438499545
2022-07-28,Swat,2.0363792352868724,0.42777857569019434,294.1732240647425,100889.85426775103
2022-07-29,Swat,7.484760424901605,0.4241525402268951,294.22239367058023,100806.43065593725
2022-07-30,Swat,4.582350131534427,0.4193651703887601,294.4660268726326,100573.30000591828
2022-07-31,Swat,0.0,0.4158782483521114,294.2116954930089,100336.93288240752
2022-08-01,Swat,0.21152825901849404,0.41774237821897325,293.1915138765209,100558.89663492666
2022-08-02,Swat,0.1113491267059453,0.3927233846022388,295.0463676860794,100423.69150172797
2022-08-03,Swat,0.019074205273333655,0.3784781570465034,295.79506509443263,100561.64420713074
2022-08-04,Swat,0.0,0.3608493008787972,296.4706660035664,100593.88638830773
2022-08-05,Swat,0.602408958402208,0.35943726489770494,295.86200126681643,100520.62742754293
2022-08-06,Swat,0.0,0.35988789725882764,296.2002500483649,100303.55548673267
2022-08-07,Swat,0.16948647464968433,0.3586645377967805,296.4154132078074,100323.26585869974
2022-08-08,Swat,17.029781407160478,0.39312001032723637,296.17507251251396,100414.36441851254
2022-08-09,Swat,19.340588197915288,0.4108190661951336,296.13802403620593,100472.79980282205
2022-08-10,Swat,0.0,0.3872495241214661,297.776147768803,100166.60472832153
2022-08-11,Swat,23.61582041277642,0.40572835178851274,295.4884859895202,100542.70658244028
2022-08-12,Swat,0.0014584758922425367,0.41492565879174237,294.5434864560032,100565.2688598692
2022-08-13,Swat,0.0,0.3910313497924508,297.44387978359026,100383.01947193973
2022-08-14,Swat,14.639020890191405,0.4115847000841151,296.0846637464345,100562.71922953955
2022-08-15,Swat,28.677914438152268,0.41864242752541003,294.5437083437751,100882.50042364393
2022-08-16,Swat,1.5457259293662136,0.4196417770650023,295.0890924573379,100752.09433450205
2022-08-17,Swat,0.11443579275273302,0.42042329175601395,293.82463321467395,100815.9032789281
2022-08-18,Swat,0.0,0.3986538322200333,295.2452206550757,100582.66397979454
2022-08-19,Swat,0.0,0.3818757037646549,295.95355665170325,100466.60760050097
2022-08-20,Swat,101.29563568860165,0.4085660892644523,294.70508974799765,100655.39332367499
2022-08-21,Swat,0.0,0.41541792882854045,293.91390476605324,100626.50285321016
2022-08-22,Swat,0.0,0.39272398825532673,295.25558827883975,100423.09290296501
2022-08-23,Swat,0.01636887259318005,0.3800758285165962,295.67922771589696,100703.21737511732
2022-08-24,Swat,0.14771502637543601,0.404985707021299,294.3463691705577,101013.89586477989
2022-08-25,Swat,0.26780921669034735,0.4282362037006705,293.1628271003057,100980.22027663565
2022-08-26,Swat,0.5345324711699432,0.4229602567344289,293.3690418845579,100842.60425485193
2022-08-27,Swat,0.08433188425417469,0.4163339625303654,293.50404126347183,100688.57591446389
2022-08-28,Swat,0.0,0.4075428907555837,293.85196288221425,100693.13674138646
2022-08-29,Swat,0.0,0.39489382940679274,294.65863339674854,101094.59347987948
2022-08-30,Swat,0.0,0.37711736950008806,294.50841889443177,101131.67867834213
2022-08-31,Swat,0.0,0.3634367931932036,294.79443544182016,100842.38548031854
2022-09-01,Swat,0.0,0.3590939636322676,294.65138107639916,100878.90616552408
2022-09-02,Swat,0.0,0.355106160116549,294.78433043001667,100962.97428898631
2022-09-03,Swat,0.0,0.35453861654856406,294.64498520901896,100597.49950022655
2022-09-04,Swat,24.918764088013262,0.37394086999199644,294.2009000811231,100590.77233223194
2022-09-05,Swat,2.1014018907046514,0.4109241862014404,292.4968020561728,100911.64048058161
2022-09-06,Swat,1.0668994194753707,0.38844690764686296,293.6134197329126,101034.74336206859
2022-09-07,Swat,0.0,0.37758819106014463,294.273233333773,101199.78046897755
2022-09-08,Swat,0.0,0.36874207531602976,294.5003051601795,101198.97408234922
2022-09-09,Swat,0.0,0.36897548494120075,294.4426348246351,101174.98522608168
2022-09-10,Swat,0.0,0.39267407712794683,294.0208318971462,101054.10337266099
2022-09-11,Swat,0.0,0.403144663900543,292.77669154326327,100940.9293903169
2022-09-12,Swat,0.0,0.39526451562673975,292.86448262828077,100853.3338134631
2022-09-13,Swat,0.0,0.3754071289141206,293.11481754239543,100851.38174896399
2022-09-14,Swat,0.9513646734664286,0.3607276342778245,293.16904101804556,100824.37259395546
2022-09-15,Swat,0.0,0.3469124311472891,293.4814296202572,100571.55511822567
2022-09-16,Swat,11.802598404766236,0.34174677755688904,293.4616686944385,100323.49857099201
2022-09-17,Swat,0.0,0.3615638531363133,291.57532857126574,100765.98993953146
2022-09-18,Swat,0.02061709704212782,0.3420684290455566,292.68379233939277,100940.27883459721
2022-09-19,Swat,0.11018904245213504,0.324859669218638,293.2828607343597,100950.00388032547
2022-09-20,Swat,0.2592589764037905,0.3138931572700357,293.04284333555444,100968.75647884351
2022-09-21,Swat,0.0,0.3042004400113311,292.94269080362034,100966.6754862167
2022-09-22,Swat,0.0,0.29343344440299823,293.20959190976174,100907.24155570148
2022-09-23,Swat,0.0,0.28358249124419127,294.0690494229926,100806.8764328017
2022-09-24,Swat,0.0,0.28761256700407656,293.862710932011,100656.93763303678
2022-09-25,Swat,0.9826558898940102,0.32103221550030187,291.8524948560877,100885.66595005497
2022-09-26,Swat,5.098908859804523,0.32171627290313165,292.0319539189231,101227.36984216666
2022-09-27,Swat,2.63927561145865,0.30426090345903717,292.87057801124075,101020.04956381115
2022-09-28,Swat,0.291324104654669,0.2999501280252691,291.9735612417366,100986.33999942325
2022-09-29,Swat,2.696366964649599,0.2931740379907755,292.08345378194554,101010.06213655144
2022-09-30,Swat,0.29131838872374105,0.2835121749834624,292.04897855644833,101016.5213372377
2022-10-01,Swat,9.694708461632416,0.30407821689193915,290.875112978755,101025.28630514699
2022-10-02,Swat,0.0,0.3430939834028122,290.35533889960556,101137.96591120615
2022-10-03,Swat,0.0,0.31940022634804055,290.8865186690523,101204.594797349
2022-10-04,Swat,0.0,0.30340716231823456,290.82255000879326,101345.64436394227
2022-10-05,Swat,0.0,0.28822562745157576,290.76421412338755,101119.34399634575
2022-10-06,Swat,0.0,0.2902268100749924,288.75544668400977,101408.70592534952
2022-10-07,Swat,0.0,0.2832285031702503,289.14807861556005,101403.11464993605
2022-10-08,Swat,0.0,0.2709182264329708,289.2656103896316,101339.04110964856
2022-10-09,Swat,0.0,0.2603505518956482,289.5122340706186,101340.86480093033
2022-10-10,Swat,0.0,0.253078027960049,289.01187645574794,101415.24835676726
2022-10-11,Swat,2.706427880735031,0.24813792086172953,288.8196344955941,101312.4835681796
2022-10-12,Swat,2.4803711436265568,0.25281804006244046,287.59990158747087,101570.1965649685
2022-10-13,Swat,0.0,0.25241292213147576,288.0700473961175,101609.74825382816
2022-10-14,Swat,0.0,0.24355643873613908,288.39495917915514,101526.56303568822
2022-10-15,Swat,0.0,0.23463342617577082,288.83564283461163,101409.20020400664
2022-10-16,Swat,0.0,0.22685566609400834,289.1570686047559,101669.86726742321
2022-10-17,Swat,0.4798126271684207,0.22128648303157047,288.4936803125567,101589.2407971891
2022-10-18,Swat,0.01104741760832983,0.21741675085305484,287.668290235673,101454.81827774443
2022-10-19,Swat,15.00668266625444,0.24795998942116557,287.06597474955976,101520.58727393848
2022-10-20,Swat,0.0,0.35545216271308866,283.9751981789382,101975.36870427168
2022-10-21,Swat,0.0,0.31971476844666474,285.3963823091349,102100.77533643648
2022-10-22,Swat,0.0,0.2999422788884997,285.7499979229869,102051.09590084649
2022-10-23,Swat,0.0,0.2853185261851285,285.5744393145015,101879.44404156809
2022-10-24,Swat,0.0,0.27326819788818246,285.76929481735493,101381.04608891916
2022-10-25,Swat,0.0,0.26299476242752884,285.97784714906345,101242.94704501393
2022-10-26,Swat,0.0,0.2541029469666662,286.24901367982045,101629.4812848019
2022-10-27,Swat,0.0,0.24635052777965777,286.0644802137059,101655.23004320909
2022-10-28,Swat,0.0,0.2392039551716863,286.09668062609705,101643.71469743479
2022-10-29,Swat,0.0,0.2325250941206804,286.2120998541302,101682.81576825482
2022-10-30,Swat,0.0,0.22674765430372076,286.80587964838645,101710.79583928536
2022-10-31,Swat,3.969509964712639,0.23009505154538037,285.9553177797629,101786.6463144748
2022-11-01,Swat,1.8340954730832488,0.2549607944839462,285.56656006022195,101922.3552306241
2022-11-02,Swat,3.998859568325148,0.252485861714401,286.0638325182095,101800.88194270206
2022-11-03,Swat,0.0,0.2452816157841318,287.7471812539054,101575.27524032618
2022-11-04,Swat,0.8998886471433152,0.23808055644564455,288.55608885979325,101661.75209874458
2022-11-05,Swat,10.95755633803376,0.32057428206128713,284.75791262591287,102073.43682242259
2022-11-06,Swat,12.466842195509072,0.39519592297176587,284.40464392581777,102149.9078575706
2022-11-07,Swat,0.2280295173580553,0.396199109026418,282.68143681849926,102063.7535269938
2022-11-08,Swat,0.14703857432897097,0.38022054874590994,284.3019292782165,101960.77358697666
2022-11-09,Swat,4.675190202616127,0.40395135505012075,281.3583129604241,102039.93277390406
2022-11-10,Swat,0.0,0.37818985852300124,280.95400702179785,102183.9842154062
2022-11-11,Swat,0.0,0.36260476022264354,280.2373058892897,102062.35696035603
2022-11-12,Swat,0.0,0.3511811631767375,279.70076058991907,101949.95489216427
2022-11-13,Swat,11.28203000145201,0.35487366173420076,280.6070134796039,101857.54565060571
2022-11-14,Swat,0.0,0.40612341253958667,278.7010836380143,102134.58734323911
2022-11-15,Swat,0.0,0.38396155766660583,280.771696643388,101888.42853721179
2022-11-16,Swat,0.0,0.3725876213580151,279.90148987418576,101740.63098615198
2022-11-17,Swat,0.0,0.3627565461858288,279.26543352858016,101724.60882261887
2022-11-18,Swat,0.8793480120081396,0.3549087767538387,280.8908347937357,101758.81678449448
2022-11-19,Swat,0.37585448922743225,0.354140121882485,279.7771838931815,102070.1957272916
2022-11-20,Swat,0.0,0.34829138585650404,279.95107202611115,101881.42419631575
2022-11-21,Swat,0.0,0.34066497562903275,279.6454880422852,101732.63107568635
2022-11-22,Swat,0.0,0.33396551252879225,279.07891239273414,101747.64502103293
2022-11-23,Swat,0.0,0.32825111154433617,280.6457157820002,101734.6944626828
2022-11-24,Swat,0.0,0.3229818397116983,281.7271622606081,101607.592159628
2022-11-25,Swat,0.0,0.3179812326105757,281.2414158238993,101861.3732912606
2022-11-26,Swat,0.0,0.3129886949236142,281.34463515645893,101460.59436308232
2022-11-27,Swat,0.0,0.3083149484742276,280.44630961193945,101316.47078222614
2022-11-28,Swat,0.0,0.3039583913217374,280.1737891959004,101565.72348064845
2022-11-29,Swat,0.0,0.29988646123136187,280.2981444242769,101757.01308465384
2022-11-30,Swat,0.0,0.2959085691897169,280.4186565737715,101864.82944019306
2022-12-01,Swat,0.0,0.2921644760973753,281.0812484456508,101622.9568338445
2022-12-02,Swat,0.0,0.2886022773392027,281.11928634825085,101558.22891290174
2022-12-03,Swat,0.10200105046418587,0.2854880846148641,280.1334923251415,101780.8690892186
2022-12-04,Swat,0.5405876058693773,0.28240661043128035,280.2439352902451,101756.63609770055
2022-12-05,Swat,0.03207214992651258,0.2794260451932784,279.3788847497571,101952.81240844229
2022-12-06,Swat,0.0,0.27635229632018976,279.7073964950675,101855.0326228592
2022-12-07,Swat,0.0,0.273732612076603,280.09813202105016,101745.08308732479
2022-12-08,Swat,0.27037441172833343,0.27434475370680006,280.6859843811173,101837.16175534774
2022-12-09,Swat,0.12739236605140755,0.29949646776594474,279.1226601468963,101844.62161995357
2022-12-10,Swat,0.0,0.338566472325643,278.09934931512424,102024.57407471107
2022-12-11,Swat,0.0,0.3218479069017133,279.8209962893114,101960.16771898967
2022-12-12,Swat,1.6793276725503397,0.3126529277336463,279.9929514595171,101832.57816824953
2022-12-13,Swat,0.0,0.3070414250453793,279.41103829869985,102033.68279413781
2022-12-14,Swat,0.0,0.30016957382980497,280.03079552391983,101754.0731540758
2022-12-15,Swat,0.0,0.2943953945998828,280.6651118541125,101583.2521361771
2022-12-16,Swat,0.0,0.2894116901557137,279.6510719329903,101484.71634446122
2022-12-17,Swat,0.0,0.2850067625620345,279.28893585309635,101708.04239095027
2022-12-18,Swat,0.0,0.2811434923613887,279.26079686923214,101663.06175059275
2022-12-19,Swat,0.0,0.2777649804544373,278.8725754610662,101572.8782639552
2022-12-20,Swat,0.6043480047499927,0.2746676489538263,277.9106269443374,101510.97686474147
2022-12-21,Swat,0.0,0.27175013615357513,276.7242843533001,101682.0128433665
2022-12-22,Swat,0.0,0.269228463761221,276.3684438513424,101559.43993184263
2022-12-23,Swat,0.0,0.2672620060099964,276.14572850233,101463.849713389
2022-12-24,Swat,0.0,0.26564660865228507,275.2307120986389,101814.27337983383
2022-12-25,Swat,0.6535699905506775,0.2644454665384034,276.3191507612962,101795.11071852036
2022-12-26,Swat,0.0,0.2625573610973099,277.3084741041589,102061.5315615995
2022-12-27,Swat,0.0,0.26037270650736327,277.1169750088436,101972.26458043311
2022-12-28,Swat,0.0,0.2583508211641152,277.9411120584076,101892.13642624592
2022-12-29,Swat,4.547909282064182,0.30063707820005586,276.7412605428283,102090.56267274548
2022-12-30,Swat,0.0,0.3371081010713362,276.10102094014877,102333.00899996761
2022-12-31,Swat,0.0,0.32208614424904175,275.20426519476376,102054.29936248536
2023-01-01,Swat,0.0,0.313200565384117,274.4895885668458,102095.10485301196
2023-01-02,Swat,0.0,0.3072799129062697,273.3945559451499,102203.23091755962
2023-01-03,Swat,0.0,0.302889599735737,273.0010424406302,102363.72493039584
2023-01-04,Swat,0.0,0.2999324974361307,274.3235306696225,102341.49854949374
2023-01-05,Swat,0.0,0.2974625788897193,275.0527001217219,102403.12198744889
2023-01-06,Swat,0.491675032706092,0.29609536764948907,277.616583114328,102413.05284977055
2023-01-07,Swat,11.182077961481456,0.29643921707671816,278.7605156802425,102356.55297319625
2023-01-08,Swat,5.838724360221631,0.33223828065622657,277.80604064189123,102260.12733345607
2023-01-09,Swat,0.0,0.35229855536107546,278.20435525516126,102203.42914978832
2023-01-10,Swat,6.364685622897621,0.33822852831669914,279.6518823938018,101955.51500812377
2023-01-11,Swat,8.914604667430282,0.40369386677193103,275.9253200913558,101614.88789850347
2023-01-12,Swat,0.0,0.4023279579099447,275.1038152391786,101507.81016300301
2023-01-13,Swat,0.0,0.3924877505294348,271.9484129561378,101752.36751857451
2023-01-14,Swat,0.0,0.38134177092055127,270.5668514268623,101935.3908581937
2023-01-15,Swat,0.0,0.37412245844480474,270.70773762194335,101654.02439253249
2023-01-16,Swat,0.0,0.36837640638605723,271.33669897010674,101912.40052283982
2023-01-17,Swat,0.0,0.36355130228148813,270.4039124787454,101927.82757312461
2023-01-18,Swat,6.047029183293681,0.36029072253067806,272.57432183928387,102098.6012961733
2023-01-19,Swat,0.0,0.3647872667066557,275.48859859873136,102137.1105988883
2023-01-20,Swat,0.0,0.3838251359177123,273.99979814067575,102105.54578516015
2023-01-21,Swat,0.0,0.3900526812989747,273.17638115337047,102141.26830849968
2023-01-22,Swat,0.0,0.4022156184160645,273.7271758682429,102112.08603310432
2023-01-23,Swat,0.0,0.3930791256742093,274.00225360437764,102087.3013046715
2023-01-24,Swat,0.10962371708232282,0.400072430520267,273.8886413748139,101803.01947320443
2023-01-25,Swat,0.0,0.4039323168221721,272.3859058099458,102033.61411753568
2023-01-26,Swat,0.0,0.3903529462240374,273.2854652531572,102148.812777708
2023-01-27,Swat,0.0,0.38357176811523447,276.05719637835523,102099.18770461367
2023-01-28,Swat,1.129040707303504,0.3795958788441984,277.6261868390265,101711.4868559094
2023-01-29,Swat,14.510954029473863,0.3877449062402199,279.2045415243334,101520.25868052737
2023-01-30,Swat,0.19447632559783984,0.41416626964949743,275.75296486196265,102188.06252554504
2023-01-31,Swat,0.0,0.3992372871761268,275.1324795200537,102265.78332522293
2023-02-01,Swat,12.204537365203368,0.3891733669450731,277.80693581957223,102083.04141770735
2023-02-02,Swat,0.38680293663533943,0.3851382525508234,279.33778365589416,102034.13609593017
2023-02-03,Swat,0.0,0.39432094751851365,279.7919923648827,101904.83666414415
2023-02-04,Swat,0.0,0.39389988709879276,278.5028239154708,101652.13647961247
2023-02-05,Swat,6.468947434418403,0.39059917370048586,279.0030317007757,101459.5918386702
2023-02-06,Swat,0.0,0.4063296032518959,276.36484613679676,101690.38378877791
2023-02-07,Swat,0.0,0.38922607939491843,276.5045989053839,101514.77512398222
2023-02-08,Swat,0.0,0.38221568386780136,277.57319619818276,101636.47732935868
2023-02-09,Swat,10.077283929206223,0.4084602759874383,275.22641648078854,101484.30762265688
2023-02-10,Swat,0.0,0.41440741362102373,273.928336612936,101676.87575471847
2023-02-11,Swat,0.0,0.4000255236208407,273.00749974284366,101881.3254440294
2023-02-12,Swat,0.0,0.39269128825969707,272.7941586390716,102283.38034094856
2023-02-13,Swat,0.0,0.3892282283035844,277.1827333003811,101829.75395392574
2023-02-14,Swat,0.0,0.38685813824852844,280.2386661194532,101810.46163733442
2023-02-15,Swat,1.223497837616921,0.3848838763957549,281.6622347239919,101717.52218730771
2023-02-16,Swat,3.2778552884733503,0.3812180528911715,281.7002650788699,101814.46229518388
2023-02-17,Swat,0.0,0.37724134290057637,282.2488170513538,101919.10781143773
2023-02-18,Swat,0.26237695283280604,0.3730522912057035,283.85729392143674,101732.8398959783
2023-02-19,Swat,0.6262753949376366,0.3833370711784471,283.6505094139366,101638.89245337133
2023-02-20,Swat,0.8715589692830424,0.41449974026961356,280.6754961818685,101522.97506798536
2023-02-21,Swat,0.0,0.39368886343628823,280.7082564490927,101610.70635759283
2023-02-22,Swat,0.0,0.38292745240116643,280.15708299923114,101690.99892887633
2023-02-23,Swat,2.872141659570467,0.3739379785167576,281.47361615263765,101689.02734084136
2023-02-24,Swat,0.0,0.36568151114190617,281.90161419638275,101802.4257930108
2023-02-25,Swat,7.777623064709622,0.37431702934974065,280.4378807966476,102049.16541209047
2023-02-26,Swat,0.35660141286384056,0.3814951524437384,281.6252394490992,102258.67492852427
2023-02-27,Swat,0.17672682768660453,0.3739000031431122,281.38635708457343,102144.84734351223
2023-02-28,Swat,0.0,0.3694376120484527,280.7069675998572,102223.00505236491
2023-03-01,Swat,1.4411956588032283E-4,0.3808287211018255,280.4034148477884,102431.3498616012
2023-03-02,Swat,0.8618248758019953,0.3961674757356885,280.39656219318556,102457.19519236211
2023-03-03,Swat,0.0,0.3898002489653054,281.94568189013984,102387.34920476333
2023-03-04,Swat,0.0,0.3746704557389737,282.6327442429269,102232.77909131272
2023-03-05,Swat,0.0,0.3686960351799415,282.5560684232094,102164.79303488905
2023-03-06,Swat,0.13649755378443912,0.35681669374019476,282.55936753551094,101857.26356950484
2023-03-07,Swat,0.0,0.3462587241900464,282.567228102129,101858.42148170658
2023-03-08,Swat,0.0,0.33650902078723566,282.5538840807787,101898.67762947564
2023-03-09,Swat,0.0,0.32755287580666986,282.9081738279835,101964.06256196578
2023-03-10,Swat,0.0,0.319208391641512,283.89553785720784,101788.35551313775
2023-03-11,Swat,0.0,0.31091740658118366,284.8945825750437,101773.33021843323
2023-03-12,Swat,3.3997258573549565,0.3341952442913176,282.67857694999935,101987.91580639541
2023-03-13,Swat,0.0,0.3329771289008092,285.0489689293468,101647.69722863511
2023-03-14,Swat,0.0,0.3172192937914821,284.7004568803352,101306.31859971379
2023-03-15,Swat,0.0,0.305328018985608,285.37275516172417,101207.54123838579
2023-03-16,Swat,7.6716279517473875,0.30670958709609725,284.56874028789946,101479.78794989715
2023-03-17,Swat,0.6899185134429889,0.34244946091368594,282.5229723044255,101634.70709966532
2023-03-18,Swat,0.0,0.3492543896470279,283.5857028261157,101442.07624730887
2023-03-19,Swat,1.7974582079441837,0.3444724699968407,283.07602582227963,101176.40578639436
2023-03-20,Swat,3.304566067171032,0.342448201059558,283.04773097664116,101038.38250949964
2023-03-21,Swat,1.8567850836475934,0.36148277802719325,282.4968744915792,101145.04038983332
2023-03-22,Swat,9.981180367887667,0.3752348278641362,283.5223144095428,101293.9199745459
2023-03-23,Swat,2.8329023112984895,0.39080596289959457,282.7670749601858,101278.34614466311
2023-03-24,Swat,8.665892996481288,0.3873157102737208,283.61595779421486,101149.81293148444
2023-03-25,Swat,2.309125406280757,0.4075202511507661,281.328291651682,101637.99630810105
2023-03-26,Swat,0.0,0.381468292968747,283.1663398913513,101490.77788310556
2023-03-27,Swat,0.0,0.36928602007839173,284.1304422238553,101302.44854079324
2023-03-28,Swat,2.145322944953621,0.3633563708683739,284.93997480122425,101326.37169633603
2023-03-29,Swat,11.117424893940345,0.37152466298574977,285.57377361813116,101532.51929084776
2023-03-30,Swat,0.09977476604319271,0.39637238771941846,284.8786540797267,101254.2109028497
2023-03-31,Swat,0.0,0.3988141288108141,284.10356666758577,101100.41807737992
2023-04-01,Swat,0.24430172833331495,0.41377631977850304,282.85837603624424,101225.01508551788
2023-04-02,Swat,0.06024057415382367,0.4094336244793341,284.0210392605441,101154.95254935003
2023-04-03,Swat,0.05640007139020252,0.4209496031299731,283.09966581273517,101145.63204639994
2023-04-04,Swat,0.0,0.41280253480722295,282.73647981282414,101474.4157181257
2023-04-05,Swat,5.9550022936511,0.4004323296933532,283.72189842412337,101457.30719471321
2023-04-06,Swat,0.0,0.4035672040812933,283.1226007205971,101868.45262396199
2023-04-07,Swat,0.0,0.3802396911435354,285.3198297632484,101871.34906489767
2023-04-08,Swat,0.0,0.36306412692608603,286.7645305990574,101794.80665548408
2023-04-09,Swat,0.3696407994239803,0.3494319195578442,287.10361377420026,101765.77766635161
2023-04-10,Swat,0.0,0.33695871286316964,287.77198142317474,101644.73713235288
2023-04-11,Swat,0.0,0.3255567945334846,287.7667726764562,101616.21585708101
2023-04-12,Swat,0.0,0.3130753275189476,289.094846615222,101532.96279546317
2023-04-13,Swat,0.07242853887915364,0.2997272914267465,289.49150940616147,101319.51886745685
2023-04-14,Swat,0.0,0.286591591028638,290.3323829142727,101227.57246233478
2023-04-15,Swat,0.7049084363276158,0.277092567270211,291.3602125274731,101280.85966813631
2023-04-16,Swat,2.4530856835768406,0.29120798987893176,287.87299653381507,101533.16324986235
2023-04-17,Swat,3.34579739256009,0.3146780858077984,289.9633361405116,101360.31979046944
2023-04-18,Swat,7.848468037451866,0.4237693338656491,286.47455914730875,101487.56266313448
2023-04-19,Swat,3.0235543847875177,0.4218974204183156,285.12470563738526,101056.35587582758
2023-04-20,Swat,1.392697626687874,0.4190812074314903,284.3663023933305,100833.6219699973
2023-04-21,Swat,0.04640267770501629,0.40665690906896784,283.9828012929275,101056.37275000803
2023-04-22,Swat,0.0,0.38646223673022384,286.2564994190779,101076.51609695192
2023-04-23,Swat,0.0,0.3670804548409171,288.3447261584178,101096.10126911072
2023-04-24,Swat,0.34595835433888805,0.3509867663201686,288.4510939720953,101341.39142246227
2023-04-25,Swat,3.6637692549888667,0.34456427299778364,288.69331718449024,101444.58448977584
2023-04-26,Swat,3.0265998444408524,0.3550808501783631,287.59660647824063,101203.05095336321
2023-04-27,Swat,2.8123709102559777,0.3625848246452786,287.5992007223391,101423.21790018286
2023-04-28,Swat,0.5096052194746186,0.36163216936394904,287.7362726516932,101470.81979325163
2023-04-29,Swat,4.7597929436366454E-4,0.3383337617549529,289.0584386934874,101095.8255224351
2023-04-30,Swat,2.3722897993556926,0.32000573398969995,289.6695352907913,100821.8737313444
2023-05-01,Swat,13.964210559560055,0.33662358726043606,287.7273077596505,101018.3108135177
2023-05-02,Swat,7.501242665536866,0.40239648552319224,286.15606412996954,101279.73422552313
2023-05-03,Swat,0.29928986508067695,0.39008796338940244,287.0547296836145,101329.09340627927
2023-05-04,Swat,5.750161385442796,0.3989459584697294,286.5140135618102,101408.12215640064
2023-05-05,Swat,1.9929268748227096,0.37610548662560717,288.2538870546218,101161.48149118612
2023-05-06,Swat,5.853551973239585,0.3783094388282621,286.59055147153794,101086.19155585312
2023-05-07,Swat,7.204950484712653,0.3747967124745571,285.8422873746667,101083.34026499117
2023-05-08,Swat,0.15025902496436558,0.3778145758701,285.36168165607296,101151.97292624402
2023-05-09,Swat,0.0,0.35393973698817166,287.4071330170804,101362.42368870182
2023-05-10,Swat,0.0,0.3325522058258405,289.8079129142621,101131.88514620897
2023-05-11,Swat,0.6645104486379835,0.3140553803514764,291.5837652230975,101178.45795226452
2023-05-12,Swat,0.6313863469565679,0.30051928958853513,291.8021575487835,101048.71025233493
2023-05-13,Swat,1.3731107762242416,0.29297927206357366,291.19626054330803,101143.05587041494
2023-05-14,Swat,0.12557269943440083,0.29186991893373104,289.8805844228741,100811.68376712779
2023-05-15,Swat,0.159303852740456,0.28169439508595234,291.23881169236716,100763.57073083245
2023-05-16,Swat,0.16594223811884304,0.27405653889364706,291.03271516961667,100936.42173032864
2023-05-17,Swat,3.845149071158152,0.26647213154291294,293.402828487464,101054.62384440048
2023-05-18,Swat,0.025111935103891675,0.3010632849640636,290.0885057901854,101498.69902539125
2023-05-19,Swat,0.0,0.28548743629704626,291.52305077786576,101002.00116293413
2023-05-20,Swat,0.0,0.26320575344567276,293.2062496557767,100817.39517860312
2023-05-21,Swat,0.0,0.24278888706303287,294.1346074197683,100966.16236210703
2023-05-22,Swat,1.609315925840229,0.22763553798743494,295.6860894074303,100977.55769954518
2023-05-23,Swat,3.6353201439274963,0.22346144483995756,293.78671327512467,101085.41465711896
2023-05-24,Swat,0.6173556428909792,0.23933928199662763,291.53399835900814,100841.41083724181
2023-05-25,Swat,2.469571830308688,0.2965362735761338,290.25024026755455,100830.33528192669
2023-05-26,Swat,5.267541156682224E-4,0.36991934299968104,287.5595968271302,101071.38698495008
2023-05-27,Swat,0.0,0.3283900601231424,290.2695428661843,100991.56343783381
2023-05-28,Swat,0.0,0.2972473634320151,291.924077352588,101077.99016893141
2023-05-29,Swat,6.8141938499627965,0.3068821852591592,291.333038179144,101352.27817548315
2023-05-30,Swat,0.0,0.35212524270641377,289.82878273775356,101396.58043721053
2023-05-31,Swat,3.196104375274604,0.3921631671614431,288.5724309767529,101084.25491376374
2023-06-01,Swat,0.0,0.4146099697357845,287.15089359376253,101139.23465068465
2023-06-02,Swat,0.0,0.37995447393066617,290.32217240631206,100977.62917042663
2023-06-03,Swat,0.0,0.36722429188179734,290.47612535838346,101063.62443522578
2023-06-04,Swat,11.314482742825657,0.36050475186193315,292.00661151781435,101008.8977164201
2023-06-05,Swat,2.772393519172369,0.34666974879484913,292.33380272051744,100832.78550313205
2023-06-06,Swat,0.0,0.32954263782329335,292.3991397409904,100773.29753386114
2023-06-07,Swat,0.16786067125892895,0.3159010721238137,292.6583025689218,100863.61622665027
2023-06-08,Swat,0.0,0.29948891712130127,294.4457210364087,100687.12646669321
2023-06-09,Swat,0.0,0.28188720879396295,295.30125145446624,100372.60879656793
2023-06-10,Swat,4.157903540257539,0.26562034638795784,296.8417427714597,100297.14681551278
2023-06-11,Swat,0.0,0.2547567069041001,295.89963743153476,100385.17666457916
2023-06-12,Swat,0.841096699506043,0.2631313473364748,295.29282924679643,100341.75622743924
2023-06-13,Swat,0.0,0.26357322851852816,296.06227955753405,100305.28741319722
2023-06-14,Swat,0.0,0.2573082841444653,295.7304852384275,100371.18984256122
2023-06-15,Swat,0.0,0.2641754211109955,294.7581424791141,100480.9778567006
2023-06-16,Swat,0.0,0.2503097293401799,295.7054934097963,100455.9896686523
2023-06-17,Swat,0.0,0.23779886185975574,296.0414692668788,100473.22384182065
2023-06-18,Swat,0.0,0.22506976032686224,297.10816421534685,100447.01348502906
2023-06-19,Swat,0.0,0.2108165693173475,297.57529498678457,100367.59500044512
2023-06-20,Swat,0.0,0.19665261078152546,298.3100884595728,100256.33400188977
2023-06-21,Swat,0.0,0.18426607340194434,299.2035256127415,100303.61142113694
2023-06-22,Swat,0.0,0.17326721661435635,300.39006983864783,100256.77056683805
2023-06-23,Swat,0.0,0.1645715706646895,300.94072798448053,100228.62434695597
2023-06-24,Swat,7.756704622283062,0.16097190945686726,300.37308801156564,100237.76754088217
2023-06-25,Swat,25.45544277621733,0.20121357633835266,298.4469842806099,100279.3964781151
2023-06-26,Swat,0.0,0.3500416594605372,294.3111554052295,100695.9567455748
2023-06-27,Swat,0.0,0.32666708263814764,295.7226573126913,100541.0583548654
2023-06-28,Swat,0.0,0.33127609626796095,295.66594561830493,100694.03537869455
2023-06-29,Swat,0.0,0.32706535986726454,295.7034151411186,100441.72344372184
2023-06-30,Swat,0.0,0.33324662943909406,295.17099446166804,100370.04245544532
2023-07-01,Swat,0.0,0.32967601691609955,295.70910311739897,100450.85191507282
2023-07-02,Swat,0.0,0.2938271373018622,297.58472863152537,100426.03812795407
2023-07-03,Swat,0.0,0.2840336100803802,297.5386106538904,100335.76050839298
2023-07-04,Swat,0.09772012439742474,0.3005668515775293,295.9028392901123,100250.34999210876
2023-07-05,Swat,3.059069119860073,0.35599711895663094,294.394703181444,100377.38200567951
2023-07-06,Swat,2.954452131537743,0.3804291803342548,295.09345931656514,100594.28099151395
2023-07-07,Swat,2.701127367178037,0.3707478379473068,294.05636231402417,100771.6515299742
2023-07-08,Swat,0.0,0.3642493228874687,294.93691483074116,100655.36462692017
2023-07-09,Swat,0.0,0.3422551356647643,295.39263984356774,100539.24711846236
2023-07-10,Swat,0.0,0.31719309617780767,295.7205082063069,100589.06608744213
2023-07-11,Swat,0.0,0.2931406099600474,297.3825295161058,100477.65997022594
2023-07-12,Swat,0.0,0.2701162652577152,298.6276847232325,100394.99953588854
2023-07-13,Swat,0.0,0.25503866519714125,298.8976312820492,100445.49743790261
2023-07-14,Swat,0.0,0.3274724711419046,296.6382951878164,100529.81576193182
2023-07-15,Swat,4.894593225492893,0.3586861383188498,296.3326331620891,100488.09363719689
2023-07-16,Swat,1.9708438003903357,0.37345105291335234,296.1654534234776,100536.44701820423
2023-07-17,Swat,0.0,0.35268359585784564,298.1294823321465,100400.68627206486
2023-07-18,Swat,4.839201631378989,0.3381209659523928,298.033204413526,100317.30380606759
2023-07-19,Swat,46.07879914585668,0.3932331933052797,295.3257729279027,100487.7217602747
2023-07-20,Swat,4.1251609390322,0.3992745021790552,296.491867644239,100557.62618746761
2023-07-21,Swat,0.0,0.40549565404092297,296.2739247841766,100691.69445914196
2023-07-22,Swat,1.687998327294582,0.4166215612789869,295.6692994555624,100983.95866095126
2023-07-23,Swat,0.0,0.41363732859324875,294.6806155239382,100989.64894587261
2023-07-24,Swat,0.0,0.3967711726856598,296.0100840020083,100662.63313067547
2023-07-25,Swat,0.0,0.4095314593388548,295.6497860779793,100663.12529111291
2023-07-26,Swat,5.8887980213293085,0.41052665798132026,295.84618029788436,100695.33754886441
2023-07-27,Swat,52.729839822335094,0.41728856459702013,294.8704347517952,100619.89150972028
2023-07-28,Swat,14.200316460969512,0.41653634029494885,294.42278396831756,100394.78342892078
2023-07-29,Swat,0.6329120672464236,0.39772944650186187,294.5008553556368,100438.97691734918
2023-07-30,Swat,0.0,0.3783962916804047,295.6243512518154,100287.58031504942
2023-07-31,Swat,0.0,0.3744250642957062,295.5412729740147,100252.30861790401
2023-08-01,Swat,0.0,0.3646899933877624,296.9423191059192,100114.26403993927
2023-08-02,Swat,27.19579062492263,0.37625405516393867,296.81587867399645,100168.52562830814
2023-08-03,Swat,0.0,0.3772163726407492,296.91860814695383,100245.05578416868
2023-08-04,Swat,2.8821308025363925,0.3768107165100801,296.6769544070053,100450.45411291232
2023-08-05,Swat,0.18955162005362897,0.39002379348950655,295.9036976377102,100572.33840753375
2023-08-06,Swat,10.298981932747173,0.3910953134318584,296.0082184720151,100165.95452871565
2023-08-07,Swat,0.0,0.39200680199312815,295.0859647275576,100078.55641166752
2023-08-08,Swat,0.0,0.3651944197438465,296.7961032604835,100179.17686059352
2023-08-09,Swat,0.0,0.3498831873313537,297.32576575561154,100525.50183595902
2023-08-10,Swat,28.208604018505792,0.363610840201891,296.0845371059321,100707.57746538003
2023-08-11,Swat,0.0020717520940577413,0.37244220077750273,296.3498812357916,100661.68977528409
2023-08-12,Swat,0.0,0.36057009706171256,296.96471169022516,100363.27052384136
2023-08-13,Swat,0.021265840479453006,0.3459004449676095,297.88626834524376,100125.91268382351
2023-08-14,Swat,3.3827919419877177,0.35965681388394194,295.7181388165207,100658.06408253132
2023-08-15,Swat,0.0,0.35727083495838874,295.6178769048207,100804.45565067652
2023-08-16,Swat,0.0,0.34165945484001997,296.19934189625866,100730.92078617176
2023-08-17,Swat,1.8281829184637408,0.33289111278166333,295.7579815731276,100691.06663451181
2023-08-18,Swat,0.0,0.3209521883039615,296.6771986386477,100734.46392349411
2023-08-19,Swat,0.32287928458265697,0.3149728347210397,297.0240681660079,100824.46557102648
2023-08-20,Swat,0.0,0.2972839687510879,297.65460158365374,100811.99005840466
2023-08-21,Swat,0.0,0.2832922233971711,298.3360560355003,100595.80992829165
2023-08-22,Swat,20.855812284859905,0.29829370712162845,298.6541901594335,100322.05423982843
2023-08-23,Swat,0.29089740430352784,0.3120892004478045,297.2678730737309,100180.60903178509
2023-08-24,Swat,0.09416561632428985,0.3484631821744569,295.18483789943207,100204.56417813581
2023-08-25,Swat,0.21689822555008967,0.3553115173891132,294.5376606488947,100358.44059601512
2023-08-26,Swat,0.24853777901645974,0.3442962419291152,293.82329062162444,100563.23969622067
2023-08-27,Swat,0.31471142652618345,0.3311722090699508,294.10905284095946,100454.62546613479
2023-08-28,Swat,0.059442571377398355,0.32557019016523897,293.8966922922405,100515.29262515571
2023-08-29,Swat,0.0,0.30772439693060794,294.33431114932756,100788.76202212961
2023-08-30,Swat,0.0,0.28731976977487267,295.97010921580045,100886.28209728781
2023-08-31,Swat,0.0,0.2704480757495089,297.0967200619868,100946.75935152879
2023-09-01,Swat,7.077351738031211,0.25899865983448866,297.01920181427175,100913.03071911715
2023-09-02,Swat,5.449612535390357,0.27096988216058704,295.6835250605847,100780.06659935569
2023-09-03,Swat,0.0,0.28023131192904344,295.3801206565507,100705.20421180477
2023-09-04,Swat,12.598162869404616,0.26935603942363906,295.7688574341372,100682.44220004494
2023-09-05,Swat,0.0,0.271764359111976,294.2428689844465,100926.05180773292
2023-09-06,Swat,0.0,0.267946453539689,294.4117122319258,100987.61171882582
2023-09-07,Swat,0.0,0.25072976331500757,295.52399055369125,100868.1913072311
2023-09-08,Swat,0.0,0.23415456593171075,296.08691251432157,100764.8718313963
2023-09-09,Swat,0.0,0.21932724505607892,296.3348611583867,100628.66098469507
2023-09-10,Swat,0.0,0.2077810983236815,297.09218028574855,100456.74847134079
2023-09-11,Swat,0.0,0.19865475789553327,298.03310983404594,100510.54157300122
2023-09-12,Swat,0.0,0.19269545371299818,298.0173248003597,100555.51948837977
2023-09-13,Swat,0.0,0.18738476748716917,298.1870116358007,100616.67736314904
2023-09-14,Swat,0.32006031087813414,0.18854875111855937,297.35313463372097,100794.49997673118
2023-09-15,Swat,22.398473398309317,0.21321731493778637,296.85589079182904,100890.5404528108
2023-09-16,Swat,0.0,0.2698600053625142,295.43603217217225,100937.71382611926
2023-09-17,Swat,0.9917993458929986,0.2823547904938865,294.93351137300647,100804.40461410204
2023-09-18,Swat,0.0,0.3047264124067479,294.15654923263435,100941.79336292847
2023-09-19,Swat,0.0,0.28805375382453224,295.30181242346805,101091.69878739193
2023-09-20,Swat,0.0,0.269193339582226,294.59418769759924,101009.30673085478
2023-09-21,Swat,0.0,0.27133347716512557,293.92777989548154,100993.61248619047
2023-09-22,Swat,0.0,0.25819136789283537,293.3935334133183,100989.64936117017
2023-09-23,Swat,0.0,0.25578186034909256,292.702627064458,101092.52100186351
2023-09-24,Swat,8.151240469101941,0.258982550480771,292.2897075718035,101006.86147197419
2023-09-25,Swat,0.0,0.26978312484785827,290.4254230701926,101249.53738486994
2023-09-26,Swat,0.0,0.24904521882160294,291.8926954722952,101224.44574929588
2023-09-27,Swat,0.0,0.23086925645196538,292.1160546096687,101115.73348749755
2023-09-28,Swat,4.499797016045493,0.2248476480379467,291.25478098543675,101082.5633599339
2023-09-29,Swat,0.0,0.2624021925526851,288.9883039508591,101378.18187577894
2023-09-30,Swat,0.0,0.27246115746864896,289.41700321900885,101210.08522476637
2023-10-01,Swat,0.0,0.2499288914651756,290.95006742043824,100986.83075437443
2023-10-02,Swat,0.0,0.2327364903734806,290.31998757695334,101140.0673050074
2023-10-03,Swat,0.0,0.21843619314046311,290.6288328086696,101176.99176107392
2023-10-04,Swat,0.0,0.20602854486305108,291.07176927678483,101195.0555916952
2023-10-05,Swat,0.0,0.19499381058566,291.8813288669502,101012.5586538189
2023-10-06,Swat,0.0,0.18555473650704743,292.6914964165636,100914.43340266762
2023-10-07,Swat,0.0,0.17832524347795678,292.4265891258556,101115.37428119624
2023-10-08,Swat,0.0,0.17481729151630976,292.1206844581194,101203.087097905
2023-10-09,Swat,11.361279068306843,0.17889521676608686,289.93230266312304,101372.34827729934
2023-10-10,Swat,0.0,0.17793599210570726,288.9758490320044,101596.69078064802
2023-10-11,Swat,0.0,0.17077706587149044,290.82021151568,101372.39455692147
2023-10-12,Swat,0.0,0.16439042735663492,291.192385956403,101482.4100946635
2023-10-13,Swat,10.773139233595192,0.21214268332513528,290.8379098966368,101600.71531734591
2023-10-14,Swat,1.4309039119687847,0.3384679823559717,287.7042709174888,101679.53368057792
2023-10-15,Swat,8.214478208230716,0.3347557143862881,286.9787170080788,101454.03230696
2023-10-16,Swat,5.914975046227735,0.3931006394396715,284.7952959063406,101626.19052089738
2023-10-17,Swat,0.0,0.4088198191599857,283.0765409381609,102088.79338695607
2023-10-18,Swat,0.0,0.37174005963406226,285.17072149094764,101886.02999930189
2023-10-19,Swat,0.0,0.35152731794210135,285.76104650913527,101790.17196731633
2023-10-20,Swat,0.0,0.33618451369919283,286.09243881368553,101857.32564358469
2023-10-21,Swat,1.0136912110331233,0.3234381300238031,287.18447674647706,101873.25804265875
2023-10-22,Swat,2.2568653462376087,0.3204231385703979,285.190567410598,102064.94009750642
2023-10-23,Swat,0.0,0.3109195543166284,285.93153416262305,101790.1181124348
2023-10-24,Swat,0.0,0.3015427244293987,285.86646583693204,101831.83811110943
2023-10-25,Swat,0.0,0.29195191796469394,285.6575159031935,101865.9046639277
2023-10-26,Swat,0.0,0.2826909837071638,286.3203973602285,101745.64897546453
2023-10-27,Swat,0.0,0.2742060794970487,286.66332957752985,101648.65322429706
2023-10-28,Swat,0.0,0.2663679296746761,286.7236616642481,101687.34625898373
2023-10-29,Swat,0.0,0.25964202756539106,286.46943483605116,101714.38181548243
2023-10-30,Swat,0.0,0.25339017092460575,286.68974483887285,101826.88617079494
2023-10-31,Swat,0.0,0.24746336868975904,287.01173219309567,101973.26355407662
2023-11-01,Swat,18.735692727962885,0.24477486671800866,286.43369537537166,102083.01710282172
2023-11-02,Swat,0.0,0.24456661708514435,285.1489563352179,101870.17888978477
2023-11-03,Swat,0.0,0.2400909042510712,284.82269874448497,101568.62052176741
2023-11-04,Swat,0.0,0.23352667611462433,284.18146295448787,101642.308420625
2023-11-05,Swat,0.0,0.2275571331911,284.4219630672386,101731.84985502523
2023-11-06,Swat,0.0,0.22220678104188737,284.6349902684821,101885.80129101366
2023-11-07,Swat,0.0915433400006627,0.21858188981898835,284.92942170430837,101784.13117710788
2023-11-08,Swat,0.0,0.21639067859076005,285.45629771819597,101697.11529969198
2023-11-09,Swat,0.06790823684682994,0.26867179440836075,284.19450487725095,101721.62809045083
2023-11-10,Swat,0.15702932326080238,0.3643613612957866,283.1257439160031,102060.08815789997
2023-11-11,Swat,0.0,0.330117791808445,282.87370017390253,102106.54369122091
2023-11-12,Swat,0.0,0.3130471229975173,282.6936094878551,102018.48143579628
2023-11-13,Swat,0.0,0.3006998580388737,282.5882510816382,102037.0735112013
2023-11-14,Swat,0.0,0.29064148870752937,282.3647302895571,102098.30014831328
2023-11-15,Swat,0.0,0.2817721748848096,282.56315619885777,102064.37200363596
2023-11-16,Swat,0.0,0.2741533787382478,282.6518939873656,102172.32411644311
2023-11-17,Swat,0.0,0.26758532483097597,283.32317353299385,102070.16816640832
2023-11-18,Swat,0.0,0.2634746114293304,283.8516101823162,101850.43763404847
2023-11-19,Swat,0.059264196953277476,0.2598006757188928,283.3047744281647,101985.17945329436
2023-11-20,Swat,0.0,0.25491463385600116,283.0149927806063,102022.29947680593
2023-11-21,Swat,0.0,0.24976769931568485,282.6548360551882,101851.85344120271
2023-11-22,Swat,0.0,0.24485470261757408,282.8039025299879,101505.58899127715
2023-11-23,Swat,0.0,0.24842333546388945,281.0425970978693,101700.93306122316
2023-11-24,Swat,0.0,0.24913594291203134,282.0204164432822,102024.84322923404
2023-11-25,Swat,0.09930789231397262,0.24417255256337722,284.0902603745329,101989.24821007266
2023-11-26,Swat,0.823185706992283,0.2409894156088331,284.3065220740007,102019.79096320689
2023-11-27,Swat,0.4063103760144388,0.2383038544081869,283.9818150769591,101892.62376523591
2023-11-28,Swat,0.0,0.2345522381698563,282.1991564783714,101865.17824508711
2023-11-29,Swat,0.0,0.23742918117255224,283.304740161754,101876.59372647823
2023-11-30,Swat,2.021456083396495,0.295842542780766,280.50790502033317,102061.05242385024
2023-12-01,Swat,0.011567102168152744,0.3024236014519482,280.3746465824407,102132.94606165423
2023-12-02,Swat,0.0,0.28755429529789417,280.67333920609406,102119.88065785952
2023-12-03,Swat,0.865342642899804,0.2774154115129975,280.9332635159053,102031.93154394561
2023-12-04,Swat,0.0,0.26913536645050173,280.056155119426,101919.27920032205
2023-12-05,Swat,0.0,0.26186263102637697,279.15725523672154,101852.75031159956
2023-12-06,Swat,0.0,0.2556577480351192,278.88923571742566,101936.61705142797
2023-12-07,Swat,0.04440675093165998,0.2501649743464759,278.9276115683572,101775.36774443362
2023-12-08,Swat,0.15204555330922062,0.24529618963853111,278.7594483846162,101714.15288259974
2023-12-09,Swat,0.0,0.2408973455457378,278.3760947171971,101829.53059999109
2023-12-10,Swat,0.002245752395169979,0.23683844580372385,279.20841527722285,101649.16360117067
2023-12-11,Swat,0.0,0.2332899832613089,278.8258623327576,101605.86609083126
2023-12-12,Swat,0.0,0.23025639304384884,277.7358170621855,101639.69896266668
2023-12-13,Swat,0.0,0.22737268652489814,277.4391865702963,101907.13869723036
2023-12-14,Swat,0.0,0.22453489390757134,279.183268505203,101875.4630625485
2023-12-15,Swat,0.04772266189541602,0.22182431411862538,280.4954375500714,101909.0624509332
2023-12-16,Swat,1.1167668969846767,0.23395008332628964,278.02281566898415,101870.13553494969
2023-12-17,Swat,0.0,0.23712216213758613,277.12074261262626,102145.35194592933
2023-12-18,Swat,0.0,0.23335745489330903,278.0408789855875,102287.57640589074
2023-12-19,Swat,0.0,0.2291464782087149,279.7790857689855,102195.98938588562
2023-12-20,Swat,0.0,0.2255699027796054,281.3350125389915,102062.93920266927
2023-12-21,Swat,0.0,0.2220090432429328,281.9198660352367,101915.06526519345
2023-12-22,Swat,4.204104792906181,0.21960589393962235,283.188739856205,101887.05197010869
2023-12-23,Swat,0.001060876414382896,0.2265402795849935,280.19132967497535,102360.5407998195
2023-12-24,Swat,0.7168611445606471,0.22454098551809037,280.5979639166935,102401.08465341621
2023-12-25,Swat,0.0,0.2213832517213458,281.27430602683353,102012.97228862821
2023-12-26,Swat,0.08126734112669752,0.21762000067076287,279.969620416172,102043.53299971258
2023-12-27,Swat,0.0,0.21400102715409547,280.2957470965375,102269.02760817962
2023-12-28,Swat,0.18666557687720303,0.21045733136751077,280.62526973934007,101960.87607162938
2023-12-29,Swat,0.33982744328529296,0.20737205652414792,279.2820085271951,102038.45914656097
2023-12-30,Swat,1.2220244597144436,0.20470139395429462,279.1908129302926,101927.37452147198
2023-12-31,Swat,0.03222779579456519,0.20214766963713518,278.9902825923046,101930.0793648223
2024-01-01,Swat,0.0,0.19965189227034688,278.8219132770684,101894.94892169339
2024-01-02,Swat,0.0,0.1974256918658719,278.1202634878109,101744.57655359709
2024-01-03,Swat,0.0,0.19550098341098196,277.35258395187066,101830.33272918763
2024-01-04,Swat,0.3460599352204364,0.19364715353959686,278.7820819632769,101831.20356457795
2024-01-05,Swat,0.0,0.1919234919844169,278.24512567134906,101860.07497283614
2024-01-06,Swat,0.0,0.1901553166125273,278.0427485430218,102037.98066615534
2024-01-07,Swat,0.0,0.18852940888228695,277.745904051914,102039.92184287884
2024-01-08,Swat,0.0,0.18738803828328768,278.0843184850665,102008.69048093574
2024-01-09,Swat,0.0,0.18622834378327624,277.6700743549952,102068.742077479
2024-01-10,Swat,0.0,0.18448401305826967,278.52881668014464,101886.64120722578
2024-01-11,Swat,0.0,0.1828003474309046,279.05161202649174,101895.54918012886
2024-01-12,Swat,3.650078375722579,0.1816127180238852,280.49110840763626,101753.4808983376
2024-01-13,Swat,0.0,0.18001816026179074,279.8849511941915,101709.9011222643
2024-01-14,Swat,0.0,0.1781244358124203,279.3995096508675,101784.40228368108
2024-01-15,Swat,0.0,0.17624042575657553,279.4788150856716,101551.42815454125
2024-01-16,Swat,0.0,0.17485092961534876,278.6739181894518,101447.0576499725
2024-01-17,Swat,0.0,0.17368396322389146,278.1803031828635,101631.92639850543
2024-01-18,Swat,0.0,0.1723075873573882,278.2726071741686,101781.38495828814
2024-01-19,Swat,0.0,0.17086671578545398,278.72907143536963,101796.16272808473
2024-01-20,Swat,0.0,0.16965096455879394,277.9938955015247,101848.30986202606
2024-01-21,Swat,0.0,0.16853106594212278,277.7187990107316,101778.09614769813
2024-01-22,Swat,0.03602254686916265,0.1676708878109992,278.47846186189963,101865.82866220573
2024-01-23,Swat,0.0,0.1668457352465564,278.0211387821869,101813.12519829055
2024-01-24,Swat,0.0,0.16594262321577816,278.14483605617494,101891.49554604791
2024-01-25,Swat,0.09898839753614759,0.16752010295525044,279.83054161580145,102089.75107820536
2024-01-26,Swat,0.0,0.18878551776130212,278.0458548452792,102371.93048218005
2024-01-27,Swat,0.0,0.19400389895050685,280.7097190977464,102079.30424792196
2024-01-28,Swat,14.198532420999424,0.31169399899254,278.4063452936625,102020.41210665609
2024-01-29,Swat,0.0,0.3663652338062554,277.2395797590845,102147.60953686986
2024-01-30,Swat,0.0,0.3498630859593342,276.85200134424787,101840.95613755091
2024-01-31,Swat,0.7981832717088574,0.3633923394165938,275.7910750531521,101638.06610615834
2024-02-01,Swat,0.0,0.349972684356094,273.5647573295188,101877.80666787722
2024-02-02,Swat,0.0,0.33843656650220355,274.7536887274546,102329.58127615198
2024-02-03,Swat,0.04211800694832266,0.35005580556266996,274.3331099811761,102198.80069690054
2024-02-04,Swat,0.0,0.3813170335759711,272.9621666833927,101931.77492619735
2024-02-05,Swat,0.0,0.36470804242573074,271.7420550363281,102042.25672468354
2024-02-06,Swat,0.0,0.3578423040209852,271.9034410073858,102183.50180788465
2024-02-07,Swat,0.0,0.3523869233561223,272.3167180126763,102325.6654399118
2024-02-08,Swat,0.0,0.3472916374423484,275.36506015097893,102094.61868302635
2024-02-09,Swat,0.0,0.34359754877933185,276.1622383806952,102024.73482874148
2024-02-10,Swat,0.0,0.33876266056720955,276.47081148538103,102308.07618534304
2024-02-11,Swat,0.0,0.33323880557803365,276.6411952414409,102269.62811726057
2024-02-12,Swat,0.0,0.32820060402960505,277.0928910754864,102131.50701529061
2024-02-13,Swat,0.0,0.322449336900519,277.34200127928773,102140.83520326809
2024-02-14,Swat,0.0,0.31600374530564684,278.5344781607518,102105.83747374674
2024-02-15,Swat,0.0,0.30936476948802394,279.3761979410318,102062.92603176896
2024-02-16,Swat,0.0,0.3028711289968526,280.46880922866364,102027.3454248478
2024-02-17,Swat,6.68896135914464,0.29749728013282867,282.2046054325637,101535.21331547022
2024-02-18,Swat,42.898888985889684,0.392169423825635,278.68532327103253,101461.10751223122
2024-02-19,Swat,20.744389338470025,0.4206829251556297,275.9847243911469,101011.1885837696
2024-02-20,Swat,0.081862568419187,0.4003252572826107,276.05068873909363,101222.64703656631
2024-02-21,Swat,1.691956239929666,0.3961270461689188,275.46692789910884,101477.27911078779
2024-02-22,Swat,0.0,0.3894294797759904,274.98432542315834,101796.56144632786
2024-02-23,Swat,0.0,0.38028628656307273,275.16968161983596,101796.21363238123
2024-02-24,Swat,1.940803575553953,0.37480300972807895,275.20122945493796,101911.31094503704
2024-02-25,Swat,0.0,0.37128452530853184,276.25739795038044,102265.32243628388
2024-02-26,Swat,3.87830851758347,0.3667223739339979,277.79469209455874,102288.01497372646
2024-02-27,Swat,0.0,0.3640594139923668,279.42893648662636,102066.06335361087
2024-02-28,Swat,0.0,0.3604634968827207,279.17980681400456,101790.72619728094
2024-02-29,Swat,11.91940748791513,0.3635425373325084,280.164806097917,101775.26534982109
2024-03-01,Swat,25.100679874528215,0.418469692116072,278.2994355413896,101549.20994731125
2024-03-02,Swat,18.3463047756158,0.42833043952976574,277.26871822919946,100622.87992160425
2024-03-03,Swat,21.408485955768114,0.42318921091899575,274.41269957196334,101547.62503009767
2024-03-04,Swat,0.0,0.41288168690418026,274.8152424836201,102100.72040739618
2024-03-05,Swat,0.0,0.40627904584439767,277.7492368402075,101892.74508092485
2024-03-06,Swat,2.3912579562241123,0.40386931773510326,280.36673271408637,101597.63440337779
2024-03-07,Swat,0.0,0.40966334613569244,278.56340158618445,101841.31859187328
2024-03-08,Swat,0.0,0.40089376791403936,279.07633486322686,101877.16135092583
2024-03-09,Swat,0.0,0.39037958931179084,281.3059810723559,101863.03198094387
2024-03-10,Swat,5.747088424145773,0.38232120635066497,283.49590351764556,101783.13087562508
2024-03-11,Swat,0.0,0.3767412003449196,282.10572654428273,101974.95492909088
2024-03-12,Swat,4.1460586359318015,0.37151978487683707,282.3000158891626,101684.47614492607
2024-03-13,Swat,12.100894488082375,0.41019775322866325,279.5936081464642,101504.13866131546
2024-03-14,Swat,0.0,0.4041227252624332,279.9051465830392,102025.82302963843
2024-03-15,Swat,0.0,0.38818858076263923,280.81195527442793,101713.2173687943
2024-03-16,Swat,0.0,0.3756703336602636,281.7384793535148,101885.56367077473
2024-03-17,Swat,0.0,0.36516017939135254,282.71386645226073,101861.54694430053
2024-03-18,Swat,0.0,0.3547103649908663,283.21059739076003,101580.81854381811
2024-03-19,Swat,0.0,0.3441715275469313,283.8270370427168,101676.86004271344
2024-03-20,Swat,2.2636940555692284,0.3342701483607974,286.5499614462527,101591.74928423141
2024-03-21,Swat,5.077048410644239,0.3691515334443623,283.3149312940724,101624.27332469687
2024-03-22,Swat,0.0,0.3965204502907496,282.5320949377839,101479.27850782234
2024-03-23,Swat,0.0013153739412240981,0.3729677713755947,285.0408718132139,101296.38057363656
2024-03-24,Swat,0.0,0.35811395472348767,284.8656162885946,101552.98384462303
2024-03-25,Swat,0.0,0.34430604392314323,285.6418188397184,101600.0937267312
2024-03-26,Swat,0.9279090851075462,0.3349714296155634,286.81191057384274,101565.96262423511
2024-03-27,Swat,14.368865110777767,0.3512949669945278,285.4088391962019,101970.79552667405
2024-03-28,Swat,1.4061852259813294,0.39716157935128693,285.5814933019403,101637.701909458
2024-03-29,Swat,20.40905717506842,0.4205028590908801,285.8125776524733,101512.42527755626
2024-03-30,Swat,11.96654688089747,0.4266253521833303,283.3854052699563,101645.08068102719
2024-03-31,Swat,0.0,0.4065266891927866,283.7465114317899,101768.23483607634
2024-04-01,Swat,0.0,0.38499030814549123,284.85138710971466,101201.73115353555
2024-04-02,Swat,0.22097448300186842,0.3704347961102054,286.7661572174509,101080.95536917471
2024-04-03,Swat,0.15762194153358614,0.3921111701500078,283.57224328464866,101520.82313637128
2024-04-04,Swat,0.5691148126926906,0.3750899915065251,285.70768045203573,101518.38080379536
2024-04-05,Swat,0.0,0.35902329487007983,285.8441853642064,101339.25463403233
2024-04-06,Swat,0.0,0.3440155509411846,286.4478989363947,101271.6192913031
2024-04-07,Swat,0.0,0.3306425175433244,286.25144779135286,101211.95455830754
2024-04-08,Swat,0.0,0.317748081608599,287.1067801124823,101364.13296779388
2024-04-09,Swat,0.0,0.3054890931955123,288.13794509627684,101413.89916920249
2024-04-10,Swat,2.0231437920142414,0.30592127661496227,287.95020221087464,101540.2107455324
2024-04-11,Swat,1.466992008342203,0.3050056005603027,288.2366251655431,101740.64313018981
2024-04-12,Swat,7.888914849728889,0.3313864429944851,287.9028573104375,101660.74948732751
2024-04-13,Swat,14.955460932615315,0.4165205874563408,284.5973815244701,101804.20936483247
2024-04-14,Swat,25.684980316381935,0.4263414885381908,285.6647648699009,101797.43301139766
2024-04-15,Swat,39.36284248979166,0.4269584400452355,284.39473955819096,101661.28344004934
2024-04-16,Swat,0.0,0.403409855589102,286.31269040772,101593.67500490665
2024-04-17,Swat,4.760142100872704,0.38171918955610495,289.3267667926341,101158.86475211637
2024-04-18,Swat,2.6194047240518725,0.4013235339012904,286.7378463133602,101182.79701183055
2024-04-19,Swat,24.460896554771708,0.4266508120056472,285.0092543150679,101069.72745101406
2024-04-20,Swat,1.1321039021067263,0.4154117621730418,286.58581444658944,101133.1318665726
2024-04-21,Swat,4.843413810661438,0.40241308750624055,287.69309482934415,101059.5814117181
2024-04-22,Swat,0.0,0.3914032662478408,288.0815463374792,101166.94602978602
2024-04-23,Swat,2.9078989624417497,0.37987216197901585,288.3795626051227,101082.82038736476
2024-04-24,Swat,1.68176947113471,0.3706774615435632,288.6003243459941,101138.923381149
2024-04-25,Swat,4.892205061510087,0.3587344236500582,290.18555113119874,101136.24936921318
2024-04-26,Swat,8.682799550505086,0.37617602682747076,288.1514094215625,101122.01682486078
2024-04-27,Swat,11.668893109336125,0.42301499883605226,285.1579368043434,101243.4411951867
2024-04-28,Swat,11.39372025212587,0.4253831714568911,285.27175482990225,101352.4884020201
2024-04-29,Swat,0.47261961395076924,0.42315622634522937,283.403071053338,101376.17179102992
2024-04-30,Swat,0.5956753493474535,0.4132746925836871,284.4625891286866,101056.48544182388
2024-05-01,Swat,0.0,0.3864451507832146,287.00294179211505,100788.87086068255
2024-05-02,Swat,0.0,0.3664447040725197,289.0954898764161,100876.54617238331
2024-05-03,Swat,7.305128737757797,0.36585526206665786,288.69170320133713,101203.25920053448
2024-05-04,Swat,0.0,0.3743899129267996,288.52629577997914,101312.33264622913
2024-05-05,Swat,0.0,0.351884377693913,290.76809103337354,100761.00469473355
2024-05-06,Swat,0.0,0.3348341440466754,291.7942156813865,100896.34711992941
2024-05-07,Swat,0.0,0.3179822204215072,292.5800046667298,101023.87807628718
2024-05-08,Swat,0.0,0.30163917939575696,293.0338899412624,100932.31495738776
2024-05-09,Swat,0.0,0.28835371258007525,293.5916579168706,100896.58698560772
2024-05-10,Swat,6.558354300391176,0.2816161434258344,292.6637032938297,101262.97659360936
2024-05-11,Swat,1.8872053141947278,0.3101170247878293,291.6738576026513,101228.72719025174
2024-05-12,Swat,0.0,0.39722466517437977,288.08244610191895,101473.11327176538
2024-05-13,Swat,0.0,0.36025634696960673,290.32554558199826,101470.81716134789
2024-05-14,Swat,0.0,0.3348490162902867,292.0764501673682,101311.1258192135
2024-05-15,Swat,0.0,0.31531713750556944,293.5047972660192,101300.98838836236
2024-05-16,Swat,0.06818829131658533,0.30892933219153773,293.70593298555826,101249.45604978704
2024-05-17,Swat,0.5860254889742267,0.3006769258080348,294.6229069602219,101034.22935475611
2024-05-18,Swat,1.9757270577282764,0.29375445899731606,293.9938492423873,100806.41058710215
2024-05-19,Swat,0.6527092468877873,0.29020596586882347,293.6634132269124,100653.89281226725
2024-05-20,Swat,0.407801904536676,0.28827854926991586,293.42461728271115,100820.17557853315
2024-05-21,Swat,0.0,0.2730239892986946,294.7302343727759,100724.83463596467
2024-05-22,Swat,0.0,0.2528783854882288,295.3360194400199,100666.99030222127
2024-05-23,Swat,0.0,0.2420517989998853,295.41228367361276,100641.04708846594
2024-05-24,Swat,0.0,0.2359843974436767,295.7187058400223,100739.36830946081
2024-05-25,Swat,0.0,0.22280395881431933,295.60340675000725,100526.815716153
2024-05-26,Swat,0.0,0.20708851296251762,296.1033000519772,100257.52073477808
2024-05-27,Swat,0.0,0.1926753381799951,296.5835397864762,99985.84763462517
2024-05-28,Swat,0.0,0.1805991680023371,296.58131832615265,99825.13359149898
2024-05-29,Swat,0.0,0.17101076760811207,296.2538394040242,100093.24442105198
2024-05-30,Swat,0.0,0.16294641114071623,296.0716240352753,100421.4742905038
2024-05-31,Swat,0.0,0.16025750831845148,295.717635486694,100655.35712627265
2024-06-01,Swat,0.0,0.1550494728803426,296.0215268237416,100716.0782954692
2024-06-02,Swat,0.0,0.14816021262915638,296.73740578346093,100710.26748903324
2024-06-03,Swat,0.0,0.14385384908273519,297.08037841557126,100518.19988456646
2024-06-04,Swat,1.9153175648775675,0.1488515444551197,296.719492628486,100536.64622949305
2024-06-05,Swat,18.6402279113055,0.15591461276897928,294.79743884104715,100956.63032678496
2024-06-06,Swat,2.0644514848447346,0.1720941619262147,293.4040019041418,101150.9374782487
2024-06-07,Swat,0.0,0.19806998063702191,293.17965279754225,100853.7467249162
2024-06-08,Swat,0.875510052897675,0.20153778688963728,293.5294115531348,100774.62208912343
2024-06-09,Swat,0.0,0.18877737945642595,294.94673344997005,100682.77425620765
2024-06-10,Swat,0.0,0.18243778187635257,295.54059748273073,100642.26698496018
2024-06-11,Swat,0.7067364880353179,0.17487101207175235,296.3999633852045,100539.20404462345
2024-06-12,Swat,1.1608128595712561,0.16209418551330884,297.7904290607815,100499.40506632614
2024-06-13,Swat,3.6302328288117103,0.15277368752451365,297.90375025671403,100388.39847746163
2024-06-14,Swat,1.6034746576426084,0.14693042601537915,297.9425690587224,100390.99616444157
2024-06-15,Swat,0.5284657746451147,0.1414566219109639,298.3935359732452,100357.43671543669
2024-06-16,Swat,0.0,0.13637713683494507,299.0419263826855,100322.22874749092
2024-06-17,Swat,0.6036144382743928,0.13854549563194637,298.99770486907335,100334.26383810778
2024-06-18,Swat,0.5064973399246175,0.13648290458275036,299.07252160854983,100065.30008128894
2024-06-19,Swat,0.0,0.13599562639555499,298.1599052930843,99903.27283225818
2024-06-20,Swat,0.0,0.1371255563195066,298.07303542973085,100131.07073007373
2024-06-21,Swat,0.08071700333892869,0.15044389357719087,295.1904559588204,100478.10838051158
2024-06-22,Swat,0.0,0.15687809650981352,296.26018753699293,100419.7340821165
2024-06-23,Swat,0.8206595263965398,0.16109558158654758,297.4329835507912,100433.99303048817
2024-06-24,Swat,0.12281225933964246,0.1578328470198013,298.1156292427252,100263.8710890709
2024-06-25,Swat,0.0,0.14847436853223728,298.9243047310953,100138.64254518184
2024-06-26,Swat,1.9212893836800586,0.14124948319490668,299.7206589686657,100147.58624378819
2024-06-27,Swat,3.4013663582334215,0.13811372277810421,300.3779232198823,100407.93082868287
2024-06-28,Swat,0.022361864642738153,0.15580570968062632,299.16300763296266,100269.12603343821
2024-06-29,Swat,0.5169874758783534,0.18240120500274382,299.3131597751446,100169.02425190806
2024-06-30,Swat,0.0950143191214613,0.1829941445451224,299.5861610624105,100004.78538274133
2024-07-01,Swat,0.14007777164929375,0.1777562578566782,299.832384524179,99716.89532200985
2024-07-02,Swat,0.0,0.18201140231953006,300.2990175652448,99669.4556812801
2024-07-03,Swat,15.114357871241118,0.17056659757476683,301.2868843731496,99877.28806775868
2024-07-04,Swat,0.0,0.23974675725794276,297.36242089629724,100223.42377343068
2024-07-05,Swat,0.0,0.3450919943775782,295.4720320045364,99904.71806255858
2024-07-06,Swat,0.0,0.342818527162401,295.6303599362944,99899.90585468335
2024-07-07,Swat,0.0,0.3336224446931719,295.49490183732763,100384.34232175077
2024-07-08,Swat,0.0,0.2881058738800952,297.1859649198507,100556.19281236843
2024-07-09,Swat,0.0,0.2603184930138481,297.9129795707508,100600.27153122876
2024-07-10,Swat,0.58182369361726,0.2607650639719662,297.00690706334495,100611.54224324392
2024-07-11,Swat,0.003124680538091658,0.2930380777499814,297.00321733817884,100105.41209805667
2024-07-12,Swat,3.9555321739145133,0.3037018127632412,296.4109716557736,99989.26663643408
2024-07-13,Swat,0.0,0.30005998208129697,296.86775250656984,100103.64855991415
2024-07-14,Swat,0.0,0.27512469945140233,296.9348165602504,100167.91194908578
2024-07-15,Swat,0.0,0.24748326958506425,298.07226451288926,100466.6269646961
2024-07-16,Swat,0.0,0.22255128004248692,299.0074686456327,100447.38383910939
2024-07-17,Swat,0.0,0.20785806831187703,299.2731962413818,100394.95413289311
2024-07-18,Swat,0.0,0.2912452768599987,296.67245709432837,100260.5683000015
2024-07-19,Swat,0.0,0.29247306088841285,298.0300475867733,100133.76020235759
2024-07-20,Swat,0.0,0.27141703172249576,298.71398200782085,100202.79370563744
2024-07-21,Swat,0.0,0.25774947178823415,299.0540961134522,100171.07672482515
2024-07-22,Swat,0.0142756610941866,0.2757918719602562,298.81724659396485,100160.28108408325
2024-07-23,Swat,0.0,0.35871057266366585,296.60796101638954,100088.79619388172
2024-07-24,Swat,0.0,0.32464729221481514,297.7412369603654,99744.42349420495
2024-07-25,Swat,0.0,0.30597094206574466,298.68101118502835,99663.60751501333
2024-07-26,Swat,0.0,0.2837652840598316,299.5236522410442,99810.36092667487
2024-07-27,Swat,1.470379356876535,0.3072886823011394,298.75795631752834,100084.54415330892
2024-07-28,Swat,35.258994779797035,0.3336277749861646,298.1827923524649,100196.58034514704
2024-07-29,Swat,39.346064440580165,0.417063186966435,296.1702368625519,100266.5432250862
2024-07-30,Swat,22.283903579689678,0.4062332371827579,296.8117210251884,100461.71444704218
2024-07-31,Swat,0.0,0.3808718266416569,298.30358665023175,100119.29676548489
2024-08-01,Swat,3.7231808081701008,0.40610303706608863,295.7583157029952,100267.9697121143
2024-08-02,Swat,0.0,0.41201112710493204,296.6473789251727,100193.62754869252
2024-08-03,Swat,28.63882400536529,0.4114427203138542,295.9886129250566,100405.20961573093
2024-08-04,Swat,14.73078978914962,0.4169239990917063,295.10342356100887,100596.30991008118
2024-08-05,Swat,0.0,0.401405487650039,296.5844672388913,100497.4755121159
2024-08-06,Swat,0.6895854799223141,0.40359699430355267,296.40995294255004,100236.85017067153
2024-08-07,Swat,0.15646701516845443,0.40038383091825036,296.176713130254,100381.86713033964
2024-08-08,Swat,0.0,0.3864846965234838,296.31557067958255,100610.38772398741
2024-08-09,Swat,0.0,0.38926596452538686,296.53679751148826,100662.48171679233
2024-08-10,Swat,18.253239999951596,0.40854214402930417,296.22177827848986,100481.65921196663
2024-08-11,Swat,0.0,0.40203679104629975,295.3901795321164,100447.54535848115
2024-08-12,Swat,0.0,0.39809729587338744,295.4783228582826,100670.79901193584
2024-08-13,Swat,0.0,0.3841551554979135,297.0055072647587,100730.11629392745
2024-08-14,Swat,0.0,0.3852465475607812,297.4815894521906,100661.54274630523
2024-08-15,Swat,20.795566473964602,0.40844235353384284,295.7130634929007,100671.70010081455
2024-08-16,Swat,0.0,0.4150460064041318,295.9178978728367,100629.0073741866
2024-08-17,Swat,0.3099121792248743,0.41879813542237787,294.9441427708787,100938.67960403577
2024-08-18,Swat,0.0,0.40066499662845406,296.23929902791883,100782.7686724541
2024-08-19,Swat,5.383108015788129,0.3971999489066115,295.60093271594513,100622.26665540313
2024-08-20,Swat,0.0,0.39889117055073714,294.706810396968,100737.8051409886
2024-08-21,Swat,6.965102570275114,0.41078551256800844,294.38102162148414,100890.35984872244
2024-08-22,Swat,1.0773122806362896,0.3863807673365113,295.376294321221,100706.61661513802
2024-08-23,Swat,0.29503902089094464,0.3693412560854814,295.5811461329153,100790.15470793593
2024-08-24,Swat,0.030833842134509716,0.35678676835052375,295.69248815762035,100786.60275325556
2024-08-25,Swat,1.0611277752705417,0.353509018180791,295.92262274833996,100659.47711083431
2024-08-26,Swat,1.0892501636346303,0.35799468087590675,295.77194283307426,100688.74782436705
2024-08-27,Swat,1.1323955947612059,0.3670876029060887,294.04744268954124,101025.99195177686
2024-08-28,Swat,12.64634340202832,0.3680858224280121,293.9558312700746,100892.57399681107
2024-08-29,Swat,17.32500948707268,0.391237099723565,294.2650005853454,100886.97592463129
2024-08-30,Swat,10.053702915477785,0.4138334161230536,293.2760676160101,101226.40138732633
2024-08-31,Swat,0.013726623310712359,0.39211089841555363,296.13727470918343,100907.07039217031
2024-09-01,Swat,0.0,0.3866784359028777,295.89637554092576,100810.79940927583
2024-09-02,Swat,15.883784121417927,0.41799771291619614,294.165596908141,100934.90058404676
2024-09-03,Swat,0.0,0.40354315416189734,293.97389645633956,101087.02591891524
2024-09-04,Swat,0.0,0.38242918860459846,294.81884704002084,100626.80551177193
2024-09-05,Swat,0.0,0.37303762851583216,295.11671934245425,100502.51724066406
2024-09-06,Swat,2.3854525945946796,0.39209150017341493,294.31473441019335,100778.64636151821
2024-09-07,Swat,0.0,0.3856370609277719,294.33854401957154,100878.84216974485
2024-09-08,Swat,0.0,0.3660979666485495,294.52602753223493,100819.07949254783
2024-09-09,Swat,0.0,0.3514777838509072,294.9676169361965,100579.2296992355
2024-09-10,Swat,0.0,0.337801083948597,294.8261661782915,100586.80052896049
2024-09-11,Swat,0.0034062467369484917,0.32737403458466374,294.6350664029929,100622.23095903877
2024-09-12,Swat,0.007270089120359974,0.31328613677016554,295.46440523997603,100371.09919034681
2024-09-13,Swat,6.440653515624653,0.31406328666733346,295.01180177512555,100339.85759266045
2024-09-14,Swat,8.505347501147519,0.35522044532544733,292.34380212141394,100645.97472780554
2024-09-15,Swat,4.265455939484234,0.3306155826734456,293.1195541939091,100697.41600670946
2024-09-16,Swat,0.0,0.3118582904214696,293.6439134913169,100878.6156408834
2024-09-17,Swat,0.0,0.3006163186510446,292.8666415023889,101009.09865288818
2024-09-18,Swat,0.0,0.28836045164393326,294.09867399626245,101002.78446488833
2024-09-19,Swat,0.0,0.27594035847603027,294.4726467059703,101067.2981977808
2024-09-20,Swat,0.0,0.26475127361547524,295.4814494582104,100876.49929156611
2024-09-21,Swat,0.0,0.25454993590020897,295.8039596501874,100971.78329613694
2024-09-22,Swat,0.0,0.2453211065682588,296.1410051185665,100931.21863997895
2024-09-23,Swat,0.0,0.23700985555564297,296.4353146942514,100948.4639429691
2024-09-24,Swat,0.0,0.22983315045361688,296.85360042800863,100777.80356022774
2024-09-25,Swat,0.0,0.23101741127551687,296.3455837167877,100810.59002775053
2024-09-26,Swat,12.34555058531949,0.2752000573515879,294.7713514156113,100818.0840082128
2024-09-27,Swat,11.162525076182126,0.40899056692709085,290.70438163976945,100935.55846539214
2024-09-28,Swat,0.0,0.39428498543330065,291.38612918313873,101084.4988370657
2024-09-29,Swat,0.0,0.3699990950448183,292.6414955569381,101310.8045691326
2024-09-30,Swat,0.0,0.3525493597785432,293.0776871714937,101133.22541979945
2024-10-01,Swat,0.0,0.3380116674885567,293.0527629919804,100836.20284628023
2024-10-02,Swat,0.0,0.32549028267860824,292.64251975671897,100854.72081156516
2024-10-03,Swat,1.2314786629532555E-5,0.31431108710384204,292.7197889871001,100754.60777704034
2024-10-04,Swat,0.043545429022721766,0.3063404793318245,292.2290059854032,100931.95123137474
2024-10-05,Swat,26.627112558697007,0.3040054407160606,291.50527172215595,101234.26570467037
2024-10-06,Swat,0.0,0.302925580119081,290.9833074170579,101648.31666966795
2024-10-07,Swat,0.0018970572924142338,0.29859040617519567,292.2839007599864,101734.59854716691
2024-10-08,Swat,0.15663220551752682,0.36243224616100483,288.50697969803434,101792.81049534213
2024-10-09,Swat,0.0,0.35162760293992995,288.4920696009204,101523.081544755
2024-10-10,Swat,0.0,0.332640785659322,289.2182484713557,101387.91712917619
2024-10-11,Swat,0.0,0.3164230529537504,289.5834380774148,101309.4798176029
2024-10-12,Swat,0.0,0.30336691476538535,289.94001004776874,101339.88494994167
2024-10-13,Swat,0.0,0.2927882172608625,289.90251357440087,101436.0549034951
2024-10-14,Swat,0.0,0.28496966749522623,289.03222348116856,101555.14481414291
2024-10-15,Swat,0.0,0.27674098485509263,290.029023927044,101351.97770241824
2024-10-16,Swat,0.0,0.26886956787735067,289.69673065597476,101275.52029697059
2024-10-17,Swat,0.0,0.26236166291222096,289.30671037850584,101394.61035709517
2024-10-18,Swat,0.0,0.2558654453896265,289.40116463274353,101434.95962711234
2024-10-19,Swat,0.0,0.24871618548803895,289.74701783804943,101392.62053416055
2024-10-20,Swat,0.0,0.24221954270369994,289.45428707029305,101591.3286417191
2024-10-21,Swat,0.0,0.236721102089963,289.4352599471282,101586.80206495424
2024-10-22,Swat,12.47126586636595,0.23812698207745997,288.6247887654664,101771.8754238969
2024-10-23,Swat,0.0,0.24127343708307422,288.0222492212871,101810.53261400691
2024-10-24,Swat,0.0,0.23696454703606504,288.07085611508705,101668.37232408774
2024-10-25,Swat,0.0,0.22986097106419823,289.1213944818257,101509.00160453554
2024-10-26,Swat,0.0,0.22346111178926847,289.9188901357096,101385.1481941892
2024-10-27,Swat,0.0,0.21768079564602935,290.6911146812357,101242.25196848997
2024-10-28,Swat,7.29547297498778,0.2366427966469238,289.13127101089384,101258.86803832868
2024-10-29,Swat,1.1388851133384401,0.3290329460306975,287.1126580321132,101465.91685500897
2024-10-30,Swat,0.0,0.31861647401580573,287.1666290325559,101639.11450779393
2024-10-31,Swat,0.0,0.29558550187027466,287.564604903471,101629.2318887791
2024-11-01,Swat,0.0,0.2804401250579046,287.5861264716148,101539.8026815776
2024-11-02,Swat,0.0,0.2688247540042196,287.5980477388078,101613.36475312806
2024-11-03,Swat,0.0,0.25922973602596905,287.45109382671893,101761.45502848898
2024-11-04,Swat,0.0,0.25079051685704756,287.8075986159255,101506.40919754999
2024-11-05,Swat,0.0,0.24374346307183142,287.6972785648866,101827.05297446086
2024-11-06,Swat,0.0,0.23744817934632406,288.62258226673583,101714.12578304567
2024-11-07,Swat,0.039674353980073296,0.23194796924771563,288.6736028626534,101713.8990614579
2024-11-08,Swat,0.0,0.2273227120641663,288.2857311852309,101716.46697828308
2024-11-09,Swat,0.0,0.22396833364287927,287.5649426075459,101744.06342645233
2024-11-10,Swat,0.6938598885263416,0.24431326531668707,287.01955444933395,101793.79168985107
2024-11-11,Swat,11.994652510160156,0.34875859667450626,284.50930734245543,101857.04193316186
2024-11-12,Swat,0.0,0.324239539949843,284.92290215259254,101821.60625015164
2024-11-13,Swat,0.0,0.3108630777826835,285.35581400478105,101612.87504805508
2024-11-14,Swat,0.34408809991355077,0.37001835861353416,283.8844970380304,101912.99028603423
2024-11-15,Swat,9.29387673410377,0.4093921831843905,283.06721674921914,101878.67196908679
2024-11-16,Swat,0.0,0.3894591239425249,282.41682750641735,101732.49219432886
2024-11-17,Swat,0.0,0.3666958607650352,282.3322827901916,101785.60254636555
2024-11-18,Swat,0.0,0.35311899437629,281.8619193446413,101858.6764377084
2024-11-19,Swat,0.0,0.34288302346473415,281.53363478485386,101895.0121321505
2024-11-20,Swat,0.0,0.3344200743158469,281.91148905482527,101710.27641034221
2024-11-21,Swat,0.0,0.32709429034492876,282.27939685975616,101670.46451001962
2024-11-22,Swat,0.0,0.32204625813059784,282.2762001932992,101664.17314390837
2024-11-23,Swat,0.0,0.319384112445519,282.2334305113043,101822.72841489884
2024-11-24,Swat,0.0,0.3143934644677095,281.1100942204218,101907.24641938665
2024-11-25,Swat,0.0,0.30824498765830105,281.28713928709305,101784.83094305417
2024-11-26,Swat,0.0,0.3027467247155086,280.5887006246533,101731.6746821784
2024-11-27,Swat,0.0,0.29780338269693457,280.80875448815414,101689.75704285903
2024-11-28,Swat,0.0,0.29357399078533475,280.97678687913714,101844.07370569815
2024-11-29,Swat,1.1692951133635645,0.30953677358959397,280.55553400679213,102061.43764467118
2024-11-30,Swat,0.0,0.3187008301712911,281.81982953899836,101746.65553246097
2024-12-01,Swat,0.0,0.3320913643218308,279.98947799975974,101672.61290654633
2024-12-02,Swat,0.0,0.3441943604862234,280.0085588663475,101842.30972291915
2024-12-03,Swat,0.0,0.34670654818937724,279.4036237717147,102084.57392852225
2024-12-04,Swat,0.0,0.33052433672607556,279.3137572477246,101815.25052531838
2024-12-05,Swat,0.0,0.32061545143653114,278.5877301297026,101606.27332798485
2024-12-06,Swat,0.0,0.31340310274792416,277.5749935693243,101491.31377700187
2024-12-07,Swat,0.04046304841322364,0.3076817692828045,278.2237689447718,101337.55066806749
2024-12-08,Swat,0.6278595936727133,0.3049824855539788,276.70835356069256,101555.86934770469
2024-12-09,Swat,0.0,0.3039397167717209,274.92772518942013,101992.57186291032
2024-12-10,Swat,0.0,0.30062503833839266,276.30574499091495,101993.57271500361
2024-12-11,Swat,0.0,0.29799215305307813,277.496482699237,101882.63589915707
2024-12-12,Swat,0.10564396687727788,0.2983183245918371,276.1352274897788,101992.97526551719
2024-12-13,Swat,0.0,0.2951003551375092,277.30369222359536,102187.41842818228
2024-12-14,Swat,0.0,0.2919395155365708,279.7744847551794,102027.44551382559
2024-12-15,Swat,0.04983218213523816,0.2892383885540294,279.3474477428344,101990.19455601096
2024-12-16,Swat,0.0,0.2859504600950636,277.9807450312,101833.37748976165
2024-12-17,Swat,1.1125245645636004,0.2825967689137163,277.47787468579503,101869.44372642759
2024-12-18,Swat,5.346286849061089,0.2805177134570735,277.2675582537026,101716.674952299
2024-12-19,Swat,0.0555608237047117,0.2782207726827628,276.89440645872,101721.51174619197
2024-12-20,Swat,0.17342929135537785,0.2755878969684617,276.4640911786098,101833.10210274084
2024-12-21,Swat,0.0,0.27320762471343696,277.76807923451594,101759.95024422117
2024-12-22,Swat,0.12177292931449962,0.27159076150868655,278.6193993532696,101607.86750997517
2024-12-23,Swat,0.0,0.26954041308256116,277.23612351640674,101888.39777712124
2024-12-24,Swat,0.0,0.2672307662011293,275.98625658994774,102048.88490112773
2024-12-25,Swat,0.0,0.26503314408160233,276.3020680835386,102216.58492454833
2024-12-26,Swat,0.0,0.26305204224738016,276.75751802648495,102227.3420053457
2024-12-27,Swat,0.0,0.26111917844503507,276.7872312495699,102025.9563861731
2024-12-28,Swat,0.04844049286057366,0.25948165436533627,276.2504035749391,102104.2099584398
2024-12-29,Swat,0.0,0.2577413225744608,277.0478428014616,102269.2362225933
2024-12-30,Swat,0.0648205235073197,0.25574825874340223,277.4951354272379,102006.06921254325
2024-12-31,Swat,0.5943159829640516,0.2537470889842505,278.18243067055135,102094.20674608069
2025-01-01,Swat,0.49756493923937223,0.2561902066549733,279.3342533281171,102069.33267278598
2025-01-02,Swat,18.074190189694132,0.3059027748577607,278.7466799555828,102076.29645363231
2025-01-03,Swat,0.4385382525837273,0.3250927072003228,281.2445071850633,101911.31003401289
2025-01-04,Swat,0.0,0.3513776589668733,279.61424326530016,101717.71217403437
2025-01-05,Swat,0.0,0.38522038263263264,277.9155814555027,101822.33816877568
2025-01-06,Swat,0.0011741703544354137,0.3818422073989478,275.69312438667214,102105.66369121084
2025-01-07,Swat,0.0,0.3605321742154361,276.4633490155217,101934.99578986444
2025-01-08,Swat,0.0,0.3497487815054944,276.2837861871533,101684.35731748147
2025-01-09,Swat,0.0,0.34207260834698244,276.4143690186868,102052.70665679926
2025-01-10,Swat,0.0,0.3362366936507762,277.268774072626,102043.43022597035
2025-01-11,Swat,0.0,0.3317285459484408,276.2550383355837,101927.17019028809
2025-01-12,Swat,0.0,0.3275162375344944,274.82475208170183,102239.92699641256
2025-01-13,Swat,0.0,0.3232793377699444,275.19121305939956,102037.28341526314
2025-01-14,Swat,0.0,0.32005860241619244,276.73091080059885,102003.49027895239
2025-01-15,Swat,0.0,0.31610905173059833,276.8645506097085,101991.18814646793
2025-01-16,Swat,0.0,0.3146283102389031,275.9012586861883,102398.54397803423
2025-01-17,Swat,0.3391352995080541,0.3125153926185898,277.686108885184,102214.70708423704
2025-01-18,Swat,3.6669750540658383,0.30922936547748925,279.41184035521485,101887.24509129456
2025-01-19,Swat,2.3133187928857843,0.3117344491627169,277.64982873816837,102014.26392182492
2025-01-20,Swat,4.4667441382830017E-4,0.3297695646613585,278.3179039397803,101933.73574204193
2025-01-21,Swat,1.7331384426917062,0.3388928413360241,277.57624126766814,101674.4949921492
2025-01-22,Swat,0.6358671907733866,0.34077723073333094,277.1667444940116,101632.6903137544
2025-01-23,Swat,0.05561160828623783,0.3311434313580125,276.8428697819776,101852.8740609015
2025-01-24,Swat,2.2916702757161522E-6,0.3210635682471289,276.6065947833071,101959.96415592922
2025-01-25,Swat,8.423102523487323E-6,0.3139522532566061,277.33140540856465,101727.40624418273
2025-01-26,Swat,0.0,0.30848358952745797,277.56513533585553,101594.69421557833
2025-01-27,Swat,0.0,0.30352081987447116,277.45850203524975,101448.05991893348
2025-01-28,Swat,0.0,0.3004903504866668,280.79998058494556,101331.90489889197
2025-01-29,Swat,0.0,0.34937891328817317,277.7115623839835,101740.58964609161
2025-01-30,Swat,0.0,0.3405841792936931,277.2845921816564,101484.60612874922
2025-01-31,Swat,0.0,0.33034389352222654,277.19681831727956,101366.22038134524
2025-02-01,Swat,0.0,0.3274402742110978,276.5921650540672,101713.37564393869
2025-02-02,Swat,0.0,0.3220946881590654,277.80323086437187,101859.38725709393
2025-02-03,Swat,0.0,0.3150495139974168,279.92586372998966,101504.05334701469
2025-02-04,Swat,0.0,0.3330490770913916,277.6163049283111,101701.27170422717
2025-02-05,Swat,0.011968080661478146,0.34334746360809676,276.08887722070085,101807.55659048322
2025-02-06,Swat,0.013368259180213558,0.33986478959892563,276.2461241115602,102088.67330400784
2025-02-07,Swat,0.002139456155886478,0.3264405233270031,278.25526812827104,101909.01091180296
2025-02-08,Swat,0.014957368372438691,0.31591187697481826,280.2636592496596,101719.15102868334
2025-02-09,Swat,0.17537178506635048,0.30779398017519477,281.0075607151609,101629.4869821174
2025-02-10,Swat,2.592715376910565,0.3360729651209414,278.64101767872137,101746.69736040734
2025-02-11,Swat,0.0,0.38487078666594365,277.6434255419852,101800.84221881167
2025-02-12,Swat,0.0,0.3717607037957563,276.7270773691752,101857.51127803382
2025-02-13,Swat,0.0,0.35474567322148115,277.3629779778213,101744.60789186688
2025-02-14,Swat,0.0,0.3420204204092631,279.4415051459866,101510.30179104002
2025-02-15,Swat,0.0,0.3336786022139146,279.60136752464246,101324.8537103115
2025-02-16,Swat,1.6393326012305323,0.3470808502353366,278.8423768728647,101602.13966870269
2025-02-17,Swat,0.0,0.34809868263709715,278.70325816182054,101952.59686422544
2025-02-18,Swat,2.899203770814204,0.33512979249111235,280.81568760694705,101786.25149577914
2025-02-19,Swat,22.780631613695103,0.3355457327273173,281.874750690019,101362.39105218479
2025-02-20,Swat,5.122697240425073,0.40361334873696547,276.2745133202088,101755.01459484965
2025-02-21,Swat,0.0,0.3814197338242193,277.8042698223466,102062.71596558436
2025-02-22,Swat,0.0,0.3690593699558247,279.1505520618792,101838.33322061446
2025-02-23,Swat,0.0,0.35750592737357256,279.64284644319906,101958.26109415968
2025-02-24,Swat,8.414016414952181,0.35122061798208654,282.0573625380871,102064.9425847389
2025-02-25,Swat,23.04166147492695,0.4067425076449285,279.64192821304204,102224.90915758842
2025-02-26,Swat,18.49204966845109,0.42873167619860836,279.7560891642295,102111.73196313807
2025-02-27,Swat,16.19806370408981,0.4286070158669233,279.95166119592955,101514.68511418905
2025-02-28,Swat,2.5288490943699657,0.42211523104091153,278.7487600893943,101385.990690709
2025-03-01,Swat,0.0,0.4069058242918551,278.36420231414434,101837.81729640806
2025-03-02,Swat,2.796952808280339,0.39775881710207,280.74312348615706,101454.73844779894
2025-03-03,Swat,8.896636500147551,0.4217113468650526,274.8133226981446,101526.43758118781
2025-03-04,Swat,0.0,0.4100792302425332,274.79362193843457,101903.92259785038
2025-03-05,Swat,0.0,0.39997802912292896,277.72154123564627,101767.99615356592
2025-03-06,Swat,0.0,0.3922887964501925,279.88962835061784,101408.43574522888
2025-03-07,Swat,0.06286087111465948,0.38408595933393136,280.5211828691982,101295.50509283233
2025-03-08,Swat,0.0,0.37483219817028735,281.69966955760316,101156.85942710187
2025-03-09,Swat,8.184244808387634,0.36926569093683226,283.75280744048393,101618.81382202198
2025-03-10,Swat,5.236568215125743,0.4171859878045559,280.4603894841195,102279.57659102947
2025-03-11,Swat,0.5387101247499045,0.40174746523400795,283.4415307443105,101861.29640178339
2025-03-12,Swat,0.0,0.39675902988929007,283.0407889282988,101326.05387486242
2025-03-13,Swat,6.299422512127303,0.39537907975349845,281.82457201685156,101132.73480294358
2025-03-14,Swat,7.5568959895989165,0.39835204634770927,281.59370317672824,101394.7599795336
2025-03-15,Swat,7.66557228751619,0.40520355706000444,280.64606812589807,101606.57385542782
2025-03-16,Swat,0.0,0.3866751056635616,281.68369086054975,101556.50939604298
2025-03-17,Swat,0.05621289121679735,0.37246366677022874,281.75500591335344,101627.38263747806
2025-03-18,Swat,0.004351717628655108,0.36015691496520635,282.7219103968646,101576.44097539778
2025-03-19,Swat,3.4370437454068137,0.34980561257859766,283.57089970837796,101740.6733318293
2025-03-20,Swat,0.0,0.3408825576381931,282.96896922562996,101951.96977028628
2025-03-21,Swat,0.0,0.33022112016217714,283.7020495336919,101755.40686991121
2025-03-22,Swat,0.0,0.3194019209320127,285.4053483759839,101637.31220686369
2025-03-23,Swat,0.0,0.30921778391300536,286.71714661539596,101713.42727361477
2025-03-24,Swat,0.0,0.3044236595738937,287.82144862726807,101650.84544179353
2025-03-25,Swat,0.05865446881881444,0.3374862815184036,286.5913227162435,101431.39317116329
2025-03-26,Swat,27.439746165538757,0.40157605498810145,284.9254998106406,101129.08259286266
2025-03-27,Swat,2.044151042903158,0.4266359747528382,282.88039331004825,100924.56246054418
2025-03-28,Swat,0.0,0.4130638243009281,280.57053169990155,101539.2950041377
2025-03-29,Swat,0.0,0.3920280551800276,283.4350943083472,101427.37771789703
2025-03-30,Swat,0.0,0.3768125150784836,283.8800512974737,101451.3108537323
2025-03-31,Swat,0.0,0.3624623725625428,284.12287436001185,101500.5030133097
2025-04-01,Swat,0.0,0.34854863420070425,284.6811015052427,101379.68407468064
2025-04-02,Swat,0.0,0.33599970611315705,285.8905282695119,101460.30395807364
2025-04-03,Swat,2.672134407993239,0.345255826089114,282.9737545644373,101944.35629365419
2025-04-04,Swat,0.0,0.3377493076056268,286.69942632713,101663.32241655597
2025-04-05,Swat,0.5497354170770447,0.32157100337997113,288.12941101986263,101221.99388536363
2025-04-06,Swat,0.0,0.30763892913791685,290.00014548730996,101058.04739703042
2025-04-07,Swat,0.19169822407701193,0.295831212594322,290.93873146436096,101255.33982086049
2025-04-08,Swat,0.9727048598734721,0.29918883400433055,290.18968320436494,101613.75290075953
2025-04-09,Swat,9.267685858258357,0.29773018556112124,290.0636389993341,101395.61968181422
2025-04-10,Swat,0.6738318352883133,0.29671323089334467,289.3919404076246,100755.78380956798
2025-04-11,Swat,0.0,0.30597109810414,287.0420663032472,100899.38584528469
2025-04-12,Swat,0.0,0.29848642151750926,288.90259971576637,101071.5721889264
2025-04-13,Swat,0.0,0.28077064813516744,290.3069150110773,101202.44326737462
2025-04-14,Swat,0.0,0.26517030152240517,291.78747127634676,101101.50067479521
2025-04-15,Swat,0.0,0.25087437803676016,292.3160280199481,101137.61156656686
2025-04-16,Swat,4.070477497334916,0.2633990577453146,290.66570282105914,101120.44139651251
2025-04-17,Swat,4.167382879500179,0.2608012617716895,291.74765629025177,100977.84572101913
2025-04-18,Swat,15.122731542520892,0.3290368469699994,290.11695621616866,100785.41382930613
2025-04-19,Swat,1.94596697165807,0.41657049129740087,286.51765758139334,100753.64918665418
2025-04-20,Swat,0.31969719305294386,0.4125355737778718,286.35301816115464,100906.45006388795
2025-04-21,Swat,0.0,0.3920656773112325,288.466001428165,101348.6625601447
2025-04-22,Swat,0.0,0.3720489594246509,288.25427940580903,101443.56500594872
2025-04-23,Swat,0.0,0.3531146990288978,288.84470164419116,101071.25003009768
2025-04-24,Swat,5.1905642145561215,0.3385588512671555,288.4440525989022,100916.82735535906
2025-04-25,Swat,0.05445990943272679,0.32304896882490963,289.77111902759407,101114.88576966104
2025-04-26,Swat,0.0,0.30931055807337376,289.7420500495008,101180.78143589738
2025-04-27,Swat,0.0,0.29339252815533473,291.1825919909318,101118.64992290939
2025-04-28,Swat,0.0,0.2776900658465515,292.7455819140945,100851.76979466804
2025-04-29,Swat,0.0,0.2627992144970613,293.6219454235546,100814.94874237181
2025-04-30,Swat,0.14435319531719923,0.24972432953354753,294.2747133539397,100955.2322615858
2025-05-01,Swat,7.111345521351442,0.2442351814271748,293.6945923086863,101121.2296630678
2025-05-02,Swat,0.0,0.2808148456556072,291.1998336037054,101203.0239650947
2025-05-03,Swat,3.2618211071351286,0.3231216112741749,289.9667349474133,100995.4865486095
2025-05-04,Swat,2.6204151699235716,0.3219693919415879,291.0907938695802,100921.14189137913
2025-05-05,Swat,1.3204155559040243,0.307716871726336,291.68623163847604,101020.2116563036
2025-05-06,Swat,0.01620988626704642,0.29261166968594626,292.1968896571652,100947.10705671906
2025-05-07,Swat,1.3338151369612299,0.2819892061593246,292.5775802962458,100876.78984832781
2025-05-08,Swat,1.7522330372997856,0.304405199064673,292.15855802178515,101052.63321363385
2025-05-09,Swat,0.7625348991576476,0.3218746010142894,291.5172132195282,101263.18904762817
2025-05-10,Swat,0.1358999995808839,0.30840846894724294,292.2183508808714,101093.64299108293
2025-05-11,Swat,0.47345466345781123,0.30096859946199367,292.075797368937,100894.81391535004
2025-05-12,Swat,0.2894363562940118,0.3118433112706658,291.6008857260148,100847.13036902287
2025-05-13,Swat,0.0,0.3017960211387995,292.3372875878941,100855.88426376488
2025-05-14,Swat,0.0,0.27676535127658614,293.31879382302395,100877.4213759854
2025-05-15,Swat,0.0,0.2529624717822969,294.389997318481,100715.63704969805
2025-05-16,Swat,0.12880060068906807,0.23259288239885806,295.32543636360157,100609.87781046647
2025-05-17,Swat,0.003539041554779839,0.21520149931761035,295.7678065043063,100561.33841840948
2025-05-18,Swat,0.7601517236062143,0.2009214123397564,296.7177056251191,100544.4354723262
2025-05-19,Swat,0.543582306116575,0.18868262162630964,296.2370278313805,100624.45575412155
2025-05-20,Swat,0.11738736578297161,0.17758684424769852,296.3344792051488,100439.10596257972
2025-05-21,Swat,0.0,0.1679868833658019,297.16337518126915,100379.93227362481
2025-05-22,Swat,0.0,0.15943146035996114,298.5150947102742,100334.9929439889
2025-05-23,Swat,0.1832042204148524,0.1567607359387188,296.9216451522116,100339.14946663856
2025-05-24,Swat,6.514053864069823,0.16057840629048314,296.2217157491033,100560.35529739548
2025-05-25,Swat,0.0,0.15729596718858085,295.9748637815557,100851.84360456989
2025-05-26,Swat,0.0,0.1514927648582821,296.9355281635861,100554.52788791114
2025-05-27,Swat,10.829687208706197,0.18970628071705026,295.14863225238344,100493.72587379398
2025-05-28,Swat,0.0,0.20753786420745451,295.81436719030637,100241.0840835836
2025-05-29,Swat,1.449517755580359,0.21170012066633315,295.493926958338,100230.17983242411
2025-05-30,Swat,0.0,0.2859152276504098,292.22831382853536,100253.3025240073
2025-05-31,Swat,0.0,0.31365816241744143,290.6296901187073,100470.33806836567
2025-06-01,Swat,0.0,0.2776220507044775,292.7308788095995,100399.7228394918
2025-06-02,Swat,0.0,0.2589356846234971,292.59431032239235,100298.3034160624
2025-06-03,Swat,0.0,0.2482614128505265,292.14994164019083,100541.0459915443
2025-06-04,Swat,0.0,0.2325623669201813,292.36542203390377,100809.35138621349
2025-06-05,Swat,0.0,0.2169466300352714,293.6649724485747,101059.09835014079
2025-06-06,Swat,0.0,0.19968518612163966,296.59721784579233,100869.99137713866
2025-06-07,Swat,0.0,0.1841971430239799,297.76552933730756,100827.31069919707
2025-06-08,Swat,0.0,0.17139165994527103,297.97455879853266,100723.71241582757
2025-06-09,Swat,0.0,0.15994574728879338,299.0326830270253,100432.96160293707
2025-06-10,Swat,0.0,0.15122607875372274,299.86985768393697,100284.90618853996
2025-06-11,Swat,0.014405435506233454,0.14462009049437527,300.31759972266536,100358.7682045489
2025-06-12,Swat,0.4144632362303005,0.1395441882912657,300.01029695636026,100374.99456192931
2025-06-13,Swat,0.9878806368996549,0.14521517664014327,299.0086509001852,100541.47122888603
2025-06-14,Swat,1.9447183377630488,0.14902494197276828,298.1655698338838,100441.3236976047
2025-06-15,Swat,0.185711772893807,0.14997383557818889,298.4350943939925,100156.7124494661
2025-06-16,Swat,0.0,0.14816009930012286,298.4236095598524,100272.50195887893
2025-06-17,Swat,0.0,0.14318427756331106,298.94046401932246,100241.20161404536
2025-06-18,Swat,0.0,0.1391972088132747,299.8045420242986,99973.30089013276
2025-06-19,Swat,0.0,0.13508496024163577,301.5682275138903,99869.57675745204
2025-06-20,Swat,0.0023870366872150036,0.13520764371648883,301.2633906725907,100077.56412780435
2025-06-21,Swat,13.25125506913049,0.17955565967918144,298.71045943417033,100251.30614104129
2025-06-22,Swat,0.0,0.3168681028205271,296.6929296610872,100236.56928993725
2025-06-23,Swat,0.0,0.29167849471047863,298.87994805702914,99891.9838276772
2025-06-24,Swat,0.9711803977782539,0.2810110479140775,299.13744264504834,99850.48651952352
2025-06-25,Swat,7.868326861689558,0.3102655699646544,297.4749030219084,100258.51761524126
2025-06-26,Swat,1.0515797893861063,0.3672114242200835,295.33504597937196,100550.19378459969
2025-06-27,Swat,5.433511871098119,0.360374934894549,296.2504355128561,100482.21657639042
2025-06-28,Swat,3.236836967859128,0.3426308177479653,297.22959823782924,100160.45154676819
2025-06-29,Swat,13.659090326759282,0.35400637989389316,296.8950463721593,99859.39954352684
2025-06-30,Swat,0.0,0.37420903464319816,296.3771296715045,99978.88390158101
2025-07-01,Swat,4.335444618272519,0.3578638581905329,296.88058063744523,100133.84564539549
2025-07-02,Swat,4.234708327682686,0.38696361995681655,296.07563203196247,100292.06476238507
2025-07-03,Swat,5.301340313410689,0.40238261996496244,297.25311715601305,100332.90745087237
2025-07-04,Swat,5.885734235508278,0.37723739044246435,298.0383867329883,100223.54935843854
2025-07-05,Swat,8.874413499480495,0.38531466265305253,299.3138041483462,99951.17752198392
2025-07-06,Swat,24.721750039790955,0.4130387756411211,296.12885905105077,100096.52578613127
2025-07-07,Swat,0.9319254855022223,0.4066021982120726,296.1448494509632,100219.0656878257
2025-07-08,Swat,21.998733966764032,0.42120423208329694,295.41635505531525,100209.21131713553
2025-07-09,Swat,1.2359758300383583,0.4169375579040972,294.9882744061077,100306.11220165348
2025-07-10,Swat,0.0027751079740743175,0.42398130886631924,293.9930183173487,100560.6533075083
2025-07-11,Swat,0.0,0.4069695947614513,294.72336133384925,100535.53755078668
2025-07-12,Swat,0.0,0.3821013167598427,296.46267085985295,100573.63306036322
2025-07-13,Swat,26.40401755287282,0.3851171918956679,295.87968219905383,100566.17861789379
2025-07-14,Swat,0.0,0.40526093151968473,295.4602544942764,100547.54918189926
2025-07-15,Swat,0.0,0.412828793901795,294.67002317339285,100495.87041098764
2025-07-16,Swat,0.0,0.41657644667020177,294.7101622888402,100514.27583671568
2025-07-17,Swat,0.0,0.4157112507345332,294.56353545208185,100703.40666757373
2025-07-18,Swat,0.0,0.39230201848640234,295.96283007386967,100619.53857613137
2025-07-19,Swat,0.0,0.3760393529801382,297.6483840599266,100239.17003651176
2025-07-20,Swat,0.2776631886600393,0.39074675335757936,297.59089911442095,100116.45207158083
2025-07-21,Swat,34.345559715032145,0.41095773834660243,296.6244562021783,100287.17648070508
2025-07-22,Swat,0.0,0.41861631959110396,295.0803554908942,100161.82485826263
2025-07-23,Swat,0.8535961412442586,0.4204474843143855,294.0720811612293,100014.99380898137
2025-07-24,Swat,0.0,0.39915618201608205,295.76412297852227,99985.78589060824
2025-07-25,Swat,0.0,0.38568382455015504,296.5578432651732,99979.31834072196
2025-07-26,Swat,4.107462099685328,0.3931916806496825,296.9162012254157,100127.22619601627
2025-07-27,Swat,0.0,0.37521896216989903,297.7054541082715,100055.61340202007
2025-07-28,Swat,0.0,0.3687643097891054,297.6731999567179,99971.91693594395
2025-07-29,Swat,30.292357611453177,0.381408084418744,297.27503025688833,99987.86701703069
2025-07-30,Swat,0.0,0.4103474267765307,295.46002177584296,100300.19593519332
2025-07-31,Swat,0.0,0.40324404039306466,295.6470302151316,100335.01027798124
2025-08-01,Swat,2.0286665897022966,0.4040771857212292,295.8246264902033,100319.01113083334
2025-08-02,Swat,4.539924262761642,0.39664301753439035,296.0183362945479,100407.15847697594
2025-08-03,Swat,0.0,0.38654953968758127,296.55690395488983,100478.16266637183
2025-08-04,Swat,0.002432766094687548,0.38039570354281466,296.798293727766,100474.75918156543
2025-08-05,Swat,0.03865714127056694,0.3968157417055058,295.4904603562217,100495.0918442346
2025-08-06,Swat,0.9028812129220659,0.4034942882921134,294.73561862288244,100645.90774476751
2025-08-07,Swat,0.0,0.3893236902515564,295.7943254706473,100573.12374399047
2025-08-08,Swat,0.0,0.3853451789344597,296.3862266760349,100722.61257243679
2025-08-09,Swat,0.0,0.3808981464761457,296.52237114807576,100870.8314921473
2025-08-10,Swat,0.13354057364003927,0.3816453398829948,296.56206278706435,100695.53580309737
2025-08-11,Swat,0.0,0.3764584094971949,297.667993959,100438.99976174773
2025-08-12,Swat,0.0,0.40654555602755305,296.42639290583435,100405.82211102651
2025-08-13,Swat,3.8590651075615128,0.41342626557638373,295.8432901374973,100439.04515159111
2025-08-14,Swat,26.98970190459646,0.42038888857279116,295.5696927226152,100668.14898178753
2025-08-15,Swat,26.005666269581898,0.4235459824700934,294.10262494725913,100625.172440533
2025-08-16,Swat,0.0,0.3998964824407081,296.0732289802832,100473.09774464606
2025-08-17,Swat,13.629749852257385,0.40075492541911184,295.70926390421084,100684.66537693425
2025-08-18,Swat,8.23534451807964,0.4265951087066842,293.4840353279188,100950.38283753925
2025-08-19,Swat,0.0,0.4072031955393162,294.07751496950914,100806.32420395406
2025-08-20,Swat,0.0,0.3855493812223886,295.0451933452527,100739.73607564584
2025-08-21,Swat,0.0,0.3747431174949292,295.7846113640674,100626.80764466111
2025-08-22,Swat,0.0,0.36433447467204916,296.48140584596206,100261.95983324364
2025-08-23,Swat,39.0865448914641,0.3931153778125898,295.135809455506,100342.3439839526
2025-08-24,Swat,0.14164132629471587,0.42292423006031177,293.41698399504173,100634.44640284561
2025-08-25,Swat,0.0,0.406842228549859,294.5137045081834,100611.35475841924
2025-08-26,Swat,0.0,0.39039177522917895,295.46056002035687,100638.08522780155
2025-08-27,Swat,0.0,0.3798321961844567,295.10229219572074,100747.97345257417
2025-08-28,Swat,0.0,0.3681973979903472,295.9036789637567,100601.96975966354
2025-08-29,Swat,0.0,0.3853689571194011,295.72840445547513,100690.78106587291
2025-08-30,Swat,0.9955399427506869,0.39911728169145216,294.1357887500898,100954.75778012599
2025-08-31,Swat,0.007081165453889737,0.4184026294030539,293.69004781976327,100611.33290269188
2025-09-01,Swat,4.684450009675835,0.4096663771624835,293.65382528205726,100445.46968075196
2025-09-02,Swat,0.003595847827857407,0.4154498276582946,293.32755950053314,100608.40523679543
2025-09-03,Swat,3.399935229304939,0.4116170165599687,292.9595138664616,100943.47858916197
2025-09-04,Swat,0.0038998288996202864,0.39356903191764975,294.5457605812513,100994.21692491653
2025-09-05,Swat,0.28019429040466864,0.3813057377422615,294.6024692612214,100966.68822892044
2025-09-06,Swat,4.447103686970098,0.3718210010989006,294.9171911326461,100947.46069165999
2025-09-07,Swat,5.657379576732966,0.387460363855847,293.5932088165264,100933.48527514852
2025-09-08,Swat,0.0,0.3964964369676165,293.46749134338074,101058.80697011876
2025-09-09,Swat,0.0,0.3879431941151696,294.4106896790795,101077.74154229654
2025-09-10,Swat,0.0,0.3713350194444269,295.05245446681806,100847.7889046768
2025-09-11,Swat,0.0,0.360707459095795,295.9210773436399,100763.25797007023
2025-09-12,Swat,0.0,0.35653581668352724,295.76696329115674,100938.50670849648
2025-09-13,Swat,0.5028743417401421,0.3577783901714305,295.7757040706927,100992.35116819496
2025-09-14,Swat,6.917745870856776,0.3588011559881546,295.6777377698693,100925.52722753248
2025-09-15,Swat,3.7245412633604955,0.35900042928642795,295.50911625216787,100712.56087447179
2025-09-16,Swat,0.18267104356246988,0.37441860954240747,294.57079678241877,100859.9209553765
2025-09-17,Swat,0.0,0.35064681493006294,294.4245023808821,100863.81912427356
2025-09-18,Swat,21.339968491675002,0.3876187103063023,292.3169253505517,101015.07537877557
2025-09-19,Swat,2.6394006788774993,0.36439837308448486,293.0081151021049,101024.16586709661
2025-09-20,Swat,0.0,0.3462729892197411,292.76725907612723,100971.06594985271
2025-09-21,Swat,4.180052457319966,0.33159227416600906,293.4476193866215,100819.0564508704
2025-09-22,Swat,0.0,0.319942786318528,294.0256725083508,100914.58846368248
2025-09-23,Swat,0.0,0.3141690014966957,293.6430340646219,100884.66972415333
2025-09-24,Swat,0.0,0.3066591541117754,293.7995740220596,100717.63902274062
2025-09-25,Swat,5.858615674422661,0.30215644830250893,292.7721949434725,100975.13314711541
2025-09-26,Swat,0.0,0.2922343116256466,292.70181520850133,101081.98873638266
2025-09-27,Swat,5.422534560280395,0.27994269447467,292.78373446918323,101267.3257131381
2025-09-28,Swat,0.0,0.2689917578995602,292.8977507923318,101111.14136454316
2025-09-29,Swat,1.9524519162942318,0.25981230968724933,292.2342222915968,100940.13552584447
2025-09-30,Swat,0.0,0.2513047087138116,292.5488816986766,100699.75086600406
2025-10-01,Swat,5.057425530222565,0.24676313388639282,292.0504222190724,100812.94598198392
2025-10-02,Swat,8.885114807282775,0.2746774752973365,291.0315574724128,101246.21664923192
2025-10-03,Swat,0.0,0.31300815763116047,290.3637607605789,101582.44046146069
2025-10-04,Swat,4.450301937018179,0.3018481213731019,290.0634270190228,101192.7187677044
2025-10-05,Swat,21.76644504465856,0.34825290770619566,288.3341442243875,101252.63774169196
2025-10-06,Swat,1.4090576935587844,0.4198935741509479,285.36544910085365,101374.43281791252
2025-10-07,Swat,0.045320219529557546,0.4030718478557329,286.09344777978873,101486.24422174964
2025-10-08,Swat,0.04648270818352298,0.3781758463327272,286.68391156888424,101583.4227705959
2025-10-09,Swat,0.011682897033026962,0.36363760435782,287.04158462821954,101662.96505936573
2025-10-10,Swat,0.00726062466497111,0.3519762652902658,287.2113061352237,101482.5141464194
2025-10-11,Swat,0.0,0.3402636232023823,287.8803250814828,101537.82665173069
2025-10-12,Swat,0.0,0.3293236727923813,288.36730245108356,101443.44204854478
2025-10-13,Swat,0.0,0.3195554017055809,288.76509333007266,101474.7488871442
2025-10-14,Swat,0.0,0.3107565876806388,289.4446362429114,101351.37630836424
2025-10-15,Swat,0.0,0.3030766361535474,288.7180964430503,101475.72581713957
2025-10-16,Swat,0.0,0.2950632567157005,288.9923721115551,101461.97667252095
2025-10-17,Swat,0.0,0.2870566836269667,288.8674688347981,101608.52721033369
2025-10-18,Swat,0.0,0.27958558028128694,289.1175419758249,101536.27198775242
2025-10-19,Swat,0.0,0.2751625353969922,288.68809246088875,101517.0724367898
2025-10-20,Swat,0.0,0.26988966152883503,288.40676087674575,101573.76064952323
2025-10-21,Swat,0.0,0.26510614917965925,286.867164491736,101779.74638347181
2025-10-22,Swat,0.0,0.26061387386097856,286.9556517200831,101716.45324311442
2025-10-23,Swat,0.0,0.25445252945160496,287.01053184504656,101623.15162178484
2025-10-24,Swat,0.0,0.24813225344264836,286.8747775362594,101596.8130657859
2025-10-25,Swat,0.0,0.24227206727351985,286.9143131454354,101569.08772211583
2025-10-26,Swat,0.0,0.23687713408409178,286.7544234726366,101640.05913639363
2025-10-27,Swat,0.0,0.23198763140444237,286.7283099204742,101703.39049272185
2025-10-28,Swat,0.0,0.22730631064016357,286.6116945585816,101752.8047019165
2025-10-29,Swat,0.0,0.2227257148727608,286.7223030150926,101584.03501195813
2025-10-30,Swat,0.0,0.21810571526308373,287.0526865685897,101525.78705961262
2025-10-31,Swat,0.0,0.21354971191659156,286.9393272293076,101361.52146066347
2025-11-01,Swat,0.0,0.20957347905645984,286.71541768883685,101415.51129877337
2025-11-02,Swat,0.0,0.20587578251240204,286.767459366011,101387.33886683967
2025-11-03,Swat,0.0,0.20240007171405255,287.264015736221,101072.59498299353
2025-11-04,Swat,18.180140041881238,0.3120172351734777,281.56175086480926,101344.72629516173
2025-11-05,Swat,0.0,0.3068478206275681,281.5731447542319,101636.83007401502
2025-11-06,Swat,0.0,0.2878568274211172,282.25371148189066,101742.77171914959
2025-11-07,Swat,0.0,0.27447344201498225,282.48820385985437,101761.49120894574
2025-11-08,Swat,0.0,0.263976477179086,281.86293806650946,101793.83045972063
2025-11-09,Swat,0.0,0.2552882925446028,281.941851500858,101611.74229145078
2025-11-10,Swat,0.0,0.24785538820496025,282.04373461917106,101623.88841775185
2025-11-11,Swat,0.0,0.24136650446636607,281.52065009895404,101778.34562667938
2025-11-12,Swat,0.0,0.2355299592564856,281.61344914282614,101819.51979947345
2025-11-13,Swat,0.0,0.23026916828867874,281.6330892002248,101932.61018283202
2025-11-14,Swat,0.0,0.22552554448672044,281.60913268468016,101891.98027185039
2025-11-15,Swat,0.0,0.2212849052139638,281.5302730917292,102043.95734854032
2025-11-16,Swat,0.0,0.2174127687556744,282.64523724046074,102127.70331646167
2025-11-17,Swat,0.0,0.21380200054097848,283.3043624920495,102006.05387309183
2025-11-18,Swat,0.0,0.21058273447159753,283.02873866115266,101837.37270878177
2025-11-19,Swat,0.0,0.20759317896443222,282.91438165316583,101901.41075807733
2025-11-20,Swat,0.0,0.2047244754723625,282.3562800036822,101936.38589586892
2025-11-21,Swat,0.4566308114121808,0.20212615856802266,281.53188763315,102100.4163683876
2025-11-22,Swat,0.022320907894899305,0.19955990367407223,281.1771035406245,101826.7051220701
2025-11-23,Swat,0.2578310259458435,0.19715986886090778,280.0888129564699,101889.74553668978
2025-11-24,Swat,0.028395099113607946,0.19507386235789334,279.57111059971373,102046.66695415432
2025-11-25,Swat,0.0,0.1931826886350954,279.85854491385584,101910.44037268526
2025-11-26,Swat,0.5565193701286899,0.19153427056017772,279.9925780814549,102056.7792761986
2025-11-27,Swat,0.0,0.1899064493887885,279.63149648199106,102214.19600348214
2025-11-28,Swat,0.0,0.18830345091895453,279.5079763340163,102018.08905299008
2025-11-29,Swat,0.2574398761828683,0.18676357989068504,279.7375368006745,101811.78473096201
2025-11-30,Swat,0.0,0.1852700881417091,279.9592026147127,101625.69272536336
2025-12-01,Swat,0.0,0.1841416279755335,280.57304185861136,101563.78603806166
2025-12-02,Swat,0.0,0.18323531486266464,279.6694086192087,101739.6435753322
2025-12-03,Swat,0.0,0.1821686949087684,279.66836939040496,102057.76729276596
2025-12-04,Swat,0.23975240807568912,0.18079775840364645,282.34602238764586,102001.6754576365
2025-12-05,Swat,0.0,0.1866486197709586,280.072183036559,102341.8265928
2025-12-06,Swat,0.0,0.18692118083122247,280.27372949155534,102177.48012060318
2025-12-07,Swat,0.0,0.184929064180599,280.03116739813913,102079.12912085398
2025-12-08,Swat,0.0,0.18314000446603174,279.5673213726026,102184.32398062406
2025-12-09,Swat,0.05412215635263928,0.18187548999555211,280.09015967707546,102014.86280563058
2025-12-10,Swat,0.0,0.1804585027336046,280.8499661512851,101925.31951756697
2025-12-11,Swat,0.0,0.17886120550043308,281.6245459425537,101809.75570110924
2025-12-12,Swat,3.8662422011309117,0.17748634214223288,283.158380463552,101696.24250643436
2025-12-13,Swat,3.8619436235178366,0.1776100364601985,283.000667904228,101874.43946722538
2025-12-14,Swat,4.100474481580477,0.18982911080336481,282.5636320440061,102057.35744975948
2025-12-15,Swat,0.024411027813325156,0.19029157159937357,281.6636669331583,102022.21244567238
2025-12-16,Swat,0.014043807261713132,0.18800836607342825,282.59016267383197,101937.4161809725
2025-12-17,Swat,3.0703026769793293,0.18586801549945703,283.0057891912515,101949.14597555957
2025-12-18,Swat,0.12141688119180725,0.1853485056788124,281.56151670992125,102027.72185714367
2025-12-19,Swat,1.5894539479149736,0.18409102156032917,283.4619948668213,101673.944578774
2025-12-20,Swat,3.5837615989034024,0.19281988084127785,283.01869546045805,101628.43395353116
2025-12-21,Swat,0.8880859948519827,0.3135958581447926,279.67612714807694,102061.3608346114
2025-12-22,Swat,0.4511137883256947,0.36522572636456374,278.3022150091148,102116.37104582135
2025-12-23,Swat,0.060955395143274166,0.3337897262714029,278.6173532594777,101870.27336769356
2025-12-24,Swat,0.0,0.3141767871354505,278.0873104432688,101732.39883610464
2025-12-25,Swat,0.0,0.3021966929531798,278.31756392942066,101766.89779356116
2025-12-26,Swat,0.0,0.2936110286318897,277.64764293641525,101843.28302803982
2025-12-27,Swat,0.0,0.2866251520655808,278.58029737524714,101831.99126231219
2025-12-28,Swat,0.46773028408451756,0.282120326348849,279.89951117757795,101846.05893405623
2025-12-29,Swat,2.462911137951331,0.2780512310486127,281.0729353049703,101793.458975333
2025-12-30,Swat,8.90388828361442,0.3108199257668332,279.46098598134114,101622.8192998012
2025-12-31,Swat,5.211720098299553,0.3745239366736809,278.19908412844535,101402.83432158285
2026-01-01,Swat,0.0,0.3949649805274814,277.1280782442443,101836.14388743765
2026-01-02,Swat,0.0,0.3690708512202032,275.29918313577264,101926.58308530139
2026-01-03,Swat,0.2702691204407635,0.3565868095412686,274.3504772025116,101843.35212272166
2026-01-04,Swat,0.0,0.3505927868672168,275.1084077599551,102103.97884663631
2026-01-05,Swat,0.0,0.34577479606342815,273.8864581859068,102244.55337862995
2026-01-06,Swat,0.0,0.33971658191868004,273.3141228698081,102262.32192411742
2026-01-07,Swat,0.0,0.334373953227508,273.19207086986796,102383.30072548067
2026-01-08,Swat,0.0,0.3296092007441579,273.35762359611056,102239.53370308802
2026-01-09,Swat,0.0,0.3260641902502168,272.85895893552566,102193.99799635376
2026-01-10,Swat,0.0,0.3230589674878292,273.7432453767195,102117.97090641079
2026-01-11,Swat,0.0,0.3202062057846997,275.77366777712507,102235.97301147864
2026-01-12,Swat,1.1573054800839686,0.3182729031359454,276.4816248054357,102165.06454360773
2026-01-13,Swat,0.0,0.3149909971703732,278.02344293919646,102076.08539801779
2026-01-14,Swat,0.0,0.3105159337038419,277.65415596775955,101733.73959176395
2026-01-15,Swat,0.0,0.30655493032283,279.22480784816156,101778.90865503291
2026-01-16,Swat,4.196826591647305,0.310653346886244,278.71720485196727,101662.11668797943
2026-01-17,Swat,0.0,0.32172709835754354,277.7049922579827,101650.78103855732
2026-01-18,Swat,1.3199602836866184,0.31734255286503255,278.3514713435878,101505.67881643744
2026-01-19,Swat,0.024670996899518183,0.35321967814576777,277.0612757948923,101903.4419567341
2026-01-20,Swat,0.0,0.35648186726765496,276.8267247294495,101975.09192238732
2026-01-21,Swat,0.0,0.3443657257792406,279.39818317696887,101877.20417133726
2026-01-22,Swat,37.39087303207562,0.367868587054206,276.78728200696,101421.47507987269
2026-01-23,Swat,7.255539712486298,0.4109769926736297,274.10572018229647,101621.48364253857
2026-01-24,Swat,1.548925949388008,0.39241189211669647,274.1476893314611,102676.5666193366
2026-01-25,Swat,0.0,0.3863537549722962,276.41206366311894,102265.6994912731
2026-01-26,Swat,15.319944648806885,0.3918800081075649,276.2930323004804,102303.8682161327
2026-01-27,Swat,7.442453451242133,0.4085903014382562,274.60951597654247,102300.41846131504
2026-01-28,Swat,0.0,0.39419684282018524,275.22726890401094,102251.89462925718
2026-01-29,Swat,0.0,0.3880593047942237,276.4062834681053,102215.06879901615
2026-01-30,Swat,0.38328496713374927,0.38578651629769634,278.08567730106665,102048.96746996291
2026-01-31,Swat,1.6783235245483614,0.38739855009249813,278.99257664841684,101962.58536336756
2026-02-01,Swat,0.3269216960379309,0.39501181631324855,276.3156141457337,102205.15897169094
2026-02-02,Swat,0.0,0.38880856665147584,276.14604826993474,102169.12299989471
2026-02-03,Swat,0.0,0.3846622134504894,275.8102733548414,102243.5756466197
2026-02-04,Swat,0.0,0.37951413913624554,275.6267095700797,102473.04742434602
2026-02-05,Swat,0.04152018544225393,0.37508197599878246,278.5914146562435,102134.06899654816
2026-02-06,Swat,0.11871072240968582,0.39402754177867527,276.63858971186204,102269.17574217354
2026-02-07,Swat,0.0,0.38456316572743005,277.3585877184745,101983.81588586344
2026-02-08,Swat,0.9916382147304178,0.3747536817532939,279.61053700873,101715.87341165135
2026-02-09,Swat,11.6991509671634,0.3703275630299315,280.5752092971091,101690.68747420188
2026-02-10,Swat,2.165075443304191,0.3806807707686392,277.2497947448801,102198.55626649049
2026-02-11,Swat,0.0,0.3701721950994817,278.89990012282175,102316.6975081137
2026-02-12,Swat,0.0,0.36133378472110445,281.6602699145541,101917.91204013758
2026-02-13,Swat,0.0,0.3537940478429603,281.07354657586455,101718.21505708944
2026-02-14,Swat,0.0,0.34668273499305113,280.428098511559,101707.68877851941
2026-02-15,Swat,0.0,0.339732505430072,281.03368057682275,101611.01693538752
2026-02-16,Swat,0.0,0.333880750274172,281.75522980298956,101518.0223812987
2026-02-17,Swat,0.0,0.32784879349503915,281.03632414665293,101772.1998155189
2026-02-18,Swat,0.0,0.321448605265402,281.12190323279816,101808.22342879952
2026-02-19,Swat,0.0,0.315262117926884,281.6271313512687,101963.49505259749
2026-02-20,Swat,0.0,0.3094555783796911,281.8737218593698,102028.55605757704
2026-02-21,Swat,0.014148883993757057,0.3035021064023328,281.9311860420744,101351.23643605929
2026-02-22,Swat,1.241893783365627E-4,0.2973263244174435,281.18012759870913,101138.96396320288
2026-02-23,Swat,5.392138879165205E-7,0.29120075413092616,281.42964794697303,101253.33016279049
2026-02-24,Swat,0.17069727732860276,0.2851098663365643,281.9110701916841,101456.25033714461
2026-02-25,Swat,0.8259910550092092,0.27919690059699837,282.41676345871775,101530.35353326624
2026-02-26,Swat,0.0,0.2781423643667649,282.41860056218314,101261.32152096009
2026-02-27,Swat,1.4376596324036038E-4,0.2753935353085231,282.48001591175705,101059.24093300806
2026-02-28,Swat,0.0,0.27073204479929486,282.28746714619683,101219.03705708343
2026-03-01,Swat,0.0,0.2638644269562269,282.53975847035053,101276.25690349915
2026-03-02,Swat,0.0,0.2566914273595804,283.61033818701867,101534.42965512599
2026-03-03,Swat,0.0,0.24981541157988324,286.1842621354136,101549.48415419931
2026-03-04,Swat,0.0,0.24400365628311793,287.82890661618444,101716.18459291737
2026-03-05,Swat,0.0,0.23895002934824308,288.9672853438626,101358.78913989395
2026-03-06,Swat,1.3906566461781507,0.24579373960214942,288.74725349009094,101357.43151359493
2026-03-07,Swat,0.031160894851662325,0.2994159175188587,286.59443041136103,101656.93998217396
2026-03-08,Swat,0.0,0.2908336448148687,287.869083959639,101659.44199087852
2026-03-09,Swat,11.558637380584532,0.3334062014732732,285.32877146178197,101808.02712408738
2026-03-10,Swat,8.609117613377807,0.3970703298636707,285.79361036215994,101868.17101835401
2026-03-11,Swat,11.014012210980185,0.4141098429877375,285.5735105270021,101680.78078715308
2026-03-12,Swat,0.37286009677829024,0.4034234926779756,283.40179686146126,101377.47972225137
2026-03-13,Swat,0.0,0.3811065607098602,284.0579250777853,101401.15000106224
2026-03-14,Swat,0.11674731449795432,0.3618583224318786,286.71459159384654,101116.88192929725
2026-03-15,Swat,18.907967758894983,0.40391749539755495,281.4075622977864,101205.15697386207
2026-03-16,Swat,0.0,0.4064382735896653,280.5371922564163,101350.84696539413
2026-03-17,Swat,0.0,0.38983561279012974,282.2992462228514,101449.56839130628
2026-03-18,Swat,1.8775332694248301,0.40759802683305857,281.6998189456057,101688.76128208052
2026-03-19,Swat,0.0,0.4169589713488707,281.77040746406567,101595.7344104091
2026-03-20,Swat,0.0,0.4070739589046793,281.7517450219988,101300.12003691644
2026-03-21,Swat,0.0,0.39152568037584723,282.966308477807,101633.3735962843
2026-03-22,Swat,0.0115527815391024,0.375248199393403,285.3004483709507,101429.88787852264
2026-03-23,Swat,0.6995175310590465,0.3728297141154364,284.24841717936755,101402.53644551868
2026-03-24,Swat,0.0,0.3607172578789025,285.6843253171938,101365.65955265221
2026-03-25,Swat,4.333483718305962,0.3542063182849867,287.43059999020375,101381.37108578294
2026-03-26,Swat,0.9655035916990709,0.39261402027336323,285.2693169079951,101700.82470423324
2026-03-27,Swat,0.0,0.365515443970926,287.67233870356625,101024.86229574037
2026-03-28,Swat,7.264516168060727,0.38470066764239036,287.50471784371103,100804.65473145782
2026-03-29,Swat,15.34240451401375,0.4096550128702983,286.9505364341473,101155.07074752527
2026-03-30,Swat,36.25639636400251,0.42699501247295496,284.1026684371836,101389.19718437381
2026-03-31,Swat,0.8855342599163045,0.40940900101952343,285.75845832303537,101418.09126276747
2026-04-01,Swat,0.24471182687951978,0.390944541481541,287.05647177968257,101460.03966951215
2026-04-02,Swat,7.564277821165429,0.39398008830233383,286.36934507298497,101475.69508208818
2026-04-03,Swat,32.43751539599416,0.42586612371061666,284.53586951572817,101383.82033627453
2026-04-04,Swat,0.1215943660326691,0.4213352346625594,283.8426479987052,101445.14561742236
2026-04-05,Swat,4.010790851526882,0.4070833620858926,284.7584947497367,101225.0416749287
2026-04-06,Swat,5.069860714931213,0.40607473417933715,285.3759702919424,101127.35913725353
2026-04-07,Swat,10.038866865873802,0.424398476641617,283.1870943330016,100963.27865603453
2026-04-08,Swat,0.0,0.42387681105822606,282.21462311109127,101222.92750175012
2026-04-09,Swat,0.0,0.4170456824265159,282.2371997339058,101796.44511092131
2026-04-10,Swat,0.0,0.396137334967338,285.304439621822,101648.1879307257
2026-04-11,Swat,0.0,0.38343741955079375,285.76754068797004,101351.45575488034
2026-04-12,Swat,0.0,0.3711792847486205,286.16070284850593,101237.82592331612
2026-04-13,Swat,0.0,0.35679261957423114,287.52250904639516,101293.29207125709
2026-04-14,Swat,0.0,0.34161526133323117,288.4371890117728,101187.568366267
2026-04-15,Swat,9.319195260643131E-4,0.3269935066252533,289.4475560173731,100906.22739714176
2026-04-16,Swat,5.841229695446987,0.3222639910736126,289.3284053740124,101178.00883430391
2026-04-17,Swat,13.993782290867726,0.3667802480829172,287.4178904719731,101606.36231698583
2026-04-18,Swat,9.294987346058603,0.39603644722206555,287.8522211141497,101533.08496425705
2026-04-19,Swat,0.0,0.39837777370558325,287.6652340965801,101267.03980052561
2026-04-20,Swat,0.0,0.3699182466555142,289.0833978287298,101161.25713138169
2026-04-21,Swat,0.0,0.3501923598237898,290.861914327722,100943.73209996878
2026-04-22,Swat,2.8843983250818375,0.3356860689384286,292.8884486722122,100921.93472367784
2026-04-23,Swat,4.368221002115342,0.33696127865637016,291.9687578424677,101118.81707383688
2026-04-24,Swat,4.489871430101411,0.3500261066458211,290.70303256788515,101265.57845809792
2026-04-25,Swat,0.0,0.3457160076871757,290.66686824944,101299.05552618849
2026-04-26,Swat,0.0,0.32324957162958956,291.99203076156203,100884.34847887792
2026-04-27,Swat,0.0,0.3059465364751355,293.1171027022193,100583.05879014367
2026-04-28,Swat,0.5210187517815914,0.3594072993509432,289.1058964418564,100749.39248296316
2026-04-29,Swat,6.96568469163139,0.3808977300032676,289.5599369716493,100687.7525674087
2026-04-30,Swat,0.0,0.38656986866447846,288.9786996724417,100789.93895227666
2026-05-01,Swat,0,0.3718705000963771,290.1030015664577,100696.53882273013
2026-05-02,Swat,0,0.3660074352339447,291.0297072675065,100570.39137390119
2026-05-03,Swat,0,0.3838406921903425,288.9236013802785,100806.48751780562
2026-05-04,Swat,0,0.38282128448208014,288.3758003228028,101037.53805030702
2026-05-05,Swat,0,0.36211734876165746,288.6062148268091,101395.25729198701
2026-05-06,Swat,0,0.33968344532016925,290.652704189678,100884.24697530869
2026-05-07,Swat,0,0.32217599830346255,291.8574508933662,100963.7747375178
2026-05-08,Swat,0,0.3068998980149349,293.05824369569507,101115.4795171318
2026-05-09,Swat,0,0.2909716991934312,294.4641409478596,101069.7559305092
2026-05-10,Swat,0,0.29236591232121784,294.13076878992604,101089.3950890688
2026-05-11,Swat,0,0.31430951931007145,291.87798007948305,101207.69315052476
2026-05-12,Swat,0,0.31757924627408446,290.7256494513634,100942.70513775127
2026-05-13,Swat,0,0.3131353899926428,291.151568234029,100796.96306558354
2026-05-14,Swat,0,0.30460001080924315,292.4329545365828,100707.9063076661
2026-05-15,Swat,0,0.29662892485703835,292.3474696239623,100728.8185337013
2026-05-16,Swat,0,0.2872041674710099,292.62791730044694,100811.9183141146
2026-05-17,Swat,0,0.2706733999059149,294.63453573223853,100687.75634757716
2026-05-18,Swat,0,0.2590802292195651,296.3176416744755,100477.28319522111
2026-05-19,Swat,0,0.3123155883040173,294.276851779505,100679.06881014472
2026-05-20,Swat,0,0.3009164227007486,295.1527343046764,100731.88097122955
2026-05-21,Swat,0,0.3134643010024783,293.65569068299584,100955.32840093761
2026-05-22,Swat,0,0.2984492739850806,293.11779437034795,101005.36028475955
2026-05-23,Swat,0,0.29105402956670895,292.8603406952003,100985.73834056017
2026-05-24,Swat,0,0.2721959458559155,293.46599991878537,100844.649678587
2026-05-25,Swat,0,0.2574243711532708,292.58715193761054,100760.33502748748
2026-05-26,Swat,0,0.23797202372464257,294.2805017900485,100837.99455181252
2026-05-27,Swat,0,0.2183812826301662,295.7096781323676,100740.44119442791
2026-05-28,Swat,0,0.20394356496959248,295.5168678348691,100625.32501102734
2026-05-29,Swat,0,0.19146208737548398,296.2461167363842,100553.40048844239
2026-05-30,Swat,0,0.18274888102411124,295.3088325560299,100839.57511320777
2026-05-31,Swat,0,0.17901340384051448,295.01510361372556,101068.25202236226
2026-06-01,Swat,0,0.17664538120672071,295.75676701543716,101023.24397160998
2026-06-02,Swat,0,0.1853583643579404,295.26403070668607,100976.65199079757
2026-06-03,Swat,0,0.2097566843930759,294.63131002973466,100605.73169934071
2026-06-04,Swat,0,0.2747525755417204,288.8564860091905,100557.36328592896
2026-06-05,Swat,0,0,0,0
2026-06-06,Swat,0,0,0,0
2026-06-07,Swat,0,0,0,0
2026-06-08,Swat,0,0,0,0
2026-06-09,Swat,0,0,0,0
2026-06-10,Swat,0,0,0,0
2026-06-11,Swat,0,0,0,0
2026-06-12,Swat,0,0,0,0
2026-06-13,Swat,0,0,0,0
2026-06-14,Swat,0,0,0,0
2026-06-15,Swat,0,0,0,0
2026-06-16,Swat,0,0,0,0
2026-06-17,Swat,0,0,0,0
2026-06-18,Swat,0,0,0,0
2026-06-19,Swat,0,0,0,0
2026-06-20,Swat,0,0,0,0
2026-06-21,Swat,0,0,0,0
2026-06-22,Swat,0,0,0,0
2026-06-23,Swat,0,0,0,0
2026-06-24,Swat,0,0,0,0
2026-06-25,Swat,0,0,0,0
2026-06-26,Swat,0,0,0,0
2026-06-27,Swat,0,0,0,0
2026-06-28,Swat,0,0,0,0
2026-06-29,Swat,0,0,0,0
2026-06-30,Swat,0,0,0,0
2026-07-01,Swat,0,0,0,0
2026-07-02,Swat,0,0,0,0
2026-07-03,Swat,0,0,0,0
2026-07-04,Swat,0,0,0,0
2026-07-05,Swat,0,0,0,0
2026-07-06,Swat,0,0,0,0
2026-07-07,Swat,0,0,0,0
2026-07-08,Swat,0,0,0,0
2026-07-09,Swat,0,0,0,0
2026-07-10,Swat,0,0,0,0
2026-07-11,Swat,0,0,0,0
2026-07-12,Swat,0,0,0,0
2026-07-13,Swat,0,0,0,0
2026-07-14,Swat,0,0,0,0
2026-07-15,Swat,0,0,0,0
2026-07-16,Swat,0,0,0,0
2026-07-17,Swat,0,0,0,0
2026-07-18,Swat,0,0,0,0
2026-07-19,Swat,0,0,0,0
2026-07-20,Swat,0,0,0,0
2026-07-21,Swat,0,0,0,0
2026-07-22,Swat,0,0,0,0
2026-07-23,Swat,0,0,0,0
2026-07-24,Swat,0,0,0,0
2026-07-25,Swat,0,0,0,0
2026-07-26,Swat,0,0,0,0
2026-07-27,Swat,0,0,0,0
2026-07-28,Swat,0,0,0,0
2026-07-29,Swat,0,0,0,0
2026-07-30,Swat,0,0,0,0
2026-07-31,Swat,0,0,0,0
2026-08-01,Swat,0,0,0,0
2026-08-02,Swat,0,0,0,0
2026-08-03,Swat,0,0,0,0
2026-08-04,Swat,0,0,0,0
2026-08-05,Swat,0,0,0,0
2026-08-06,Swat,0,0,0,0
2026-08-07,Swat,0,0,0,0
2026-08-08,Swat,0,0,0,0
2026-08-09,Swat,0,0,0,0
2026-08-10,Swat,0,0,0,0
2026-08-11,Swat,0,0,0,0
2026-08-12,Swat,0,0,0,0
2026-08-13,Swat,0,0,0,0
2026-08-14,Swat,0,0,0,0
2026-08-15,Swat,0,0,0,0
2026-08-16,Swat,0,0,0,0
2026-08-17,Swat,0,0,0,0
2026-08-18,Swat,0,0,0,0
2026-08-19,Swat,0,0,0,0
2026-08-20,Swat,0,0,0,0
2026-08-21,Swat,0,0,0,0
2026-08-22,Swat,0,0,0,0
2026-08-23,Swat,0,0,0,0
2026-08-24,Swat,0,0,0,0
2026-08-25,Swat,0,0,0,0
2026-08-26,Swat,0,0,0,0
2026-08-27,Swat,0,0,0,0
2026-08-28,Swat,0,0,0,0
2026-08-29,Swat,0,0,0,0
2026-08-30,Swat,0,0,0,0
2026-08-31,Swat,0,0,0,0
2026-09-01,Swat,0,0,0,0
2026-09-02,Swat,0,0,0,0
2026-09-03,Swat,0,0,0,0
2026-09-04,Swat,0,0,0,0
2026-09-05,Swat,0,0,0,0
2026-09-06,Swat,0,0,0,0
2026-09-07,Swat,0,0,0,0
2026-09-08,Swat,0,0,0,0
2026-09-09,Swat,0,0,0,0
2026-09-10,Swat,0,0,0,0
2026-09-11,Swat,0,0,0,0
2026-09-12,Swat,0,0,0,0
2026-09-13,Swat,0,0,0,0
2026-09-14,Swat,0,0,0,0
2026-09-15,Swat,0,0,0,0
2026-09-16,Swat,0,0,0,0
2026-09-17,Swat,0,0,0,0
2026-09-18,Swat,0,0,0,0
2026-09-19,Swat,0,0,0,0
2026-09-20,Swat,0,0,0,0
2026-09-21,Swat,0,0,0,0
2026-09-22,Swat,0,0,0,0
2026-09-23,Swat,0,0,0,0
2026-09-24,Swat,0,0,0,0
2026-09-25,Swat,0,0,0,0
2026-09-26,Swat,0,0,0,0
2026-09-27,Swat,0,0,0,0
2026-09-28,Swat,0,0,0,0
2026-09-29,Swat,0,0,0,0
2026-09-30,Swat,0,0,0,0
2026-10-01,Swat,0,0,0,0
2026-10-02,Swat,0,0,0,0
2026-10-03,Swat,0,0,0,0
2026-10-04,Swat,0,0,0,0
2026-10-05,Swat,0,0,0,0
2026-10-06,Swat,0,0,0,0
2026-10-07,Swat,0,0,0,0
2026-10-08,Swat,0,0,0,0
2026-10-09,Swat,0,0,0,0
2026-10-10,Swat,0,0,0,0
2026-10-11,Swat,0,0,0,0
2026-10-12,Swat,0,0,0,0
2026-10-13,Swat,0,0,0,0
2026-10-14,Swat,0,0,0,0
2026-10-15,Swat,0,0,0,0
2026-10-16,Swat,0,0,0,0
2026-10-17,Swat,0,0,0,0
2026-10-18,Swat,0,0,0,0
2026-10-19,Swat,0,0,0,0
2026-10-20,Swat,0,0,0,0
2026-10-21,Swat,0,0,0,0
2026-10-22,Swat,0,0,0,0
2026-10-23,Swat,0,0,0,0
2026-10-24,Swat,0,0,0,0
2026-10-25,Swat,0,0,0,0
2026-10-26,Swat,0,0,0,0
2026-10-27,Swat,0,0,0,0
2026-10-28,Swat,0,0,0,0
2026-10-29,Swat,0,0,0,0
2026-10-30,Swat,0,0,0,0
2026-10-31,Swat,0,0,0,0
2026-11-01,Swat,0,0,0,0
2026-11-02,Swat,0,0,0,0
2026-11-03,Swat,0,0,0,0
2026-11-04,Swat,0,0,0,0
2026-11-05,Swat,0,0,0,0
2026-11-06,Swat,0,0,0,0
2026-11-07,Swat,0,0,0,0
2026-11-08,Swat,0,0,0,0
2026-11-09,Swat,0,0,0,0
2026-11-10,Swat,0,0,0,0
2026-11-11,Swat,0,0,0,0
2026-11-12,Swat,0,0,0,0
2026-11-13,Swat,0,0,0,0
2026-11-14,Swat,0,0,0,0
2026-11-15,Swat,0,0,0,0
2026-11-16,Swat,0,0,0,0
2026-11-17,Swat,0,0,0,0
2026-11-18,Swat,0,0,0,0
2026-11-19,Swat,0,0,0,0
2026-11-20,Swat,0,0,0,0
2026-11-21,Swat,0,0,0,0
2026-11-22,Swat,0,0,0,0
2026-11-23,Swat,0,0,0,0
2026-11-24,Swat,0,0,0,0
2026-11-25,Swat,0,0,0,0
2026-11-26,Swat,0,0,0,0
2026-11-27,Swat,0,0,0,0
2026-11-28,Swat,0,0,0,0
2026-11-29,Swat,0,0,0,0
2026-11-30,Swat,0,0,0,0
2026-12-01,Swat,0,0,0,0
2026-12-02,Swat,0,0,0,0
2026-12-03,Swat,0,0,0,0
2026-12-04,Swat,0,0,0,0
2026-12-05,Swat,0,0,0,0
2026-12-06,Swat,0,0,0,0
2026-12-07,Swat,0,0,0,0
2026-12-08,Swat,0,0,0,0
2026-12-09,Swat,0,0,0,0
2026-12-10,Swat,0,0,0,0
2026-12-11,Swat,0,0,0,0
2026-12-12,Swat,0,0,0,0
2026-12-13,Swat,0,0,0,0
2026-12-14,Swat,0,0,0,0
2026-12-15,Swat,0,0,0,0
2026-12-16,Swat,0,0,0,0
2026-12-17,Swat,0,0,0,0
2026-12-18,Swat,0,0,0,0
2026-12-19,Swat,0,0,0,0
2026-12-20,Swat,0,0,0,0
2026-12-21,Swat,0,0,0,0
2026-12-22,Swat,0,0,0,0
2026-12-23,Swat,0,0,0,0
2026-12-24,Swat,0,0,0,0
2026-12-25,Swat,0,0,0,0
2026-12-26,Swat,0,0,0,0
2026-12-27,Swat,0,0,0,0
2026-12-28,Swat,0,0,0,0
2026-12-29,Swat,0,0,0,0
2026-12-30,Swat,0,0,0,0
