Date,Location,precipitation_mm,soil_moisture,temp_2m,sea_level_pressure
2010-01-01,Quetta,0.0,0.19500864723201233,278.2072503445057,101674.44835977424
2010-01-02,Quetta,2.5151129338850966,0.18889253106190357,277.4641621826969,101864.37916737646
2010-01-03,Quetta,0.0,0.20761668907655087,277.28885727101994,102204.45687420144
2010-01-04,Quetta,0.0,0.20122643567702095,278.68513327443145,102133.89584912689
2010-01-05,Quetta,0.0,0.1902947370495598,281.1612888534174,101696.98414954213
2010-01-06,Quetta,0.0,0.17849788096058042,280.85012341895197,101522.8391138735
2010-01-07,Quetta,0.0,0.16724253823985985,278.67195805650886,101907.69600617545
2010-01-08,Quetta,0.0,0.15702742876077758,277.2230191085531,102147.98846571549
2010-01-09,Quetta,0.0,0.1479713551501263,276.01426755299667,102166.8795474872
2010-01-10,Quetta,0.0,0.13951918890637333,276.82964712100704,102072.61435716564
2010-01-11,Quetta,0.029706196175726347,0.13190635219749453,277.6132044726863,101913.5017120954
2010-01-12,Quetta,3.3446068723766316,0.13506464690122322,275.68777791891364,102112.11604290883
2010-01-13,Quetta,0.0,0.1336275241944952,276.5242170991309,102370.87752661838
2010-01-14,Quetta,1.7285552700861548,0.1256037081838129,280.20122891254397,102381.02876783429
2010-01-15,Quetta,0.0,0.1167621327475483,281.87760721794774,102352.64917562816
2010-01-16,Quetta,0.5546909099218182,0.10776386042199032,282.56843990419065,102377.85336296848
2010-01-17,Quetta,0.0,0.09913663033393892,281.5796369273386,102415.75859108816
2010-01-18,Quetta,0.0,0.09156336644100638,280.2241713010148,102397.19612116693
2010-01-19,Quetta,0.0,0.0847992541883426,280.7319863405937,102109.08889959539
2010-01-20,Quetta,0.0,0.07837064274057341,282.1422203083892,102029.23835072399
2010-01-21,Quetta,0.0,0.07235756331990209,283.19780447865134,101865.62989059837
2010-01-22,Quetta,0.0,0.06659893475629462,283.2422097579464,101751.44455307706
2010-01-23,Quetta,2.3055278939567185,0.0843790293904206,280.87843418812344,101800.3786147785
2010-01-24,Quetta,0.0,0.10324352896937868,279.78728548321754,101949.16428742545
2010-01-25,Quetta,0.0,0.09391177411921517,280.575358856175,101949.05321097739
2010-01-26,Quetta,0.0,0.09614874394084831,279.91931084277047,101837.77326980405
2010-01-27,Quetta,0.0,0.12653283517242894,279.9389990807553,101706.50199904172
2010-01-28,Quetta,18.389674735467313,0.20122390942029275,278.0186768046894,101759.31827193353
2010-01-29,Quetta,0.0,0.2147354135941131,277.0253128757509,102117.84159524058
2010-01-30,Quetta,0.0,0.19545805951128753,279.1335700899086,102005.1629913756
2010-01-31,Quetta,0.0,0.1777033419070223,279.5100152596122,101850.39672567074
2010-02-01,Quetta,0.0,0.16164754357411057,278.5982036398217,101851.95003220826
2010-02-02,Quetta,0.0,0.14690717026701305,279.2542300087941,101782.5612563884
2010-02-03,Quetta,0.0,0.14610267888274397,279.8210859244335,101743.38859534707
2010-02-04,Quetta,0.0,0.15187863195572038,280.78952905051597,101738.61808001492
2010-02-05,Quetta,8.044737499812188,0.1696977674494001,282.58849806942095,101655.43151219124
2010-02-06,Quetta,17.110420969064634,0.18135363553343414,281.824371762598,101815.21837973807
2010-02-07,Quetta,13.960367136212792,0.28586322478988085,280.95106712839504,101529.09140545144
2010-02-08,Quetta,1.2617751351897517,0.3380706692879203,272.9192838015279,101620.33494995738
2010-02-09,Quetta,0.0,0.29749394498583553,269.8397849263283,102091.87251623717
2010-02-10,Quetta,0.006727095121419409,0.276932115787677,274.7745402612205,101898.17975830493
2010-02-11,Quetta,0.0,0.2597846882834753,276.65642383724906,101956.62332703361
2010-02-12,Quetta,0.0,0.24204033742771433,276.56411581196494,102148.5400162372
2010-02-13,Quetta,0.0,0.22456827907789706,276.51849961566217,102145.684285296
2010-02-14,Quetta,0.0,0.20934486612279896,276.0760542824617,101909.71768978916
2010-02-15,Quetta,0.0,0.19367483105461827,271.6540576579555,102160.69802837519
2010-02-16,Quetta,0.0,0.17931931700914977,274.37017768482923,102301.80484241903
2010-02-17,Quetta,0.0,0.16531436662386925,278.7590065682634,102172.85497418013
2010-02-18,Quetta,0.0,0.15042131860441652,281.1654392163145,101923.4819074744
2010-02-19,Quetta,0.0,0.13567414196562452,282.88037804806663,101859.59441572611
2010-02-20,Quetta,0.0,0.1218589895357806,283.71452953691727,101694.32536653531
2010-02-21,Quetta,0.0,0.10867923610932041,282.8814181672357,101521.65496672694
2010-02-22,Quetta,0.0,0.14323151005187676,279.3487994276885,101488.02004844547
2010-02-23,Quetta,0.0,0.1550541317239531,281.34699113307516,101402.78076767459
2010-02-24,Quetta,0.0,0.1359044879867839,283.084683204404,101227.51958927808
2010-02-25,Quetta,0.2007975556172138,0.13360900582135357,284.7265935112575,101299.52728306004
2010-02-26,Quetta,0.10170622596951927,0.11660647860716043,286.31434600791073,101477.09356846251
2010-02-27,Quetta,1.4343859015209708,0.09923782920512465,287.17968869449214,101490.37354450596
2010-02-28,Quetta,3.267529091250144,0.09093491939304223,286.1292825527504,101378.20868025973
2010-03-01,Quetta,0.0,0.09132363977383513,284.8343548564919,101659.33530637775
2010-03-02,Quetta,2.3148267954983943,0.0796982495179574,285.6991643598683,101436.96972849235
2010-03-03,Quetta,13.771472448628437,0.1025436925806828,283.7069508354884,101075.62975351361
2010-03-04,Quetta,0.0,0.09768811260008935,283.2652552383396,101186.49609481473
2010-03-05,Quetta,2.2599988613746023,0.09433115639109826,282.6257543426721,101290.50541524701
2010-03-06,Quetta,0.0,0.09462144781282716,281.84249448989584,101594.07382639479
2010-03-07,Quetta,0.0,0.08110590536712177,283.2621895096369,101970.86097636282
2010-03-08,Quetta,0.0,0.06917817123906982,284.6443367230114,102048.29313564737
2010-03-09,Quetta,0.0,0.059206287355872425,285.6531973773928,102086.80833768097
2010-03-10,Quetta,0.0,0.051011660422607276,286.783807360093,102040.7224350511
2010-03-11,Quetta,0.0,0.044764295661402054,287.66407353584754,101988.3892584114
2010-03-12,Quetta,0.0,0.03977570437897614,289.5841640642676,101967.00033352853
2010-03-13,Quetta,0.038510266877520426,0.03569726381838017,289.9531431031103,101804.5549763096
2010-03-14,Quetta,0.038510266877520426,0.032638768873588374,290.02011413803825,101629.59302864136
2010-03-15,Quetta,0.038510266877520426,0.030278628152720567,290.95149173569786,101563.0100827832
2010-03-16,Quetta,0.0,0.028303552570158888,290.95256649820976,101566.71977081557
2010-03-17,Quetta,0.0,0.026878430433127078,291.0598220859854,101899.35844069421
2010-03-18,Quetta,0.0,0.025898856120242213,292.6786781505128,102049.99257559623
2010-03-19,Quetta,0.0,0.025165574952731518,293.5812720264216,101810.55021560901
2010-03-20,Quetta,0.0,0.024711296302496452,293.61880931154593,101587.81818169716
2010-03-21,Quetta,0.0,0.024500697415908018,292.11373190707053,101433.85507160348
2010-03-22,Quetta,0.0,0.024401363977175537,290.9395743717625,101016.7917711882
2010-03-23,Quetta,0.0,0.024556804897431832,287.26100949726623,101143.35770150126
2010-03-24,Quetta,0.0,0.024581578009376326,287.8511721489822,101279.50439922273
2010-03-25,Quetta,0.0,0.024419450321230007,289.03229418003434,101151.37214863709
2010-03-26,Quetta,0.0,0.02422735977822716,289.7632237601943,101211.5353135647
2010-03-27,Quetta,0.0,0.024054838458900087,290.25434826315285,101493.76045464224
2010-03-28,Quetta,0.0,0.023857922746267305,291.1694511719012,101425.19808320909
2010-03-29,Quetta,1.1578516775176713,0.02377374383687024,291.12890338925854,101298.87717259368
2010-03-30,Quetta,1.9490705258436052,0.0237956445315966,289.39240308580713,101222.90229051314
2010-03-31,Quetta,2.0669283642923197,0.02383683364408927,289.17033422531813,101163.77165885858
2010-04-01,Quetta,0.0,0.023755065554045322,289.62344721411245,101050.02146294716
2010-04-02,Quetta,0.0,0.02424562609107707,290.1422358272102,100943.03819766823
2010-04-03,Quetta,0.0,0.02577311249905725,289.6404918892475,101373.35706265968
2010-04-04,Quetta,0.0,0.025272894041027817,289.055931869975,101711.55344628404
2010-04-05,Quetta,0.0,0.023888081903148953,289.4386087882688,101744.06275047912
2010-04-06,Quetta,0.0,0.023321537427236104,290.299810489609,101568.52474952086
2010-04-07,Quetta,0.0,0.023052357354670466,291.90245856181616,101511.08177757665
2010-04-08,Quetta,0.0,0.022925438260842538,293.01845378539934,101526.6538013735
2010-04-09,Quetta,0.022877529634121527,0.022801412943071538,293.8993935168568,101277.57769351572
2010-04-10,Quetta,0.30430071618731624,0.022740333011243764,294.56934777662184,100886.14480435473
2010-04-11,Quetta,1.4441880026546008,0.032480219895700255,292.1229320597608,100956.6132772572
2010-04-12,Quetta,0.0,0.032008256148642104,293.0556286982849,101278.6977853492
2010-04-13,Quetta,0.0,0.02564669204529951,293.0601590025608,101328.62486158432
2010-04-14,Quetta,0.0,0.023215117944634014,294.85078353591564,101130.86069846677
2010-04-15,Quetta,0.0,0.022807350505285137,296.0939233944755,101286.95002901404
2010-04-16,Quetta,0.0,0.022534684349636264,297.2145988999409,101210.11899542161
2010-04-17,Quetta,2.454161767216313,0.022464305221323654,296.93895705110964,101027.26283060049
2010-04-18,Quetta,0.0,0.022474397359281556,295.0791036706134,100912.70470293863
2010-04-19,Quetta,0.0,0.02403617815562503,293.88212678141394,100686.85406356472
2010-04-20,Quetta,0.5562476292582548,0.027955784686650133,290.2346582040781,100767.01379312179
2010-04-21,Quetta,0.0,0.026153187965683337,288.1337067908091,101122.71308374146
2010-04-22,Quetta,0.0,0.023887386441163054,290.48528330056115,101356.27524142886
2010-04-23,Quetta,0.0,0.023332158813823136,293.50320726098965,101258.92694633728
2010-04-24,Quetta,0.0,0.023602514489004377,294.66978378560174,101019.98588319843
2010-04-25,Quetta,0.0,0.02346075838902401,295.21581646825535,100912.70311941011
2010-04-26,Quetta,1.8611747461120758,0.046039509055697085,292.1589241323302,101413.53292003828
2010-04-27,Quetta,3.646280863256632,0.05729425141108701,292.83594253674335,101441.70019165245
2010-04-28,Quetta,0.0,0.05590749512065345,292.96763123641676,101263.7061517781
2010-04-29,Quetta,10.801965481337328,0.0752715881191689,291.3402462854335,101254.53468057919
2010-04-30,Quetta,0.0,0.07471414558458303,292.19929395655055,101287.48177970613
2010-05-01,Quetta,2.686475822206656,0.06482278751284475,293.88992285265437,101450.40816040245
2010-05-02,Quetta,0.0,0.051934153022311184,296.4345027318343,101177.79967259367
2010-05-03,Quetta,0.0,0.03943927923025969,297.2278192717482,100833.2686150447
2010-05-04,Quetta,5.788058530411077,0.04188416892056569,294.4548729949726,100764.22755696336
2010-05-05,Quetta,0.2140840485879875,0.04411552884103494,293.66495381421873,100667.18408166525
2010-05-06,Quetta,0.1852799927761851,0.09591173666976248,290.47768833517796,100844.76162984454
2010-05-07,Quetta,0.0,0.1181885229843981,291.4314926121898,100866.7529804621
2010-05-08,Quetta,0.21345111559359337,0.12062187517589629,291.942447882137,100985.29761579001
2010-05-09,Quetta,0.07123693241171372,0.10457933387994635,293.12534294864935,100832.99716620526
2010-05-10,Quetta,0.0,0.0797150289220339,293.6607644119567,100928.34509981897
2010-05-11,Quetta,0.0,0.05719382288779536,294.8209899385486,101004.70389693354
2010-05-12,Quetta,0.0,0.04107794996150035,295.4978408067001,100927.91420410985
2010-05-13,Quetta,0.0,0.030855515808763993,294.9735018413137,100846.04030877339
2010-05-14,Quetta,0.0,0.02539828820908224,295.528287833418,100719.8834923339
2010-05-15,Quetta,0.0,0.023097996037497827,297.2879032582979,100654.71273477428
2010-05-16,Quetta,1.4179204233663445,0.02405881850303812,296.1959633778143,100669.89434997868
2010-05-17,Quetta,0.4290718264636635,0.025812664129461916,294.35842647008764,100938.76420703795
2010-05-18,Quetta,0.0,0.02487707260452435,295.07188478932324,101044.22635461028
2010-05-19,Quetta,0.0,0.02327476388821878,296.5392363654099,101047.21034390971
2010-05-20,Quetta,0.0,0.022366692360526526,298.19268851649014,100834.7728204855
2010-05-21,Quetta,0.0,0.02206403349963592,299.9068910187825,100653.18350031943
2010-05-22,Quetta,0.0,0.021976499454600115,300.98793091500517,100581.15285695271
2010-05-23,Quetta,0.0,0.021945021465243006,301.10034218272034,100683.16528348594
2010-05-24,Quetta,0.0,0.02190641224485847,300.82415555673447,100602.23127741691
2010-05-25,Quetta,0.0,0.02183295781202169,301.2145578300131,100440.9082570272
2010-05-26,Quetta,0.0,0.021723766922612273,301.79861028239105,100302.77053316649
2010-05-27,Quetta,0.0,0.021716360192891884,298.63291696482395,100424.42974047059
2010-05-28,Quetta,0.0,0.02182363155956367,294.95108484431756,100665.89123429514
2010-05-29,Quetta,0.0,0.021845472055291124,295.9119468848832,100882.76234561329
2010-05-30,Quetta,0.0,0.021737957271508762,297.4941822072797,100810.91022652254
2010-05-31,Quetta,0.0,0.02164283752441407,299.3930886719078,100670.10079562393
2010-06-01,Quetta,0.0,0.0215416151715029,300.4242803513604,100618.32161972954
2010-06-02,Quetta,0.0,0.023638133060383846,299.3110114147528,100822.85059252553
2010-06-03,Quetta,0.0,0.02316043095585975,297.244318356013,100918.31119330278
2010-06-04,Quetta,0.0,0.022209235629461338,295.50273729171596,100901.51064922272
2010-06-05,Quetta,0.0,0.02203192826227191,295.4273075150548,100639.08163277256
2010-06-06,Quetta,0.0,0.027785965520370274,293.2083211338835,100391.48718590286
2010-06-07,Quetta,0.0,0.03658906887905762,293.33954064576614,100490.21983869249
2010-06-08,Quetta,0.0,0.03588434642854564,294.3553020838616,100673.2789940907
2010-06-09,Quetta,0.0,0.026018845873891697,295.8466690138863,100636.70695804937
2010-06-10,Quetta,0.0,0.023725349257305097,296.48452065177014,100702.10349313245
2010-06-11,Quetta,0.0,0.023080279725576774,297.66301935870683,100605.14679115203
2010-06-12,Quetta,0.0,0.022223049490916195,298.8211801286532,100488.21394351573
2010-06-13,Quetta,0.0,0.021803739093908304,298.9751930202591,100343.22613660555
2010-06-14,Quetta,0.0,0.02204986479118559,297.76498881814973,100328.13685530235
2010-06-15,Quetta,0.0,0.031158399868932124,295.2306937356455,100490.98673764903
2010-06-16,Quetta,0.0,0.03712632206879443,295.35269976120384,100438.05248961879
2010-06-17,Quetta,0.0,0.031725746795983584,296.61144744617434,100516.42595932704
2010-06-18,Quetta,0.0,0.025327381196853304,298.04863598188285,100680.1946371912
2010-06-19,Quetta,0.0,0.022217110000774986,300.0047393713046,100631.65625079848
2010-06-20,Quetta,0.0,0.021306705680643547,301.7650482630904,100447.23269112008
2010-06-21,Quetta,0.0,0.021073244280059654,302.0919841628584,100255.92061035988
2010-06-22,Quetta,0.0,0.020885599646495185,301.8052896115562,100065.74844042803
2010-06-23,Quetta,0.0,0.02089241738349184,301.58283137982716,100000.80369383516
2010-06-24,Quetta,0.0,0.021851112976594114,300.6015546338386,99918.69101336238
2010-06-25,Quetta,0.0,0.02666567467208072,299.59322297541945,100108.70478439094
2010-06-26,Quetta,0.0,0.035345845977939175,300.73403073130515,100228.42571523636
2010-06-27,Quetta,0.0,0.02601607674160579,302.9417048281962,100186.68246992114
2010-06-28,Quetta,0.0,0.021576700508425268,302.51177401723004,100040.11050255533
2010-06-29,Quetta,0.0,0.02067425304891573,299.6397637826376,100056.9476594442
2010-06-30,Quetta,0.0,0.02076125713047285,298.9726415506566,100129.95652603277
2010-07-01,Quetta,0.0,0.021703615096534665,299.0870616561481,100157.36008517887
2010-07-02,Quetta,0.0,0.027870920821389717,297.98437027844034,100416.35374307919
2010-07-03,Quetta,0.0,0.025958752456136464,299.45230876136276,100506.45406170143
2010-07-04,Quetta,0.0,0.02430866531727326,299.8854230323802,100427.48554434627
2010-07-05,Quetta,0.0,0.049481533316981,297.6097593034766,100494.1199121593
2010-07-06,Quetta,0.0,0.06313438597489048,295.505401831242,100584.9499582091
2010-07-07,Quetta,0.0,0.056223848744727654,296.15232203027034,100835.15145682493
2010-07-08,Quetta,0.0,0.05962495746428422,296.92573725794057,100904.01034710392
2010-07-09,Quetta,0.0,0.050568786677415205,299.26971377778375,100552.06376330918
2010-07-10,Quetta,0.0,0.031760746524254056,301.46532852853034,100297.7518715396
2010-07-11,Quetta,0.0,0.023797009504362643,302.26548072923265,100037.32236770651
2010-07-12,Quetta,0.0,0.023590183788778283,299.7806099084856,99922.98590156513
2010-07-13,Quetta,0.0,0.13694058038645474,295.25371862014003,100435.50041577933
2010-07-14,Quetta,0.0,0.1784230153063764,295.64855569344525,100671.00855808132
2010-07-15,Quetta,0.0,0.14702457804899194,296.8547879150926,100637.26036919717
2010-07-16,Quetta,0.0,0.1114960494899804,299.17989605017107,100371.38808933132
2010-07-17,Quetta,0.0,0.0827704643539784,299.4498477386007,100344.36377182706
2010-07-18,Quetta,0.0,0.06080442719944219,300.6206068705483,100220.70580547274
2010-07-19,Quetta,0.0,0.044080643250412874,301.67860143705883,99757.74372950378
2010-07-20,Quetta,0.0,0.0594190508719536,299.3519418679823,99842.75193036627
2010-07-21,Quetta,0.0,0.1471536328967223,296.9280423269105,100055.48888548763
2010-07-22,Quetta,0.0,0.13772459882555327,295.37404616997657,100252.69209193994
2010-07-23,Quetta,0.0,0.12224025353730089,296.299206410613,100295.19492333899
2010-07-24,Quetta,0.0,0.10186055566288398,297.55477573583244,100040.74807442502
2010-07-25,Quetta,0.0,0.07969561432248681,298.1121069773079,99952.87280531302
2010-07-26,Quetta,0.0,0.06485488752964066,298.3203804753057,100069.87848434833
2010-07-27,Quetta,9.609947852243554,0.06767036273356261,297.7716941686192,100162.44349366479
2010-07-28,Quetta,0.6731528841129151,0.18712070224638486,295.0607136552976,100275.64972902468
2010-07-29,Quetta,0.0,0.20051494537734763,295.4508707891114,100374.49836483176
2010-07-30,Quetta,0.0,0.20115588186546726,295.06508723686267,100507.47267834326
2010-07-31,Quetta,0.0,0.18026961387794582,296.970306560293,100442.08670144806
2010-08-01,Quetta,1.6736303309606322,0.1688737278970246,297.5679323765906,100482.77371193569
2010-08-02,Quetta,0.04462699599729079,0.14215495257402005,296.7330484089804,100426.08493744672
2010-08-03,Quetta,0.31034129892540946,0.12463967974791129,296.01922029472496,100210.89163224018
2010-08-04,Quetta,0.01885409794227431,0.1465105392741993,292.19800238865463,100315.59643446545
2010-08-05,Quetta,0.22550204635681848,0.2042496142151814,293.4970801405986,100615.89654519802
2010-08-06,Quetta,2.2757292941603584,0.2313931632055472,295.1720814996791,100801.2223299084
2010-08-07,Quetta,3.9654311490911835,0.23727631730832952,295.2800579781996,100719.9834023637
2010-08-08,Quetta,0.0,0.21374901222952508,295.0899290872254,100563.94251464012
2010-08-09,Quetta,1.1154087833915494,0.19448587745783474,295.16648434675244,100555.76026298976
2010-08-10,Quetta,0.0,0.18082075416872545,296.0637385621901,100597.08947162476
2010-08-11,Quetta,0.0,0.15946065461886058,297.6114222397986,100547.39843749997
2010-08-12,Quetta,0.0,0.1347190355889029,297.46436666862337,100516.81289262135
2010-08-13,Quetta,0.0,0.11604859160943705,297.20100930520994,100553.94059651827
2010-08-14,Quetta,0.003784180280500213,0.10100359321520601,296.2950866746445,100522.13232485091
2010-08-15,Quetta,2.3956395399631383,0.09150567738729602,296.2024965771269,100661.22147412688
2010-08-16,Quetta,0.057770065075291054,0.0867645391694934,296.2297394691308,100739.4729895123
2010-08-17,Quetta,0.0,0.07937855128602911,297.68485965284685,100394.23174004468
2010-08-18,Quetta,0.0,0.07134272617077975,298.612505471892,100289.8125790566
2010-08-19,Quetta,0.0,0.06305340768531395,298.89837798474395,100496.0857011286
2010-08-20,Quetta,0.0,0.057607313889390326,298.6644541632215,100700.51813857537
2010-08-21,Quetta,0.0,0.05362792652483218,299.4264102379509,100427.97664262136
2010-08-22,Quetta,0.0,0.04991414806099521,300.61087084079725,100250.27822934411
2010-08-23,Quetta,0.0,0.04560530154018622,300.18243856322823,100227.909295411
2010-08-24,Quetta,0.0,0.038982681413051536,297.2929812047158,100217.7534952619
2010-08-25,Quetta,0.0,0.05657820305724088,294.8184543228365,100455.96055206555
2010-08-26,Quetta,0.0,0.1354224058256305,292.8061921421986,100875.72472742762
2010-08-27,Quetta,0.0,0.11074370499567025,295.1827515097275,100804.68019990415
2010-08-28,Quetta,0.0,0.09187628618767824,297.2304567214211,100620.4117102321
2010-08-29,Quetta,0.0,0.0770490848036533,298.73504087951767,100524.53732218906
2010-08-30,Quetta,0.0,0.06587731148558944,297.0574366288454,100348.33388522147
2010-08-31,Quetta,0.0,0.05912508982409812,296.3546794126684,100445.83679434624
2010-09-01,Quetta,0.0,0.05552095888691284,296.7731552270459,100671.16325117118
2010-09-02,Quetta,0.0,0.051860414014358175,297.08678244062776,100682.35893659496
2010-09-03,Quetta,0.0,0.05021890777813185,296.98817144299676,100493.66294026827
2010-09-04,Quetta,0.01827190660739879,0.049229581487375114,296.1972030464617,100373.24107511711
2010-09-05,Quetta,0.01827190660739879,0.05051150510962341,295.51307091495767,100651.31002129469
2010-09-06,Quetta,0.0,0.04536326387265678,295.9480086906385,100650.71696150978
2010-09-07,Quetta,0.0,0.03887408120601033,295.97762671748455,100520.86239831767
2010-09-08,Quetta,0.0,0.03445024877025078,296.09737771791873,100640.19086563031
2010-09-09,Quetta,0.0,0.033386392609630326,295.3279990981803,100777.02033752129
2010-09-10,Quetta,0.0,0.04311455825727681,295.11618440678933,100602.47678742543
2010-09-11,Quetta,0.0,0.04961824067271211,294.845963880462,100640.83327912047
2010-09-12,Quetta,0.0,0.04353809839754464,295.2283577316255,100714.04426133944
2010-09-13,Quetta,0.0,0.03540999378418797,292.7132765408308,100799.39560769802
2010-09-14,Quetta,0.0,0.029862016702767866,292.5732371958139,100799.18888468907
2010-09-15,Quetta,0.0,0.026654390208359663,293.6499862698191,100829.74852081556
2010-09-16,Quetta,0.0,0.024603644375906685,294.6338815314549,100788.23398557282
2010-09-17,Quetta,0.0,0.023572792668426525,290.7742302977664,100895.2299382453
2010-09-18,Quetta,0.0,0.023079846700032554,289.8085436824991,100950.49159417588
2010-09-19,Quetta,0.0,0.022715969811373988,290.9934756603597,101141.85136206342
2010-09-20,Quetta,0.0,0.02240868065317946,291.60443256198374,101193.5615901831
2010-09-21,Quetta,0.0,0.02212476352342888,291.9304246385824,101212.82351629042
2010-09-22,Quetta,0.0,0.02196254437786146,292.04280152766563,101184.83101762137
2010-09-23,Quetta,0.0,0.02184889109414926,291.6048396004931,101117.0520405664
2010-09-24,Quetta,0.0,0.02178123422132032,291.34083188214544,101130.32995847528
2010-09-25,Quetta,0.0,0.021675633263141147,291.71012954833213,101284.55217632024
2010-09-26,Quetta,0.0,0.021553316652470192,291.78521472109884,101412.4420985945
2010-09-27,Quetta,0.0,0.02145716422935021,292.42461830685045,101401.08790752768
2010-09-28,Quetta,0.0,0.021402444054226106,293.371783059947,101314.98571284067
2010-09-29,Quetta,0.0,0.021304488563862523,293.30967362489974,101413.62195086242
2010-09-30,Quetta,0.0,0.025007918410379696,293.50568180285694,101417.18179408004
2010-10-01,Quetta,0.0,0.025382272437646375,294.2376369962415,101396.93055872018
2010-10-02,Quetta,0.0,0.022921684910667553,294.63863819046475,101333.14660642033
2010-10-03,Quetta,0.0,0.021729113304229154,294.7255079007081,101284.31285508942
2010-10-04,Quetta,0.0,0.0212172035247612,294.1745729045879,101221.94837122016
2010-10-05,Quetta,0.0,0.02100209207442726,293.7400449097526,101072.82540672908
2010-10-06,Quetta,0.0,0.02124559507527044,293.52948198395393,101104.99681218056
2010-10-07,Quetta,0.0,0.02111210941659123,293.42042370507556,101063.39747231682
2010-10-08,Quetta,0.0,0.020934460481278668,293.2656371439944,101032.51130243823
2010-10-09,Quetta,0.0,0.020913724558113796,291.6761676909207,100891.16966567293
2010-10-10,Quetta,0.0,0.02095736475981884,290.7317256572231,100844.52552943991
2010-10-11,Quetta,0.0,0.02093758812145643,290.92713541506356,101120.14843137773
2010-10-12,Quetta,0.0,0.0209726637537543,290.70081739010817,101425.315910083
2010-10-13,Quetta,0.0,0.020960429969800583,292.2438248093113,101402.83278588159
2010-10-14,Quetta,0.0,0.020811628377417284,293.3527004645293,101220.02763868186
2010-10-15,Quetta,0.0,0.020702817268089965,293.87279212189156,101328.2078904919
2010-10-16,Quetta,0.0,0.02064317398894449,293.7881299647382,101283.57678795783
2010-10-17,Quetta,0.0,0.0206035808322783,293.31749352419945,101219.66331239352
2010-10-18,Quetta,0.0,0.02060351786052956,292.98455414927446,101346.72836429936
2010-10-19,Quetta,0.0,0.02059200964889222,292.4840914383671,101438.30906729131
2010-10-20,Quetta,0.0,0.02062536528813168,290.966726326106,101444.99735120311
2010-10-21,Quetta,0.0,0.020707541297336377,290.12339933578437,101080.86708049403
2010-10-22,Quetta,0.0,0.020776550210652733,288.9118042517276,100867.3810213479
2010-10-23,Quetta,0.0,0.02082165390439224,288.12106854470716,101138.68201900554
2010-10-24,Quetta,0.0,0.020864115600759226,287.3621423715029,101319.15229796634
2010-10-25,Quetta,0.0,0.02088690277394212,287.01252076118107,101474.47380030877
2010-10-26,Quetta,0.0,0.020918871215092432,286.8891196046968,101662.70095400336
2010-10-27,Quetta,0.0,0.020969020793683003,286.74423704850255,101708.59021827087
2010-10-28,Quetta,0.0,0.031494798763173314,286.33574110846695,101688.09735812394
2010-10-29,Quetta,0.7041860100682792,0.0784143125543805,284.2666747550813,101785.18185583473
2010-10-30,Quetta,0.0,0.0871684942944086,284.7940056074187,102091.4369804088
2010-10-31,Quetta,0.0,0.07478584909087072,285.7652533215028,102098.12070059622
2010-11-01,Quetta,0.0,0.0626495329051584,286.6861789660042,101759.58689709325
2010-11-02,Quetta,0.0,0.05240412983415075,287.63630612262335,101762.15900420568
2010-11-03,Quetta,0.0,0.04403435030692956,288.9802301856346,101929.82625399277
2010-11-04,Quetta,0.0,0.03734409486076358,287.8783222649489,101828.64469016182
2010-11-05,Quetta,0.0,0.03272388339110357,286.0864892661742,101843.52035056433
2010-11-06,Quetta,0.0,0.029712759686220343,284.39160188881783,101934.46258012136
2010-11-07,Quetta,0.0,0.02762761163142916,284.1474536958573,102007.3635354557
2010-11-08,Quetta,0.0,0.02610386384339039,285.6408699999608,102008.7321140332
2010-11-09,Quetta,0.0,0.02507332645310116,286.07636534414115,102149.27270309837
2010-11-10,Quetta,0.0,0.024360265044039594,286.32954102701905,101979.57158512561
2010-11-11,Quetta,0.0,0.02391366138707365,284.34948541293517,101669.49605541948
2010-11-12,Quetta,0.0,0.02372970617880272,282.97911923930025,101459.89279466568
2010-11-13,Quetta,0.0,0.023702292239239506,281.58066750118644,101610.36450862433
2010-11-14,Quetta,0.0,0.023724408082025146,282.01890260820966,102049.96619250425
2010-11-15,Quetta,0.0,0.023740638135035966,281.3820868832762,102197.55795863499
2010-11-16,Quetta,0.0,0.023768541768218632,281.4427654117321,101860.27562526616
2010-11-17,Quetta,0.0,0.023754895008266955,282.202229305616,101840.67819340929
2010-11-18,Quetta,0.0,0.023726272236414082,281.89605356133046,102027.97758278322
2010-11-19,Quetta,0.0,0.023758561558374146,281.38008842260314,101939.62909923337
2010-11-20,Quetta,0.0,0.023772703579107105,282.0498559018794,101533.18075782579
2010-11-21,Quetta,0.0,0.02375032874415503,282.13627551094487,101276.4332336031
2010-11-22,Quetta,0.0,0.02373229161641057,281.2374748487326,101341.47527629897
2010-11-23,Quetta,0.0,0.023807743988816937,281.52401878239937,101554.81123030237
2010-11-24,Quetta,0.0,0.023869052629183783,281.94287750031833,101753.80951341562
2010-11-25,Quetta,0.0,0.02384837348240468,280.8431527543593,101949.74644777467
2010-11-26,Quetta,0.0,0.023938634331966906,279.6237578596627,101904.0156260647
2010-11-27,Quetta,0.0,0.024059409835269534,278.8640091246517,101766.25172833262
2010-11-28,Quetta,0.0,0.02413152782433687,279.3925674395584,101852.0464770549
2010-11-29,Quetta,0.49176118104989924,0.02416521396236213,280.0265201325988,102041.11304381385
2010-11-30,Quetta,0.49176118104989924,0.024205349603205632,279.2772995506342,101895.66500958262
2010-12-01,Quetta,0.0,0.02429480953963895,278.8080887085167,101864.39092046421
2010-12-02,Quetta,0.0,0.02432045305675567,280.38945760346724,101956.64740603701
2010-12-03,Quetta,0.0,0.02425545418959729,280.9661427923198,101969.90646667372
2010-12-04,Quetta,0.0,0.02419638954868783,280.39520508328053,101819.14313671208
2010-12-05,Quetta,0.0,0.02420729161121167,279.77524904535943,101620.43082091138
2010-12-06,Quetta,0.0,0.024297607742474178,277.867311127255,101772.96353465713
2010-12-07,Quetta,0.0,0.024419994928293928,276.38553337781656,101989.45310477
2010-12-08,Quetta,0.0,0.02464165855983928,275.1210952314713,101938.87081265972
2010-12-09,Quetta,0.0,0.024763502330011036,276.90757541498334,101663.78160668653
2010-12-10,Quetta,0.0,0.024792560856833762,277.58306069412504,101525.60970214011
2010-12-11,Quetta,0.0,0.02477300257252266,278.83368380501605,101272.66115630318
2010-12-12,Quetta,0.0,0.02469796383807362,279.0001426352347,101144.40191333045
2010-12-13,Quetta,0.0,0.024621636013223758,279.54975757778664,101624.77630669717
2010-12-14,Quetta,0.0,0.024522795344130127,281.81419735858145,101552.19789129045
2010-12-15,Quetta,0.2131683343557523,0.02442855237086751,280.07787197700065,101907.32827193354
2010-12-16,Quetta,0.0,0.024459421113429587,278.0749707201082,102006.14664288754
2010-12-17,Quetta,0.0,0.024476295505850787,278.6443643276426,101945.78427864134
2010-12-18,Quetta,0.0,0.02450560771762344,278.40470890047317,102065.39007666094
2010-12-19,Quetta,0.0,0.02446147240677181,280.72533231242414,102063.04853625424
2010-12-20,Quetta,0.0,0.024310259431820573,282.2157779542836,102099.77344335604
2010-12-21,Quetta,0.0,0.024223273438123867,279.92462131632374,101942.14888016396
2010-12-22,Quetta,0.0,0.024307000194335085,277.03723682085126,101681.91421528958
2010-12-23,Quetta,0.0,0.02452807065236982,275.2032412696332,101778.34649515542
2010-12-24,Quetta,0.0,0.02463249284526558,276.7806455239374,101774.38374520863
2010-12-25,Quetta,0.2279805981138089,0.02462368074294723,277.19513063676635,101629.94989512351
2010-12-26,Quetta,0.0,0.024614877630403806,276.7006765887442,101645.8290377449
2010-12-27,Quetta,0.0,0.02466484015668947,276.9861538382621,101727.76950356686
2010-12-28,Quetta,2.1227249543264723,0.025851174852240155,276.3148426626919,101937.36290300256
2010-12-29,Quetta,9.90646025014289,0.02924573658949136,275.26470886941,101979.2254929727
2010-12-30,Quetta,0.0,0.030666930606458618,273.1056275681294,101926.88482618182
2010-12-31,Quetta,0.0,0.03080784064947647,275.07515124557636,101818.10069633728
2011-01-01,Quetta,0.0,0.0309320902350543,278.3260821060968,101595.92365231045
2011-01-02,Quetta,0.0,0.030748735500424465,278.8400407834678,101585.46785269374
2011-01-03,Quetta,0.0,0.030321367340694436,279.4186803182833,101706.75203630746
2011-01-04,Quetta,0.0,0.029630002027746627,278.8094431911467,101889.14716993186
2011-01-05,Quetta,0.0,0.02884192395792436,278.2089837575,101858.93187420144
2011-01-06,Quetta,0.0,0.027987748318812438,280.2282641364578,101764.89247630959
2011-01-07,Quetta,0.0,0.02715600608899334,278.9475098870627,101783.42890598379
2011-01-08,Quetta,0.0,0.026586945732502285,276.55127383585733,101904.27576128618
2011-01-09,Quetta,0.0,0.026224144540815973,277.0893970998129,101956.31326794076
2011-01-10,Quetta,1.703006023231519,0.025765388766044534,281.10429987377245,101596.05765837946
2011-01-11,Quetta,0.0,0.025286418864972068,280.59467736737525,101538.07882852425
2011-01-12,Quetta,0.0,0.025052094142725353,278.95371557249786,101318.99740443994
2011-01-13,Quetta,0.391497021070737,0.025025527213257456,275.68186724279866,101601.80875239565
2011-01-14,Quetta,0.4251826324332917,0.025170081537735194,270.44451192696636,102083.8125976895
2011-01-15,Quetta,0.0,0.025414705487694825,273.07073199248856,102205.38217152895
2011-01-16,Quetta,0.0,0.0253768586868728,279.5932734460087,101522.31600005321
2011-01-17,Quetta,0.0,0.044623470858780254,277.3400399787639,101648.8741186648
2011-01-18,Quetta,1.0420972316715946,0.05177245209935983,275.6258934484132,101954.85976602427
2011-01-19,Quetta,1.2041938043656097,0.04911124702206667,278.33267098287644,101653.43659098164
2011-01-20,Quetta,6.098788730728564,0.14435666049088616,278.7943593105248,101750.17807602212
2011-01-21,Quetta,1.2797514759824058,0.1656499551386404,277.91606955004585,101970.1021222849
2011-01-22,Quetta,0.0,0.15082233372633602,277.0253147024731,102076.65875958258
2011-01-23,Quetta,0.0,0.13680883937231322,275.9702314388311,102239.65939496378
2011-01-24,Quetta,0.0,0.1239522249220718,274.94641096982673,102244.28430073467
2011-01-25,Quetta,0.0,0.11210928395415903,274.77322801515214,102318.69451794076
2011-01-26,Quetta,0.12938746372723292,0.1006245167833509,276.45101521840206,102351.32494729554
2011-01-27,Quetta,0.0,0.08880657765758372,278.943872995068,102026.7393459859
2011-01-28,Quetta,7.541749659705606,0.08283275197000403,280.2080733802792,101625.10258677596
2011-01-29,Quetta,1.981112083340828,0.1636590358684309,277.2129299314151,101689.69149196122
2011-01-30,Quetta,0.0,0.18203936978133803,276.751607582053,102011.95427491481
2011-01-31,Quetta,0.0,0.17094925388160712,279.79960095077934,101971.875940428
2011-02-01,Quetta,0.0,0.15851405012140476,281.7797687853285,101832.47278375209
2011-02-02,Quetta,4.486041217849445,0.14391325803861774,281.9008975012203,101767.535279227
2011-02-03,Quetta,6.240023601481617,0.16731999578697992,281.03963544894293,101695.36146880318
2011-02-04,Quetta,4.31205254397969,0.21492673801333312,279.6184488139458,101720.35059997869
2011-02-05,Quetta,0.20628965143856842,0.201073537693316,280.0963654618532,101323.62029093906
2011-02-06,Quetta,0.0,0.22304895859154558,277.73846430404285,101208.38005829426
2011-02-07,Quetta,0.0,0.2440407075508286,273.43158048548514,101729.60543946973
2011-02-08,Quetta,0.0,0.2244637704098651,276.65521908033855,101410.00019564523
2011-02-09,Quetta,0.9426563631330678,0.20676712220260735,278.39726028386065,101384.06818116478
2011-02-10,Quetta,2.9011361293370306,0.23944327560762724,278.4976720183252,101564.63251889906
2011-02-11,Quetta,27.70903887214205,0.2766477997935272,279.1063373757164,101556.38509076876
2011-02-12,Quetta,25.938591796576052,0.3916398785020869,277.566398135374,101259.8017964757
2011-02-13,Quetta,0.0,0.38703261146350476,276.1401018764619,101241.36631787693
2011-02-14,Quetta,0.0,0.3555129952243886,274.3069195265934,101293.03487702298
2011-02-15,Quetta,0.0,0.3427248984125106,274.82356887921355,101347.40272732108
2011-02-16,Quetta,0.0,0.330015737348358,275.51388918580403,101505.09715555792
2011-02-17,Quetta,0.5757440259956216,0.32142231520436687,277.14941849556385,101577.1115217738
2011-02-18,Quetta,0.8725521680402998,0.38865466542977767,276.26545052350224,101530.50055845398
2011-02-19,Quetta,0.5591985349232739,0.37947450994159054,276.8112123031659,101748.8114855728
2011-02-20,Quetta,0.0,0.3657988572215439,276.15740424256376,102102.52574531513
2011-02-21,Quetta,0.0,0.34637327461740874,277.6869464517277,101913.89033272996
2011-02-22,Quetta,8.238985017064886,0.35760347343587784,277.86669872411727,101697.48584114137
2011-02-23,Quetta,0.0,0.3634321568676992,278.16073003925993,101858.95238900124
2011-02-24,Quetta,0.0,0.34625039258238816,278.5653018701868,101777.54349366478
2011-02-25,Quetta,6.293068468623509,0.33914738894998175,276.8358487836586,101694.93587255108
2011-02-26,Quetta,0.0,0.321381634674852,276.30179778606515,101964.612682336
2011-02-27,Quetta,3.3441463520742145,0.3256381626118316,277.26177050437246,102034.74680126699
2011-02-28,Quetta,13.784533649408834,0.3909610667707971,278.8052944031717,101765.3860003194
2011-03-01,Quetta,20.030246694750026,0.40413926507450487,279.60546842164564,101549.32417190158
2011-03-02,Quetta,16.04157107829235,0.4214489444123962,277.9646631748821,101511.21423924614
2011-03-03,Quetta,10.58620935622025,0.42132202754976533,277.1294067303962,101503.60427118822
2011-03-04,Quetta,4.626294466169768,0.4054100120453455,277.4456936553661,101555.52521507663
2011-03-05,Quetta,3.48226171594259,0.39967006280434425,278.67492919072725,101699.7179966993
2011-03-06,Quetta,11.484470851287318,0.3834602903358508,280.031294823884,101886.23784284493
2011-03-07,Quetta,0.7175307450871247,0.3674810605371357,280.3748516795448,102089.68614432494
2011-03-08,Quetta,0.0,0.34726139059938665,278.484314908618,102024.46148158006
2011-03-09,Quetta,0.0,0.33050246789467586,279.4605008747764,101878.14214970187
2011-03-10,Quetta,0.0,0.3158259965722224,282.37139245565606,101935.89719335601
2011-03-11,Quetta,0.0,0.29998752251732796,284.4626114454382,101845.75661334115
2011-03-12,Quetta,0.0,0.2836098993616575,286.08254422826286,101797.66783113287
2011-03-13,Quetta,0.0,0.2678562822618111,286.87566741258865,101819.49691466134
2011-03-14,Quetta,0.0,0.25213575823478973,288.1653125019061,101664.65141450166
2011-03-15,Quetta,0.0,0.23646530942034127,289.8107174086907,101630.86557282793
2011-03-16,Quetta,0.0,0.22139238211324705,288.01899157097876,101684.81348674404
2011-03-17,Quetta,0.2848096103278294,0.20749504260486104,285.2650801205133,101639.18091806852
2011-03-18,Quetta,4.970479015430761,0.1935623465066331,285.0929608104043,101249.3761613607
2011-03-19,Quetta,1.3666030816568828,0.1769438556539004,282.7096420825304,101137.18342685263
2011-03-20,Quetta,1.3666030816568828,0.16244373055089278,283.7496507007137,101330.25250718693
2011-03-21,Quetta,0.0,0.14905090633134543,285.14467823108697,101307.69113633943
2011-03-22,Quetta,0.0,0.13608551270172442,285.48489859542536,101312.28507612858
2011-03-23,Quetta,0.0,0.12326740669974008,286.4533752322698,101376.44834007663
2011-03-24,Quetta,0.0,0.10963109719895428,286.9966075973469,101389.84437712946
2011-03-25,Quetta,0.0,0.10050278463802305,288.3287841730155,101402.18333688246
2011-03-26,Quetta,0.0,0.08968588190549884,289.65399679193683,101449.69640278957
2011-03-27,Quetta,0.0,0.07961350005029075,289.5184475446761,101298.00305685688
2011-03-28,Quetta,0.006532136260752376,0.0721219415572609,284.40469598110553,101327.44074425037
2011-03-29,Quetta,0.21359518337087285,0.06609760150118753,285.1823253531945,101446.57875133089
2011-03-30,Quetta,0.349994909775521,0.060211155082880254,286.4697711569395,101423.73555525979
2011-03-31,Quetta,0.349994909775521,0.055064898593259255,286.24378118555086,101504.37881761072
2011-04-01,Quetta,0.0,0.05101260291927579,284.19655626677144,101549.39272465926
2011-04-02,Quetta,0.0,0.048074100305924385,284.50081342074367,101619.89346598169
2011-04-03,Quetta,0.0,0.0451072329380917,285.53502776137776,101717.06255802809
2011-04-04,Quetta,0.0,0.042529243737848395,286.1681291879785,101628.24942051743
2011-04-05,Quetta,0.23487065711663158,0.04019819345208882,287.7994337741086,101543.86287877981
2011-04-06,Quetta,1.7566167205765053,0.03836599199423931,288.6133831671434,101412.10699531515
2011-04-07,Quetta,14.218982423655625,0.043613973765939146,288.2094451907761,101586.25383997017
2011-04-08,Quetta,4.32657376653291,0.052899876821454035,288.464422278374,101568.0337776831
2011-04-09,Quetta,0.22728149667509162,0.07036711312098498,288.8278092002544,101360.96768419932
2011-04-10,Quetta,0.6339884486027835,0.1777985911718624,286.59863026993173,101468.14158326233
2011-04-11,Quetta,2.824000670125984,0.300117066235518,285.5270175661329,101536.02684279173
2011-04-12,Quetta,0.0,0.2768297864793714,286.6739592103453,101477.53238607325
2011-04-13,Quetta,0.08809802693849526,0.24175806661819219,288.183924748314,101447.54753779812
2011-04-14,Quetta,26.370474944139055,0.24318744505622855,288.4353959690418,101343.81087547913
2011-04-15,Quetta,1.0790230783205828,0.23298806586365742,288.62323687374146,101258.4572601682
2011-04-16,Quetta,12.935548590606478,0.29875212765227366,282.8278010847187,101588.04764347312
2011-04-17,Quetta,0.0,0.28271485748377645,285.71332529105894,101515.33567238072
2011-04-18,Quetta,0.0,0.23984337453067728,286.4403191207201,101312.68249387774
2011-04-19,Quetta,0.0,0.2039673439688739,287.2585209543983,101311.62731127554
2011-04-20,Quetta,0.0,0.1725656194215739,288.4362986315198,101387.99808241054
2011-04-21,Quetta,0.0,0.14497839477643032,289.3106794102337,101417.77162665031
2011-04-22,Quetta,0.0,0.12143121337024132,291.4453577958149,101358.63999094973
2011-04-23,Quetta,0.0,0.1021534882371633,292.8899083790732,101165.0356723807
2011-04-24,Quetta,0.0,0.08685509754811269,293.79466295358213,101061.40784470824
2011-04-25,Quetta,0.0,0.07498693397950887,294.2698711709362,101054.43473035557
2011-04-26,Quetta,0.0,0.065666646572895,294.6381341236468,101108.26189869037
2011-04-27,Quetta,0.309556146179797,0.05757497446297381,294.7260793738121,100964.05510168229
2011-04-28,Quetta,0.6080556016480088,0.05275902901367321,294.4740959183078,100705.35290353493
2011-04-29,Quetta,0.33435014874199986,0.06071006094712142,292.79039862789233,100847.43999094974
2011-04-30,Quetta,0.8856715399158871,0.06208596868043861,292.9336933398962,101062.10152124145
2011-05-01,Quetta,0.0,0.055502100418671374,294.3594600859884,101090.41739086455
2011-05-02,Quetta,0.0,0.04535410225222152,295.7028673705969,100827.05218270869
2011-05-03,Quetta,0.0,0.03787461117815389,295.82928305782434,100659.19015518524
2011-05-04,Quetta,0.0,0.04658350121900478,293.5599192266336,100802.58663436963
2011-05-05,Quetta,0.0,0.04816795528916589,293.95676479411065,100889.68930472742
2011-05-06,Quetta,0.0,0.0375314040999058,293.20185350070426,101096.95238740415
2011-05-07,Quetta,0.0,0.03220046351539486,294.46336561784625,101002.43176639691
2011-05-08,Quetta,0.0,0.029272767932898333,295.78897362959765,100762.58932522357
2011-05-09,Quetta,0.0,0.02786640191064646,296.5223978429707,100742.95315401406
2011-05-10,Quetta,0.0,0.02686304078326856,296.7224645204561,100775.2499914821
2011-05-11,Quetta,0.0,0.026380825010231437,295.54114065864565,100921.60367493608
2011-05-12,Quetta,0.0,0.02603289531077396,295.95892998967764,100906.05517701233
2011-05-13,Quetta,0.0,0.02597858303314849,296.48781503420673,100942.03582463798
2011-05-14,Quetta,0.0,0.02738817151062601,297.46513027124007,100855.5226791418
2011-05-15,Quetta,0.0,0.02743876860671121,297.9372263739531,100965.98908805364
2011-05-16,Quetta,0.0,0.0314418987683584,297.86791890665853,101203.59448892673
2011-05-17,Quetta,0.0,0.030366375829468092,298.93116654655427,101120.27506308559
2011-05-18,Quetta,0.0,0.02677258954543676,300.05335004941867,100819.25738287905
2011-05-19,Quetta,0.0,0.024694053675896856,299.76354828409404,100550.38307202938
2011-05-20,Quetta,0.0,0.02430717972988841,298.6624757358393,100359.37545384366
2011-05-21,Quetta,0.0,0.024187730770771763,298.3900752188548,100283.64755137349
2011-05-22,Quetta,0.0,0.024046516418457023,298.27555222393767,100474.77280451446
2011-05-23,Quetta,0.0,0.025991432974109722,298.10766522244523,100709.08564682708
2011-05-24,Quetta,0.3704383423624899,0.028848809973886242,298.7348324583659,100607.08448227214
2011-05-25,Quetta,4.8950920557853905,0.03943065690967184,297.8414284738933,100595.39897252979
2011-05-26,Quetta,0.0,0.047862177474603036,296.54060025507033,100825.73990204427
2011-05-27,Quetta,0.08599912523207914,0.041857798314785005,296.4431682983519,100900.98427784283
2011-05-28,Quetta,0.0,0.03207379253935502,297.4828356976482,100841.60673764905
2011-05-29,Quetta,0.0,0.026695352301957714,299.0090384114755,100838.79011339435
2011-05-30,Quetta,0.0,0.02424023179287668,299.94304731803334,100636.69100724017
2011-05-31,Quetta,0.0,0.02369732254002325,299.1488549732336,100244.68357777895
2011-06-01,Quetta,0.0,0.02365954094214712,296.9160433407577,100245.39748269801
2011-06-02,Quetta,0.0,0.023677906055872857,295.526116744631,100704.23804221678
2011-06-03,Quetta,0.0,0.02395606115147309,295.72488537426096,100867.87405078788
2011-06-04,Quetta,0.0,0.02374434207394201,298.43355215385634,100610.06883943781
2011-06-05,Quetta,0.0,0.02338536875008317,300.12635741022075,100529.02948280447
2011-06-06,Quetta,0.0,0.02318064666349463,300.7797221150955,100620.3622705494
2011-06-07,Quetta,0.0,0.02312618782004464,301.11916927816344,100453.23900979554
2011-06-08,Quetta,0.0,0.02308390984001786,301.1098329887413,100170.2323913969
2011-06-09,Quetta,0.0,0.023013739231159454,300.52498361127203,99950.98527576658
2011-06-10,Quetta,0.0,0.02297592622322633,300.22320218209154,99910.47949478279
2011-06-11,Quetta,0.0,0.03741912467042401,298.23211791792886,100098.63413011072
2011-06-12,Quetta,0.0,0.05313433470068028,297.63108037343136,100345.47522386069
2011-06-13,Quetta,0.0,0.06554489055592382,297.7429549202604,100491.4179189736
2011-06-14,Quetta,0.0,0.05679728055799091,300.4579471693845,100333.88839730619
2011-06-15,Quetta,0.0,0.03664651347587622,301.85779293279097,100105.63012670356
2011-06-16,Quetta,0.0,0.027102858691239868,301.8183785644219,99926.79645629255
2011-06-17,Quetta,0.0,0.02379492794905514,301.1557893467326,99795.16065241692
2011-06-18,Quetta,0.0,0.023047861189140918,300.17157458983905,99958.96698866053
2011-06-19,Quetta,0.0,0.022959638332386425,300.32642601433423,99965.09349313247
2011-06-20,Quetta,0.0,0.022870023771824316,300.47666034774295,100062.16608869248
2011-06-21,Quetta,0.0,0.023035463942918232,300.40433673158964,100176.20617360517
2011-06-22,Quetta,0.0,0.022909703403626698,300.6705060084363,99966.95913277255
2011-06-23,Quetta,0.0,0.022908682836719957,300.6208798005052,99961.72448493395
2011-06-24,Quetta,0.0,0.022823449914121007,301.819793668852,99931.82442397783
2011-06-25,Quetta,0.0,0.022673484200039472,302.91289802161333,99734.68845560051
2011-06-26,Quetta,0.0,0.022664695666094917,300.9446013990548,99824.87619037477
2011-06-27,Quetta,0.0,0.02411314256485043,299.7983145695287,99871.93104903106
2011-06-28,Quetta,0.0,0.03188447164852872,299.6456338335911,99753.68776219123
2011-06-29,Quetta,0.0,0.06944395735749867,298.13495398387647,99897.34609002339
2011-06-30,Quetta,0.0,0.08062662383495987,297.83434951158347,99936.19543201657
2011-07-01,Quetta,0.0,0.07125250951191842,297.7656788136591,99968.6558605728
2011-07-02,Quetta,0.0,0.07058640535821434,297.5963114216951,100032.22295703791
2011-07-03,Quetta,0.012513005323263812,0.08359531541225378,296.7261458657399,100182.01845906088
2011-07-04,Quetta,0.0,0.09511492471949465,295.6303883501322,100612.21447801316
2011-07-05,Quetta,0.0,0.0798903626328771,297.19323883710814,100613.44125053237
2011-07-06,Quetta,0.0,0.0703697515007856,298.2068234645446,100512.54240257663
2011-07-07,Quetta,0.0,0.06204567148359168,299.20325296959794,100338.24879871163
2011-07-08,Quetta,3.383109851630826,0.052872721029235036,297.95365097570107,100454.30523131386
2011-07-09,Quetta,0.0,0.054198252078418656,297.62647554080246,100391.91844495315
2011-07-10,Quetta,0.0,0.05324476717548705,297.51552550948935,100328.34660269374
2011-07-11,Quetta,0.0,0.04826429647589726,298.5011255854143,100282.21450622867
2011-07-12,Quetta,0.0,0.040293610230012086,299.6547311209008,100142.8986099872
2011-07-13,Quetta,0.0,0.031847765574327995,300.29113105453314,100087.60835764477
2011-07-14,Quetta,0.0,0.031618024814135656,300.00350370694093,99963.5500697402
2011-07-15,Quetta,0.0,0.049502225006120885,298.220556809416,99985.26274595401
2011-07-16,Quetta,0.0,0.0817570740603913,297.29716231056403,100090.2004256282
2011-07-17,Quetta,0.0,0.12110998317235422,296.02859904270287,100160.2070440268
2011-07-18,Quetta,0.0,0.10994306946667268,296.8609199555983,100139.21427385008
2011-07-19,Quetta,0.0,0.07940443213320401,297.7750284835063,100018.2089009263
2011-07-20,Quetta,0.0,0.056871018309541686,298.32742558927185,99835.80305845395
2011-07-21,Quetta,0.0,0.04159555553239155,298.3362177387088,99882.31489113072
2011-07-22,Quetta,0.0,0.03250660460351342,298.00633919113136,99982.33359508091
2011-07-23,Quetta,0.0,0.02796356458950963,298.0044916537455,100049.23912185899
2011-07-24,Quetta,0.0,0.05096038969994131,297.3738623786419,100401.98481553448
2011-07-25,Quetta,6.434560701225642,0.0744923641978171,298.12831426604214,100719.15931590715
2011-07-26,Quetta,0.25252278901446207,0.07390875498453775,298.5461371045,100759.91680446122
2011-07-27,Quetta,0.0,0.06524294236381914,299.05489340895355,100394.5216253194
2011-07-28,Quetta,1.7257171876426443,0.06455149295856698,298.21632215033065,100262.44200968905
2011-07-29,Quetta,0.0,0.05629418114787261,297.1313653460476,100335.43623402897
2011-07-30,Quetta,0.0,0.05555301211355494,297.2019807541957,100217.50539634791
2011-07-31,Quetta,0.0,0.059989065617610644,296.7692330188307,100155.66888016397
2011-08-01,Quetta,0.0,0.05270921866369814,297.54453080648966,100149.22028321974
2011-08-02,Quetta,0.0,0.04084743283134776,298.8864229086379,100139.65604690161
2011-08-03,Quetta,0.0,0.03368606920475174,299.4139713370967,100092.63479344123
2011-08-04,Quetta,0.0,0.031124635097453838,299.6156998425838,100054.04993505108
2011-08-05,Quetta,0.0,0.03691454835942629,299.31085550025523,100001.15793707411
2011-08-06,Quetta,0.0,0.0363556657928692,299.98857927927816,99925.33551426744
2011-08-07,Quetta,0.0,0.03286911580455635,300.3965659185839,99923.97860146931
2011-08-08,Quetta,0.9966440082571169,0.0433902324566037,299.1536665536597,100086.59748748933
2011-08-09,Quetta,0.01734940480942214,0.06613799567929315,298.3342455739715,100206.48519191865
2011-08-10,Quetta,0.0,0.06997046358540675,298.1389109555297,100194.45831292588
2011-08-11,Quetta,0.0,0.07346220160532514,297.7453448713779,100149.41737888624
2011-08-12,Quetta,0.0,0.0912022882534115,296.8177989442425,99980.70456212734
2011-08-13,Quetta,0.0,0.13511585668837864,295.23737205046115,100264.2746473062
2011-08-14,Quetta,0.0,0.1232302626177102,295.54247812239703,100550.37278082407
2011-08-15,Quetta,0.0,0.11122406140164443,296.4310864724849,100338.23055872016
2011-08-16,Quetta,0.0,0.10421462705093384,297.3003057757346,100175.65578710604
2011-08-17,Quetta,0.0,0.09793253422595773,297.0832270905702,100273.89901671634
2011-08-18,Quetta,0.0,0.09010776524107802,296.9680230204695,100396.05881228702
2011-08-19,Quetta,0.0,0.08626850723881806,296.11207020427605,100573.92141370311
2011-08-20,Quetta,1.6496014567960864,0.0748497575308233,296.4895138834444,100832.18370261924
2011-08-21,Quetta,0.0,0.07139537728963291,296.43657970265986,100856.43758038756
2011-08-22,Quetta,0.0,0.07899346699841923,296.31759454396797,100813.39107351999
2011-08-23,Quetta,0.0,0.06997289905623919,298.8002479032464,100514.27119064095
2011-08-24,Quetta,0.00198153222033681,0.06141490745652743,299.42026923635075,100359.73290619672
2011-08-25,Quetta,0.3231505829898015,0.07640556370108587,296.6256337048313,100643.37862116694
2011-08-26,Quetta,4.290941476582261,0.0819417351284602,296.6704505354162,100695.65948386921
2011-08-27,Quetta,0.0,0.08794794928546922,297.71603872365233,100505.56953497653
2011-08-28,Quetta,0.0,0.085542017012276,297.2958962504068,100503.61983283641
2011-08-29,Quetta,0.29096747285868885,0.08074048186891938,295.92519140491584,100680.65440694208
2011-08-30,Quetta,1.0192661529952054,0.09672395793908298,295.18001633179983,100792.6559468164
2011-08-31,Quetta,0.12742017253700266,0.14660839074311896,292.74355757627234,100822.18831159495
2011-09-01,Quetta,0.11879537735115323,0.2583710551221283,292.4398121888282,100658.25612728916
2011-09-02,Quetta,0.02842867001561127,0.2687753126933992,292.2714131508113,100682.32730408857
2011-09-03,Quetta,0.0,0.2972897527110908,293.23310650038627,100685.49445671847
2011-09-04,Quetta,0.0,0.312306784738674,293.57189608732546,100741.23237063458
2011-09-05,Quetta,0.0,0.29222776301404013,294.1595212512907,100653.45142328576
2011-09-06,Quetta,0.0,0.27124482778173353,294.44920077391606,100426.70649622018
2011-09-07,Quetta,0.011229265073292097,0.2426588739528363,295.3937662726191,100239.54400660134
2011-09-08,Quetta,0.03315909379994848,0.20308509083649826,295.7712717456806,100291.89869915886
2011-09-09,Quetta,0.0,0.16609232216379582,295.2830278579217,100604.63517860943
2011-09-10,Quetta,0.0,0.15511412534437552,294.50575319852294,100852.37515385433
2011-09-11,Quetta,0.0,0.14142910744506207,295.0705399586787,100642.39504179086
2011-09-12,Quetta,0.0055705818325738074,0.12123299242893722,295.15170716454105,100632.64492041097
2011-09-13,Quetta,0.06790743710844438,0.11789840566103321,294.5641558429775,100688.36422939732
2011-09-14,Quetta,0.0,0.1117294230290531,295.8694850461529,100565.565950543
2011-09-15,Quetta,0.0,0.0980323350463382,295.2793591680748,100376.76406329856
2011-09-16,Quetta,0.0,0.08799310197889762,293.7599111438516,100456.65422380746
2011-09-17,Quetta,0.0,0.08582958656843917,292.8526226635076,100622.92000346036
2011-09-18,Quetta,0.0,0.0757643340813173,293.0068053511229,100728.19835684623
2011-09-19,Quetta,0.0,0.0664193028715915,293.1016315917276,101006.69168308134
2011-09-20,Quetta,0.0,0.05913249343447486,292.6630190033619,101142.73381361796
2011-09-21,Quetta,0.0,0.05282104130430292,292.00397523917917,100954.13637590497
2011-09-22,Quetta,0.0,0.04786437626524041,291.98138346055214,100963.56342765116
2011-09-23,Quetta,0.0,0.043671391371770826,293.8125733674377,100940.32275899699
2011-09-24,Quetta,0.0,0.0396211823653525,294.4616858366358,100960.26306244674
2011-09-25,Quetta,0.0,0.03614318208624057,292.9615279633212,101109.24040912477
2011-09-26,Quetta,0.0,0.03332258201742087,294.26330268690896,101129.75522412691
2011-09-27,Quetta,0.0,0.03095066419316585,294.7395012301737,100998.36679408005
2011-09-28,Quetta,0.0,0.029260918499731614,293.81083360060063,101026.29924936111
2011-09-29,Quetta,0.0,0.02805910497142262,292.70635354747697,101193.9910114991
2011-09-30,Quetta,0.0,0.027269200959170466,292.7577027660846,101292.3235753833
2011-10-01,Quetta,0.0,0.02658745145608187,294.5732463301181,101151.02979077934
2011-10-02,Quetta,0.0,0.025920894282707645,295.53427872808857,101004.24967419077
2011-10-03,Quetta,0.0,0.02546453505195992,295.5079310727484,100939.85698014265
2011-10-04,Quetta,0.0,0.025183681789140416,294.7183840925055,100942.50180366269
2011-10-05,Quetta,0.0,0.028024408166074117,294.14847474219,101297.63289182282
2011-10-06,Quetta,0.0,0.044702066728027616,292.7382407814991,101549.28667216779
2011-10-07,Quetta,0.0,0.05832808462616259,291.7320500037102,101546.8309540034
2011-10-08,Quetta,0.0,0.050491760249573935,291.2418410124553,101583.25399409069
2011-10-09,Quetta,0.0,0.0413616945742207,291.4728096904678,101636.7457660775
2011-10-10,Quetta,0.10988065504743454,0.05077937809057632,289.5057626140881,101793.48009236582
2011-10-11,Quetta,0.0,0.08814028062446759,288.1058818573221,101917.41867786412
2011-10-12,Quetta,0.0,0.10794981718740282,287.7767415098139,101847.773373882
2011-10-13,Quetta,0.0,0.10259498797649008,287.2885774872158,101690.47264773211
2011-10-14,Quetta,0.0,0.08246418417346257,287.379868998357,101694.11655957198
2011-10-15,Quetta,0.0,0.06661090770680277,288.42229593592134,101492.5309337734
2011-10-16,Quetta,0.0,0.054226294652363775,289.5946597500162,101363.98357671419
2011-10-17,Quetta,0.0,0.04480821437283309,289.7753286189046,101471.85861797274
2011-10-18,Quetta,0.0,0.03799618447524183,289.5535554020029,101550.41924244036
2011-10-19,Quetta,0.0,0.03327253661190898,289.0811610625751,101310.53639214224
2011-10-20,Quetta,0.0,0.030135022217004818,289.54080931391087,101199.2261853173
2011-10-21,Quetta,0.0,0.028780203997445755,288.70142008749445,101247.50067158217
2011-10-22,Quetta,0.0,0.030587011810597354,288.6238124029887,101356.68967392461
2011-10-23,Quetta,0.0,0.03061564335560406,285.8034847188039,101849.79874733817
2011-10-24,Quetta,0.0,0.028842379490399042,284.67535931788126,101956.05412611793
2011-10-25,Quetta,0.0,0.02775621120663,284.76515990795014,101870.84091700379
2011-10-26,Quetta,0.0,0.026994252267173547,285.36034579418356,101912.80755616481
2011-10-27,Quetta,0.0,0.02633765784398455,286.5560239321588,101836.08971970825
2011-10-28,Quetta,0.0,0.025761127374444335,287.94673809296296,101638.14639240842
2011-10-29,Quetta,0.0,0.02538445123415787,287.70992889512587,101615.18408991693
2011-10-30,Quetta,0.0,0.02521818344055556,287.61800330483186,101439.61046209537
2011-10-31,Quetta,0.0,0.025080862830539515,287.25281540536537,101443.5579171103
2011-11-01,Quetta,0.0,0.025072555736951156,287.25261982854397,101480.78763921422
2011-11-02,Quetta,0.0,0.02510230002113529,287.26260950754585,101391.2509886073
2011-11-03,Quetta,0.0,0.025786105973147858,287.3629910360637,101415.7806359135
2011-11-04,Quetta,0.0,0.02602863053988487,287.09770859852057,101661.3475609561
2011-11-05,Quetta,0.0,0.0256191665025545,287.7896898363883,101824.91536680146
2011-11-06,Quetta,0.0,0.025275225728699457,287.3390269779551,101675.7427685796
2011-11-07,Quetta,0.0,0.029969128224742757,287.86293747567765,101539.9881234029
2011-11-08,Quetta,0.0,0.04382215620102627,287.3795891466197,101685.88551719548
2011-11-09,Quetta,0.327833104109236,0.09833650046353457,286.400648930304,101790.30895363072
2011-11-10,Quetta,1.006413269841082,0.21215092638959135,285.38738348801087,101878.35820139479
2011-11-11,Quetta,0.0,0.2316663409335448,284.55783006121123,101977.40697055998
2011-11-12,Quetta,0.05767347979180044,0.20240872181118508,283.8156671531628,101888.96763575383
2011-11-13,Quetta,0.0,0.17865841018009557,285.0205910883591,101723.59965848592
2011-11-14,Quetta,0.0,0.15703867384278608,285.6638296510087,101758.92748509368
2011-11-15,Quetta,0.05982078742331093,0.13750256457699755,285.49503758120164,102026.6137380217
2011-11-16,Quetta,0.0,0.1197082294461946,285.7269987264673,101936.5235442398
2011-11-17,Quetta,0.0,0.10277477260071871,287.2033301688893,101736.34408805365
2011-11-18,Quetta,0.0,0.08752038896117682,287.5240815813279,101706.46388894803
2011-11-19,Quetta,0.0,0.07449556793698119,287.5258448103948,101833.62191013625
2011-11-20,Quetta,0.0,0.06357715779986321,287.423914410246,102040.40593749996
2011-11-21,Quetta,0.0,0.05495809764093054,286.9838143844648,102114.39542216779
2011-11-22,Quetta,0.0,0.047911961505116576,286.14474641092636,101961.64289395229
2011-11-23,Quetta,0.04301068210114408,0.04348342395113108,284.92271010754644,101883.07710365202
2011-11-24,Quetta,0.0,0.061593880488207756,283.24363919394057,101968.68101895225
2011-11-25,Quetta,0.0,0.07675409138304215,282.52768302306606,101826.10541844119
2011-11-26,Quetta,0.0,0.07602056257430966,282.5076599398801,101657.99934518737
2011-11-27,Quetta,0.0,0.07201662972324067,282.6097147812157,101713.01790832622
2011-11-28,Quetta,0.0,0.06669911087270078,281.92227770730096,101888.32288117545
2011-11-29,Quetta,0.390292918548064,0.060428268740219074,281.89716743607875,101913.26967099658
2011-11-30,Quetta,3.0653436975869033,0.05474726560507088,285.54934111093127,101689.90763575383
2011-12-01,Quetta,5.012931166881189,0.064030118657404,285.00391336262317,101745.29684039607
2011-12-02,Quetta,0.12014702403768768,0.059457152895735124,285.37852261696526,101729.66036014688
2011-12-03,Quetta,0.0,0.05374190402531873,282.78863802124056,101691.24320831556
2011-12-04,Quetta,0.0,0.04884627279945558,281.85838483386897,101619.83041764265
2011-12-05,Quetta,0.0,0.04514152457536719,277.90346187455066,101952.10234082198
2011-12-06,Quetta,0.0,0.0425264616082975,275.4964672228993,102068.92076767459
2011-12-07,Quetta,0.0,0.040560510409006933,278.17041227047173,101892.17469947826
2011-12-08,Quetta,0.0,0.03890587927467913,277.225942941175,101968.23771986796
2011-12-09,Quetta,0.0,0.03757186655697671,276.6666396900635,102239.70461563031
2011-12-10,Quetta,0.0,0.036321374697146414,277.9995003541582,102228.28176400124
2011-12-11,Quetta,0.0,0.034988427560211637,280.7587699839883,101810.41389453787
2011-12-12,Quetta,0.0,0.03373341000939826,280.2535017959968,102010.24696443781
2011-12-13,Quetta,0.0,0.03289328138101242,277.7791503999396,102302.44104849872
2011-12-14,Quetta,0.0,0.03235406361135282,277.53133422951197,102261.00308427383
2011-12-15,Quetta,0.0,0.031971132645615144,276.87318238894676,102331.7274265332
2011-12-16,Quetta,0.0,0.03158975955371756,278.9423993345365,102009.96100697399
2011-12-17,Quetta,0.0,0.031121404215668103,279.86027869051804,101771.47793281513
2011-12-18,Quetta,0.0,0.030625608488621156,279.9526596694504,101849.88472849232
2011-12-19,Quetta,4.55570154771691,0.030830842797421782,276.70303449978394,102032.25652416948
2011-12-20,Quetta,0.0,0.0310932345501338,272.72853906218785,102448.12915140542
2011-12-21,Quetta,0.0,0.031307149320620814,272.4549476699352,102512.55790220399
2011-12-22,Quetta,0.0,0.0312612638197319,274.3869711170272,102260.84683241052
2011-12-23,Quetta,2.0273988690286924,0.03096467639288397,276.5579574797248,101960.58741402256
2011-12-24,Quetta,0.0,0.030425809895971948,278.8369872280034,101705.8711296848
2011-12-25,Quetta,0.0,0.029942822367003675,279.5833990126722,101691.44099739134
2011-12-26,Quetta,0.0,0.029440469801392102,280.3617823126047,101607.30207117759
2011-12-27,Quetta,0.0,0.029085963789134542,278.683237091922,101814.83431883513
2011-12-28,Quetta,0.0,0.028820971478663138,278.7660564460734,101999.06838532793
2011-12-29,Quetta,1.879267725790176,0.028639739977237084,277.7792862700117,102217.12832357321
2011-12-30,Quetta,0.19505503933108845,0.028604942226464047,276.49786412028413,102261.22458954425
2011-12-31,Quetta,0.0,0.02866776816754229,275.20323815501183,102289.8568781942
2012-01-01,Quetta,0.0,0.028676104894894774,276.15916181639057,102031.28618372018
2012-01-02,Quetta,0.0,0.02932543451849672,278.39354375225093,101652.25382053872
2012-01-03,Quetta,0.0,0.030893120080621835,278.904444910252,101379.62494037476
2012-01-04,Quetta,3.804570046933383,0.07938346004973486,276.6795671620496,101498.63735146931
2012-01-05,Quetta,0.0,0.09077496506421823,272.71495160866954,102179.61116029596
2012-01-06,Quetta,0.0,0.0855844953668042,269.9210085425303,102306.10419852
2012-01-07,Quetta,0.0,0.08139517039483682,272.04831873181604,102311.46987249782
2012-01-08,Quetta,0.0,0.07823177328981636,274.90354594077377,102205.08542429729
2012-01-09,Quetta,0.0,0.07501517300711383,275.02177951507326,102117.80053529594
2012-01-10,Quetta,3.7479578543277965,0.07735843541471883,277.83468533790494,101990.27614512348
2012-01-11,Quetta,0.0,0.08285478673151844,278.48827082363715,102109.2713511499
2012-01-12,Quetta,0.0,0.07745876975116371,278.7389971565103,101945.16108549829
2012-01-13,Quetta,0.4248999725289807,0.10900192975591755,280.19089112515195,101703.8035905558
2012-01-14,Quetta,10.243452522726235,0.24378957875136406,281.2422100767259,101308.35796236155
2012-01-15,Quetta,3.275930453419076,0.33205455749702345,275.8786889543161,101432.9549781729
2012-01-16,Quetta,0.0,0.28901938176845593,272.61098223268675,101723.50670969971
2012-01-17,Quetta,0.0,0.26625195422543496,272.5935203603802,101680.20689150339
2012-01-18,Quetta,0.0,0.24929196324692313,271.9146323424669,101635.81933853276
2012-01-19,Quetta,0.0,0.23500094251833065,272.54645752204385,101627.8973663756
2012-01-20,Quetta,0.0,0.22161309432333534,273.31413477124875,101740.4008773424
2012-01-21,Quetta,15.896588567038405,0.22155105972073408,272.1543685193904,101810.66009848805
2012-01-22,Quetta,0.0,0.24553619709697266,272.58805590381013,101832.26473195269
2012-01-23,Quetta,0.0,0.26353578267484656,271.3706315811216,102102.65234907366
2012-01-24,Quetta,0.0,0.28572958138772936,271.59101782673673,101942.27515438668
2012-01-25,Quetta,0.0,0.301006314127639,270.9818926906639,102144.45725031939
2012-01-26,Quetta,0.0,0.30178532573866745,271.4270669284886,102146.04913383728
2012-01-27,Quetta,0.0,0.2965738254917539,273.5962769022589,101968.37050628194
2012-01-28,Quetta,0.0,0.29032164953297895,273.14624182394033,102044.52169931856
2012-01-29,Quetta,0.0,0.28223080140633183,274.364770185177,101923.55808427383
2012-01-30,Quetta,6.084147729272534,0.32317370291801417,273.94375064349447,102246.84071310688
2012-01-31,Quetta,0.0,0.3182714078860955,272.94863677462934,102565.70096624785
2012-02-01,Quetta,1.1156988557396388,0.30541702922537245,276.5719932024129,102118.82338586029
2012-02-02,Quetta,0.0,0.31507618634962076,277.26794126368736,101816.70811648207
2012-02-03,Quetta,0.8816268263236827,0.3464146100791052,277.54900421016964,101705.34031409708
2012-02-04,Quetta,0.0,0.349723473180092,271.00748690360945,102277.27327619247
2012-02-05,Quetta,0.0,0.32258863915915087,268.04347938043696,102838.29889267457
2012-02-06,Quetta,0.0,0.30767579130121814,267.4575106057249,102882.2216170677
2012-02-07,Quetta,0.0,0.29562456207881904,266.66547814879857,102680.81817530877
2012-02-08,Quetta,0.0,0.2885834630763647,270.3043563605355,102298.74093936327
2012-02-09,Quetta,0.0,0.28404872144778154,276.41586409157765,101840.67053822399
2012-02-10,Quetta,0.0,0.2741598819427227,279.97283595980304,101590.7919447402
2012-02-11,Quetta,0.13797526920065153,0.3014802638351206,279.6265286461106,101240.37464544292
2012-02-12,Quetta,0.0,0.3412041890167632,275.46081567637566,101576.37618984238
2012-02-13,Quetta,0.0,0.3212536007622842,270.52026390916194,102349.11116961243
2012-02-14,Quetta,0.0,0.30327736171655234,271.25424817060883,102494.78742360517
2012-02-15,Quetta,0.0,0.28974890837271333,273.4932181209412,101949.83983097314
2012-02-16,Quetta,7.295760943365666,0.27612144327244925,275.48217314764,101689.5819745528
2012-02-17,Quetta,18.133113078632384,0.2957772690460532,274.0216561411783,102005.7162981793
2012-02-18,Quetta,0.0,0.3339670129068732,277.206578644206,101828.93470959323
2012-02-19,Quetta,7.444207136261403,0.34556275897916916,281.6575200789546,101460.67829056644
2012-02-20,Quetta,3.945044563040009,0.36456129725043024,281.32671431152056,101176.26188165457
2012-02-21,Quetta,0.0,0.3498232965940511,274.69637691980864,101698.7476735519
2012-02-22,Quetta,0.0,0.3252817820473735,270.2807975786804,102212.14477613925
2012-02-23,Quetta,0.0,0.30885803499931236,270.1944128164088,102216.73901857962
2012-02-24,Quetta,0.0,0.29534094475264727,272.5957089295785,101929.1146952193
2012-02-25,Quetta,0.0,0.28152337244868875,275.98411172198547,101614.20434119458
2012-02-26,Quetta,0.0,0.26587645524743597,278.73349766524905,101376.21179141823
2012-02-27,Quetta,0.0,0.25583884324220546,279.5572947864436,101519.02884396292
2012-02-28,Quetta,0.0,0.24394395967967678,277.8432865862869,101425.00306617329
2012-02-29,Quetta,0.0,0.2298368052797247,280.16831519032115,100954.46249467628
2012-03-01,Quetta,0.0,0.21557334821918772,281.58621599859134,100981.17925335388
2012-03-02,Quetta,0.0,0.20242021072188413,282.3922569362418,100861.44724872228
2012-03-03,Quetta,0.0,0.18836704295308387,285.4528291471569,100592.39209965926
2012-03-04,Quetta,0.0,0.17954108788979306,282.61325544189384,100807.20297487224
2012-03-05,Quetta,0.0,0.16692363639367963,278.7595069690293,101200.97568169716
2012-03-06,Quetta,0.0,0.1552538158540222,278.16101973928414,101369.36962308348
2012-03-07,Quetta,0.0,0.1454348615162212,274.3897389908315,101558.79557761924
2012-03-08,Quetta,0.0,0.13757091489723633,276.5451641185441,101518.12014027897
2012-03-09,Quetta,0.0,0.12956282126639523,278.2262508015412,101433.82479450594
2012-03-10,Quetta,0.4525336486517468,0.12491674801221567,279.5712533977885,101195.3518089863
2012-03-11,Quetta,10.833915084062276,0.1564988148313973,279.21589738502445,101351.67245874148
2012-03-12,Quetta,1.917172350842867,0.2491077871717965,275.69525303305045,101970.57389347316
2012-03-13,Quetta,0.0,0.2550065847610221,279.3376798340136,102063.29251117971
2012-03-14,Quetta,0.0,0.24457441216229972,284.6200650792117,101687.46690188455
2012-03-15,Quetta,0.0,0.22284373489717826,285.8814775503959,101419.95916711033
2012-03-16,Quetta,0.0,0.1951758249424725,287.9786584709639,101191.34038330492
2012-03-17,Quetta,0.0,0.16614507931866873,289.19022053070313,101150.52396001917
2012-03-18,Quetta,0.0,0.13984344894001927,289.82257436133875,101224.80703790455
2012-03-19,Quetta,0.0,0.12115505597592753,276.95978299541144,102149.96643127128
2012-03-20,Quetta,0.0,0.11056380062330727,274.3926371081481,102303.46712308345
2012-03-21,Quetta,0.0,0.10217419101730246,279.2166679245855,101982.7213591354
2012-03-22,Quetta,0.0,0.09295024458079901,283.0693594360351,101722.28523610516
2012-03-23,Quetta,0.0,0.08421420195372112,285.8503461173391,101641.10390199101
2012-03-24,Quetta,0.0,0.08594136439014197,286.83742676431115,101699.49569021509
2012-03-25,Quetta,2.0376646096458626,0.10518064898567268,286.2389227367705,101575.93269005534
2012-03-26,Quetta,9.46251861897197,0.09593473039114765,285.9478126515049,101699.39320166093
2012-03-27,Quetta,0.0,0.10229248809381204,285.7780814100325,101598.68858922485
2012-03-28,Quetta,0.0,0.0930047164431761,287.6366264263112,101953.207369836
2012-03-29,Quetta,0.0,0.07964353826762195,289.6348661200258,101896.93960844334
2012-03-30,Quetta,0.0,0.06606885748651477,290.52508868406466,101529.31437899268
2012-03-31,Quetta,0.0,0.05702080022063461,291.834837186251,101315.8142278002
2012-04-01,Quetta,3.50887170638908,0.05195105496893407,290.19694425618604,101497.57815401405
2012-04-02,Quetta,0.0,0.0612867229273209,289.0915887992289,101661.6556484242
2012-04-03,Quetta,0.0,0.0793051654787513,289.1516440327526,101771.65892435047
2012-04-04,Quetta,0.0,0.07744130625770822,291.26269731867086,101548.24422939733
2012-04-05,Quetta,0.0,0.06177906060205266,291.816437957911,101321.8122535136
2012-04-06,Quetta,0.0,0.05061556032474301,291.02133017540496,101235.65742147573
2012-04-07,Quetta,0.0,0.04387727812161031,290.73257695736885,101173.31122897145
2012-04-08,Quetta,0.15980685362417812,0.041571804200431835,291.43693862798057,101087.06054647571
2012-04-09,Quetta,0.7434199205980185,0.05317017234096052,289.4140394052462,101306.23183347528
2012-04-10,Quetta,0.0,0.052656131161674044,289.44461464175134,101179.61904227002
2012-04-11,Quetta,0.0,0.04191226918070508,290.3781993936154,100978.6503223488
2012-04-12,Quetta,0.0,0.035683224865958346,291.21087420977483,100780.80229024697
2012-04-13,Quetta,0.0,0.042928475656677255,289.60203899507013,100850.72709859452
2012-04-14,Quetta,1.3063273540022422,0.07254476281880382,287.23503201962876,101391.00328444419
2012-04-15,Quetta,0.0,0.06911475818987123,289.85989565245455,101305.98888868185
2012-04-16,Quetta,0.0,0.06196549354392926,290.34865502755525,101055.65166391608
2012-04-17,Quetta,13.25263731023928,0.08306126576672213,287.96955729469937,100947.33527789607
2012-04-18,Quetta,6.1481763339164495,0.16857400990561408,286.39031439331154,101018.48735253404
2012-04-19,Quetta,12.11940920771285,0.2428528572008868,285.96078467282945,101081.21905265118
2012-04-20,Quetta,8.761689972885625,0.29897944596056086,283.990259810041,101268.87460365202
2012-04-21,Quetta,0.0,0.2912129097916334,283.8422489702614,101443.979547221
2012-04-22,Quetta,0.0,0.2630409230108222,286.0558117925761,101098.97225138414
2012-04-23,Quetta,0.2001750630048917,0.2436977121763649,285.9299541782289,101052.6364994144
2012-04-24,Quetta,0.0,0.21832029014470425,287.42468594600354,101170.66166817502
2012-04-25,Quetta,0.0,0.18315158692359373,288.26484196023347,101131.508330494
2012-04-26,Quetta,0.0,0.16891312555316357,288.16182794955427,101292.95225936965
2012-04-27,Quetta,0.0,0.15540332070675034,288.2947985906131,101271.96337122018
2012-04-28,Quetta,0.0,0.12849477433264758,287.7480094265438,101075.40198173978
2012-04-29,Quetta,0.0,0.10734855848980658,287.8308715617984,101080.35688804295
2012-04-30,Quetta,0.0,0.09143739088362819,288.25445123112524,101015.4570227321
2012-05-01,Quetta,0.0,0.07931045129311345,289.6455875490743,101065.16594282367
2012-05-02,Quetta,0.0,0.070684080757518,290.96479163036076,101181.68651511923
2012-05-03,Quetta,0.0,0.06198227602402502,291.140549414449,101079.71904093909
2012-05-04,Quetta,0.0,0.05311698625468169,292.78006723004256,100839.73306883514
2012-05-05,Quetta,0.0,0.04611059185593456,294.96230734028507,100806.37927864137
2012-05-06,Quetta,5.768744410298751,0.04733065434574471,294.46780334858227,100975.1000875745
2012-05-07,Quetta,1.0298892709790541,0.044493116609485635,295.21252373694847,100930.58219202512
2012-05-08,Quetta,0.2944603610079373,0.03932126753036438,295.2487048505341,101084.77828151619
2012-05-09,Quetta,0.0,0.03580213465520023,295.7679044210333,101198.51682655448
2012-05-10,Quetta,0.06785801257144855,0.03293204364419187,295.96300017517706,101210.86889134369
2012-05-11,Quetta,0.0,0.030054939568956624,293.56902310476994,101037.50087122018
2012-05-12,Quetta,0.0,0.028026008605957012,292.440689964836,100829.06129338797
2012-05-13,Quetta,0.0,0.026909263389886362,292.955548499875,100925.10313617972
2012-05-14,Quetta,0.0,0.026203692456255697,294.63934446725847,100961.30648317715
2012-05-15,Quetta,0.0,0.025788652418960844,296.5454585558549,100882.35857378619
2012-05-16,Quetta,1.2772191469876486,0.03226306683498644,295.2655319932183,100671.17996353275
2012-05-17,Quetta,0.0,0.031306838339394544,295.28579389053317,100735.99156516179
2012-05-18,Quetta,0.0,0.027167489822448362,295.25543386378087,101021.82315747444
2012-05-19,Quetta,0.0,0.025475264879060964,295.85251712303005,101099.14275527043
2012-05-20,Quetta,0.0,0.02490181781567339,294.9526935229933,100934.61497497867
2012-05-21,Quetta,0.0,0.02465933282560816,293.81690750325674,100909.7574909497
2012-05-22,Quetta,0.0,0.02438858099379097,294.4885125389729,100985.55152922697
2012-05-23,Quetta,0.0,0.02409169939551282,295.7210828919981,100821.68684092844
2012-05-24,Quetta,0.0,0.027770199469718527,296.9750206251432,100514.5415917802
2012-05-25,Quetta,0.0,0.029536699168320628,294.71257859225165,100688.67632213583
2012-05-26,Quetta,0.0,0.025674564766653668,294.02797078398544,100961.28122258303
2012-05-27,Quetta,0.0,0.02432468072045331,295.6517356972636,100938.02573546635
2012-05-28,Quetta,0.0,0.023749775450585726,297.5976877321484,100801.08744756173
2012-05-29,Quetta,0.0,0.023458675252382623,298.8957917936414,100880.64247737433
2012-05-30,Quetta,0.0,0.023266844546368407,300.10384779237444,100636.54829535774
2012-05-31,Quetta,0.0,0.023284887132964154,298.11079192695,100473.24214810473
2012-06-01,Quetta,0.0,0.02323012735950614,297.47461697800986,100462.0433712202
2012-06-02,Quetta,0.0,0.023111888445757237,298.67168384437207,100348.18427331769
2012-06-03,Quetta,0.0,0.023059083547597586,298.81558929408703,100182.00074611367
2012-06-04,Quetta,0.0,0.02303130993038873,298.5986218318474,100166.88399382452
2012-06-05,Quetta,0.0,0.023004093484266606,297.27731878186415,100164.43842019801
2012-06-06,Quetta,0.0,0.033200316767608616,294.85853346989813,100261.0889975511
2012-06-07,Quetta,0.0,0.04238911903290367,294.2651053891459,100442.83466034924
2012-06-08,Quetta,0.0,0.04057435754346006,294.76515104459503,100563.25267435049
2012-06-09,Quetta,0.0,0.034019081141717165,297.1259130462522,100397.2572487223
2012-06-10,Quetta,0.0,0.026469791548824805,297.4898945203495,100190.54739086454
2012-06-11,Quetta,0.0,0.024873512328720315,296.74772356374496,100232.78764373936
2012-06-12,Quetta,0.0,0.03691024769442384,294.75646707611673,100507.92377049617
2012-06-13,Quetta,0.0,0.07241616118570264,295.0708866170507,100654.63708635005
2012-06-14,Quetta,0.0,0.06434802606117983,297.14053351589143,100593.44067850296
2012-06-15,Quetta,0.0,0.04401283955181407,297.44589861790183,100436.38863713798
2012-06-16,Quetta,0.0,0.0317845453395551,297.4108856779119,100207.17450356686
2012-06-17,Quetta,0.0,0.026474535637183483,297.1388135854795,100033.55666577937
2012-06-18,Quetta,0.0,0.024346597661760824,297.0560259749387,100091.83329535775
2012-06-19,Quetta,0.0,0.027114339197040725,297.47930361516507,100135.46929061967
2012-06-20,Quetta,0.0,0.026197077498254544,299.2268277738745,100070.20964704
2012-06-21,Quetta,0.0,0.023340223096839953,299.52640636953146,100213.4480965183
2012-06-22,Quetta,0.0,0.022851704603430216,297.89926154501114,100422.36064869034
2012-06-23,Quetta,0.0,0.02281411519177862,297.0114680704944,100230.70602800253
2012-06-24,Quetta,0.0,0.0226795374812354,298.4750791517838,99911.69526671636
2012-06-25,Quetta,0.0,0.022629095095927445,298.09044520489107,100062.4855379578
2012-06-26,Quetta,0.0,0.022688784103783475,296.7508345702829,100124.96888122868
2012-06-27,Quetta,0.0,0.02266110365530227,298.368448077564,100151.67683241055
2012-06-28,Quetta,0.0,0.02273373332502894,299.20335825277306,100297.666388948
2012-06-29,Quetta,0.0,0.022826500545503888,299.5000061243979,100308.76745288541
2012-06-30,Quetta,0.0,0.022881240129876978,300.2952719180764,100202.59283459328
2012-07-01,Quetta,0.0,0.022553573751368353,300.21885087497924,100115.09540939092
2012-07-02,Quetta,0.0,0.022292095424775567,300.66498942100645,100110.2031838266
2012-07-03,Quetta,0.0,0.022265225615709903,301.54748336887263,99832.6047455281
2012-07-04,Quetta,0.0,0.02218451875234989,301.51431923259184,99653.4932743292
2012-07-05,Quetta,0.0,0.022365983944599897,300.8262490654099,99822.53642328572
2012-07-06,Quetta,0.0,0.022272064993152686,301.31665125364333,99754.76969495314
2012-07-07,Quetta,0.0,0.02209412374935118,300.792138832261,99630.75273291097
2012-07-08,Quetta,0.07623155294122645,0.035504228915767475,298.75776192807484,99977.34545943353
2012-07-09,Quetta,0.18992324884746098,0.07963020786109934,297.98632689693176,100222.15280744246
2012-07-10,Quetta,0.0016442313023685797,0.06547690565378947,298.20284560555,100359.42426320269
2012-07-11,Quetta,0.0,0.053880327929833105,298.76081345852185,100342.99126011496
2012-07-12,Quetta,0.0,0.043062175965187285,300.1644430019066,100220.17523983173
2012-07-13,Quetta,0.0,0.033196572645491765,301.6288139421245,99957.56501437392
2012-07-14,Quetta,0.0,0.041642641135740496,298.8073873239806,99915.7700590928
2012-07-15,Quetta,2.640137540144652,0.0503976496534548,298.3067181384785,99963.31467765116
2012-07-16,Quetta,0.8687075636334068,0.08876194067396674,296.9517993714279,100366.01107005961
2012-07-17,Quetta,0.0,0.10558507400504036,298.6537872403702,100422.3192400447
2012-07-18,Quetta,0.0,0.07787060875705808,300.5647752784584,100096.82058054725
2012-07-19,Quetta,0.0,0.05585608461240284,299.1541656627146,99886.91297407365
2012-07-20,Quetta,0.0,0.0466338995002603,298.08602078504407,100101.0646089757
2012-07-21,Quetta,0.0,0.06438612297270396,296.6168421873651,100503.55454296208
2012-07-22,Quetta,0.0,0.06614791168264882,299.4034941899105,100287.65672540458
2012-07-23,Quetta,0.0,0.04658968722393807,300.36281103529484,99915.17030291734
2012-07-24,Quetta,0.0,0.03458907907757818,299.94235775944827,99781.26266024275
2012-07-25,Quetta,0.0,0.03226406506825955,299.0581130956317,99962.11081452295
2012-07-26,Quetta,0.0,0.03787552345618142,297.6514230594061,100109.48824238712
2012-07-27,Quetta,0.0062751846378462876,0.05846487932351415,296.69276397770085,100192.13552784281
2012-07-28,Quetta,0.0,0.05747212509077288,298.8196637554267,100097.6394726895
2012-07-29,Quetta,0.0,0.039339427222317425,299.4022965164662,100152.10276591779
2012-07-30,Quetta,0.0,0.02905361706258761,299.0056561710369,100155.88391317074
2012-07-31,Quetta,0.0,0.024591677924031097,297.8879807253334,100145.96750106468
2012-08-01,Quetta,0.0,0.02310167324536228,298.91657057095495,100179.46530398207
2012-08-02,Quetta,0.0,0.022469588067977005,300.6981906706309,100031.74413277255
2012-08-03,Quetta,0.0,0.022142900816761995,300.5047446036571,99686.62899329216
2012-08-04,Quetta,0.0,0.0232183853920585,298.6434499468306,99857.6416530025
2012-08-05,Quetta,0.0,0.05630511958107631,295.92124341931145,100357.18331292586
2012-08-06,Quetta,0.0,0.089110435559491,295.9018384536839,100490.98463106898
2012-08-07,Quetta,0.0,0.08970150204018927,296.1799895881076,100517.5330430153
2012-08-08,Quetta,0.0,0.07711043377886564,297.57181083973774,100434.4477739033
2012-08-09,Quetta,0.0,0.05866748471885564,298.0152165687901,100179.13075303445
2012-08-10,Quetta,0.0,0.055955706850362684,296.244235505424,100240.12751064733
2012-08-11,Quetta,0.0,0.0877172363731821,295.59034005745076,100492.10363793651
2012-08-12,Quetta,0.0,0.11240886280984785,295.420883488479,100500.56549909496
2012-08-13,Quetta,0.0,0.13778320046056064,295.3320565194127,100420.25293467843
2012-08-14,Quetta,0.0,0.12539121061343478,295.969739349729,100390.02379232322
2012-08-15,Quetta,0.15089507775574768,0.1034544063656929,296.00523797181955,100494.65995634579
2012-08-16,Quetta,0.0,0.0945711323024873,296.5837750335555,100531.23672992969
2012-08-17,Quetta,0.0,0.08855087665858961,297.19520815903974,100538.4130467419
2012-08-18,Quetta,0.0,0.07220947393431441,298.4566284358619,100430.2942802385
2012-08-19,Quetta,0.0,0.05764239972454114,298.61254033345915,100336.74381308559
2012-08-20,Quetta,0.0,0.05090734565210642,297.93821887772845,100351.12039900977
2012-08-21,Quetta,0.20043909277582894,0.0418393572537077,298.5047459174634,100258.16263921418
2012-08-22,Quetta,0.0,0.037627343887771,298.43066082085227,100292.16275074526
2012-08-23,Quetta,3.5500020101894916,0.04568187076757062,297.57669778103605,100537.54417802382
2012-08-24,Quetta,0.0,0.05093014794544094,298.69318423564175,100470.24612063458
2012-08-25,Quetta,0.0,0.04125592573470245,297.6611832685321,100519.55588825594
2012-08-26,Quetta,1.781877212430996,0.056711711872713844,295.7889082405746,100650.4172141184
2012-08-27,Quetta,0.0,0.05782535173891622,295.5087361785786,100526.19108975725
2012-08-28,Quetta,0.0,0.05667488059152738,295.52475266728976,100692.30307469121
2012-08-29,Quetta,0.22777944370672687,0.054603092100456434,296.06349300304396,100768.87711403318
2012-08-30,Quetta,0.0,0.04802479756413227,296.68692442500276,100681.7697433986
2012-08-31,Quetta,0.0,0.041414329381506215,296.97756694301967,100534.41087015544
2012-09-01,Quetta,0.0,0.04044313960424678,296.669536201308,100562.48187020866
2012-09-02,Quetta,0.0,0.03816233252070968,296.9617527426571,100603.79150633515
2012-09-03,Quetta,0.0,0.031571696669726375,296.9070543428471,100492.68314922274
2012-09-04,Quetta,0.5395214757023719,0.0310358772732736,295.6130954051409,100652.46028188881
2012-09-05,Quetta,0.21150494025959873,0.0538790519666699,294.7787298064525,100852.62644857321
2012-09-06,Quetta,0.0,0.11242157890064199,293.9053260024253,100937.51841141397
2012-09-07,Quetta,0.0,0.18710068457374376,292.82925036160094,100862.75031915458
2012-09-08,Quetta,0.0,0.2422395136030067,293.0454723563509,100796.71421103066
2012-09-09,Quetta,0.0,0.2941907661303683,293.32427602461405,100763.59367014481
2012-09-10,Quetta,0.4334969005836538,0.363591816223595,291.72807868537245,100955.46088160135
2012-09-11,Quetta,0.0,0.3272409973274505,293.26817273626796,100845.00996300038
2012-09-12,Quetta,0.0,0.29712645106664903,294.05941466561643,100721.92649009792
2012-09-13,Quetta,0.0,0.2613357236559994,295.04943438307356,100623.85138681854
2012-09-14,Quetta,0.0,0.22530734602122895,294.60614864087256,100462.71233576446
2012-09-15,Quetta,0.0,0.1919347024600253,293.74946625059147,100371.59732245524
2012-09-16,Quetta,0.0,0.16280527265419809,291.0189503971599,100593.512845773
2012-09-17,Quetta,0.0,0.13924546375523777,289.64183421527565,100839.9129698147
2012-09-18,Quetta,0.0,0.12053367911516988,290.6930236469812,101017.3667663969
2012-09-19,Quetta,0.0,0.1056946247670543,291.37924701896446,101133.67401538542
2012-09-20,Quetta,0.0,0.09286019710300336,291.61217500040055,101155.62468297486
2012-09-21,Quetta,0.0,0.08174546093916363,291.50343233137744,101105.81491828148
2012-09-22,Quetta,0.0,0.07261153635418194,291.5653399124016,101074.01145256599
2012-09-23,Quetta,0.0,0.06480753762690883,291.5076247847044,100983.0965672913
2012-09-24,Quetta,0.0,0.05785111246970082,292.2561107810529,100932.47184385645
2012-09-25,Quetta,0.0,0.051539388155138345,293.3609315729007,100987.39123003614
2012-09-26,Quetta,0.0,0.05068096490152716,292.20296455404934,101361.20683320906
2012-09-27,Quetta,0.0,0.04961883456107227,291.9977411330145,101568.91073067504
2012-09-28,Quetta,0.0,0.04446206213600727,292.06594354151844,101520.42119676317
2012-09-29,Quetta,0.0,0.03938394062360669,291.70026969424447,101510.41895975296
2012-09-30,Quetta,0.0,0.03574912286224455,291.51280059515494,101618.13677092205
2012-10-01,Quetta,0.0,0.03315493891822686,291.21989232415865,101576.73240550465
2012-10-02,Quetta,0.0,0.031249610731914436,290.9561263277745,101391.79825463158
2012-10-03,Quetta,0.0,0.030027178147514735,289.9370231887065,101215.84046795144
2012-10-04,Quetta,0.0,0.02924815873812706,289.65832930457105,101140.70521268097
2012-10-05,Quetta,0.0,0.02861395130233286,289.93782003655053,101294.23290672913
2012-10-06,Quetta,0.0,0.02812323666106292,289.3377510396596,101521.73780398213
2012-10-07,Quetta,0.0,0.02770767837948994,289.27343977252826,101630.8126719548
2012-10-08,Quetta,0.0,0.027327588052657566,289.4670048064143,101543.8508762777
2012-10-09,Quetta,0.0,0.02701934896769137,289.5458094763335,101411.99615124571
2012-10-10,Quetta,0.0,0.0267375867844711,290.79257444859365,101455.45213852212
2012-10-11,Quetta,0.0,0.026537194390110118,291.2758991831531,101423.77107165674
2012-10-12,Quetta,0.0,0.02634603546939743,291.01338452696024,101266.13831159497
2012-10-13,Quetta,0.0,0.02611697446616247,289.7238923093503,101387.11249361154
2012-10-14,Quetta,0.0,0.026311716732824456,290.5445355247139,101506.39136046632
2012-10-15,Quetta,0.0,0.026333655076295003,288.3296820422318,101745.5698283113
2012-10-16,Quetta,0.0,0.026368552819359785,287.9423515431166,101869.6711568356
2012-10-17,Quetta,0.0,0.026245286411889758,288.27059402946685,101833.21975377979
2012-10-18,Quetta,0.0,0.02683766988378435,288.5830846837404,101780.40903295355
2012-10-19,Quetta,0.0,0.030199805502861735,287.05285230763326,101835.7841237223
2012-10-20,Quetta,0.0,0.029654263112438045,286.2254018129153,101970.79433879897
2012-10-21,Quetta,0.0,0.02806389034775965,285.6989571647491,102060.18749733813
2012-10-22,Quetta,0.0,0.027047841918529356,285.0250780365752,102060.08363208045
2012-10-23,Quetta,0.0,0.026645727769547333,283.88317855388726,102028.22641796205
2012-10-24,Quetta,0.0,0.0263150426896034,285.03088505196337,101814.9573219229
2012-10-25,Quetta,0.0,0.026049768446792885,286.07973206181623,101616.84528295358
2012-10-26,Quetta,0.0,0.025901858033543626,286.5685160914284,101663.84664075807
2012-10-27,Quetta,0.0,0.02566784643707184,286.9865849396049,101741.84001889902
2012-10-28,Quetta,0.0,0.02541824778394899,287.3793392444376,101780.9735067078
2012-10-29,Quetta,0.0,0.026460648362843703,287.2649293387659,101716.1886033326
2012-10-30,Quetta,0.0,0.02859962461212696,287.02179670534207,101683.8020062287
2012-10-31,Quetta,0.0,0.03740569767256066,286.68256953956995,101767.59324797695
2012-11-01,Quetta,0.0,0.03953574018678764,286.29949189579787,101829.07859055577
2012-11-02,Quetta,0.0,0.03487483384729715,284.75607556799605,101767.81814709323
2012-11-03,Quetta,0.0,0.031642938621473306,284.69165280798626,101727.04025580281
2012-11-04,Quetta,0.0,0.02950865089724106,285.18319967227666,101693.1803668015
2012-11-05,Quetta,0.0,0.02821433945178717,284.51501838445796,101679.74850324742
2012-11-06,Quetta,0.0,0.02726507512904374,284.2567937338645,101759.7822159817
2012-11-07,Quetta,0.0,0.0266630732694991,284.25724015963226,101715.77454482538
2012-11-08,Quetta,0.0,0.026317942985954874,284.8909967924828,101562.7034252555
2012-11-09,Quetta,0.0,0.02609823054714951,285.4395374618261,101653.24821550252
2012-11-10,Quetta,0.0,0.02584834218499063,284.9075995849573,101856.77278428449
2012-11-11,Quetta,0.0,0.025716421158729394,284.47599625946503,101841.92704216354
2012-11-12,Quetta,0.0,0.025658711959258305,284.0974915396036,101827.22369250422
2012-11-13,Quetta,0.0,0.025572633521249537,284.5540984483986,102003.82506947398
2012-11-14,Quetta,0.0,0.025547339305628556,284.29423717578925,101845.34793148424
2012-11-15,Quetta,0.0,0.02544527982054348,285.5710306907362,101731.77032660773
2012-11-16,Quetta,0.0,0.027325143505401862,285.7405924117408,101930.3032748616
2012-11-17,Quetta,0.0,0.04037344519351437,282.0551051658097,102166.52285961458
2012-11-18,Quetta,0.0,0.045142360191193595,280.8861620772716,102102.81692690584
2012-11-19,Quetta,0.0,0.0400382118939947,281.5413157763418,102026.47985413118
2012-11-20,Quetta,0.0,0.03590107739614802,282.4584609473694,101904.59652070909
2012-11-21,Quetta,0.0,0.0325584166189407,282.396763676476,101776.259006069
2012-11-22,Quetta,0.0,0.031791357401079384,281.0917677552343,101808.72165912476
2012-11-23,Quetta,0.48057233123600573,0.03443291093868533,278.99840350474364,101946.31926506598
2012-11-24,Quetta,0.0,0.03265097891587141,278.828361375669,101963.05316040241
2012-11-25,Quetta,0.0,0.030776962787166746,281.483533210603,101853.75207809836
2012-11-26,Quetta,0.0,0.029361177625336597,280.8279355013499,101943.43622311538
2012-11-27,Quetta,0.9730138021961385,0.029206386546666196,283.18003394881276,101604.33357112437
2012-11-28,Quetta,4.090194466459283,0.08045018832430387,280.33864794122974,101709.18337468054
2012-11-29,Quetta,0.0,0.08797626592840817,277.28050040132933,102101.6974528854
2012-11-30,Quetta,0.0,0.07891600973290658,277.9523677048259,102145.36388522144
2012-12-01,Quetta,0.0,0.07077079090592807,278.46518213556953,101929.54122684198
2012-12-02,Quetta,0.0,0.06347778812042357,278.97534905623723,101951.09417509582
2012-12-03,Quetta,0.0,0.05678239364234103,280.2027300756782,102004.56550175676
2012-12-04,Quetta,0.0,0.05079014630293316,281.21148281927105,101950.5219543228
2012-12-05,Quetta,0.0,0.04545196907957598,282.25090596898195,101931.40820166096
2012-12-06,Quetta,9.359951059806082,0.04104168583763249,283.394203556587,101933.3056958049
2012-12-07,Quetta,0.0,0.03781273616030429,283.4514613891633,101864.11430392884
2012-12-08,Quetta,0.0,0.03549062015115369,280.45245711244826,101889.93749653958
2012-12-09,Quetta,0.0,0.03351978039890444,280.27841471826395,101578.62349499573
2012-12-10,Quetta,0.0,0.03215704084458097,279.0328655615073,101562.66098993822
2012-12-11,Quetta,0.0,0.03153843131815416,278.4388243144183,101698.55208768098
2012-12-12,Quetta,0.0,0.0913138742138214,277.5035274953152,101474.54010407788
2012-12-13,Quetta,0.0,0.21756366809886105,275.1682537665033,101589.5764411201
2012-12-14,Quetta,0.0,0.22062526748371275,274.9157955580823,101920.28152337097
2012-12-15,Quetta,0.0,0.22685746298534906,275.6013715800121,102099.00009023634
2012-12-16,Quetta,2.856396538362388,0.23654251752828478,276.9355449713771,102296.68211110518
2012-12-17,Quetta,22.445544362271256,0.3369708828815066,277.05780229926984,102246.55869729555
2012-12-18,Quetta,0.0,0.344777871911191,276.2290632353851,102595.81712468056
2012-12-19,Quetta,0.0,0.31436813157366994,275.72285959299023,102431.73374707196
2012-12-20,Quetta,0.0,0.2999890620650248,277.3175144216354,102027.76065907153
2012-12-21,Quetta,0.0,0.2890108718525477,279.15027181011226,101879.21521321335
2012-12-22,Quetta,0.0,0.2782707387868955,280.4400951933116,101843.25685343906
2012-12-23,Quetta,0.0,0.26653362672752706,281.2193627084431,101827.79802864138
2012-12-24,Quetta,0.0,0.2543698881107052,279.80201799118663,102021.87905265116
2012-12-25,Quetta,0.0,0.24309967545742747,278.45956034498414,101983.00308640332
2012-12-26,Quetta,3.196359236796832,0.2339966966454648,280.66614716793583,101573.92940614352
2012-12-27,Quetta,0.0,0.24724582284367416,274.7008431200571,101941.5996670038
2012-12-28,Quetta,0.0,0.2523977854358818,266.42554293886496,102505.34901511921
2012-12-29,Quetta,0.0,0.24656424938853924,270.4050873923964,102218.38178795781
2012-12-30,Quetta,0.0,0.24286659643637876,274.23210566077165,101938.81319686967
2012-12-31,Quetta,0.0,0.23839595848832978,277.4041221862136,101628.47666311752
2013-01-01,Quetta,0.0,0.23051588761407096,273.10043126883386,102254.7800242227
2013-01-02,Quetta,0.0,0.2229357206570971,274.92841030131643,102092.33115151188
2013-01-03,Quetta,0.0,0.21544273489107815,274.7110426801067,102109.13629418655
2013-01-04,Quetta,0.0,0.20785481753503632,273.07872244163906,102190.99206585388
2013-01-05,Quetta,0.0,0.20085440919996309,273.2598043695003,101818.4866705707
2013-01-06,Quetta,0.0,0.19398753071427002,275.6008060743429,101688.55865151189
2013-01-07,Quetta,0.0,0.18694488679191595,276.6645636677349,101814.6395317823
2013-01-08,Quetta,0.0074581387989362605,0.21569433709425637,278.5778072201208,101732.26184465499
2013-01-09,Quetta,1.8502788193424877,0.23542534205941945,279.83789499125805,101833.37564789178
2013-01-10,Quetta,0.0,0.2299905968903818,281.4076352243676,101719.58679434622
2013-01-11,Quetta,0.0,0.25974410859107416,282.75384268821887,101665.50621912263
2013-01-12,Quetta,0.0,0.30848282982448766,274.5758849159253,102424.11355515331
2013-01-13,Quetta,0.0,0.27990136841357527,274.4777572993162,102096.80932735304
2013-01-14,Quetta,0.0,0.26251951632480736,275.94569552896525,101585.82505856045
2013-01-15,Quetta,0.0,0.24830179776609254,275.34474494379526,101667.81568781938
2013-01-16,Quetta,0.0072630425734251875,0.23672191368592616,273.95567369602935,102009.18231154169
2013-01-17,Quetta,0.0,0.22646742431363356,271.2497108918274,102293.83360785771
2013-01-18,Quetta,0.0,0.2172265105975888,271.56370104697135,102341.1569609774
2013-01-19,Quetta,0.0,0.20761061495640687,274.64781851959646,102389.59713559407
2013-01-20,Quetta,0.0,0.19814624309810575,275.9093546496621,102207.31742440374
2013-01-21,Quetta,0.0,0.18888897412206412,277.1842222909313,102052.55199025766
2013-01-22,Quetta,0.0,0.18200929688297168,278.7678328782384,102057.28706159495
2013-01-23,Quetta,0.0,0.17379566088648826,278.3881514115254,102163.10614751914
2013-01-24,Quetta,0.0,0.16405751349098777,278.02597932333555,102136.52721651403
2013-01-25,Quetta,0.0,0.15457089878496005,279.70534759278854,102179.78551879257
2013-01-26,Quetta,0.5940018509599986,0.14549861847305076,280.34854165622545,102170.30025420565
2013-01-27,Quetta,5.863926370416019,0.13778822236545785,281.45389522065074,101971.19527177383
2013-01-28,Quetta,9.945566550145967,0.12993876795684794,281.09782558412985,101945.4117030451
2013-01-29,Quetta,6.3569705717811384,0.1215700661628373,281.34152729686457,101722.02093643525
2013-01-30,Quetta,5.643499120845502,0.1338769629379351,281.7023310700417,101645.31656516182
2013-01-31,Quetta,0.0,0.1362270850637025,280.84265982065193,101910.7555100085
2013-02-01,Quetta,23.267989743539783,0.16814436735448882,279.7198090674915,101883.46934731683
2013-02-02,Quetta,0.49858524387496084,0.27313518413693183,281.0196601421005,101730.19746592843
2013-02-03,Quetta,20.924179164685015,0.38483515601344975,278.1142191611899,101294.0161999574
2013-02-04,Quetta,0.7740299074897571,0.3464335236124257,274.32104639030564,101589.45565428022
2013-02-05,Quetta,0.0,0.3214050599487583,272.36223629788464,102014.56514240842
2013-02-06,Quetta,0.0,0.308937000424127,274.68796501090327,102483.23893792588
2013-02-07,Quetta,0.0,0.29855177136864697,276.58712488463607,102245.59662398846
2013-02-08,Quetta,0.0,0.28636765973396,279.8894029668213,101935.25906942076
2013-02-09,Quetta,0.0,0.2712465161264518,280.11425015143544,101770.64434305792
2013-02-10,Quetta,0.0,0.2561101796910005,278.9563287556706,101853.66829216354
2013-02-11,Quetta,0.0,0.24245277612741414,279.3471997459362,101806.46474393098
2013-02-12,Quetta,0.0,0.23353855219705072,280.0816155711685,101796.42800601576
2013-02-13,Quetta,3.590224227222916,0.259326956758169,279.4871690538052,101764.91708315584
2013-02-14,Quetta,12.152350812681284,0.3213538130110872,278.2285337548415,101591.09955893311
2013-02-15,Quetta,19.971562447133625,0.3560798390923002,275.5752486871982,101605.12402310479
2013-02-16,Quetta,0.0,0.34089827685380514,275.86941479571914,101504.52412292373
2013-02-17,Quetta,0.0,0.3188357367399128,278.01467527078677,101288.22613580704
2013-02-18,Quetta,0.44041841851385516,0.31213414900009084,279.147438077867,101477.73910242757
2013-02-19,Quetta,0.8979118948291471,0.34374563005957537,280.0436694280913,101599.91329535775
2013-02-20,Quetta,20.92505179377593,0.35798453738782837,280.532989997669,101666.51048738288
2013-02-21,Quetta,0.0,0.4052906794550742,278.5521814156334,101489.9002802917
2013-02-22,Quetta,0.0,0.3758542672481676,277.8434625869743,101764.87887350934
2013-02-23,Quetta,0.0,0.35253350632086433,277.97956400930303,102152.82804328148
2013-02-24,Quetta,0.0,0.3321176542577791,279.46913709689227,102023.61073280447
2013-02-25,Quetta,3.859737229355351,0.35832447049835725,278.8171307856111,101850.23214970186
2013-02-26,Quetta,0.0,0.4038102659781098,274.8421495887543,101875.80725005321
2013-02-27,Quetta,0.0,0.3767767441428431,274.0759113923939,102242.296219655
2013-02-28,Quetta,0.0,0.36250178556426016,277.92890017178553,102277.6483371486
2013-03-01,Quetta,0.0,0.34675931314255026,281.6276909765694,102167.31364512349
2013-03-02,Quetta,0.0,0.3287902388391273,282.99098515607477,102157.016329589
2013-03-03,Quetta,0.0,0.3106442157630553,284.7198164973348,101952.71779439949
2013-03-04,Quetta,0.09529392934535998,0.2930054166491637,284.6454965551358,102012.98983736156
2013-03-05,Quetta,0.0,0.27713858613637565,284.0206443275831,102069.68490976359
2013-03-06,Quetta,0.0,0.26247189122665204,284.78686389262407,102029.22379738074
2013-03-07,Quetta,0.07775611503770037,0.24707797085677008,285.11250776755554,101871.89757186967
2013-03-08,Quetta,0.05031368151637114,0.2293947947478848,285.4557111368606,101660.66350777254
2013-03-09,Quetta,0.0,0.2132243771961912,279.30354822634285,101794.91707357323
2013-03-10,Quetta,0.0,0.2009641703660348,281.87802301644075,101487.84190268311
2013-03-11,Quetta,1.610405087893419,0.1958582144742115,284.2303368923569,101485.95515997653
2013-03-12,Quetta,20.115726596971992,0.2655871364760303,282.93779386330834,101582.23255669716
2013-03-13,Quetta,2.059535318590713,0.3132471565060287,281.76116557509556,101577.88529253619
2013-03-14,Quetta,0.0,0.27810449484327454,282.45580402172817,101687.91196816438
2013-03-15,Quetta,0.0,0.2515085918723284,283.2685554349292,101980.2866021614
2013-03-16,Quetta,0.0,0.23014333817039548,284.1573380566349,101862.86497071973
2013-03-17,Quetta,0.0,0.20941795236478125,285.13688539564566,101705.9835053769
2013-03-18,Quetta,0.0,0.19203845386407647,285.93479181431536,101400.7573099446
2013-03-19,Quetta,0.0,0.18236990197012193,285.765991082611,101250.92930818778
2013-03-20,Quetta,2.802819866492354,0.18030932368506494,286.47755144716064,101461.87753487007
2013-03-21,Quetta,0.0,0.1595192378410759,286.27015899324584,101437.97378753191
2013-03-22,Quetta,18.808311137243265,0.2006348608299658,284.16201725133885,100946.73826634367
2013-03-23,Quetta,1.9822144242080348,0.26949808041660833,279.8194412259172,101096.27817504258
2013-03-24,Quetta,0.0,0.24965913483393856,281.3408587473189,101641.73046475723
2013-03-25,Quetta,3.0504886376999907,0.22068006360618847,284.5276442787825,101516.3732623509
2013-03-26,Quetta,22.79191213874232,0.23333493910209493,283.3804920326938,101358.6429570379
2013-03-27,Quetta,22.043752787620893,0.31530641275261834,282.2543302525828,101222.1385346571
2013-03-28,Quetta,0.9844105860565546,0.3753742771917687,282.1871635772339,101411.2442067717
2013-03-29,Quetta,0.0,0.34687271040180473,283.67201775645594,101615.08276485305
2013-03-30,Quetta,0.0,0.309814435925286,285.32181112528804,101460.844298339
2013-03-31,Quetta,0.0,0.2791427340228609,286.7909640482134,101358.32304780663
2013-04-01,Quetta,0.0,0.2538100344968208,286.53453911117913,101420.35453231474
2013-04-02,Quetta,0.0,0.2368896855880156,285.0569640271058,101441.46561674825
2013-04-03,Quetta,0.0,0.2162223315090026,285.37192373892043,101570.57736078574
2013-04-04,Quetta,0.0,0.1924147095211793,285.9962484106511,101568.38389560263
2013-04-05,Quetta,0.0,0.1711315402193952,287.47883509668924,101248.24900766603
2013-04-06,Quetta,0.18116756265370562,0.1562312995568383,288.5552384481261,101050.03757905663
2013-04-07,Quetta,1.6893879529280391,0.1525251575060555,287.7334163883259,101052.83128300679
2013-04-08,Quetta,17.511652319565336,0.16595028419646263,285.80301573654276,101034.12905637777
2013-04-09,Quetta,1.24766602564914,0.3193553614575777,282.6066546957958,101203.54579589011
2013-04-10,Quetta,0.0,0.3340449094366173,284.4655693608748,101414.97007825805
2013-04-11,Quetta,0.0,0.29720664557782456,286.5534420735207,101361.18576714225
2013-04-12,Quetta,2.0855724234719086,0.26791460051311816,288.26778261014647,101412.23930579214
2013-04-13,Quetta,0.0,0.23765523757804588,289.3251024081798,101497.84970746374
2013-04-14,Quetta,0.0,0.20847042779093897,290.1205360038709,101406.0723578577
2013-04-15,Quetta,0.0,0.18616257855460283,289.24004140785655,101185.63740231047
2013-04-16,Quetta,0.0,0.16174151438464496,287.5678304300304,101145.55338878832
2013-04-17,Quetta,0.0,0.13927740392733678,288.91553744245124,100988.10569261073
2013-04-18,Quetta,0.0,0.1196857669013661,289.6751875756613,100907.6420557389
2013-04-19,Quetta,0.0,0.10375723066010442,290.368587937753,100817.56850963584
2013-04-20,Quetta,0.0,0.09456402964378062,289.89492455867514,100828.6701727534
2013-04-21,Quetta,0.0,0.09122245589282812,288.3576162790775,101028.55424084327
2013-04-22,Quetta,17.16042442571974,0.20704258959378652,286.33696944263295,101312.79657527679
2013-04-23,Quetta,1.6047297002509662,0.2816669910350758,287.62145269680946,101417.11366162695
2013-04-24,Quetta,4.477716534231142,0.25986027199324374,287.72049818174315,101444.74549217417
2013-04-25,Quetta,0.17405393627270724,0.23857195278516485,287.04212200015314,101449.23588399697
2013-04-26,Quetta,0.568657699541095,0.22705864060947256,288.3809283385744,101416.56805472742
2013-04-27,Quetta,0.44431280474037277,0.2016913757887433,290.07608853562704,101416.30041604553
2013-04-28,Quetta,1.7063043823112212,0.17119856282569412,289.20839988097634,101273.24849552807
2013-04-29,Quetta,0.0,0.14211451219063737,286.83708395789535,101444.3932024595
2013-04-30,Quetta,0.0,0.11851836974075204,286.7935220000284,101576.41202645864
2013-05-01,Quetta,1.2657071924372056,0.1020862206107577,288.63505355436376,101334.48379365417
2013-05-02,Quetta,0.0,0.08765218766151268,290.444550240477,100980.34334007665
2013-05-03,Quetta,0.0,0.0742677553643698,292.21208802846525,100767.3755470081
2013-05-04,Quetta,0.0,0.06359515480938309,291.37537028661984,100802.68284098167
2013-05-05,Quetta,0.0,0.05533316916054724,291.295275832246,101009.4380619144
2013-05-06,Quetta,0.0,0.04882923154381443,292.2506292621932,101070.82456691864
2013-05-07,Quetta,0.0,0.04841329005954619,292.7941364768794,100936.6127986584
2013-05-08,Quetta,0.0,0.04795454095670406,293.20520764131555,100958.06528588156
2013-05-09,Quetta,2.73495661069831,0.055538195924688435,292.7995606357763,100939.76674669932
2013-05-10,Quetta,0.005646606312090533,0.06776668808529286,291.2763483222299,100880.86086296847
2013-05-11,Quetta,0.0,0.05789823128106173,292.67869412614414,100628.3787116695
2013-05-12,Quetta,0.0,0.045619416678242895,293.06111231997227,100855.82131255323
2013-05-13,Quetta,0.0,0.03777907829133033,294.5034226636221,100909.37265944415
2013-05-14,Quetta,0.006076700447771373,0.033170753556987495,295.4612316966015,100769.22415140545
2013-05-15,Quetta,0.0,0.030284247650198482,296.25631568557753,100791.86061887773
2013-05-16,Quetta,0.0,0.028185931264778735,297.6299556515555,100793.8849318569
2013-05-17,Quetta,0.0,0.026757193960160543,298.31614530560074,100782.10298605193
2013-05-18,Quetta,0.0,0.025955873540285845,298.40775617812824,100616.37367759793
2013-05-19,Quetta,0.0,0.025631395672479195,297.64537892325876,100744.95992094332
2013-05-20,Quetta,0.0,0.02534299429135862,297.50283401614877,100768.80101016819
2013-05-21,Quetta,0.0,0.02501571345505288,298.4482517851571,100860.63938271934
2013-05-22,Quetta,0.0,0.024785334009260418,299.05984428596383,100876.56273131384
2013-05-23,Quetta,0.0,0.024564295567821737,299.1467425306624,100707.16873136713
2013-05-24,Quetta,0.0,0.024299203113423765,299.8284728633486,100429.36754365415
2013-05-25,Quetta,0.0,0.02433126580640715,297.63203594725485,100595.93825809198
2013-05-26,Quetta,0.0,0.024721628651572927,293.8755153522133,100828.53330201234
2013-05-27,Quetta,0.0,0.024793278544142722,294.463088763495,100920.03845267248
2013-05-28,Quetta,0.0,0.024580681912943686,295.11678818013314,100901.01954589011
2013-05-29,Quetta,0.0,0.024299990682694006,296.53007359922225,100775.16310130962
2013-05-30,Quetta,0.0,0.024033764216928304,297.99172149294264,100587.9423019591
2013-05-31,Quetta,0.0,0.023780391656289646,299.34619203518764,100392.06692158221
2013-06-01,Quetta,0.0,0.023608113082547816,299.03266005135333,100415.77371672701
2013-06-02,Quetta,0.0,0.03100338603880242,298.0976232933552,100479.74992653322
2013-06-03,Quetta,0.0,0.03440934739554221,297.3335600647716,100617.36706585388
2013-06-04,Quetta,0.0,0.027260381795004767,298.28547788629743,100799.30106260645
2013-06-05,Quetta,0.0,0.024364213764769035,300.2459825286345,100745.35920730406
2013-06-06,Quetta,0.0,0.02355199674122174,300.22524957855074,100422.17864033219
2013-06-07,Quetta,0.0,0.023295940808583753,299.64766524224444,100314.05660216136
2013-06-08,Quetta,0.0,0.023187403638277558,299.7379446064972,100234.24555872015
2013-06-09,Quetta,0.0,0.023145082399020616,300.63737224533355,100062.27013761707
2013-06-10,Quetta,0.0,0.02559954050249296,299.97700765441834,100097.15886286201
2013-06-11,Quetta,0.0,0.030072304803089003,299.8711309657186,100135.06477001702
2013-06-12,Quetta,0.0,0.0553792598449256,296.6819494614174,100301.00382213584
2013-06-13,Quetta,0.0,0.06279507006115019,297.16647671835466,100255.58716301106
2013-06-14,Quetta,0.0,0.05894956864936997,297.8274427560159,100096.00808001487
2013-06-15,Quetta,0.0,0.057836028103934047,296.6926988546013,100024.45140571761
2013-06-16,Quetta,0.0,0.08344627655479865,295.9063918538829,99940.705794293
2013-06-17,Quetta,0.0,0.09103487880171729,294.8234081293871,99913.06733949104
2013-06-18,Quetta,0.0,0.08319274975994924,295.12623935168716,100142.68074797698
2013-06-19,Quetta,0.0,0.06963162124867729,296.8377643181424,100362.24310769801
2013-06-20,Quetta,0.0,0.05566413790579882,299.57978308873163,100380.53427038965
2013-06-21,Quetta,0.0,0.044975745717210594,301.22313563882466,100194.41267674614
2013-06-22,Quetta,0.0,0.03705758085581201,301.6192998560092,100084.72147040033
2013-06-23,Quetta,0.0,0.031984322421730785,301.05965805430617,99985.80522359452
2013-06-24,Quetta,0.0,0.02880886277172256,300.5986869706298,99973.8379719442
2013-06-25,Quetta,0.0,0.02689351557872971,299.9045259735433,100182.96021241481
2013-06-26,Quetta,0.0,0.026693654122642275,300.7590601857935,100148.4188977321
2013-06-27,Quetta,0.0,0.025423777188718622,301.56545717506884,99902.43832144378
2013-06-28,Quetta,0.0,0.02561949979575232,301.3133113759271,99901.69882799189
2013-06-29,Quetta,0.0,0.025904616573058648,301.30060901704627,100025.03607325382
2013-06-30,Quetta,0.0,0.026282585334669508,299.33710087704117,100213.98794825381
2013-07-01,Quetta,0.0,0.027029778817917138,298.3528540282544,100122.39858283648
2013-07-02,Quetta,0.0,0.026106116875946894,297.8180657864106,100095.91265891181
2013-07-03,Quetta,0.0,0.024641911140021674,298.2178873283303,100244.93602959967
2013-07-04,Quetta,0.0,0.023645013574170214,299.66234568849865,100181.93251783431
2013-07-05,Quetta,0.0,0.024344130867519957,300.5292660217027,100094.71946470397
2013-07-06,Quetta,0.0,0.025183864292402568,300.3353577503679,100264.4620807602
2013-07-07,Quetta,0.0,0.028141181833157804,299.4231142916401,100319.09014427171
2013-07-08,Quetta,0.0,0.026017192600126752,300.06480130985756,100031.45227613923
2013-07-09,Quetta,0.0,0.027258712274658606,298.8049266570403,99822.56861131811
2013-07-10,Quetta,0.0,0.049502359809420575,296.3579452215279,99869.36417802385
2013-07-11,Quetta,0.0,0.09070135964648682,295.8827687774173,100257.94824212091
2013-07-12,Quetta,0.0,0.10181127917556725,296.43411746079806,100523.74486983598
2013-07-13,Quetta,0.0,0.08871203923482637,297.7506559467042,100391.99581824956
2013-07-14,Quetta,0.0,0.06737122164741959,299.1003593427926,100181.87836243611
2013-07-15,Quetta,0.0,0.05204814302183431,299.88284103328556,100129.20839464437
2013-07-16,Quetta,0.0,0.058293823034231286,298.17882604413785,100245.37307655448
2013-07-17,Quetta,0.0,0.058262755281880546,298.1697494556224,100273.53845240625
2013-07-18,Quetta,0.0,0.046374209077435426,300.15501215387206,99970.063909178
2013-07-19,Quetta,0.0,0.032981889346727654,300.4958635933054,99684.1991500745
2013-07-20,Quetta,0.0,0.027693990656491477,299.2798446536133,100004.66601948465
2013-07-21,Quetta,0.0,0.026515452803568994,299.60274553718114,99943.26407554299
2013-07-22,Quetta,0.0,0.024494173850341673,300.4553731348407,99864.38522891818
2013-07-23,Quetta,0.0,0.023777009183070245,300.4912130444432,100071.36639986157
2013-07-24,Quetta,0.0,0.02540423796706278,300.8131579186928,99953.31140172486
2013-07-25,Quetta,0.0,0.03503974318842801,299.801527357345,99751.60177411625
2013-07-26,Quetta,0.0,0.0499976263311625,298.20837026540835,99857.20332650126
2013-07-27,Quetta,0.0,0.04763089848810269,298.7473974134539,100163.27711350084
2013-07-28,Quetta,6.657412448562998,0.041234272421252494,299.6048797606987,100200.12058187819
2013-07-29,Quetta,0.0,0.05333790657264407,299.5002366612621,100104.04990044722
2013-07-30,Quetta,10.436166180183372,0.07915922241817472,298.81085444032834,100039.38722183774
2013-07-31,Quetta,0.0,0.07749794485080248,299.558650001296,99938.85344335603
2013-08-01,Quetta,2.126578316706815,0.07091848060395628,298.27243000708546,100083.60952432921
2013-08-02,Quetta,3.685753341720295,0.17621825890267587,296.370130648204,100353.03150500424
2013-08-03,Quetta,0.08113442875051415,0.32189648315758956,294.5371723168113,100610.74888575381
2013-08-04,Quetta,0.5430400524756773,0.29328623358462735,294.71301782801913,100601.82904573037
2013-08-05,Quetta,1.4185089771426718,0.2975924822771028,295.2491772849555,100500.53351070057
2013-08-06,Quetta,3.294366736428295,0.2907984327092078,296.2201191864791,100472.32889986156
2013-08-07,Quetta,1.3240532853696783,0.2614030943940407,296.83283572810547,100565.9640467951
2013-08-08,Quetta,0.0,0.2170298026462362,297.5961934398884,100390.70136392672
2013-08-09,Quetta,0.0,0.18825870546409187,297.7641523106675,100248.22698227208
2013-08-10,Quetta,5.130129568459025,0.18206679208247512,296.1828383035998,100396.95446044505
2013-08-11,Quetta,1.1381850738237012,0.17910071661633428,296.7495608657845,100605.49001277682
2013-08-12,Quetta,0.0,0.17219453918872946,297.72048460025127,100498.08126038115
2013-08-13,Quetta,0.0,0.15041699671054806,297.811820274236,100188.8868265545
2013-08-14,Quetta,0.0,0.1343573261241489,295.1871359469548,100305.27733283644
2013-08-15,Quetta,0.0,0.12162292233520718,294.8822476324097,100491.81874813668
2013-08-16,Quetta,0.0,0.11274863089843602,295.70225215012874,100408.55922593692
2013-08-17,Quetta,0.0,0.10409485298689622,295.94185998950206,100374.2307367973
2013-08-18,Quetta,0.0,0.0900682545087339,295.797002059096,100416.63467898208
2013-08-19,Quetta,0.0,0.07838714211857636,296.3563304700531,100494.76164235518
2013-08-20,Quetta,0.0,0.06844933747568295,296.56620057854946,100414.29472902465
2013-08-21,Quetta,0.2678573330236658,0.06048506784953557,296.5189696573739,100351.51581718482
2013-08-22,Quetta,0.0,0.05594652176986421,296.32977223618866,100530.83640545141
2013-08-23,Quetta,0.0,0.05085841324571729,296.3278236704127,100594.13687074106
2013-08-24,Quetta,0.0,0.0455962714953967,297.12733660839257,100568.3303473701
2013-08-25,Quetta,0.0,0.04301655092948813,297.73969383395735,100477.8376972423
2013-08-26,Quetta,0.0,0.03907859226034015,297.9609408014352,100344.42699584752
2013-08-27,Quetta,0.0,0.03445716437665255,298.2923953744864,100344.23328870312
2013-08-28,Quetta,0.0,0.03189325970590688,297.5046231238101,100574.46870980618
2013-08-29,Quetta,0.0,0.03266561422613384,297.06508945744514,100743.45041844124
2013-08-30,Quetta,0.0,0.03147509714069181,297.33305578882744,100703.43636206342
2013-08-31,Quetta,0.0,0.028994925096588724,296.1097542999629,100772.90162638416
2013-09-01,Quetta,0.0,0.027332326638840714,296.0285424390939,100866.46808081346
2013-09-02,Quetta,0.0,0.026117775790871448,295.75625970250115,100900.42735572824
2013-09-03,Quetta,0.0,0.02531836731199647,295.1961848217488,100760.2246986797
2013-09-04,Quetta,0.0,0.024900172838495924,295.62133267165973,100706.9487579855
2013-09-05,Quetta,0.0,0.024601665823924024,296.11268418874744,100609.95631627979
2013-09-06,Quetta,0.0,0.024321788893986115,296.2636209954297,100713.0216183986
2013-09-07,Quetta,0.0,0.024270385036002776,295.7285525817264,100806.27813351787
2013-09-08,Quetta,0.0,0.026263876508271958,295.009452820344,100966.15932123082
2013-09-09,Quetta,0.0,0.027823782080889144,295.98784692303946,101115.97365577087
2013-09-10,Quetta,0.0,0.025679145674350784,296.5371527382947,100873.27918760644
2013-09-11,Quetta,0.0,0.024787354910664763,295.44878314436863,100942.91548259156
2013-09-12,Quetta,0.0,0.02780731006212898,294.5743655608662,101205.86166018952
2013-09-13,Quetta,0.0,0.034276114728625455,294.9820559237478,101285.02914155665
2013-09-14,Quetta,0.0,0.03302482204231464,295.9888043072087,100979.51085711241
2013-09-15,Quetta,0.0,0.028042880398925205,295.5908552456388,100634.17747551105
2013-09-16,Quetta,0.0,0.025513065517930297,293.81153805665053,100754.89330813455
2013-09-17,Quetta,0.0,0.024906239658509497,293.31841485802784,100856.130415247
2013-09-18,Quetta,0.0,0.024336809703127214,294.049376760566,100872.04129844547
2013-09-19,Quetta,0.0,0.02374195891710116,295.18677232234336,100899.6863596678
2013-09-20,Quetta,0.0,0.023469597179059755,295.9177643401078,100760.08641822827
2013-09-21,Quetta,0.0,0.0234400155989708,294.70725503417884,100805.66808081344
2013-09-22,Quetta,0.0,0.023649055052047264,294.46705629027065,100719.2999084327
2013-09-23,Quetta,0.0,0.024296018870157126,294.3114088783069,100668.00365550464
2013-09-24,Quetta,0.0,0.026523414148247295,294.4412252750861,100825.14076421421
2013-09-25,Quetta,0.0,0.02588422375602656,294.61056901822366,100966.6057373296
2013-09-26,Quetta,0.0,0.026033188030842955,294.5080118600645,101069.15322375421
2013-09-27,Quetta,0.0,0.02654280286157491,294.4463372132945,100928.3752917376
2013-09-28,Quetta,0.0,0.025247834252742542,295.6150687441374,100898.94503487009
2013-09-29,Quetta,0.0,0.024021576075036695,294.38147631309965,100881.86611930362
2013-09-30,Quetta,0.0,0.02367909469907762,292.9263594750531,100934.49142834322
2013-10-01,Quetta,0.0,0.027695838131057048,292.34941274371073,101252.80111610942
2013-10-02,Quetta,0.0,0.07073252431510997,291.99547406011914,101469.02825436539
2013-10-03,Quetta,0.0,0.09685538942335956,293.4406519978753,101279.31046635433
2013-10-04,Quetta,0.0,0.0760544756662433,293.72340503395867,101064.20445565371
2013-10-05,Quetta,0.0,0.059351524340030125,294.7395734611308,100925.6397170464
2013-10-06,Quetta,0.0,0.04665583089019412,294.4775260424463,101028.37018792584
2013-10-07,Quetta,0.0,0.03823987933737794,293.6427241419067,101355.489780132
2013-10-08,Quetta,0.0,0.032587795766627896,293.66910831960473,101419.83261712093
2013-10-09,Quetta,0.0,0.029433569336803963,293.258829204856,101476.20311382026
2013-10-10,Quetta,0.0,0.030743812244768364,293.3674553792196,101557.95548205919
2013-10-11,Quetta,0.0,0.028945490627516286,292.3912610769625,101500.93600644161
2013-10-12,Quetta,0.0,0.025914103385063125,291.00171653673897,101328.71165087305
2013-10-13,Quetta,0.0,0.024647102680888665,291.5214192944452,101370.94169399489
2013-10-14,Quetta,0.0,0.02412500081449528,291.80738593686897,101431.58304195058
2013-10-15,Quetta,0.0,0.02391549174857368,292.02866204274227,101438.63256894163
2013-10-16,Quetta,0.0,0.024079649111278217,291.7087219880778,101501.7201778109
2013-10-17,Quetta,0.0,0.024093124697250362,290.3013687042376,101745.76790273632
2013-10-18,Quetta,0.0,0.0239323520389624,289.24215626531947,101863.7170107538
2013-10-19,Quetta,0.0,0.023883701131670133,288.7795125698977,101811.71229610301
2013-10-20,Quetta,0.0,0.023841444380509454,289.0482865266296,101626.6442198147
2013-10-21,Quetta,0.0,0.023754795774148973,289.48906640797435,101397.54254578364
2013-10-22,Quetta,0.0,0.023681209679018166,289.294833278277,101469.65213293226
2013-10-23,Quetta,0.0,0.02371127597044165,288.5889347791697,101817.05758544503
2013-10-24,Quetta,0.0,0.023763066670354417,288.38304846443555,101884.3360650021
2013-10-25,Quetta,0.0,0.02380757032369499,287.73702609437487,101752.56916923974
2013-10-26,Quetta,0.0,0.023879779683534958,286.89121810917425,101763.23930738926
2013-10-27,Quetta,0.0,0.023991748218438885,285.66125264282044,101793.80645496167
2013-10-28,Quetta,0.0,0.023969601117231027,286.8032226672109,101546.47005243824
2013-10-29,Quetta,0.0,0.02402026878846496,288.49237748752046,101402.71652177385
2013-10-30,Quetta,0.0,0.02418295195805355,285.06793331490667,101894.02651352211
2013-10-31,Quetta,0.0,0.02434102993672169,282.544354118161,102074.75484747655
2013-11-01,Quetta,0.0,0.024453059537108805,282.7659615243609,102115.63176692928
2013-11-02,Quetta,0.0,0.024481314486363318,283.89905843250597,102111.42993931004
2013-11-03,Quetta,0.0,0.024391114377352682,285.2414642943986,102040.8109369676
2013-11-04,Quetta,0.08819654513055257,0.02455592966160944,286.4603659050252,101964.83738900126
2013-11-05,Quetta,5.388710132997731,0.08081476286282119,283.00255623387966,101999.33258171844
2013-11-06,Quetta,0.0,0.1441650184185108,280.3559041200773,101991.10439017246
2013-11-07,Quetta,0.0,0.1294695386177163,279.94155098858204,101973.07236797272
2013-11-08,Quetta,0.0,0.11338993904334721,280.47171935168654,102033.49892914182
2013-11-09,Quetta,0.0,0.09879697711951071,280.7856332381862,102147.15512084751
2013-11-10,Quetta,0.0,0.08518122979011945,281.84435699129267,102154.25325995525
2013-11-11,Quetta,0.0,0.07264623645217087,282.28376832081483,101851.03450862435
2013-11-12,Quetta,0.0,0.06166043777075902,282.4071752269858,101716.6081276618
2013-11-13,Quetta,0.0,0.052377035497332906,282.7324398074998,101719.45003966139
2013-11-14,Quetta,0.0,0.0445713874604606,283.0942821095002,101785.59632213583
2013-11-15,Quetta,0.0,0.05272350571224589,282.69630643490444,101971.2007977534
2013-11-16,Quetta,0.067010310297321,0.06238262601090994,282.8456365517522,102160.78610253404
2013-11-17,Quetta,0.0,0.056394627953983735,283.1310196481298,102187.36412531941
2013-11-18,Quetta,0.0,0.04872422124634136,283.9628873480864,102223.97846252128
2013-11-19,Quetta,0.0,0.042318100915721454,284.38342906915085,102169.63426400124
2013-11-20,Quetta,0.0,0.03757111561833154,283.8741574771237,101857.78237143315
2013-11-21,Quetta,0.0,0.033858435120114126,283.7808424660349,101558.08054408003
2013-11-22,Quetta,2.7792149157905897,0.03164116707259724,283.92650431120137,101733.1442102321
2013-11-23,Quetta,5.053995260063184,0.09265634656967864,282.0248396251445,101855.12674643307
2013-11-24,Quetta,0.0,0.1276312343374292,282.5936595936247,101952.49837281725
2013-11-25,Quetta,0.0,0.14431831910080825,282.4630622278457,101941.70785455705
2013-11-26,Quetta,0.35057795951069914,0.13458277475420963,281.3904845068442,101883.9782322721
2013-11-27,Quetta,0.0,0.11956499759342652,281.20505653814575,101991.9258094655
2013-11-28,Quetta,0.0,0.1056594631361868,281.3530136188546,102225.62232272145
2013-11-29,Quetta,0.0,0.09283254319060469,282.09380317523363,102328.16011552383
2013-11-30,Quetta,0.0,0.08150135861277104,282.08383275934807,102159.54983576447
2013-12-01,Quetta,0.0,0.07196287258046376,282.321520972352,101966.83592259363
2013-12-02,Quetta,0.0,0.06432180498893247,278.7882217205766,102071.20626650342
2013-12-03,Quetta,0.0,0.057695862392618244,279.9620439520102,101959.03271108384
2013-12-04,Quetta,0.0,0.05136794560880296,281.0922482405081,102019.38645043652
2013-12-05,Quetta,0.0,0.045743550176582555,282.97965427955404,101870.35133464648
2013-12-06,Quetta,0.0,0.04079010702953087,283.67510498471455,101585.6220147466
2013-12-07,Quetta,0.0,0.03691480975608675,283.5093775375857,101517.92873855405
2013-12-08,Quetta,0.0,0.03410974926057694,281.3165082006761,101724.28311275551
2013-12-09,Quetta,0.0,0.03189379720779931,282.1245022313962,101487.42688804297
2013-12-10,Quetta,2.1003996226166133,0.03208408869104856,281.27740063816225,101427.652728652
2013-12-11,Quetta,1.5882361382642023,0.050053486713017306,281.88221566628624,101680.76657021929
2013-12-12,Quetta,2.2325438386699403,0.04532836933558395,282.7716410239729,101933.81527150763
2013-12-13,Quetta,0.0,0.04086768304672113,283.4773907180432,101929.38043946975
2013-12-14,Quetta,0.0,0.03714035924492333,284.15358681405286,101643.59649116267
2013-12-15,Quetta,0.0,0.034194144986015654,284.52607838034413,101553.58693010006
2013-12-16,Quetta,0.0,0.03185006806147768,284.15850028970027,101771.4619356899
2013-12-17,Quetta,0.9638244919720051,0.030424229320242347,277.9625612256528,102136.2058837308
2013-12-18,Quetta,0.0,0.029839586694426032,275.0409113665294,102264.59723062179
2013-12-19,Quetta,0.0,0.029673344202166163,274.9355771272173,102101.17368398634
2013-12-20,Quetta,1.168503254056992,0.02933359968195173,277.54661853129596,101756.26785455701
2013-12-21,Quetta,5.631029443724598,0.029538511311987564,274.3079081512484,102139.28429541097
2013-12-22,Quetta,0.0,0.03012861417546183,272.89426873349504,102436.03024116265
2013-12-23,Quetta,0.0,0.030534068144972146,273.29275112817123,102619.04777550041
2013-12-24,Quetta,0.0,0.030884216780827704,272.7145389241051,102858.82624547483
2013-12-25,Quetta,0.0,0.031134753836480678,272.34298615723696,102794.14166418226
2013-12-26,Quetta,1.1358454507701035,0.03127406287640078,273.0572840601038,102464.19874547486
2013-12-27,Quetta,0.0,0.031307128416686356,272.22502297379197,102471.17765997657
2013-12-28,Quetta,0.0,0.031356657700806666,271.6704037392403,102527.98291418226
2013-12-29,Quetta,0.0,0.031449322892751645,269.3417622393681,102555.3112643739
2013-12-30,Quetta,0.0,0.03181202602007387,266.5290759494398,102781.82030025552
2013-12-31,Quetta,0.0,0.03197429494516611,270.34686233204224,102661.54309944631
2014-01-01,Quetta,0.0,0.03167756002102295,274.02725917398084,102345.74216487433
2014-01-02,Quetta,0.0,0.031009364239131077,276.5379851453566,102126.9994096039
2014-01-03,Quetta,0.36548147982998636,0.03378160090015937,276.5092672612518,102039.19356766398
2014-01-04,Quetta,0.0,0.0343818880955243,274.39787220627227,102161.40745341779
2014-01-05,Quetta,0.0,0.03346105438007136,272.82950123428975,102239.10393553019
2014-01-06,Quetta,0.0,0.03251121895750565,275.16027153816646,102090.36011419291
2014-01-07,Quetta,6.774300787989081,0.035223065646516526,276.34586559917346,101820.46855701659
2014-01-08,Quetta,0.0,0.05594368875602099,272.2647534644558,102259.41855488712
2014-01-09,Quetta,0.0,0.073468770704643,271.30547205234507,102447.11045064947
2014-01-10,Quetta,0.0,0.08229510065237952,270.30016238470915,102594.1575399276
2014-01-11,Quetta,11.334743070732388,0.09246232049564014,273.655501256333,102293.78149595398
2014-01-12,Quetta,0.3512098412944267,0.10219383742307006,277.3235435629675,102103.12754099231
2014-01-13,Quetta,0.0,0.10635692553111337,276.7591832354067,102105.62959673123
2014-01-14,Quetta,0.0,0.1029855497664582,275.6765312972928,102115.32323999149
2014-01-15,Quetta,0.0,0.09623044619974527,276.4712957355121,102253.5148267142
2014-01-16,Quetta,16.043293782547746,0.08828788989108775,278.14235557304886,101973.64370448251
2014-01-17,Quetta,0.358337483300464,0.08106337140596157,277.3367662988042,102028.30296049827
2014-01-18,Quetta,0.0,0.07327564369474605,277.4674583681573,102152.36851602426
2014-01-19,Quetta,0.0,0.0657335351773922,276.8870453165497,102451.29410455703
2014-01-20,Quetta,0.7525917997149022,0.05901288239946422,277.2133795347113,102064.13832836456
2014-01-21,Quetta,0.0,0.0559095491434213,277.2358004855189,102105.78790167162
2014-01-22,Quetta,0.0,0.05425062286792866,276.6882364653674,102147.13208661626
2014-01-23,Quetta,0.0,0.04965136909809797,276.9087874657428,102216.6012449425
2014-01-24,Quetta,0.0,0.045161636001612895,278.4804275861888,101971.07888043011
2014-01-25,Quetta,0.007957193221915924,0.04333597535236798,279.1472144942362,101965.36601708899
2014-01-26,Quetta,0.0,0.04198981857516426,280.01217442579116,102104.15447508515
2014-01-27,Quetta,0.0,0.03768837774429452,280.74107756017327,102169.61547540459
2014-01-28,Quetta,0.0,0.03426318125857473,280.9083746758567,101977.45434971253
2014-01-29,Quetta,0.0,0.031524313277375066,280.73244559674174,101847.94839118395
2014-01-30,Quetta,0.0,0.02998397322421316,281.0432845988317,101930.9184119463
2014-01-31,Quetta,0.39911086880165625,0.037856245219605934,280.3194241534465,101938.50674590074
2014-02-01,Quetta,0.0,0.08445081313315746,278.5331879455809,101911.59539927593
2014-02-02,Quetta,11.154129635357572,0.1984017471668737,277.4719383851917,101830.25720480194
2014-02-03,Quetta,0.4836787602361259,0.250230513425932,273.21718317780284,102193.4661720081
2014-02-04,Quetta,0.0,0.2524294718580447,273.83570328495273,101876.12948413541
2014-02-05,Quetta,0.0,0.2760099347107523,275.8931532224775,101468.65882825806
2014-02-06,Quetta,2.3852955605670982,0.36258309017183554,274.0253591181134,101442.43658619036
2014-02-07,Quetta,0.0,0.31376052832616996,269.6661029313114,102145.22441625848
2014-02-08,Quetta,0.0,0.29442042286324266,269.7630738715322,102125.0587960498
2014-02-09,Quetta,0.0,0.28541597705345007,271.5568603396049,101937.03959087521
2014-02-10,Quetta,0.0,0.2771909898522901,270.97663747489605,101930.34411653533
2014-02-11,Quetta,0.0,0.2725087551526355,272.3346996873188,101743.82325276827
2014-02-12,Quetta,0.0,0.2678357837553525,274.5575387155165,101527.72845160773
2014-02-13,Quetta,0.0,0.2599555481407604,274.95911917266756,101526.70613607322
2014-02-14,Quetta,0.0,0.24741290541415437,273.55542868233465,101704.01762989777
2014-02-15,Quetta,0.3375077469385462,0.23435350728942078,272.81046228082806,101817.9124701874
2014-02-16,Quetta,0.0,0.22237012844746382,275.61242628843763,101932.48594601787
2014-02-17,Quetta,0.0,0.20859690218334662,278.32359666576286,102011.04319793438
2014-02-18,Quetta,2.4871727258627008,0.19485924540427116,279.90708814453046,101731.73035162904
2014-02-19,Quetta,0.0,0.18804467464969088,278.8782577966088,101689.58833635005
2014-02-20,Quetta,0.0,0.17323384433900124,278.1591005695088,101722.00609055578
2014-02-21,Quetta,0.0,0.16520939752772612,277.0651835280964,101875.34664661411
2014-02-22,Quetta,0.0,0.15530914222158404,277.95216629821135,101984.50481659922
2014-02-23,Quetta,0.0,0.1431886351507945,278.74990084234946,102082.95454109879
2014-02-24,Quetta,0.0,0.13216880447413693,279.8004873500394,102018.95910508942
2014-02-25,Quetta,3.5152660317721516,0.12201216832539488,280.1827346542244,101941.63920118182
2014-02-26,Quetta,0.0,0.12065233617259453,278.5481586546844,101835.26104610306
2014-02-27,Quetta,0.0,0.12125696811535218,277.45899215871555,101760.51278934198
2014-02-28,Quetta,0.0,0.11484286343489498,277.7667281050413,101671.28919825378
2014-03-01,Quetta,0.0,0.10508016362100882,278.4092139339501,101605.05584806215
2014-03-02,Quetta,2.83502181730644,0.1257924943888208,278.16003381342455,101673.09712361582
2014-03-03,Quetta,0.0,0.16101386046964716,279.3497287744178,101624.13233390119
2014-03-04,Quetta,4.275354075699891,0.16090177645404385,278.22431548543705,101899.17762670356
2014-03-05,Quetta,0.0,0.15056174729372682,280.76618128766256,101800.92198972528
2014-03-06,Quetta,1.962953839594501,0.14226295367213285,282.07475910076295,101806.14193249575
2014-03-07,Quetta,0.09915874297614802,0.1371185544700124,283.1931575512166,101842.97098594546
2014-03-08,Quetta,17.59566889296601,0.14631328381306072,283.31076594112807,102005.47155318355
2014-03-09,Quetta,0.0,0.1675395537316291,282.1736797493494,101761.282546316
2014-03-10,Quetta,0.0,0.14551983107090796,276.8610550962204,101662.81006361793
2014-03-11,Quetta,0.0,0.12522021627778163,277.27745306813273,101791.8942403109
2014-03-12,Quetta,0.2829223068243803,0.11331889618803746,279.5585236415397,101980.68281329854
2014-03-13,Quetta,0.0,0.10144515055407864,283.78069724811314,101842.34834220611
2014-03-14,Quetta,1.5671530828362223,0.10261081745379486,284.5076868562194,101762.70110785776
2014-03-15,Quetta,0.18871380287703293,0.12581831720320777,284.4211606895538,101843.81740390758
2014-03-16,Quetta,2.3882586968209103,0.18202587028039835,283.50836089940583,101787.84762856681
2014-03-17,Quetta,0.0,0.3296670520745644,280.6900875784741,101791.37031569419
2014-03-18,Quetta,0.0,0.2817687016085832,281.6046999869925,102128.41150447186
2014-03-19,Quetta,0.0,0.24657793007135237,284.6829563412077,101762.21762643736
2014-03-20,Quetta,0.0,0.21507415832138274,286.28824276904083,101266.32630882665
2014-03-21,Quetta,0.0,0.19706190411439345,284.2033354856371,101294.30477480833
2014-03-22,Quetta,14.584618411754626,0.20461053216816155,284.45021718464375,101154.91959353702
2014-03-23,Quetta,17.581144826229423,0.33772436032574127,281.3744496118391,101444.35916205282
2014-03-24,Quetta,0.0,0.325683447704066,277.72089722034957,101881.10813298551
2014-03-25,Quetta,0.0,0.2849004136778159,277.87170619364565,101866.08036334111
2014-03-26,Quetta,0.4861531522448667,0.25457688445871585,281.3659106330938,101667.62729131174
2014-03-27,Quetta,3.464026536990267,0.2856513621358964,280.1843730398826,101663.41867067713
2014-03-28,Quetta,0.0,0.31098419728839627,281.13239213374845,101645.26710817717
2014-03-29,Quetta,0.0,0.2773113905361334,282.7550114049265,101703.06739751912
2014-03-30,Quetta,0.0,0.24477525807455963,284.00534753083485,101574.29989405876
2014-03-31,Quetta,0.0,0.22812102134223683,284.4759488574866,101297.62195299183
2014-04-01,Quetta,2.5517751716227095,0.2573091969877259,284.33254025881155,101124.44936728067
2014-04-02,Quetta,0.0,0.2582148742459158,285.73723560222777,101210.47835897573
2014-04-03,Quetta,0.08196012141148112,0.25023117076260726,286.42387708435416,101455.88611637564
2014-04-04,Quetta,0.0,0.26649838499018313,287.5964661172655,101495.91657474443
2014-04-05,Quetta,0.0,0.24934156206641114,287.2966846590406,101358.23221624784
2014-04-06,Quetta,0.0,0.22211567581410718,283.0664890617705,101675.96411387347
2014-04-07,Quetta,0.0,0.19195593862625623,284.4014949862702,101903.03513655234
2014-04-08,Quetta,0.0,0.16444725017125195,284.9396232187769,101816.65915433347
2014-04-09,Quetta,0.0,0.1405970148306418,286.4866241360632,101655.10762510648
2014-04-10,Quetta,0.0,0.11845853522851481,288.8007074104583,101515.69312686329
2014-04-11,Quetta,0.0,0.0981084492611384,290.5665207280903,101384.8624182815
2014-04-12,Quetta,0.0,0.083340196907351,291.1297986482774,101259.11486610943
2014-04-13,Quetta,0.24410978180789455,0.07068138815746056,289.64534640600846,101401.42959673125
2014-04-14,Quetta,0.0,0.05995041833690185,290.05412245794275,101542.82973354982
2014-04-15,Quetta,0.0,0.0675528603531568,291.1514035626855,101493.43170464225
2014-04-16,Quetta,0.0,0.06621749867098624,291.5777159252959,101285.3758057389
2014-04-17,Quetta,0.0,0.060641217618960616,290.0711219009491,101071.08273370955
2014-04-18,Quetta,0.0,0.059003891974670646,288.32773187974215,101333.7770938032
2014-04-19,Quetta,0.0,0.05039980609467057,288.42974447970624,101448.06122977
2014-04-20,Quetta,2.8421049732487687,0.06229631942757688,287.93441863225166,101462.92933800041
2014-04-21,Quetta,0.5633885114075173,0.12600693899281373,286.35224140736966,101618.76627342419
2014-04-22,Quetta,0.13344263522750877,0.1436353775752261,288.68421498651173,101778.59329722103
2014-04-23,Quetta,0.12846143525950546,0.11933881243002262,291.0598386711453,101520.08521241481
2014-04-24,Quetta,0.6649373261485838,0.1148802237480895,290.534135071615,101264.6029362755
2014-04-25,Quetta,11.289047870351668,0.11981094204384378,290.8943404939513,101391.48779865843
2014-04-26,Quetta,0.0,0.10736493144774549,291.50462882246103,101518.14152789608
2014-04-27,Quetta,0.0,0.08226728713356722,291.8991635701117,101592.65283539181
2014-04-28,Quetta,0.0,0.06362315228281884,293.8915526279272,101385.69330946548
2014-04-29,Quetta,0.0,0.0517771203486774,294.98337008717243,101102.25533459322
2014-04-30,Quetta,0.0,0.052042762933976895,294.59834856322493,101103.54732298764
2014-05-01,Quetta,0.41187039315192814,0.0476883345717127,295.17498765597736,100983.38594814735
2014-05-02,Quetta,6.981367668350062,0.05445992753019663,293.38117520892865,100929.49264373933
2014-05-03,Quetta,4.37790610591232,0.074515280022261,291.68591410137077,100942.85483975719
2014-05-04,Quetta,2.9939610170465105,0.07070360085153225,292.0331497878638,100919.32481500212
2014-05-05,Quetta,0.0,0.07119874218795055,291.817798176451,101118.22992094334
2014-05-06,Quetta,0.0,0.09448646733870485,291.31170922530066,101312.2477190694
2014-05-07,Quetta,0.8210203957923224,0.11622507620643038,290.19561157668454,101225.18843563668
2014-05-08,Quetta,0.013069136016819706,0.10801787392108832,290.77398117680633,101127.96936941014
2014-05-09,Quetta,0.041783876435313956,0.08594764050944566,290.19780592732644,100873.62613234668
2014-05-10,Quetta,3.922978741809902,0.0803485990586029,290.11761454857844,100744.9669080068
2014-05-11,Quetta,0.03742291297782624,0.08027738602577046,291.4821881854322,100872.5070360413
2014-05-12,Quetta,0.0,0.06804047752956587,293.180601896885,100650.27466913326
2014-05-13,Quetta,0.0,0.052624477795888504,291.8783554586206,100815.68555153321
2014-05-14,Quetta,0.0,0.058530330972059556,291.09401607134345,100935.19100298123
2014-05-15,Quetta,0.8674371233587571,0.1041161132630539,290.9985297698797,100894.50291977215
2014-05-16,Quetta,0.9842818464412395,0.16531581867831047,289.75442551070785,100847.43078843696
2014-05-17,Quetta,3.8837596121394857,0.19590155656198285,287.9570282794317,101261.49621486367
2014-05-18,Quetta,1.513706585333335,0.2110846211110101,288.1542134732401,101379.91315028745
2014-05-19,Quetta,0.0,0.20775571761383105,289.34673927103495,101391.2321611478
2014-05-20,Quetta,0.0,0.1768799390689951,292.1830471312196,101250.9209103492
2014-05-21,Quetta,0.0,0.1401003880151491,294.5904758353719,101061.14294053444
2014-05-22,Quetta,0.0,0.11156964323183556,296.00723796079797,100789.99741748293
2014-05-23,Quetta,0.0,0.08922503185976224,294.7923734224524,100853.43533166521
2014-05-24,Quetta,0.0,0.07342002017331489,294.40186669791035,101079.20790007454
2014-05-25,Quetta,0.0,0.06239344042854366,294.4652220623878,101144.31756228705
2014-05-26,Quetta,0.0,0.05443737105846673,295.3453866715784,101165.97522226365
2014-05-27,Quetta,0.0,0.04926199112068445,297.11051968216543,101046.53504977639
2014-05-28,Quetta,0.0,0.044560860910583554,298.2095543166357,100856.076941546
2014-05-29,Quetta,0.0,0.03965160237734187,299.5705422176469,100681.87861291524
2014-05-30,Quetta,0.0,0.03565675972673718,298.7529931757169,100667.45786440588
2014-05-31,Quetta,0.0,0.03202357994569151,296.0603974942278,100786.67269138627
2014-06-01,Quetta,0.0,0.028695255216720922,296.75314325136617,100914.73660242755
2014-06-02,Quetta,0.0,0.02714775252247451,297.89286447186026,101035.07645895438
2014-06-03,Quetta,0.0,0.026323542142713166,298.27881541172536,100800.28301772784
2014-06-04,Quetta,0.0,0.025606202012364798,298.69032067536614,100654.49421875001
2014-06-05,Quetta,0.0,0.024835917609852185,299.0681039884916,100523.04440428024
2014-06-06,Quetta,0.0,0.024418098692322626,299.33628552291145,100505.47441519378
2014-06-07,Quetta,0.0,0.023982291170171154,298.1623953997013,100535.31999201447
2014-06-08,Quetta,0.0,0.02373705702028378,298.22326488843635,100345.6054849872
2014-06-09,Quetta,0.0,0.023446143961033995,299.8062125565258,100317.49372870525
2014-06-10,Quetta,0.0,0.023296285106132537,299.795650821883,100285.75301746164
2014-06-11,Quetta,0.0,0.023198063756714207,299.5750772608115,100220.35391742972
2014-06-12,Quetta,0.0,0.023080845951424754,298.35543412251343,100178.52382373293
2014-06-13,Quetta,0.0,0.023069808695683213,298.2885492695468,100201.98174590073
2014-06-14,Quetta,0.0,0.022990461909452784,300.7655402108256,100184.42938378404
2014-06-15,Quetta,0.0,0.022797823661704544,302.3598365369078,100212.35348275122
2014-06-16,Quetta,0.0,0.02275185071088453,300.4251864792986,100346.38956132879
2014-06-17,Quetta,0.0,0.022857499520660872,297.61225277586044,100281.43761312816
2014-06-18,Quetta,0.0,0.022790877316771128,299.08200178606677,100017.42114379258
2014-06-19,Quetta,0.0,0.02268279912321491,298.9579975175832,99993.99522439307
2014-06-20,Quetta,0.0,0.022669672795414292,299.406765947358,99918.48359401616
2014-06-21,Quetta,0.0,0.022657775445664066,299.00469850196805,99986.57019537904
2014-06-22,Quetta,0.0,0.02293854019710925,298.9140084673368,100122.35820591991
2014-06-23,Quetta,0.0,0.022789216093012453,299.60904149984214,100120.97073094122
2014-06-24,Quetta,0.0,0.022585983211380854,299.770307189274,99963.77911334114
2014-06-25,Quetta,0.0,0.022473149665169653,299.6738162023056,100091.78660588794
2014-06-26,Quetta,0.0,0.02283987665907486,298.9215363003299,100501.89554381387
2014-06-27,Quetta,0.0,0.022595934502310802,300.6287571456364,100675.53482485093
2014-06-28,Quetta,0.0,0.022328024284193844,302.16550709526746,100457.74986238287
2014-06-29,Quetta,0.0,0.02225759407662993,302.79485616624373,100123.78132027254
2014-06-30,Quetta,0.0,0.022252138994553753,301.37944678168475,100044.10951607744
2014-07-01,Quetta,0.0,0.02233687821604324,300.27779339237395,100253.83459540035
2014-07-02,Quetta,0.0,0.027497846288209876,299.0133108737994,100368.51742706556
2014-07-03,Quetta,0.0,0.03315798432904168,297.6015700228169,100185.48379951023
2014-07-04,Quetta,0.0,0.032500773662196746,297.6735168941396,100226.87395762347
2014-07-05,Quetta,0.0,0.02666254768176624,297.42490148077496,100443.93508438033
2014-07-06,Quetta,0.0,0.024714894530314196,297.192726202406,100567.14512723591
2014-07-07,Quetta,0.0,0.023135244899145386,297.7008953399483,100426.96007160343
2014-07-08,Quetta,0.0,0.022443222921047612,298.312435152746,100250.2195661201
2014-07-09,Quetta,0.0,0.022269105884177225,298.57716578239337,100220.62853066437
2014-07-10,Quetta,0.0,0.022229749862610233,299.2001570656216,100326.99999893525
2014-07-11,Quetta,0.0,0.022996587455441905,300.3480679120263,100235.1272319527
2014-07-12,Quetta,0.0,0.022779748863553797,300.0488281112229,100151.86188857537
2014-07-13,Quetta,0.0,0.02430399440351632,299.9290690587231,100236.15444234452
2014-07-14,Quetta,0.0,0.024545738332857794,300.24747859211806,100195.10999041736
2014-07-15,Quetta,0.0,0.02285916473024748,301.60623510162515,99977.02471092418
2014-07-16,Quetta,0.0,0.02325360299781397,301.0190837388739,99940.0321805792
2014-07-17,Quetta,0.0,0.030683263424511036,298.5023607626832,99986.76563697823
2014-07-18,Quetta,0.0,0.03617635862316885,297.11627701940733,99992.53586004043
2014-07-19,Quetta,0.0,0.03026250220780207,298.0258286484688,99997.82217445692
2014-07-20,Quetta,0.0,0.02431740719103663,299.1139002125105,100134.09911600297
2014-07-21,Quetta,0.0,0.02232326676532803,299.8706457928948,100081.06916045568
2014-07-22,Quetta,0.0,0.02188904770391357,299.9643116966042,100078.01683507241
2014-07-23,Quetta,0.0,0.022121369201036287,300.03631737158275,100058.60152204004
2014-07-24,Quetta,0.0,0.02230240112945886,300.656786465014,100091.29258438031
2014-07-25,Quetta,4.065888813325858,0.036968259643520046,299.0994353342136,100383.92670410986
2014-07-26,Quetta,0.0,0.06084535961595193,299.197341297676,100611.90303582833
2014-07-27,Quetta,0.0,0.051986348846972764,299.7962029991603,100482.73170490842
2014-07-28,Quetta,0.0,0.0377650147090914,299.9508662750315,100134.94737728915
2014-07-29,Quetta,3.224475976011415,0.04286516517756137,299.7159160620512,100195.67897545783
2014-07-30,Quetta,0.0,0.05985142113741387,298.8516061638782,100402.10478572185
2014-07-31,Quetta,0.0,0.05499103606796485,299.05507887338257,100394.20090316226
2014-08-01,Quetta,1.8289353169696287,0.04810519630566429,299.0859797915407,100236.04600351359
2014-08-02,Quetta,0.0620569825781671,0.055914787279483125,297.26416754632146,100164.84794000209
2014-08-03,Quetta,0.0,0.05991546405573451,298.2781965653236,99991.44133091992
2014-08-04,Quetta,0.0,0.041920368209743555,298.658460052291,99998.20781223381
2014-08-05,Quetta,0.0,0.031614965192977865,298.28319410858063,100151.90350670781
2014-08-06,Quetta,0.0,0.027463297803316647,298.3748273544268,100155.79513761713
2014-08-07,Quetta,0.0,0.024970973034868976,298.26449723277835,100052.9341852108
2014-08-08,Quetta,0.0,0.03169320188280806,297.7202511468437,100223.11310104342
2014-08-09,Quetta,0.12233839333158943,0.0342942441369511,298.0061758678896,100514.43775633514
2014-08-10,Quetta,0.0,0.027812374381434125,298.8976558563993,100526.66752848167
2014-08-11,Quetta,0.0,0.0250117591671616,298.5777393879584,100407.42131388412
2014-08-12,Quetta,0.0,0.0232471360786607,298.25868636452407,100349.18171262773
2014-08-13,Quetta,0.0,0.02194370826491572,299.86058416575617,100269.90068409282
2014-08-14,Quetta,0.0,0.021520705236622292,300.3620097009244,100107.57050069205
2014-08-15,Quetta,0.0,0.021465157958880404,299.6016540781224,99963.44290247017
2014-08-16,Quetta,0.0,0.02241853866707122,295.2898244394434,100431.99123482748
2014-08-17,Quetta,0.0,0.023803073140046326,295.15212266210375,100839.35825489774
2014-08-18,Quetta,0.0,0.02280869881988992,296.4108397427611,101100.3079487862
2014-08-19,Quetta,0.0,0.02170395016602533,297.71319415420095,101103.13398237863
2014-08-20,Quetta,0.0,0.02138911423258047,298.38639126354667,100796.2257658113
2014-08-21,Quetta,0.0,0.021297889852442565,297.8923123136886,100515.78335019163
2014-08-22,Quetta,0.0,0.024079292033085578,296.4283063872737,100647.05237329639
2014-08-23,Quetta,0.027133697951672628,0.07234014644330362,295.0366433981397,100899.02351123297
2014-08-24,Quetta,0.0,0.09971588435868932,295.20516559269396,100871.5281311222
2014-08-25,Quetta,0.0,0.09059516352188307,295.75053260902854,100832.66267355191
2014-08-26,Quetta,0.0,0.09744617804419513,294.9668774998508,100756.18905371592
2014-08-27,Quetta,0.0,0.10212027998690847,294.62122927564445,100645.63694127981
2014-08-28,Quetta,0.0,0.09600203700934805,294.0493442675338,100887.3690239033
2014-08-29,Quetta,0.0,0.08464887617935446,294.70139314949336,100904.92610013843
2014-08-30,Quetta,0.0,0.07382764381958902,294.9977534133505,100808.85621752555
2014-08-31,Quetta,0.0,0.06378717371579391,294.67748477223097,100615.76488740412
2014-09-01,Quetta,0.0,0.06832316020075263,294.77747456092976,100624.5791181324
2014-09-02,Quetta,0.0,0.07738538849292867,294.80012612788533,100753.57727454216
2014-09-03,Quetta,0.0,0.06843242038724642,295.2382082707038,100587.28775393951
2014-09-04,Quetta,0.0,0.052772253947390664,296.2715752659567,100280.7857876384
2014-09-05,Quetta,0.0,0.039899587593316896,295.8319696517589,100315.46135407791
2014-09-06,Quetta,0.0,0.031645258394985415,294.6223301152625,100584.95037398848
2014-09-07,Quetta,0.0,0.03444649938424159,293.6289771154643,100915.31973221888
2014-09-08,Quetta,0.0,0.033279268350335824,294.9833232920362,100881.7322899808
2014-09-09,Quetta,0.0,0.029701830762682267,294.90498706486164,100692.92943489135
2014-09-10,Quetta,0.0,0.03451315603088345,293.8152883260403,100757.32075330065
2014-09-11,Quetta,0.0,0.06868236628396472,293.5544391449684,100918.5832362649
2014-09-12,Quetta,0.0,0.080703636225755,293.9820173920564,100908.43665273639
2014-09-13,Quetta,0.0,0.06343633184914968,293.7608951643123,100859.65826022142
2014-09-14,Quetta,0.0,0.04795836691826599,294.2474797140853,100879.9928566865
2014-09-15,Quetta,0.0,0.03702371598373145,294.45904398777884,100921.1363777683
2014-09-16,Quetta,0.0,0.029832619012316004,294.9642756500762,100791.85817876914
2014-09-17,Quetta,0.0,0.02548482191962049,295.78072644698904,100741.7946986797
2014-09-18,Quetta,0.0,0.023215029368273316,295.86223168316246,100908.63330360941
2014-09-19,Quetta,0.0,0.02217533926067536,296.07623108490696,100900.16121060474
2014-09-20,Quetta,0.0,0.02179144093016884,295.96575749996765,100832.9310751171
2014-09-21,Quetta,0.0,0.02165924752455824,295.2710901089895,100934.48006308558
2014-09-22,Quetta,0.0,0.021606670966681816,295.3966141094963,101018.18036014691
2014-09-23,Quetta,0.0,0.021554143213535295,295.72485614042273,100929.80886259585
2014-09-24,Quetta,0.0,0.021493764809083705,296.3305156878023,100883.31907181643
2014-09-25,Quetta,0.0,0.021615825481945513,295.27222030106776,101046.94836509792
2014-09-26,Quetta,0.0,0.02298531490588039,294.1527119952694,101211.38367413751
2014-09-27,Quetta,0.0,0.02237712379208618,295.73673877744193,101302.38888415671
2014-09-28,Quetta,0.0,0.02222758269865088,296.29696890692895,101404.36521667376
2014-09-29,Quetta,0.0,0.022003504413559253,296.3774087387509,101325.13923551959
2014-09-30,Quetta,0.0,0.021817003972553376,295.1576071591137,101327.53695059624
2014-10-01,Quetta,0.0,0.02194790984743497,295.18246387002944,101444.66733310262
2014-10-02,Quetta,0.0,0.02181942601287859,295.5928447177501,101441.77910854982
2014-10-03,Quetta,0.0,0.021622402357960337,295.27718405260543,101314.13192530871
2014-10-04,Quetta,0.0,0.021580762521980986,295.50848059442484,101381.98771853703
2014-10-05,Quetta,0.0,0.02156390060693413,295.1385598060828,101554.12896507664
2014-10-06,Quetta,0.0,0.021821403546742182,295.19244342329563,101542.94755643098
2014-10-07,Quetta,0.0,0.022143482292734173,293.8346230233843,101345.24348354983
2014-10-08,Quetta,0.0,0.022016993819956466,292.4460157724753,101518.70389613498
2014-10-09,Quetta,0.0,0.02188545655960523,291.5898637016682,101743.44838213372
2014-10-10,Quetta,0.0,0.021899860301930286,289.62670979692064,101745.16301426748
2014-10-11,Quetta,0.0,0.021920633700542473,289.7139544079426,101600.54832197614
2014-10-12,Quetta,0.0,0.022284091449068195,288.90551611419977,101628.9349848275
2014-10-13,Quetta,0.0,0.023935755979331088,284.6749988498286,101749.35543334752
2014-10-14,Quetta,0.0,0.023412763735301635,284.83495082354824,101758.00829003403
2014-10-15,Quetta,0.0,0.022788584295962765,286.30397066336195,101958.51369383515
2014-10-16,Quetta,0.0,0.022426707058180333,287.4629668846327,101871.743570592
2014-10-17,Quetta,0.0,0.022232816783898532,288.46613025489836,101738.16684838159
2014-10-18,Quetta,0.0,0.022350270294588043,289.40666370181714,101545.6259987223
2014-10-19,Quetta,0.0,0.023443660227024418,289.3812054067738,101526.59427038964
2014-10-20,Quetta,0.0,0.025529297542192925,290.5100742933194,101743.55797114565
2014-10-21,Quetta,0.0,0.024725282767629978,291.063374158132,101850.08180313028
2014-10-22,Quetta,0.0,0.02554712565225474,290.6443005534857,101848.3924382453
2014-10-23,Quetta,0.0,0.030758099813206752,290.2600546410649,101721.94966407577
2014-10-24,Quetta,0.0,0.02788917981244702,288.9381460342973,101675.0169476682
2014-10-25,Quetta,0.0,0.02510953728818272,288.2656576702285,101652.500950543
2014-10-26,Quetta,0.0,0.023948026177288785,288.33670362937147,101868.71518020652
2014-10-27,Quetta,0.0,0.028647548495741634,288.8138746621838,101857.86730009582
2014-10-28,Quetta,0.0,0.029365423701826217,287.0250606582787,101830.10990976362
2014-10-29,Quetta,0.0,0.026561025243669246,285.1557651907527,101954.98431803656
2014-10-30,Quetta,0.0,0.024841961034788876,284.93751926636577,101865.66088160132
2014-10-31,Quetta,0.0,0.024243600207387837,285.4317043200031,101853.1644628407
2014-11-01,Quetta,0.0,0.02385326049735368,285.76299470683784,101793.44197135857
2014-11-02,Quetta,0.0,0.026421250078503485,285.96945920247776,101767.58401458684
2014-11-03,Quetta,0.0,0.04564988419523568,286.77753606208125,101674.04078337943
2014-11-04,Quetta,0.0,0.054579836960748675,286.47025985332164,101659.95035562178
2014-11-05,Quetta,0.0,0.049799703070550115,286.90167688282,101621.16923339013
2014-11-06,Quetta,0.0,0.06359000531466824,285.00077160884507,101661.493722583
2014-11-07,Quetta,0.0,0.05949069140649259,279.0691989313369,102212.09096757878
2014-11-08,Quetta,0.0,0.05107192566420527,279.14227796170036,102430.42904865839
2014-11-09,Quetta,0.0,0.050586407936005204,281.23308294570256,102376.49199824317
2014-11-10,Quetta,0.0,0.08066261040223448,281.6810822396655,102159.19423179298
2014-11-11,Quetta,0.0,0.07071695675435626,282.88756340629027,101955.45660003192
2014-11-12,Quetta,0.0,0.05997020608792582,283.44098381480035,102010.95405584536
2014-11-13,Quetta,0.0,0.05078660812247954,283.1191578971087,102178.98043254894
2014-11-14,Quetta,0.24317593477044433,0.0435919168874122,281.8377721072728,102335.32065747441
2014-11-15,Quetta,0.0,0.03832091661287529,280.88475998492356,102153.31661839862
2014-11-16,Quetta,0.0,0.03436142307868539,282.14340525036283,102027.30441519376
2014-11-17,Quetta,0.0,0.031260984703466894,283.9418347826929,101961.49193435902
2014-11-18,Quetta,0.0,0.028861126853687243,284.2690550376204,102014.40971544926
2014-11-19,Quetta,0.0,0.02719705812366492,283.8902448497991,101960.38528109026
2014-11-20,Quetta,0.0,0.026091881773134706,283.0200698304916,101994.14358709542
2014-11-21,Quetta,0.0,0.02545994316157394,280.5122363399094,102072.99763974657
2014-11-22,Quetta,0.0,0.025110448613077454,279.9651692856068,101932.09792722529
2014-11-23,Quetta,0.0,0.024760854462207146,282.0379568251394,101812.59691758946
2014-11-24,Quetta,0.0,0.024421188553783585,283.9616669572421,101825.5358552491
2014-11-25,Quetta,2.1735159018823595,0.024135263129975694,285.1021807620011,101823.50226149915
2014-11-26,Quetta,0.0049508369354819915,0.024012914740991886,285.6355285619402,101540.61084034281
2014-11-27,Quetta,0.0,0.023875570064373536,284.42890733054935,101542.4419694953
2014-11-28,Quetta,0.0,0.023754254264766565,283.29111139681964,101658.68429700809
2014-11-29,Quetta,2.0345989042408825,0.023720940650017137,282.40757681964124,101671.91931084961
2014-11-30,Quetta,0.0,0.02434916080905929,282.57329892567356,101807.64151724872
2014-12-01,Quetta,0.0,0.02453710440137994,282.7687077592353,101928.12128487008
2014-12-02,Quetta,0.0,0.02437094344529558,283.49006010884125,101889.78262537264
2014-12-03,Quetta,0.0,0.02414563726525899,282.8782463492241,102023.79522519164
2014-12-04,Quetta,0.0,0.024000587939945285,281.723135851113,102188.92612542589
2014-12-05,Quetta,0.0,0.023892917405604487,280.92307317288606,102301.91647519164
2014-12-06,Quetta,1.2080615675632145,0.02384687089026479,281.02072999857825,102242.35225244887
2014-12-07,Quetta,0.0,0.023826951303649938,280.326957459198,102245.23604344118
2014-12-08,Quetta,0.0,0.02395103714535142,276.5318344496165,102374.16306404384
2014-12-09,Quetta,0.0,0.024160808950984155,276.0408873034794,102443.26720001064
2014-12-10,Quetta,0.0,0.024280793397417108,277.2658907581959,102201.54900447188
2014-12-11,Quetta,0.0,0.02426719000500618,278.3510019663474,101929.67032820483
2014-12-12,Quetta,0.7254942725748583,0.024851298746502184,277.71209210778665,101923.6177108177
2014-12-13,Quetta,0.9220709598693976,0.025636261653521047,276.1495135606357,102099.66295969974
2014-12-14,Quetta,0.0,0.025523748923133298,275.170076281078,102295.36344042799
2014-12-15,Quetta,0.0,0.025392379327500023,276.92361374044316,102294.70231926105
2014-12-16,Quetta,0.0,0.02509989565709044,280.63184446881803,102194.97458661627
2014-12-17,Quetta,0.0,0.02477123176015825,282.015785366364,102074.6760998722
2014-12-18,Quetta,0.0,0.024486000866865597,281.0685452508357,102109.49006894167
2014-12-19,Quetta,0.0,0.024365761739025743,278.1173970105823,102480.94063671204
2014-12-20,Quetta,5.208691690581417,0.024270541003182274,279.51705681609684,102083.54027603279
2014-12-21,Quetta,0.0,0.024176979649818305,280.5411822495469,101512.18386658856
2014-12-22,Quetta,0.04022971371775794,0.02835567545850194,279.2733467607645,101434.84022599018
2014-12-23,Quetta,0.0,0.028776024012048408,277.90137799060994,101851.58935104343
2014-12-24,Quetta,0.0,0.029413113807968492,279.2568110286751,102019.00362702299
2014-12-25,Quetta,0.43277153684495856,0.03670622440578582,279.11240658709687,102323.65905930578
2014-12-26,Quetta,0.0,0.03468048256002725,278.6856636088954,102305.29547886495
2014-12-27,Quetta,0.0,0.032159511841270895,278.55077336780874,102011.85165779383
2014-12-28,Quetta,3.187855139509782,0.030177046338784846,279.17910351347604,101952.62848035562
2014-12-29,Quetta,0.0,0.028619631843631886,278.6990424019824,101757.64615683562
2014-12-30,Quetta,3.1173176123701927,0.027438760310123753,277.7206876267149,101612.39635833689
2014-12-31,Quetta,0.0,0.02663240390498146,277.6155261304984,101827.94263229343
2015-01-01,Quetta,0.09902699403909035,0.02601953219446791,278.4619398867224,102072.36742387139
2015-01-02,Quetta,0.9502832942358271,0.02552465799516877,278.71577040872114,102021.65476389478
2015-01-03,Quetta,0.0,0.025137059191693505,278.7793170387836,101866.34654759371
2015-01-04,Quetta,0.0,0.02480101874035776,279.5766782549847,101830.05313990629
2015-01-05,Quetta,0.0,0.02451828425340797,281.97599403524305,101732.4734870102
2015-01-06,Quetta,0.04206683087389554,0.02430998176691682,282.190204178064,101857.16929221674
2015-01-07,Quetta,0.0,0.024125601288136404,281.28006172271137,101888.36145815586
2015-01-08,Quetta,0.6681995870307518,0.023878641729663534,283.09052816942295,101651.54929221679
2015-01-09,Quetta,1.2848469980165131,0.02376594573783982,282.4229140582458,101792.96042882236
2015-01-10,Quetta,0.0,0.02369492415472027,283.6600086960368,101938.2969825383
2015-01-11,Quetta,0.0,0.023493723655410404,284.72027617069455,101927.50425814523
2015-01-12,Quetta,0.7821795522862032,0.024964829574316363,283.972021754978,101791.51520975296
2015-01-13,Quetta,0.0,0.03890096069803841,277.0358257453567,102009.28066892031
2015-01-14,Quetta,0.0,0.03636663303667682,276.7816233973853,102223.86896986791
2015-01-15,Quetta,0.0,0.03337319471022408,278.2672149708893,102215.20591886713
2015-01-16,Quetta,0.0,0.03081632457085457,279.24855683737735,102061.89755909283
2015-01-17,Quetta,0.0,0.028658154458907573,280.1953241273963,101918.70253167585
2015-01-18,Quetta,0.0,0.026968953805779426,280.47935579008566,101750.49781276616
2015-01-19,Quetta,0.0,0.02956435968766217,279.6467718267575,101690.34139187608
2015-01-20,Quetta,20.282520478311948,0.05290274557777588,276.54155359150104,101683.99978412475
2015-01-21,Quetta,0.0944856620931544,0.12266347420479626,273.8228288116108,102173.86067211458
2015-01-22,Quetta,0.0,0.14791422493548503,273.2179797908732,102444.13792136923
2015-01-23,Quetta,0.0,0.15883000756718102,273.28332573851134,102305.17972795994
2015-01-24,Quetta,0.0,0.16554419446573687,274.6079936448745,102273.40544772144
2015-01-25,Quetta,0.0,0.16599014169583604,272.9960652995503,102547.80610812393
2015-01-26,Quetta,0.0,0.15958076860470083,271.2095105500793,102647.51034390969
2015-01-27,Quetta,0.0,0.15244180106358526,272.1467256273729,102459.89978252766
2015-01-28,Quetta,1.2018291935603904,0.14771389767908366,275.6127484333182,101971.30692504256
2015-01-29,Quetta,0.0,0.1407438042081262,277.5825215230373,102079.10618132449
2015-01-30,Quetta,0.0,0.13021589607355744,281.6319634202636,101963.54270549404
2015-01-31,Quetta,0.0,0.11640015066516177,283.99686021184203,101557.56308241052
2015-02-01,Quetta,0.0,0.10987023071427698,282.3920827166131,101471.8733440694
2015-02-02,Quetta,2.0975487163322746,0.10354485387764212,279.4622249670423,101785.07646667375
2015-02-03,Quetta,0.0,0.09143057929867031,278.6566777181543,102308.19583182492
2015-02-04,Quetta,0.0,0.07970169624098998,279.5792632419339,102348.22239485728
2015-02-05,Quetta,0.0,0.0710018420503736,280.437824252647,101911.80639853067
2015-02-06,Quetta,3.724025979838135,0.09606974873063508,279.23339753124395,101785.22544931855
2015-02-07,Quetta,0.0,0.1268410493026465,278.9571973413122,101825.86838532794
2015-02-08,Quetta,0.0,0.11229945705398647,278.64581791203483,102045.33276059407
2015-02-09,Quetta,0.0,0.09769046187739282,278.9050110423031,102171.22431377768
2015-02-10,Quetta,0.0,0.0861586588827606,280.7880785242934,102142.72052518098
2015-02-11,Quetta,0.0,0.07434644979620973,283.3690682810964,101936.05088852214
2015-02-12,Quetta,0.0,0.06184635047544343,286.13423177001016,101778.46986877128
2015-02-13,Quetta,0.0,0.050595224977284255,287.83227983508283,101508.65887510646
2015-02-14,Quetta,0.0,0.0414732036341462,287.8842524615693,101490.16255882668
2015-02-15,Quetta,1.7887085918186063,0.0354469463515187,288.00847482285945,101205.27042057064
2015-02-16,Quetta,0.0,0.03143369766746576,286.14219010634145,101491.1044096039
2015-02-17,Quetta,0.0,0.03051588995357861,286.07169041418587,101524.22086376701
2015-02-18,Quetta,0.0,0.029064489881265296,285.9170162823929,101346.82874334537
2015-02-19,Quetta,1.9736805525508405,0.030556523671277477,285.228564180269,101303.13571071123
2015-02-20,Quetta,3.0941794446379802,0.03942241454246298,285.84895779862563,101561.01647226357
2015-02-21,Quetta,0.0,0.04400482983564803,285.7025392760449,101743.94736291522
2015-02-22,Quetta,10.337594406056441,0.04397328473707958,285.71684409757273,101661.53274462305
2015-02-23,Quetta,29.29917282052503,0.09323486770032009,281.93185757404706,101375.54976016823
2015-02-24,Quetta,0.0,0.14831448158034533,274.28316581916675,101635.64086962306
2015-02-25,Quetta,0.0,0.13446327426093735,272.1830060260693,101731.40822588373
2015-02-26,Quetta,0.0,0.12195611296290366,274.14936391233636,101708.54313325169
2015-02-27,Quetta,0.0,0.1144723899143788,276.18670698348944,101638.04913995952
2015-02-28,Quetta,0.0,0.1260095020318017,276.6194684808786,101660.97603199532
2015-03-01,Quetta,0.0,0.14676364697224037,277.0741847549169,101164.38890358816
2015-03-02,Quetta,0.0,0.14342581467896542,276.8119990619701,101430.94578391183
2015-03-03,Quetta,0.0,0.1277110814750363,278.6241068068532,101396.39746433131
2015-03-04,Quetta,0.0,0.13440276826666814,279.4238584433733,101309.93240736795
2015-03-05,Quetta,0.0,0.16274557903231296,279.8978939873492,101526.77588452939
2015-03-06,Quetta,16.071524903981402,0.1823004520379432,280.41539936973334,101733.9862332304
2015-03-07,Quetta,0.0,0.22417847665313434,275.30612434499835,101935.47897625636
2015-03-08,Quetta,0.0,0.1914085903091907,274.208327643737,102231.83357751273
2015-03-09,Quetta,0.0,0.16722341705356913,279.18579545796007,102313.01273743609
2015-03-10,Quetta,0.0,0.14461875579764652,280.68801760061035,102108.50593537053
2015-03-11,Quetta,0.0,0.12597330967449857,281.5110957582943,101998.67750718693
2015-03-12,Quetta,5.407615358281174,0.10865654921003665,282.4184226207742,101956.79149675253
2015-03-13,Quetta,21.883222087067274,0.11445239102278562,280.0998551370335,101665.7310367866
2015-03-14,Quetta,1.0241316262948652,0.2062045472863719,278.7791093362507,101581.71900527041
2015-03-15,Quetta,2.8390939077283086,0.25111830971851595,280.078270942129,101501.22998882025
2015-03-16,Quetta,0.0,0.23583094151164882,280.7275097429662,101925.56985413114
2015-03-17,Quetta,0.0,0.20584935659985848,283.0432274435759,102068.62910295992
2015-03-18,Quetta,0.9242768691223766,0.1774160965459715,284.756449704059,101753.94504658219
2015-03-19,Quetta,1.197168834595298,0.1859789370569839,283.87797511441397,101773.92353306
2015-03-20,Quetta,0.0,0.19139054525311466,285.76531910616325,101901.9653401831
2015-03-21,Quetta,0.4347014177312639,0.17428643704814553,287.0387781849589,102018.2515489246
2015-03-22,Quetta,1.8495719946710167,0.15127733199180757,287.96668791450855,101929.274524063
2015-03-23,Quetta,0.0,0.1216557991118813,290.25148002849795,101523.64835604768
2015-03-24,Quetta,0.0,0.09954597884724586,288.81302719328494,101675.65933214434
2015-03-25,Quetta,0.0,0.08214887548616705,288.5584216662986,101807.9925476469
2015-03-26,Quetta,0.0,0.0692336467069228,289.3953135844484,101829.68794612437
2015-03-27,Quetta,2.6929983665752237,0.09052158230072661,289.22073069297846,101750.7413841567
2015-03-28,Quetta,1.2626183539070504,0.12905361121381828,286.55659351056437,101465.59099552807
2015-03-29,Quetta,0.0,0.12471863691946233,282.3851140023903,101508.64547806642
2015-03-30,Quetta,0.0,0.10313438989573215,285.6301303187234,101405.98624547484
2015-03-31,Quetta,14.022202437951577,0.08695369657638875,289.01713674931915,101215.7061829216
2015-04-01,Quetta,1.4095305649141636,0.11456581767752104,289.2448370506899,100935.8950612223
2015-04-02,Quetta,24.61231772557636,0.1939949976429894,285.58260345987554,100968.9177659178
2015-04-03,Quetta,0.0,0.23798655722778939,284.56030181486193,100881.30829881814
2015-04-04,Quetta,0.0,0.1972213403938981,285.35043392946073,100906.14729849872
2015-04-05,Quetta,0.0,0.16038559265396668,287.7989100324208,101056.4270576022
2015-04-06,Quetta,0.0,0.13138878200082593,287.3857708310457,101195.24684039604
2015-04-07,Quetta,0.0,0.10422457179990689,287.035308597398,101386.173004951
2015-04-08,Quetta,0.0,0.08009068932606375,288.0337367145858,101589.76758810689
2015-04-09,Quetta,0.0,0.06192912773812504,290.16972593269566,101412.2469245102
2015-04-10,Quetta,0.25671173030310634,0.05429412447546504,289.92232208598523,101363.6814903641
2015-04-11,Quetta,0.0,0.0582317425729469,289.23457304552136,101361.94045224659
2015-04-12,Quetta,0.0,0.0506797355335589,289.9810366071777,101623.5410136286
2015-04-13,Quetta,0.0,0.04168151508875016,291.23098014623594,101596.05814283431
2015-04-14,Quetta,0.0,0.036700537690786,291.48124103522315,101524.94413463582
2015-04-15,Quetta,0.22328457914787822,0.03512657793728482,293.66289460562905,101570.87691785558
2015-04-16,Quetta,0.0,0.03157997735720475,295.17817044848925,101741.68535189524
2015-04-17,Quetta,0.0,0.028421328109749885,295.01297665077703,101430.01896880321
2015-04-18,Quetta,0.0,0.02652417730432149,294.9431404373282,100884.59651086028
2015-04-19,Quetta,0.0,0.02542973060759544,292.83810120096797,100838.96986238284
2015-04-20,Quetta,0.0,0.02487691202331578,289.5708008916833,101472.73157155023
2015-04-21,Quetta,0.0,0.02420881658030937,291.37053207956365,101419.44402470182
2015-04-22,Quetta,0.0,0.023737970208119828,292.56564048940373,101137.53269245099
2015-04-23,Quetta,0.0,0.0233551159262454,294.6020620783427,101178.96129045995
2015-04-24,Quetta,0.0,0.022976069886328335,296.53210370923193,101187.80444633726
2015-04-25,Quetta,0.02798578113672883,0.02264422191942638,297.132169191879,101018.38868531726
2015-04-26,Quetta,0.0,0.022449341166906212,296.3720907514358,101113.21254205702
2015-04-27,Quetta,0.0,0.022448524007196123,291.4790290738939,101546.93410961455
2015-04-28,Quetta,0.0,0.022410340663860075,293.07775758464936,101388.47661839862
2015-04-29,Quetta,0.0,0.023612671808246038,294.8414521742328,100964.83513548765
2015-04-30,Quetta,0.0,0.023412011605240545,291.99084378534377,101290.09066226576
2015-05-01,Quetta,0.0,0.022494303125471366,293.02425755515395,101418.77110998722
2015-05-02,Quetta,0.0,0.022033366539612343,294.5533109584119,101303.01224765758
2015-05-03,Quetta,0.0,0.021728089033101913,294.94188467785,101216.21057309411
2015-05-04,Quetta,0.0,0.021879957741732493,295.3850110264898,101247.76564522996
2015-05-05,Quetta,0.0,0.021637712096301477,295.98409831201366,101118.97135833687
2015-05-06,Quetta,0.2887650476403699,0.02127925307421707,296.630073970554,100982.69112276404
2015-05-07,Quetta,0.0,0.021188222158368103,296.3699102098246,101009.31162824745
2015-05-08,Quetta,4.100024972205673,0.022439266423621283,295.4385470009176,100999.4703159604
2015-05-09,Quetta,0.9937009123642967,0.023700100250504067,294.43404715846157,100940.83163703147
2015-05-10,Quetta,1.738281935585418,0.033848950344347775,293.8839962284189,101007.42014054512
2015-05-11,Quetta,0.0,0.044659154113214986,291.35672072710076,101149.40426852638
2015-05-12,Quetta,0.0,0.03716935376021619,292.54209285625603,101116.16816705704
2015-05-13,Quetta,0.0,0.02838001872923209,294.3422260427394,101050.51537425471
2015-05-14,Quetta,0.0,0.02538838856061841,295.42785707052406,101201.56543095183
2015-05-15,Quetta,0.0,0.023535685303670166,297.45027577692105,101138.48274302598
2015-05-16,Quetta,0.0,0.021975371118704734,299.82900075211705,100769.2228705281
2015-05-17,Quetta,0.0,0.02180816310295523,299.27793228071437,100707.8986717419
2015-05-18,Quetta,0.0,0.0215646091095092,297.78343195917904,100879.87648637137
2015-05-19,Quetta,0.0,0.021336781351759922,296.72866560529263,101037.10068409286
2015-05-20,Quetta,0.0,0.021220299928178844,296.6103510691238,101079.77137004895
2015-05-21,Quetta,0.0,0.02107472806948954,297.1752463561821,100937.08228013199
2015-05-22,Quetta,0.0,0.02094740153306726,298.195147565444,100759.19003673339
2015-05-23,Quetta,0.0,0.020836586115510546,297.00704179199494,100729.43224100297
2015-05-24,Quetta,0.0,0.02074975944662013,296.09071797961764,100864.27414741265
2015-05-25,Quetta,0.0,0.020665390690506227,296.03773144000087,100870.57750585602
2015-05-26,Quetta,0.0,0.02051536063996314,297.3829435326632,100881.1382194953
2015-05-27,Quetta,0.0,0.020529540612709764,298.1255303464649,100740.96607644804
2015-05-28,Quetta,0.0,0.05857282743611028,295.25838489045077,100720.86465635645
2015-05-29,Quetta,0.0,0.07393319781431751,296.0920738899971,100915.58908645654
2015-05-30,Quetta,0.0,0.048000165667471575,297.4658887049311,100990.90093164393
2015-05-31,Quetta,0.0,0.031681375043220245,297.57936760524933,100790.4849063032
2015-06-01,Quetta,0.0,0.02417264837625689,296.5590277328794,100580.98786706768
2015-06-02,Quetta,0.0,0.022343822308117392,295.2930042002569,100785.57425814524
2015-06-03,Quetta,0.0,0.03183052318601155,293.30428404067715,100928.8192387138
2015-06-04,Quetta,0.0,0.045301644424360465,293.02130819564394,101082.7238559412
2015-06-05,Quetta,0.0,0.04386170410554834,294.6272643259667,101028.09863367757
2015-06-06,Quetta,0.0,0.03266673166598873,296.54855205260753,100754.38540939096
2015-06-07,Quetta,0.0,0.025006829911101463,297.67475769944133,100614.32645549401
2015-06-08,Quetta,0.0,0.022112247070624414,298.23583012231546,100638.07718776616
2015-06-09,Quetta,0.0,0.021302527276580135,298.3008813739973,100615.22951501275
2015-06-10,Quetta,0.0,0.02121559049919341,298.00641149586966,100498.76547221035
2015-06-11,Quetta,0.0,0.024536133224080058,296.5512429984601,100686.66139586881
2015-06-12,Quetta,0.0,0.023096950884098223,298.04887570937314,100505.11485173549
2015-06-13,Quetta,0.0,0.02094569904299232,299.3932015450958,100211.89954961666
2015-06-14,Quetta,0.0,0.02046419792456899,299.1998600348363,100170.33592924828
2015-06-15,Quetta,0.0,0.024235143926859833,297.74311013741084,100275.57235359879
2015-06-16,Quetta,0.0,0.037430474163794115,295.7258767300311,100501.54462441437
2015-06-17,Quetta,0.0,0.02912088087646208,297.16826178395297,100441.29775713371
2015-06-18,Quetta,0.0,0.024298315205268053,298.8390301654475,100391.10540539821
2015-06-19,Quetta,0.0,0.02335333189999494,299.98631702659213,100248.35057123081
2015-06-20,Quetta,0.0,0.0270235324406881,300.243232543096,100141.38006894164
2015-06-21,Quetta,0.0,0.03299225546703089,298.5704013278574,100226.53829402683
2015-06-22,Quetta,0.0,0.047108522964295615,297.6962323731527,100055.98294585812
2015-06-23,Quetta,0.0,0.08136768772140401,297.30779347044455,99912.55478625426
2015-06-24,Quetta,0.0,0.08895342413638542,296.1814982455944,99916.26809252551
2015-06-25,Quetta,0.0,0.0667345023601993,297.10231022546094,99863.30834992544
2015-06-26,Quetta,0.0,0.04551789021099377,297.79199772437823,99946.99704881816
2015-06-27,Quetta,0.0,0.03295429374872453,297.9489007286751,100169.09622737434
2015-06-28,Quetta,0.0,0.02897807041668606,298.8194105133801,100573.3252552704
2015-06-29,Quetta,0.0,0.024047432617326146,300.2908950035792,100610.70472929084
2015-06-30,Quetta,0.0,0.025989244126379978,298.9704532044045,100493.7590875213
2015-07-01,Quetta,0.0,0.046963905841365956,297.0235234973567,100559.17809252552
2015-07-02,Quetta,0.0,0.04787513945198819,298.14197592618865,100575.28320006384
2015-07-03,Quetta,0.0,0.04058190953927851,299.8330169748786,100429.40694420782
2015-07-04,Quetta,0.0,0.029068232617007268,301.15501891323004,100275.34461616265
2015-07-05,Quetta,0.0,0.02128519579201243,302.50815273014126,99985.07259795569
2015-07-06,Quetta,0.009546376931809483,0.01850351430014546,302.0862786733098,99807.27779519801
2015-07-07,Quetta,6.1160611219016205,0.0801280721245267,297.7919307392036,100128.1360519591
2015-07-08,Quetta,0.0,0.11461172302090125,298.16839090324544,100343.09320591991
2015-07-09,Quetta,0.0,0.08004733924497467,299.95722846421654,100164.68775660133
2015-07-10,Quetta,0.0,0.05654684028863776,299.32009746393385,99908.04810477
2015-07-11,Quetta,0.0,0.061527302734964213,296.1744016956892,100366.56308800037
2015-07-12,Quetta,0.0,0.06364818131091037,297.2807350100636,100508.81745767672
2015-07-13,Quetta,0.0,0.05270626484027706,298.33808432839544,100467.79134715712
2015-07-14,Quetta,0.0,0.041517174984500346,300.85101169514695,100250.9582525021
2015-07-15,Quetta,0.0,0.030446932942673675,301.288097405983,99927.26360732535
2015-07-16,Quetta,0.0,0.02354512441571229,299.8570083363848,99671.06416524704
2015-07-17,Quetta,0.0,0.02205524492236716,298.29934899385927,99962.99734108816
2015-07-18,Quetta,0.23279786718358775,0.061793475305404494,297.5075973659776,100154.92863287903
2015-07-19,Quetta,0.0,0.1083611922992487,297.90169570723566,100114.38161839863
2015-07-20,Quetta,0.0,0.12076750833835208,297.7767768873298,100206.297489885
2015-07-21,Quetta,0.0,0.11033238971456755,298.0426715169338,100422.25450330068
2015-07-22,Quetta,5.5713775047532925,0.10258726396186987,298.44834685573085,100518.20351203147
2015-07-23,Quetta,1.5239444411999117,0.11122794639245141,298.22087673120114,100536.1849033752
2015-07-24,Quetta,0.0,0.11825324724100977,298.8860566980039,100470.09402390332
2015-07-25,Quetta,0.0,0.10323421036364479,299.013369257297,100216.1584207304
2015-07-26,Quetta,1.0483327797527409,0.1077471380759071,296.3814302238452,100253.17121592845
2015-07-27,Quetta,0.0,0.16182296518978925,295.4924689778681,100378.30814336668
2015-07-28,Quetta,0.0,0.2190179940071519,294.6768810602345,100314.69315640972
2015-07-29,Quetta,0.0,0.22055572743716376,295.1968883790381,100248.92932043225
2015-07-30,Quetta,3.5664830680925146,0.20016863557034636,295.67967235264103,100294.11774968058
2015-07-31,Quetta,0.0,0.17920209536966716,296.7456411605392,100178.19310237434
2015-08-01,Quetta,0.0,0.14768835619049675,297.5145830974763,100359.36336004044
2015-08-02,Quetta,0.0893885556112156,0.12003245349907865,296.73495190946954,100615.56762856682
2015-08-03,Quetta,0.0,0.09934102153182357,297.9090416675938,100604.45183454001
2015-08-04,Quetta,0.0,0.07995238464979336,299.24005999671795,100431.41091034918
2015-08-05,Quetta,0.0,0.0649443904003725,299.66138323331677,100234.58502076234
2015-08-06,Quetta,0.0,0.05462587671751056,299.36045739645556,100206.70675335392
2015-08-07,Quetta,0.0,0.047093244462714574,299.9013877253881,100338.27582889693
2015-08-08,Quetta,0.0,0.04094180932984576,300.238331425075,100361.84489166313
2015-08-09,Quetta,0.0,0.039405512162597967,299.6070901079842,100242.95221385219
2015-08-10,Quetta,0.0,0.043553683764551356,298.39404684249826,100377.83218084539
2015-08-11,Quetta,0.0,0.049561647981625295,297.6577236722286,100707.33901964435
2015-08-12,Quetta,0.0,0.04600304496890774,297.67281704873943,100757.17234774276
2015-08-13,Quetta,0.0,0.03724041940406398,297.6762663447539,100675.65875825168
2015-08-14,Quetta,0.0,0.03323499269068479,297.5005847779273,100597.24047726786
2015-08-15,Quetta,0.0,0.03216655098667608,297.1139229636596,100653.75318702088
2015-08-16,Quetta,0.0,0.031839460300356726,297.41252337696756,100709.18942477638
2015-08-17,Quetta,0.0,0.028289805817915455,297.6444382696895,100572.9786714757
2015-08-18,Quetta,0.0,0.025535768577146758,298.98299657822736,100614.01951687608
2015-08-19,Quetta,0.0,0.022941202296918258,300.09448866069204,100585.60205946545
2015-08-20,Quetta,0.0,0.021123857146159677,300.2440463155889,100406.69032873721
2015-08-21,Quetta,0.0,0.020447444493360365,299.0982630825527,100373.51191625849
2015-08-22,Quetta,0.0,0.022952252549924744,298.0101386763113,100357.34558587093
2015-08-23,Quetta,0.152888771094496,0.03116790167111557,297.38342807022434,100430.78164475082
2015-08-24,Quetta,0.0,0.03554522192119406,296.36335041260594,100616.44662239138
2015-08-25,Quetta,0.0,0.032119857380838314,297.9607996951118,100588.6899369144
2015-08-26,Quetta,0.27251235730400275,0.031584689623926396,299.54784510537195,100519.72129392033
2015-08-27,Quetta,0.0,0.04088566799044674,299.6273216715026,100596.12641476786
2015-08-28,Quetta,0.0,0.03585795242768805,297.7873572499992,100739.94610492974
2015-08-29,Quetta,0.0,0.029020520545487222,296.4930866510932,100732.57440827298
2015-08-30,Quetta,0.0,0.02400180277263893,294.5775027529072,100725.77376304299
2015-08-31,Quetta,0.0,0.021108312027350123,294.6273845747122,100802.1093513096
2015-09-01,Quetta,0.0,0.019615967277773802,295.3551252939373,100689.41903481686
2015-09-02,Quetta,0.0,0.018894459726050927,295.7367605280621,100642.57880882663
2015-09-03,Quetta,0.0,0.018969887685261273,295.58610333634954,100935.44108363499
2015-09-04,Quetta,0.0,0.0236361268458889,294.22736509480166,101348.0700646827
2015-09-05,Quetta,0.0,0.023551364684226767,294.95701685071987,101263.01683294293
2015-09-06,Quetta,0.0,0.020045300645627886,294.42876108809673,101131.03513202725
2015-09-07,Quetta,0.0,0.018755000069492045,294.0028136406398,101081.01808933132
2015-09-08,Quetta,0.0,0.020952278410149603,293.6489295409689,101159.10508837303
2015-09-09,Quetta,0.0,0.020472470965323133,295.13072843327404,101143.94804408005
2015-09-10,Quetta,0.0,0.01873544793721967,296.0062977586668,101257.82319580491
2015-09-11,Quetta,0.0,0.018049275399879047,296.42644998497343,101241.7968153748
2015-09-12,Quetta,0.0,0.01776532690339573,296.3394746126418,101201.08679461239
2015-09-13,Quetta,0.0,0.017596558392690975,296.2529779692632,101252.04916045569
2015-09-14,Quetta,0.0,0.017529389827106577,294.97316837421266,101055.3835277364
2015-09-15,Quetta,0.0,0.017425608702642825,294.70382696685687,100916.26986717418
2015-09-16,Quetta,0.0,0.07708574855009442,293.60231160182803,100994.44631787691
2015-09-17,Quetta,0.0,0.11059306860105474,293.5654863835625,101067.12393899063
2015-09-18,Quetta,0.0,0.08560567412844852,294.5771877770582,101111.9206864885
2015-09-19,Quetta,0.0,0.06418253143154572,294.7362445322237,101009.36824238714
2015-09-20,Quetta,0.0,0.04731721928957707,291.6341864790908,101005.471263043
2015-09-21,Quetta,0.0,0.0398880109077553,290.46365581882867,100858.15058400766
2015-09-22,Quetta,0.0,0.03460404326196828,290.18008542318086,100799.22688857537
2015-09-23,Quetta,0.0,0.027087636944382536,291.467101617972,101022.88964624147
2015-09-24,Quetta,0.0,0.022560190918904557,292.94559251047673,100962.80670224658
2015-09-25,Quetta,0.0,0.020038090586188436,291.93281114815414,100902.76119676318
2015-09-26,Quetta,0.0,0.01884502724989242,291.0545003993452,101079.27106154173
2015-09-27,Quetta,0.0,0.01833089309683718,290.73906086377406,101316.25901059412
2015-09-28,Quetta,0.0,0.01809119946438099,291.18938190921597,101429.12533166521
2015-09-29,Quetta,0.0,0.017903138376785088,291.7527981972465,101676.64787106047
2015-09-30,Quetta,0.0,0.017806622550136868,292.63025592715127,101928.50937659707
2015-10-01,Quetta,0.0,0.017720750010467128,293.03671883617204,101918.72497524487
2015-10-02,Quetta,0.0,0.017601329558684965,293.8966311349602,101753.22669213159
2015-10-03,Quetta,0.0,0.017525014644451664,293.9905833127454,101478.30358469971
2015-10-04,Quetta,0.0,0.017436575014979788,293.2633071529858,101441.99497843906
2015-10-05,Quetta,0.0,0.017692277811928808,292.3951113522043,101488.82414980831
2015-10-06,Quetta,0.0,0.01766222776708652,292.24482600414063,101471.76957889693
2015-10-07,Quetta,0.0,0.01741168213323868,292.1825677647935,101562.66912665032
2015-10-08,Quetta,0.0,0.017249385697268933,293.46887465442865,101448.70450143736
2015-10-09,Quetta,0.0,0.017159331395909052,294.39249114518,101106.27057016609
2015-10-10,Quetta,0.0,0.017095277299940544,294.9999479511523,101042.47085631384
2015-10-11,Quetta,0.0,0.017024812238044442,295.10794826158804,101345.64587334963
2015-10-12,Quetta,0.0,0.016959751352270094,294.8789083336346,101570.53566812181
2015-10-13,Quetta,0.0,0.016891304765622228,293.8432387852059,101553.70173126062
2015-10-14,Quetta,0.0,0.01685529272370823,293.10863782255586,101654.35489326021
2015-10-15,Quetta,0.00111451631510278,0.019292394582823166,292.0535120211185,101777.16953444415
2015-10-16,Quetta,0.0,0.024389548986760958,292.0737507925298,101901.13533352852
2015-10-17,Quetta,0.10036933491542756,0.03169118290933137,291.56246270170516,101792.55470533427
2015-10-18,Quetta,0.0,0.04865480573525281,289.0433547494897,101872.3439073147
2015-10-19,Quetta,0.0,0.054289477909917755,287.3674426383041,101939.78779014052
2015-10-20,Quetta,0.0,0.04379930865554765,285.9044433451648,101840.8377938671
2015-10-21,Quetta,0.0,0.03547356154416377,286.97291234576915,101791.19943143098
2015-10-22,Quetta,0.0,0.02997054865250593,288.65905176902476,101832.02701740844
2015-10-23,Quetta,0.17917260366058832,0.026637892498339137,289.50934032182374,101700.58991455492
2015-10-24,Quetta,0.036571156486132676,0.0294951863156199,288.1366276679833,101534.95716194634
2015-10-25,Quetta,0.0,0.03329210720029761,285.118372710584,101770.70833661624
2015-10-26,Quetta,0.005388171636266236,0.0291167874311873,285.0953495853561,102014.5355014906
2015-10-27,Quetta,0.02964729090971678,0.026368210341428104,284.5128816449298,102002.89995501489
2015-10-28,Quetta,0.09297180053931889,0.024591516259717082,286.16429277860857,101981.76015598376
2015-10-29,Quetta,5.117259213514182,0.02356845283833232,287.488762922617,101966.63205573893
2015-10-30,Quetta,0.0,0.02298527658561086,287.78045535150926,101940.71319607111
2015-10-31,Quetta,0.0,0.022699096545382415,287.1343399465933,101873.3891567291
2015-11-01,Quetta,0.0,0.022673638282615576,286.4962095477025,101882.31164661412
2015-11-02,Quetta,0.0,0.02704040847942952,285.7946514798132,101994.31002581984
2015-11-03,Quetta,0.0,0.0313543761609157,285.92760381127806,101921.34705999786
2015-11-04,Quetta,0.0,0.028313502084795945,283.1492527411404,101892.9855302385
2015-11-05,Quetta,0.0,0.02633780005572533,281.4107199587109,102031.09717179512
2015-11-06,Quetta,0.0,0.02490767321351033,282.7284873757478,101871.75934971249
2015-11-07,Quetta,0.0,0.023888435493742196,284.6319123255023,101846.78923551958
2015-11-08,Quetta,0.0,0.026969244316313354,284.94747665431265,101921.19484880747
2015-11-09,Quetta,0.0,0.048089921941546,284.0453020073512,101829.57966114776
2015-11-10,Quetta,0.0,0.05965760607397194,284.7939647506463,101710.96259422907
2015-11-11,Quetta,0.0,0.1908647470078909,284.8570320446957,101852.53974126915
2015-11-12,Quetta,0.0,0.20825396135407104,286.4057868493515,101848.04188884154
2015-11-13,Quetta,0.0,0.2332132338177812,284.2411273798598,102066.93524142887
2015-11-14,Quetta,0.0,0.20491123953304247,282.6812127414337,101688.40518313456
2015-11-15,Quetta,0.0,0.1806421516890689,282.1652579031256,101875.53867360519
2015-11-16,Quetta,0.0,0.1601544481891586,281.2286955972612,102087.14369277042
2015-11-17,Quetta,0.0,0.14179886466464417,282.51985137033984,101900.46176133941
2015-11-18,Quetta,0.0,0.12415800429284068,285.0346939648827,101867.01425654812
2015-11-19,Quetta,0.0,0.10777389626012888,284.84711349162376,101961.72907900339
2015-11-20,Quetta,0.0,0.09325383463073761,283.61604961102836,101836.44056750425
2015-11-21,Quetta,0.0,0.08060940313041379,282.8158610884728,101746.35731180788
2015-11-22,Quetta,1.0381346683648416,0.07595271921239066,282.09138932682447,101876.34641343694
2015-11-23,Quetta,0.0,0.0699856047058972,279.4058111074038,102207.95068382665
2015-11-24,Quetta,0.0,0.061532812383891106,279.0628235699007,102308.4510056431
2015-11-25,Quetta,0.0,0.05443598877767619,277.95363013883264,102309.51247471248
2015-11-26,Quetta,1.3983170477495077,0.04929670640381139,277.03030051777796,102287.23479344117
2015-11-27,Quetta,0.0,0.04471138596196257,279.20691725324184,101893.28181484238
2015-11-28,Quetta,0.0,0.04029648983905018,280.37600339769295,101939.87041338372
2015-11-29,Quetta,0.0,0.03640477314244471,281.07702074366085,102165.29582783216
2015-11-30,Quetta,0.0,0.0332832683885998,281.76552721520693,102197.73651325594
2015-12-01,Quetta,0.0,0.031000085621649135,280.77321729253885,102158.604165247
2015-12-02,Quetta,0.0,0.029254691900007432,282.07640491392453,102177.83219096038
2015-12-03,Quetta,0.0,0.027670009381252567,285.8076046150288,102026.16679966991
2015-12-04,Quetta,0.0,0.026287777157143914,286.94913645881337,101689.37990736794
2015-12-05,Quetta,0.0,0.0252891203248318,286.5035229555441,101751.94070698465
2015-12-06,Quetta,0.0,0.024697874785146533,284.97501553823037,101838.69613527469
2015-12-07,Quetta,3.289329267661047,0.02434056699580592,283.82099939223923,101811.96417669287
2015-12-08,Quetta,2.2015640346520593,0.025207329554560516,282.4269961323865,101674.39380856045
2015-12-09,Quetta,0.6255875669346147,0.0609235866878061,274.79159044030723,102118.30876410771
2015-12-10,Quetta,0.0,0.06049406949530127,273.5957949195267,102303.61250292798
2015-12-11,Quetta,0.0,0.057267280721583214,273.0638932986587,102288.0700859774
2015-12-12,Quetta,0.0,0.05446872786999017,275.1722987859618,101941.04804913753
2015-12-13,Quetta,0.0,0.051988181699615235,275.3925182528821,102075.81623828791
2015-12-14,Quetta,0.0,0.04958678057625644,276.7917952335754,102148.43055818781
2015-12-15,Quetta,0.0,0.046901264894692325,278.61402722312647,101666.5715803343
2015-12-16,Quetta,1.1959457982500323,0.04405305369613792,277.0877355739548,101736.1751495954
2015-12-17,Quetta,0.0,0.04162517255168959,275.8029509282804,102270.52200117122
2015-12-18,Quetta,0.0,0.03926218592802412,277.2378572523129,102206.10437712945
2015-12-19,Quetta,0.0,0.0368265956724861,277.37631306147324,102139.02508065372
2015-12-20,Quetta,0.0,0.03485100147739047,275.83936845514046,102342.0824467632
2015-12-21,Quetta,0.013514461874758769,0.03308393919217458,277.44765160230804,101953.33888814946
2015-12-22,Quetta,0.0,0.031904158020886024,276.00636308842246,102424.03291657793
2015-12-23,Quetta,0.0,0.03123508117606466,273.8850625212202,102804.52818888408
2015-12-24,Quetta,0.0,0.030217243023449435,277.81911182955946,102456.13862888624
2015-12-25,Quetta,0.0,0.03528144743278717,280.5208964248301,102292.38232671419
2015-12-26,Quetta,1.7365327919483995,0.09389071322110205,279.56680851838297,102461.63077007025
2015-12-27,Quetta,0.0,0.0981041537083935,279.9012647031128,102631.77126197824
2015-12-28,Quetta,0.0,0.08892366737482693,278.7821814940936,102816.60947135855
2015-12-29,Quetta,0.0,0.07971082218393286,278.30132140138466,102461.09319553876
2015-12-30,Quetta,0.0,0.07111865206647504,278.9582856518703,102125.1209420251
2015-12-31,Quetta,6.876644408568815,0.06345733896024792,279.73493688211886,102222.58558853278
2016-01-01,Quetta,0.0,0.056021126958878474,282.53082100464763,102249.22398823466
2016-01-02,Quetta,0.0,0.0489694891024692,283.69002824942544,102201.7497987649
2016-01-03,Quetta,17.59593190272784,0.06233238248375577,283.455185210376,102015.37184225932
2016-01-04,Quetta,0.0,0.07685049322367658,280.6785630089555,102128.3351554514
2016-01-05,Quetta,6.348053285299816,0.06821392958303665,279.01016225170366,102010.84318063242
2016-01-06,Quetta,2.4960753216979037,0.0664755189885882,279.0051741010069,101834.71578364565
2016-01-07,Quetta,0.0,0.0642881992389911,279.70758432248545,102139.6277305153
2016-01-08,Quetta,0.0,0.05672914486592081,280.3968656143284,102175.61754045993
2016-01-09,Quetta,0.12567789753616565,0.049495294279567496,282.40660132088095,101715.38142967418
2016-01-10,Quetta,0.0,0.043259502499703305,282.1059858707512,101639.91880962519
2016-01-11,Quetta,1.5632956879630402,0.04384423822926095,279.17939382775126,101884.11371060475
2016-01-12,Quetta,0.0,0.04316217910965893,275.50333159165666,102069.23522093266
2016-01-13,Quetta,0.0,0.03923698856368919,278.6665265360479,101742.79981260646
2016-01-14,Quetta,0.0,0.03573649090707875,278.2402460629637,101802.39611451229
2016-01-15,Quetta,0.0,0.03290066878813222,278.969667438938,101840.96408086664
2016-01-16,Quetta,0.0,0.03066902128151366,279.0607754300848,101657.56256122231
2016-01-17,Quetta,0.0,0.029041159400744972,278.38007126049433,101634.57220586667
2016-01-18,Quetta,0.0,0.027965514330888303,276.3718909607715,101854.87140997656
2016-01-19,Quetta,1.5675392772310632,0.02711906207819543,277.2477559480769,101972.57612116695
2016-01-20,Quetta,0.0,0.026257083704361896,278.84500355852117,102054.03246859029
2016-01-21,Quetta,0.0,0.02551311687878898,279.3972855079128,102128.04389959536
2016-01-22,Quetta,0.0,0.024953865016610146,279.3727886214246,102060.41815747444
2016-01-23,Quetta,0.0,0.024518614968814884,280.07471468066007,102084.14902390329
2016-01-24,Quetta,0.0,0.024133969663829035,281.29952043384907,101903.09709167373
2016-01-25,Quetta,0.7360563080152416,0.023801636725647207,283.4876636923202,101397.04934864775
2016-01-26,Quetta,0.0,0.02385139530318356,283.7928317738173,101308.90495421633
2016-01-27,Quetta,0.0,0.02573240157760456,282.880744714558,101503.5337164608
2016-01-28,Quetta,0.0,0.17587342718796997,282.15977256584296,101600.8379650234
2016-01-29,Quetta,1.8207520202558733,0.30617822739158657,279.0668241433484,101869.88355302386
2016-01-30,Quetta,0.0,0.26865864363263653,276.1950688963788,102192.73668627553
2016-01-31,Quetta,0.0,0.23901560270535815,274.98178025786655,102364.84497843908
2016-02-01,Quetta,0.0,0.21720329399477137,274.9571799778326,102339.39373722314
2016-02-02,Quetta,0.0,0.1983041470650582,276.4710650474899,102222.52972050679
2016-02-03,Quetta,0.0,0.18052945643375712,278.6637708872111,102038.88309279173
2016-02-04,Quetta,0.0,0.16274183064276077,279.58908849738935,101873.12702672485
2016-02-05,Quetta,4.464843141264971,0.14627000456706568,278.149311418376,101886.54647146506
2016-02-06,Quetta,0.09512358327537418,0.1311332962365396,277.67666787354915,101769.35057096463
2016-02-07,Quetta,0.0,0.11621336833514126,279.7867545927305,101897.97725963582
2016-02-08,Quetta,0.0,0.10138127369747994,280.42283912160445,101752.99483150548
2016-02-09,Quetta,0.14851947009461902,0.08770555027231167,280.37305800806706,101465.71141689733
2016-02-10,Quetta,0.0,0.07742612062158533,274.99041878691054,101848.59443036624
2016-02-11,Quetta,0.0,0.06932615827119605,272.6586701221021,101871.0913910775
2016-02-12,Quetta,0.7051519576045071,0.06363666900513455,274.32174247884666,101788.5917349872
2016-02-13,Quetta,0.0,0.05784475689378401,274.82217614216665,102126.00652683132
2016-02-14,Quetta,0.0,0.0520814755692663,275.655203075073,102226.2792224766
2016-02-15,Quetta,0.0,0.046823736512478176,277.26734419463634,102209.3656707836
2016-02-16,Quetta,0.0,0.042151105188632965,278.4250723830252,102230.65085258728
2016-02-17,Quetta,0.0,0.03827476718085927,279.52648910106535,102169.97585311966
2016-02-18,Quetta,0.0,0.03511128856132547,280.2485579179266,101966.51822668225
2016-02-19,Quetta,2.7115478554373094,0.03262497121539056,280.8652168936784,101937.87588373084
2016-02-20,Quetta,0.0,0.030779343626162036,280.8919430736951,102182.7961384689
2016-02-21,Quetta,0.0,0.02926370810270985,282.9038506957904,101999.07697508516
2016-02-22,Quetta,0.0,0.02792735994979105,283.77768193463186,102181.31812659709
2016-02-23,Quetta,0.0,0.02688944641667834,283.9931801880765,102024.25269351574
2016-02-24,Quetta,0.0,0.025940341072147505,285.4083704226755,101648.24415247016
2016-02-25,Quetta,0.0,0.025202585986092443,285.7234956042297,101700.85526298976
2016-02-26,Quetta,0.0,0.02462616586333171,287.0686846483219,102056.19405185261
2016-02-27,Quetta,0.0,0.024230352636767274,288.5206795110923,102083.1810940162
2016-02-28,Quetta,0.8846200610750576,0.036598751516520873,286.0995676441182,102165.53892009154
2016-02-29,Quetta,0.6057956095245464,0.052827122616266944,286.101220963157,102055.89985200166
2016-03-01,Quetta,6.42211594505245,0.0805772904846087,285.0500432101437,101924.81642781086
2016-03-02,Quetta,15.18076116625251,0.15205659691953038,283.49453807910953,101925.58380909283
2016-03-03,Quetta,1.3296336557755475,0.21100207047730535,282.167910618433,101966.3869825383
2016-03-04,Quetta,0.0,0.2543874725003869,280.25639703168986,101798.25682628831
2016-03-05,Quetta,0.0,0.2379865386850247,281.3673712589279,101596.71357644803
2016-03-06,Quetta,0.0,0.21324951817405824,282.09367609391217,101686.62262670358
2016-03-07,Quetta,0.0,0.19589216291870604,282.9404687603109,101713.96365231047
2016-03-08,Quetta,8.965366416537984,0.2200310627267415,282.9878755739069,101598.165976629
2016-03-09,Quetta,0.0,0.244493635481965,283.28680939643516,101572.66039954213
2016-03-10,Quetta,15.362708881270942,0.31980778808420474,281.69845583268545,101488.22468350721
2016-03-11,Quetta,0.022123516024275976,0.3519614453724607,281.0965888370509,101467.34372018736
2016-03-12,Quetta,0.0,0.33379637103538357,280.5039548790068,101350.84551054088
2016-03-13,Quetta,0.0,0.2970079526191811,281.4382544246849,101501.83393286838
2016-03-14,Quetta,0.0,0.26849139203272504,282.727487459719,101696.3591900021
2016-03-15,Quetta,0.0,0.25415670003896396,283.42318115182394,101696.15166737647
2016-03-16,Quetta,12.936031660343147,0.2843983976113937,283.540771354056,101386.45629312177
2016-03-17,Quetta,0.0,0.29881766896028517,284.723769588698,101092.55626597101
2016-03-18,Quetta,0.0,0.2694418155165437,285.06048639725293,101170.6944873296
2016-03-19,Quetta,0.0,0.23548885852352333,284.82165334984217,101264.89310264052
2016-03-20,Quetta,0.0,0.20387477164238713,283.6615769042618,101755.97920437608
2016-03-21,Quetta,0.0,0.17689458793973728,284.4025566298199,101876.08370528107
2016-03-22,Quetta,5.459770646802001,0.15354064285044378,287.7838844403726,101580.58102161411
2016-03-23,Quetta,1.9023835622959686,0.1342050210756716,288.0274185991694,101424.4388130856
2016-03-24,Quetta,4.386831256323818,0.15209767330241158,285.0272823847564,101801.0284319101
2016-03-25,Quetta,0.0,0.14236933002547736,282.9471755827645,102142.7765872551
2016-03-26,Quetta,0.0,0.12142322663757214,284.24012320856957,102081.94268180364
2016-03-27,Quetta,0.0,0.10332757918419035,287.12164819075116,101791.92680579216
2016-03-28,Quetta,0.9412698752632334,0.08934888990273326,288.100408194746,101605.80357751278
2016-03-29,Quetta,0.025744864319211573,0.08497167765992672,289.2537508790482,101500.4192339225
2016-03-30,Quetta,8.701572763046576,0.09035862055642571,290.0212216997121,101467.18223035563
2016-03-31,Quetta,21.22489357287067,0.11173115396147627,289.6106416361958,101407.64451634366
2016-04-01,Quetta,0.4383448301182085,0.14781421498911138,289.3211499151245,101233.75737223166
2016-04-02,Quetta,18.19394779585492,0.13772678160789273,287.57725790046516,101414.99651857962
2016-04-03,Quetta,0.7969980935871701,0.14751135462728968,285.5743473381376,101591.66779386708
2016-04-04,Quetta,1.0910782959920176,0.12092068082429282,285.30001859323727,101502.76231340501
2016-04-05,Quetta,0.3941211387692764,0.10177696173872071,286.4787671535735,101272.67241056217
2016-04-06,Quetta,0.0,0.08517109545437465,287.3591840839977,101329.6303569527
2016-04-07,Quetta,0.0,0.07170583301481369,287.7201029691854,101350.49142940798
2016-04-08,Quetta,0.03693568237798583,0.08482553322839162,286.8717697562066,101392.58208821336
2016-04-09,Quetta,0.0,0.09370574983665042,286.92757500734604,101542.40016450168
2016-04-10,Quetta,0.0,0.13074315367335276,285.37412565973267,101702.42819447402
2016-04-11,Quetta,0.0,0.1217423667886052,287.1660114385376,101685.63448067503
2016-04-12,Quetta,0.0,0.09477000527325026,290.358563984487,101419.39353518949
2016-04-13,Quetta,0.0,0.07325301352852384,292.6007184489919,101158.41473594544
2016-04-14,Quetta,0.0,0.05728528383981767,294.34017815693346,101070.90560876274
2016-04-15,Quetta,0.27540031268202664,0.04611994453616465,295.18832507617054,101049.31132958898
2016-04-16,Quetta,0.0,0.04503286174317097,293.37838485700433,100867.57733123931
2016-04-17,Quetta,0.0,0.04290068577122511,291.3258680748057,100996.98124361158
2016-04-18,Quetta,0.02267127747836267,0.06151656913865634,289.2654048755043,101198.73511445908
2016-04-19,Quetta,0.0,0.12878341358537906,288.6764397559525,101316.71949185476
2016-04-20,Quetta,0.0,0.1311729770164338,290.6822981144367,101515.59060769802
2016-04-21,Quetta,0.0,0.11152634366678273,288.74156152780455,101346.68056803664
2016-04-22,Quetta,0.0,0.08500648866790995,287.9291759858356,101163.82586483179
2016-04-23,Quetta,0.0,0.06573999460145599,289.8655518737048,101002.90107751275
2016-04-24,Quetta,0.0,0.05205087621668263,290.12566322361323,100959.99807602215
2016-04-25,Quetta,0.0,0.04355109975664269,290.4147643991846,101120.804759902
2016-04-26,Quetta,0.0,0.03769647090290162,291.86688663697123,101399.07835125641
2016-04-27,Quetta,0.0,0.032955249719224415,292.63449799398484,101396.42233230408
2016-04-28,Quetta,0.0,0.029588481160065842,293.6274823144482,101245.00888814946
2016-04-29,Quetta,0.0,0.02712324050392096,294.308355521484,101223.01686914392
2016-04-30,Quetta,0.0,0.02553181405097225,295.3808885421188,101079.23495235304
2016-05-01,Quetta,1.0581458711786609,0.025158031080203733,296.0021358880339,100927.03452113499
2016-05-02,Quetta,10.342487079597612,0.03289780128821266,293.31493285903184,100915.53734933985
2016-05-03,Quetta,0.12424679411737027,0.03862459926832674,292.3865545555951,101014.42766157365
2016-05-04,Quetta,0.0,0.03844135496712485,291.2113368391462,101124.1357109774
2016-05-05,Quetta,0.0,0.03218847265032326,293.34069627756446,101198.51867041097
2016-05-06,Quetta,0.0,0.026007987872096065,296.28527705117284,101116.67527204
2016-05-07,Quetta,0.0,0.023693021636737612,297.54072681351164,101004.49837201872
2016-05-08,Quetta,0.0,0.025352455130495295,298.36244831680943,101072.07290939092
2016-05-09,Quetta,0.0,0.026859378565582976,298.5131367001379,100987.17624574104
2016-05-10,Quetta,1.1782163966615922,0.02652961633477547,297.81091392166167,101022.42832250847
2016-05-11,Quetta,0.0,0.03498173516017346,296.36438695484105,101065.11795490842
2016-05-12,Quetta,0.0,0.034022152417089245,296.25645652264114,100948.21474126914
2016-05-13,Quetta,0.0,0.0260663248394647,296.60229187436295,100915.9062649063
2016-05-14,Quetta,0.0,0.0236172059257893,296.5928123435996,101091.8248216567
2016-05-15,Quetta,0.0,0.022832753832945415,297.29441913710895,101106.71869489989
2016-05-16,Quetta,0.0,0.02260552509747602,298.11503025641974,100935.84986211668
2016-05-17,Quetta,0.0,0.022480105931348665,299.60657162182713,100756.19230515331
2016-05-18,Quetta,0.0,0.02235566669401291,300.65100851116387,100626.64957783216
2016-05-19,Quetta,0.0,0.022284213948290443,300.0474701065503,100542.4878455068
2016-05-20,Quetta,0.0,0.02224879633628938,299.9386904447122,100439.34016024275
2016-05-21,Quetta,0.0,0.022221634955246445,300.1891193947908,100420.34495607963
2016-05-22,Quetta,0.0,0.022289683500654908,300.0557140507175,100471.28704402679
2016-05-23,Quetta,0.0,0.022368611038441955,296.4220114980134,100665.33475484453
2016-05-24,Quetta,0.0,0.022704819739372585,297.0799899980409,100599.05284976577
2016-05-25,Quetta,0.0,0.02247832883697283,298.5826868453014,100354.52672407366
2016-05-26,Quetta,0.0,0.022298385667773823,300.0291428506515,100369.53960950808
2016-05-27,Quetta,0.0,0.02215194946930259,299.66594206723875,100633.4601338905
2016-05-28,Quetta,0.0,0.022094004477783046,298.3888215141142,100642.37444367548
2016-05-29,Quetta,0.0,0.022072235293716005,298.1430859374135,100506.1622170464
2016-05-30,Quetta,0.0,0.02199170216046431,298.0136942051243,100479.99369303662
2016-05-31,Quetta,0.0,0.021955906501349765,297.6333273647728,100716.72942610731
2016-06-01,Quetta,0.8240065540122009,0.03776708935418636,297.01419244245255,100782.86020842206
2016-06-02,Quetta,0.0,0.04885493733949239,295.4989151978373,100829.06706053023
2016-06-03,Quetta,0.14866035695376548,0.045007652139744926,296.2258106828694,100945.3466687074
2016-06-04,Quetta,0.0,0.032605741285316514,297.70709995765844,100995.4896028535
2016-06-05,Quetta,0.0,0.024664592103887734,299.39186767344177,100936.6724661946
2016-06-06,Quetta,0.008920854462066337,0.022398944683605655,300.26441780917804,100779.42605994464
2016-06-07,Quetta,0.0,0.021939309145631185,301.1000175811402,100548.43188405022
2016-06-08,Quetta,0.0,0.021819826783543612,301.6851175580086,100362.66823866054
2016-06-09,Quetta,0.0,0.021814114832187616,301.2174464989249,100307.75712547913
2016-06-10,Quetta,0.16553159251529878,0.02193902316247787,300.36868127947406,100322.91746113711
2016-06-11,Quetta,0.0,0.02205339315870416,299.85701755573496,100321.35332144378
2016-06-12,Quetta,0.0,0.022070895795589282,299.96255845026036,100241.1725612223
2016-06-13,Quetta,0.0,0.02180346402845755,299.83466710655483,100254.18872391395
2016-06-14,Quetta,0.0,0.021589687028979107,301.0418666640307,100184.961967632
2016-06-15,Quetta,0.0,0.021603100163093136,297.20044185883216,100337.7104668867
2016-06-16,Quetta,0.0,0.021653206504115584,296.06991915146654,100463.69976921847
2016-06-17,Quetta,0.0,0.02156907003078861,297.4403682345249,100565.17877502128
2016-06-18,Quetta,0.0,0.02147539553623318,298.9550889645022,100647.66905344972
2016-06-19,Quetta,0.0,0.02134070028709052,300.24550019216,100602.58016290456
2016-06-20,Quetta,0.0,0.021191014165840395,300.8041748860501,100410.7842280664
2016-06-21,Quetta,0.0,0.02106384788569505,300.64136613116864,100268.62055286413
2016-06-22,Quetta,0.0,0.02185707783306409,299.27022654995295,100459.72411174404
2016-06-23,Quetta,0.020699839169568864,0.0492931857046791,297.57461340952455,100582.10723168655
2016-06-24,Quetta,0.0,0.05210471034659235,298.36228943092055,100435.17880882668
2016-06-25,Quetta,0.0,0.04050284210759627,298.36339137114715,100556.60333262348
2016-06-26,Quetta,1.4437373821536361,0.03236121028746342,298.49992762659303,100510.19918308132
2016-06-27,Quetta,0.8260164377311627,0.0438021338493698,297.46595415868103,100407.54684465501
2016-06-28,Quetta,0.0,0.06326955023033926,296.7282867744873,100606.13042296637
2016-06-29,Quetta,0.09786871122136023,0.08202038656101521,297.4888591953951,100728.4022982325
2016-06-30,Quetta,0.0,0.10750183436899,298.45071111862126,100418.6578771827
2016-07-01,Quetta,0.0,0.09228352379352106,300.4653896354317,99999.7616668441
2016-07-02,Quetta,0.0,0.0688118004135487,300.2852268121515,99852.2838594016
2016-07-03,Quetta,0.0,0.07085867249782893,298.7393564237023,100076.09081452295
2016-07-04,Quetta,0.0,0.06285681129381912,299.4032839168218,100081.37801027467
2016-07-05,Quetta,0.0,0.044562034173691416,301.5276645946771,99936.74669559195
2016-07-06,Quetta,0.07117692279653207,0.03135925245312111,302.3008637354524,99939.4344495315
2016-07-07,Quetta,0.0,0.02456249800275363,300.6666792260537,100125.38394910558
2016-07-08,Quetta,0.0,0.022962145179865508,301.7619407103156,100026.71193542375
2016-07-09,Quetta,1.6555937865280006,0.027686681947810994,301.41343126144255,99881.60969016183
2016-07-10,Quetta,0.008940657919472688,0.039439339602555405,298.4928789549723,100009.2923629152
2016-07-11,Quetta,0.0,0.038363163182845106,299.505670479423,100039.65570911413
2016-07-12,Quetta,0.0,0.03980547303303202,299.7399232781413,100222.46331824956
2016-07-13,Quetta,0.20503469173099959,0.039381560282839866,299.69866440521184,100241.8235934838
2016-07-14,Quetta,0.0,0.04233179671868618,299.5177184608021,100172.86193329426
2016-07-15,Quetta,0.6078943733096731,0.035690018796298,299.6737024941734,100219.05786600297
2016-07-16,Quetta,0.0,0.03872437630371235,299.14865005727137,100188.2723866056
2016-07-17,Quetta,0.0,0.08343674375413832,297.657962896378,100317.77833102638
2016-07-18,Quetta,0.042338611969955926,0.1500134049025129,296.5700548723733,100378.69666817503
2016-07-19,Quetta,0.0,0.14491520612501138,297.2710607961711,100436.4521552917
2016-07-20,Quetta,0.0,0.10777650060875721,299.49769959180617,100414.17888255959
2016-07-21,Quetta,0.0,0.07750496263736892,300.4801039074577,100276.18167057067
2016-07-22,Quetta,0.0,0.05610786193206458,300.0561979061387,100109.80484561328
2016-07-23,Quetta,0.0,0.06065860234899045,297.5261453259202,100412.62794878615
2016-07-24,Quetta,0.0,0.08202115532757544,297.0753465920859,100703.64457037898
2016-07-25,Quetta,0.0,0.07694019315460739,298.4089355814045,100611.28543760648
2016-07-26,Quetta,0.0,0.06019728067583282,299.098728319002,100549.11058906515
2016-07-27,Quetta,0.8353722925039937,0.0636404462919392,299.02220570340586,100523.58442051745
2016-07-28,Quetta,0.0,0.08274036580767556,298.00747485384505,100586.76193915028
2016-07-29,Quetta,0.0,0.07758278215831814,298.8583769675778,100336.51653614777
2016-07-30,Quetta,0.0,0.0735000912104731,298.9184327095547,100328.09225511072
2016-07-31,Quetta,0.0,0.06798025400918835,299.24875245669944,100405.52200037264
2016-08-01,Quetta,0.0,0.053736886734450665,297.5373612048503,100261.43897226361
2016-08-02,Quetta,0.0,0.04861722373204231,297.4313784420049,100141.66431005107
2016-08-03,Quetta,0.41670875138277896,0.04815102474856006,296.94410776271536,100317.44574451658
2016-08-04,Quetta,0.0,0.049487632435198096,296.7541090915555,100447.5942530877
2016-08-05,Quetta,0.9428561343305966,0.05939784236823477,296.7018187684594,100483.03045677171
2016-08-06,Quetta,0.781172622960105,0.11887793522000237,296.346724944973,100466.43678023848
2016-08-07,Quetta,2.4404527764507207,0.13992003222611174,297.43052131652803,100411.59901538542
2016-08-08,Quetta,3.2930495084245925,0.12779094481590042,298.120186360547,100438.34965795356
2016-08-09,Quetta,0.0,0.10805191455951543,298.72313945447496,100263.4944080068
2016-08-10,Quetta,0.0,0.08799793457863071,297.51846701137316,100297.23459806216
2016-08-11,Quetta,0.0,0.08155353236374427,296.51072867134053,100562.37114831767
2016-08-12,Quetta,0.0,0.07270522053169969,296.79695169547426,100605.61414129044
2016-08-13,Quetta,0.0,0.06211113342163848,297.61287478306696,100486.67101043438
2016-08-14,Quetta,0.0,0.055549660530501886,296.296122125109,100373.47589837093
2016-08-15,Quetta,0.0,0.04890995749149178,295.86393325186145,100346.6653122338
2016-08-16,Quetta,0.0,0.04011576066025271,296.92382904893213,100166.98322056003
2016-08-17,Quetta,0.0,0.034344213270179835,296.1513298026436,100249.80485785774
2016-08-18,Quetta,0.0,0.0543585162837014,294.87235326252477,100567.31719122652
2016-08-19,Quetta,0.0,0.056967411160401375,296.70102762832056,100520.47624813669
2016-08-20,Quetta,0.0,0.040676917509894536,297.14552603353906,100505.7082314736
2016-08-21,Quetta,0.0,0.03756717519418949,296.0935548522622,100604.75681351147
2016-08-22,Quetta,0.0,0.03902344865598577,296.5348153019759,100742.07009981899
2016-08-23,Quetta,0.0,0.03773691977783068,296.0199174143389,100786.30012297697
2016-08-24,Quetta,0.0,0.03448244067770999,296.1468854630147,100697.44620954001
2016-08-25,Quetta,0.0,0.030209088647724317,296.2573399133807,100929.4757109774
2016-08-26,Quetta,0.0,0.02685790612709787,296.5937036645334,100957.6414855728
2016-08-27,Quetta,0.0,0.026844767495219756,296.21439621855467,101004.22881521504
2016-08-28,Quetta,0.0,0.04073378429163725,295.3123742530645,101090.68022625636
2016-08-29,Quetta,0.0,0.04252259104445467,296.3582483105115,100765.08924377126
2016-08-30,Quetta,0.0,0.03605958985172163,295.1776046315353,100521.87791391608
2016-08-31,Quetta,0.0,0.05642443406182483,292.50824013107257,100726.94726682281
2016-09-01,Quetta,0.0,0.05833202437877927,292.98974694961987,100666.01158778748
2016-09-02,Quetta,0.0,0.04678006929812411,295.02998657750777,100586.86429115203
2016-09-03,Quetta,0.0,0.03415013444890764,296.48552480607754,100524.63464970187
2016-09-04,Quetta,0.0,0.026613911353072835,295.8273073718681,100624.55205147994
2016-09-05,Quetta,0.0,0.02422552341632313,296.319814818348,100667.03670836877
2016-09-06,Quetta,0.0,0.02285194035215447,296.47668629279667,100719.70528827726
2016-09-07,Quetta,0.0,0.021670844074273096,295.7788363632731,100750.54376543869
2016-09-08,Quetta,0.0,0.02130996478815635,295.7476481966779,100934.49268659492
2016-09-09,Quetta,0.0,0.02126779485872563,296.8514126088251,100976.81778694631
2016-09-10,Quetta,0.0,0.02066170475281212,297.8103941985979,100796.37954109877
2016-09-11,Quetta,0.0,0.02051249448309427,296.669172795137,100683.98228492332
2016-09-12,Quetta,0.0,0.02860649221529681,293.97662691037266,100838.27497843908
2016-09-13,Quetta,0.0,0.04056527423154622,293.61221968478054,101064.39488447612
2016-09-14,Quetta,0.0,0.05912730102712356,293.1258325922727,101193.74131734454
2016-09-15,Quetta,0.0,0.06020295164247995,294.1159465596136,101072.37072535131
2016-09-16,Quetta,0.0,0.0432519711478741,295.50209758466093,100974.97799909498
2016-09-17,Quetta,0.0,0.031776505253113256,296.05108071240016,100796.10490763412
2016-09-18,Quetta,0.0,0.025935601251224138,295.2672520491833,100936.31038197402
2016-09-19,Quetta,0.0,0.02254396203564759,296.2625925040474,100928.12359002339
2016-09-20,Quetta,0.0,0.020431070430653803,297.1220441161226,100784.0692765119
2016-09-21,Quetta,0.0,0.019651298761232415,296.7805780877582,100878.55753380533
2016-09-22,Quetta,0.0,0.02272201876014827,296.05288550906005,101046.30696816438
2016-09-23,Quetta,0.0,0.022811229322391227,295.49232368638184,100828.84796156302
2016-09-24,Quetta,0.0,0.02059963739710325,294.889955172823,100726.95655398206
2016-09-25,Quetta,0.0,0.019634122615643068,295.1300021610554,100903.40627129472
2016-09-26,Quetta,0.0,0.019209170019267825,296.0292919819631,101066.2075143739
2016-09-27,Quetta,0.0,0.01896581624868849,297.2256953252113,101081.38454535771
2016-09-28,Quetta,0.0,0.018838402392307777,296.68122170893986,100983.41197109243
2016-09-29,Quetta,0.0,0.018753860750907788,294.4329175856166,100976.57247817286
2016-09-30,Quetta,0.0,0.018719058797685754,293.7651403994887,101040.14378859664
2016-10-01,Quetta,0.0,0.01863293846515955,294.01685208759824,101224.28684039607
2016-10-02,Quetta,0.0,0.01852383452745269,295.31458582590545,101397.28079030022
2016-10-03,Quetta,0.0,0.018403456567160997,294.7739867637238,101299.2058776086
2016-10-04,Quetta,0.0,0.018351581450012297,293.9556628011153,101138.43864645441
2016-10-05,Quetta,0.0,0.018354982985886982,293.40627383165474,101092.01738580706
2016-10-06,Quetta,0.0,0.018366475752441127,293.1501592521085,101300.9421009902
2016-10-07,Quetta,0.0,0.018365158891217547,292.37143711300206,101426.45479903105
2016-10-08,Quetta,0.0,0.018362729030871255,290.50973789533526,101426.25903907581
2016-10-09,Quetta,0.0,0.018429592074080656,288.1857131837132,101372.44244756174
2016-10-10,Quetta,0.0,0.01844944832069097,289.0545021128612,101306.91645735732
2016-10-11,Quetta,0.0,0.018450911682752768,289.1462613904564,101334.57062766181
2016-10-12,Quetta,0.0,0.01850310963030093,289.21393757033235,101325.93618105837
2016-10-13,Quetta,0.0,0.01849677194728558,289.40048611079317,101446.40873349657
2016-10-14,Quetta,0.0,0.01847792764606289,289.3135770407593,101528.4473251171
2016-10-15,Quetta,0.0,0.018463780491410287,289.6179612844144,101550.61246859028
2016-10-16,Quetta,0.0,0.018457169107657007,290.0399440501535,101606.30019564519
2016-10-17,Quetta,0.0,0.01842950867496384,290.4239041671447,101587.2613407687
2016-10-18,Quetta,0.0,0.018423429594196974,291.37762180287183,101511.82322322187
2016-10-19,Quetta,0.0,0.018453576511987427,290.15317374884177,101490.76969814736
2016-10-20,Quetta,0.0,0.018487375011368278,289.4611551446607,101408.26807069844
2016-10-21,Quetta,0.0,0.01853147431979592,288.4858347975618,101552.97909151405
2016-10-22,Quetta,0.0,0.018580542417631307,288.3360652752021,101712.59131574744
2016-10-23,Quetta,0.0,0.018605024564137592,288.83038429836483,101579.35535083046
2016-10-24,Quetta,0.0,0.01866339651581103,286.8882342400193,101564.90539475082
2016-10-25,Quetta,0.0,0.018750887604886184,284.9808665529993,101780.79990763415
2016-10-26,Quetta,0.0,0.018798848054139602,285.56631465268504,102078.14297780025
2016-10-27,Quetta,0.0,0.018803113084973982,286.8818297725075,102192.0547668228
2016-10-28,Quetta,0.0,0.018825110349378966,286.6903765131327,101939.6940715502
2016-10-29,Quetta,0.0,0.01883455190923929,287.8444607581639,101653.39178928875
2016-10-30,Quetta,0.0,0.018848608342982506,287.54635817225056,101793.37307895014
2016-10-31,Quetta,0.0,0.01890302394886438,287.9413635655521,102070.8533752129
2016-11-01,Quetta,0.0,0.018915536914069442,288.33136665049636,102021.52433613714
2016-11-02,Quetta,0.0,0.018904480010795716,288.04519239578366,101946.26088160134
2016-11-03,Quetta,0.0,0.018934001781803732,288.27768045744926,101999.91220533429
2016-11-04,Quetta,0.0,0.018998802873913635,286.39970931058025,101908.50723301742
2016-11-05,Quetta,0.0,0.01906673357745315,284.5784435104121,101763.93599366478
2016-11-06,Quetta,0.0,0.01914079979155159,284.3477003393656,101899.43508890543
2016-11-07,Quetta,0.0,0.01919778519499918,285.3013849315826,102080.75489698678
2016-11-08,Quetta,0.0,0.019186219015560117,287.47531988599906,101958.4726195166
2016-11-09,Quetta,0.0,0.0192246347066694,286.72974445648424,102100.29720426956
2016-11-10,Quetta,0.0,0.01932653309065534,284.2554481488154,101989.8027802917
2016-11-11,Quetta,0.0,0.019496192477224634,281.2868024020434,102000.6734353705
2016-11-12,Quetta,0.0,0.019594557381434452,282.88526340920015,102149.87078763839
2016-11-13,Quetta,0.0,0.01962709484284468,283.1315811140762,102291.5154447934
2016-11-14,Quetta,0.0,0.019653051875654363,282.7504652098916,102141.02059997868
2016-11-15,Quetta,0.0,0.019655082849939057,284.0904514458313,101982.5196656729
2016-11-16,Quetta,0.0,0.01966748120092925,284.7346727163042,102029.5614030558
2016-11-17,Quetta,0.0,0.019662506216158577,286.1684616811948,102119.83395868824
2016-11-18,Quetta,0.0,0.019622756485773864,286.74655086649454,101965.22384076868
2016-11-19,Quetta,0.0,0.019609666420342488,286.6279817986909,101637.90014773209
2016-11-20,Quetta,0.0,0.019619345136964155,285.6234338424395,101609.8068233603
2016-11-21,Quetta,0.0,0.01973000021159547,280.5563646104457,102060.98377715076
2016-11-22,Quetta,0.0,0.019913174609173957,279.04154357442223,102143.29460125638
2016-11-23,Quetta,0.0,0.020029682222243956,279.0735447802481,102014.81285961453
2016-11-24,Quetta,0.6667706665919626,0.020102575433179788,279.7963654007658,102193.7642033113
2016-11-25,Quetta,0.0,0.02015818451291658,281.29323207762076,102247.60995368398
2016-11-26,Quetta,0.0,0.020217219216792433,280.5413379436537,102360.13327033646
2016-11-27,Quetta,0.0,0.020292869537544125,282.9146488842592,102181.87013202722
2016-11-28,Quetta,0.0,0.0202506333004,284.65264029837005,101947.84997710818
2016-11-29,Quetta,0.8756982960205467,0.02023033625154857,284.48988973376004,101927.19447242329
2016-11-30,Quetta,0.0,0.020250875591080957,283.6699008226367,102080.47285482321
2016-12-01,Quetta,0.0,0.020292173209073935,283.2423809676247,102199.08789421848
2016-12-02,Quetta,0.0,0.020275234241907986,284.4570501440806,102233.19660508943
2016-12-03,Quetta,0.0,0.020238191126964775,286.6667585865738,102193.4904618292
2016-12-04,Quetta,0.0,0.02020254877059043,287.6914672801738,102253.69303236797
2016-12-05,Quetta,0.0,0.02019870459119547,286.69786782463456,102161.90813751062
2016-12-06,Quetta,0.0,0.020197688118427193,286.9545726319918,102026.88612489351
2016-12-07,Quetta,0.0,0.02020333685975124,286.7358580319061,101915.25154732748
2016-12-08,Quetta,0.0,0.020231776261857674,285.2462303081037,101738.26620581342
2016-12-09,Quetta,0.0,0.020319931771117537,283.64715557737406,101357.16007053872
2016-12-10,Quetta,5.489401003311194,0.02337068675797749,278.77964237839166,101677.26849180153
2016-12-11,Quetta,0.13497775388941852,0.023727394463594904,279.27528295323066,101636.37168787263
2016-12-12,Quetta,0.8034225081097733,0.025551052429268546,280.12449427681025,101688.22181590713
2016-12-13,Quetta,0.0,0.024949135896768303,278.99245227382625,101993.04919559199
2016-12-14,Quetta,0.0,0.02417483011881511,281.0174777874576,101987.21689735944
2016-12-15,Quetta,0.0,0.023538934100019462,282.1166876423028,101834.2726179195
2016-12-16,Quetta,0.0,0.022983872967643662,283.1890839171533,101837.8840406729
2016-12-17,Quetta,0.4569914682476036,0.022556484510518143,283.1692077750663,101938.79298339006
2016-12-18,Quetta,0.0,0.022240550026576798,282.7288149923033,101900.27602321128
2016-12-19,Quetta,0.0,0.02206831113781732,282.6443733378663,102134.91774515543
2016-12-20,Quetta,0.0,0.02190666562653887,282.9761759765899,102099.25186089223
2016-12-21,Quetta,0.0,0.021758701729544312,284.65274339020647,102121.33756734453
2016-12-22,Quetta,0.0,0.02169051643124634,283.482595113595,102228.21063671206
2016-12-23,Quetta,0.0,0.02169318076225249,281.5850348499997,102051.30870128829
2016-12-24,Quetta,4.137143349468809,0.02181018920326558,276.866020348553,102082.88740763417
2016-12-25,Quetta,0.0,0.021903746895733246,279.4189006044642,102206.04290779388
2016-12-26,Quetta,0.0,0.021852871723164226,283.9477434999899,102110.64092632024
2016-12-27,Quetta,0.0,0.021751574246061577,286.1413336461944,102059.51319633728
2016-12-28,Quetta,7.015509842624046,0.02163156306858701,287.2613703560164,101917.68818302812
2016-12-29,Quetta,0.0,0.02155878163412984,286.23205332316877,102001.38784311115
2016-12-30,Quetta,0.0,0.021578409865388528,283.17687110948543,102107.10795144801
2016-12-31,Quetta,0.0,0.02164390076567408,282.6813055234925,102006.7437233816
2017-01-01,Quetta,0.0,0.021676774747936247,283.7302319284382,101915.96722955703
2017-01-02,Quetta,0.0,0.021830719054794525,283.6223759787115,101851.89227613923
2017-01-03,Quetta,0.0,0.024938482233639928,282.1275517157709,101665.145325543
2017-01-04,Quetta,0.0,0.02624089771207932,282.5208305329425,101599.21264054513
2017-01-05,Quetta,0.0,0.028954379392035753,281.18863261866727,101467.8633472636
2017-01-06,Quetta,0.0,0.03428610930044768,275.28502011001785,101781.3354128513
2017-01-07,Quetta,0.0,0.03220841331416947,272.3802251900492,101946.74404626276
2017-01-08,Quetta,0.0,0.030563039546795432,274.5343183606923,101810.8472133198
2017-01-09,Quetta,0.0,0.029112185857838885,274.88275461546715,101975.61637989777
2017-01-10,Quetta,0.0,0.027935461275012976,275.68174103047494,102056.19214384582
2017-01-11,Quetta,0.0,0.026956815854992665,276.4610636455617,102008.03784976574
2017-01-12,Quetta,0.0,0.026187412623720072,277.34712846373645,101634.90907447824
2017-01-13,Quetta,35.797517105635414,0.04184141610712569,276.5322748415774,101506.67396001914
2017-01-14,Quetta,20.15393556266668,0.11041925780140902,272.09983376342126,101885.77324478274
2017-01-15,Quetta,0.0,0.12766177305777185,270.65264204589545,102286.66880882661
2017-01-16,Quetta,0.0,0.13223244839808532,269.4856034635751,102351.57594921207
2017-01-17,Quetta,0.0,0.13628614398581537,271.2463657996955,102247.94251011495
2017-01-18,Quetta,0.0,0.15081668816934174,269.3102004865812,102711.53116774914
2017-01-19,Quetta,0.0,0.16860275368200375,269.14893896641195,102684.34808906516
2017-01-20,Quetta,0.0,0.20104521069588951,273.41476783054884,102409.22431484239
2017-01-21,Quetta,0.0,0.2554883963407815,276.10092359361965,102223.66864565585
2017-01-22,Quetta,0.7632509696219604,0.2979844124624502,276.52374883843447,102261.74592019801
2017-01-23,Quetta,59.77284517902328,0.3693098942519994,277.0730133541873,102116.78823014266
2017-01-24,Quetta,43.924001819344134,0.41107636407855425,276.95040956821043,102114.14475617545
2017-01-25,Quetta,9.601118540625757,0.3977583459424132,274.07245795016536,102320.14531409707
2017-01-26,Quetta,0.0,0.37661612950963513,273.0310241490397,102434.89769218481
2017-01-27,Quetta,0.0,0.36639611237161446,277.09139269996126,101997.86568409283
2017-01-28,Quetta,22.75933143514993,0.3557864392880076,278.87647745495275,101853.34931164821
2017-01-29,Quetta,0.0,0.3494262256221566,280.82137999275193,101735.14776112647
2017-01-30,Quetta,0.0,0.38219934737526656,278.3542750154632,101895.15565667588
2017-01-31,Quetta,0.0,0.35653562999597505,277.49828032836376,102056.6483515226
2017-02-01,Quetta,3.695032553494077,0.3363763049297342,279.9351321928422,101725.45483257026
2017-02-02,Quetta,11.13063845930148,0.3217228187504711,280.5494981457929,101813.60065640972
2017-02-03,Quetta,17.010121119984973,0.34516461865729997,279.2043876096431,101494.64148610515
2017-02-04,Quetta,0.0,0.387718775790906,270.3158976506454,101840.99123669077
2017-02-05,Quetta,0.0,0.3632496176031352,269.52136178908563,102395.21365869886
2017-02-06,Quetta,0.0,0.3615916470381969,273.81536028128204,102117.78941120101
2017-02-07,Quetta,0.0,0.35875075472951407,276.70164745415286,101842.19301479979
2017-02-08,Quetta,0.0,0.3460920119190812,275.1021564489276,102181.26336030662
2017-02-09,Quetta,0.0,0.333275055850114,275.77096960363434,102242.43710498294
2017-02-10,Quetta,0.0,0.32042693818854334,278.2287092976351,101726.75732485091
2017-02-11,Quetta,0.0,0.30683719645840835,279.4070507679494,101773.92596598167
2017-02-12,Quetta,0.0,0.2937914407395423,279.903383575604,102196.79587494674
2017-02-13,Quetta,0.0,0.2799608458692819,281.09518236176507,102487.44364751916
2017-02-14,Quetta,1.1142142701270834,0.26792689802699443,283.818501108788,102467.30406329852
2017-02-15,Quetta,3.8306900747061987,0.26133775614663196,283.63595667230885,102365.79066066863
2017-02-16,Quetta,2.966136873146134,0.2647928005913857,283.1098798513765,102177.16930020228
2017-02-17,Quetta,1.3902725318038684,0.27124067823159836,282.90974802518684,102082.63116189308
2017-02-18,Quetta,3.308820087580704,0.3427640280433841,282.4521543187624,102090.89832091138
2017-02-19,Quetta,0.0,0.354423405150674,277.6184865236041,102238.97546076446
2017-02-20,Quetta,0.0,0.32151526676938325,274.0672711466713,102035.18488554085
2017-02-21,Quetta,0.0,0.2999381211696193,275.2450172540861,101702.61219149275
2017-02-22,Quetta,0.0,0.28266167349872223,277.9246713730803,101751.16751330918
2017-02-23,Quetta,0.0,0.26607889046525485,279.2987681156309,102042.7350431218
2017-02-24,Quetta,0.0,0.25200873379812955,282.5530946578847,102032.92051346891
2017-02-25,Quetta,0.0,0.23843737752243999,281.4017814690385,102204.70248056855
2017-02-26,Quetta,0.0,0.2240708760657411,280.76732716254384,101791.37855408856
2017-02-27,Quetta,0.3769839248909048,0.24260817647454133,279.2906416115875,101749.91106686539
2017-02-28,Quetta,0.0,0.26939097067092654,278.6293443060923,102041.07059492121
2017-03-01,Quetta,0.0,0.24833075792528175,278.7681975469638,101972.61164900976
2017-03-02,Quetta,0.0,0.22776093597238828,279.2927560622365,101838.94042722529
2017-03-03,Quetta,1.0140744682552458,0.21079890429330506,280.65576259502535,101489.62862968483
2017-03-04,Quetta,0.0,0.1934665554941275,281.7248201472267,101392.25828258091
2017-03-05,Quetta,0.2288887269249157,0.18375767191724987,281.9664174515628,101359.98828258093
2017-03-06,Quetta,0.8724369607142328,0.177277172355067,282.32565641919865,101215.46464890329
2017-03-07,Quetta,0.0,0.17586774417719053,281.19436112446664,101257.12051719546
2017-03-08,Quetta,0.0,0.16637014914344203,279.8488388914144,101297.94259822188
2017-03-09,Quetta,0.0,0.15049678765664645,277.5849175456539,101257.34860359876
2017-03-10,Quetta,0.0,0.13675050496107335,275.7920829403391,101363.73539341993
2017-03-11,Quetta,0.0,0.12476569093945766,276.076115954744,101772.13846890969
2017-03-12,Quetta,0.0,0.11376080430142922,280.0614913783162,101772.85420570697
2017-03-13,Quetta,0.0,0.1024115039840603,282.704770714339,101676.19026591779
2017-03-14,Quetta,11.137593381920702,0.11239776236573652,281.8052089387891,101603.5643284178
2017-03-15,Quetta,8.873101323304832,0.3053730418883828,280.01387947277465,101677.95752715075
2017-03-16,Quetta,0.0,0.3186472583534635,283.09544783831035,101509.81551240417
2017-03-17,Quetta,0.0,0.280405460728088,285.24586703853396,101389.9587494676
2017-03-18,Quetta,0.0,0.2504901497584726,284.22146693323384,101523.4104421316
2017-03-19,Quetta,0.0,0.22277527137076159,283.9432455749337,101814.2344396827
2017-03-20,Quetta,1.2375474887081057,0.22193427370191643,283.61997634099185,101673.21113687179
2017-03-21,Quetta,0.012670284706648606,0.2160538546569237,287.8455124086795,101519.34905691013
2017-03-22,Quetta,11.243645557228097,0.2425312934931809,284.87991024136454,101566.53321869676
2017-03-23,Quetta,4.923830141769356,0.23267868048490833,285.4334111373443,101656.97639879686
2017-03-24,Quetta,3.1947806274342567,0.20900481051304723,286.7373081812513,101625.4004397359
2017-03-25,Quetta,0.0,0.1917798418893114,288.81323852240104,101588.25239618821
2017-03-26,Quetta,0.0,0.16946803052340093,290.2877694833421,101794.93822774698
2017-03-27,Quetta,0.0,0.1430813513933968,290.4101318835074,101767.8534516077
2017-03-28,Quetta,0.4594184128795409,0.12159231102513973,290.0624828919166,101694.8876352214
2017-03-29,Quetta,0.0,0.10491933578933126,291.3157624978493,101414.73286972956
2017-03-30,Quetta,0.0,0.09371988642019406,291.49345059210145,101364.61098168652
2017-03-31,Quetta,1.7436703455793388,0.08164405538980284,290.6753442836418,101642.22523424187
2017-04-01,Quetta,0.0,0.06899014286125739,291.15659787651896,101437.01918680793
2017-04-02,Quetta,0.0,0.05929827562859624,292.3659368401721,101198.94995741054
2017-04-03,Quetta,0.32970810947060775,0.05385664130259071,292.92391672419245,101050.08676826021
2017-04-04,Quetta,0.0,0.04972165670400311,291.37675451760657,100940.53272492545
2017-04-05,Quetta,4.811650485764979,0.04609293160554972,283.6425517219659,101089.98577672488
2017-04-06,Quetta,0.0,0.0442834247153703,280.0970589821342,101240.13628699954
2017-04-07,Quetta,0.0,0.0416639019317887,282.45185362062557,101543.9346188245
2017-04-08,Quetta,3.4085651717356558,0.03837453672115538,285.5941841476848,101789.62703497658
2017-04-09,Quetta,0.0,0.03553141925904915,289.30260319260805,101712.83401112648
2017-04-10,Quetta,0.0,0.03263527122293934,291.12271869020407,101639.71561621591
2017-04-11,Quetta,0.0,0.03009928372419397,293.38128933292967,101580.31149941437
2017-04-12,Quetta,0.0,0.02839591631220528,294.4118478744913,101583.369587681
2017-04-13,Quetta,0.0,0.027302405960109015,295.0786243187875,101524.27025207621
2017-04-14,Quetta,0.0,0.026815511539942286,295.0237695119272,101356.60252555362
2017-04-15,Quetta,0.0,0.026143069573250216,295.2663020952474,101159.179341727
2017-04-16,Quetta,0.0,0.025360405600795295,295.8898932921947,101106.25072934409
2017-04-17,Quetta,0.0,0.024792962688942096,296.85880743352743,101175.8764743931
2017-04-18,Quetta,0.0,0.0245205595762739,298.1066182551907,101048.76576102
2017-04-19,Quetta,0.5661321578440104,0.024794669121520764,297.89983546918234,100828.08719122653
2017-04-20,Quetta,1.2590546671007923,0.02455676467089678,298.1965262141055,100642.3266415566
2017-04-21,Quetta,0.005202504211633736,0.026014470517939963,296.01077913894113,100772.31641663116
2017-04-22,Quetta,0.4085056042224422,0.026215222568284513,291.95065909282255,101034.25329695483
2017-04-23,Quetta,0.0,0.0253115167785679,290.82200506449686,101034.0127741695
2017-04-24,Quetta,0.0,0.02481632834872624,291.9024749157985,100984.61574105619
2017-04-25,Quetta,0.0,0.02449758630391888,292.7184662579218,100983.14382266822
2017-04-26,Quetta,0.0,0.02420232232357547,294.23435204843315,100977.83166391609
2017-04-27,Quetta,5.172376228832913,0.026488277732073618,293.1579026058355,101346.2122455281
2017-04-28,Quetta,0.0,0.026409119861089386,290.06881472304354,101504.59674749788
2017-04-29,Quetta,0.0,0.024985292814862368,289.85440372616483,101476.13758677592
2017-04-30,Quetta,0.0,0.02435814898099364,291.8559522843021,101411.79221944205
2017-05-01,Quetta,0.0,0.023954011742734295,293.3429788798083,101395.64269804084
2017-05-02,Quetta,0.0906982802857329,0.025559838732015946,291.54957287447775,101551.38338772359
2017-05-03,Quetta,0.0,0.026975030048810092,291.8060652996799,101478.45717206132
2017-05-04,Quetta,0.0,0.02456967136658164,294.5677466439418,101408.08168680794
2017-05-05,Quetta,0.0,0.023546527340492014,296.5101829226404,101239.93906276616
2017-05-06,Quetta,0.0,0.026060117345720016,297.2679474433669,101319.76441865413
2017-05-07,Quetta,0.0,0.025958439395347838,297.54515857204825,101290.99066971891
2017-05-08,Quetta,1.297025854169205,0.024834165556873535,297.51532839834107,101229.0751509263
2017-05-09,Quetta,0.5352074016623033,0.02391453699115188,296.54494852441866,101015.8681675894
2017-05-10,Quetta,0.0,0.0236331613032673,296.37791988275313,101005.19993238925
2017-05-11,Quetta,0.6267643503273567,0.026519851684570297,294.96638312444287,101227.13033778744
2017-05-12,Quetta,4.467858722128696,0.029281212667522604,294.2198928404529,101333.39367094335
2017-05-13,Quetta,0.41038263303051603,0.03381351042037521,294.69638318401354,101153.11228811754
2017-05-14,Quetta,2.3025673142080607,0.03406915039721029,295.75149821444444,100862.01050388625
2017-05-15,Quetta,4.068976406011304,0.038768114591443636,294.61239373930056,100746.1838176107
2017-05-16,Quetta,0.0,0.0390368935467505,294.25420601480295,100688.58865710176
2017-05-17,Quetta,0.0,0.028836577164727407,296.76573984638935,100692.5802041631
2017-05-18,Quetta,0.0,0.024044325491164927,298.7663645878301,100739.7350928982
2017-05-19,Quetta,0.9867084900646437,0.023626272687852383,298.24604465963336,100819.53006681216
2017-05-20,Quetta,0.0,0.02454668085118845,296.67075009087665,100674.7534468164
2017-05-21,Quetta,0.0,0.02354039819859294,296.20289012456186,100542.29422008088
2017-05-22,Quetta,0.0,0.02322966634651802,296.6350748157664,100840.03593989564
2017-05-23,Quetta,1.7365770130344305,0.03707596715507964,297.4079159914155,100939.02586802596
2017-05-24,Quetta,0.0,0.031766654561014074,298.7252068606563,100853.11261525765
2017-05-25,Quetta,0.0,0.024065964485961284,300.4790683262841,100693.11886685477
2017-05-26,Quetta,0.050936919542146894,0.02262357550409285,302.00192392885384,100593.48839916948
2017-05-27,Quetta,0.0,0.022469230773163252,302.07800721458244,100478.41470453578
2017-05-28,Quetta,0.0,0.02246284131770915,301.6053862314045,100440.70001570482
2017-05-29,Quetta,0.0,0.022441909482437128,301.1531812314968,100415.536754951
2017-05-30,Quetta,0.0,0.02244893448248562,300.40787977509984,100278.0207394591
2017-05-31,Quetta,0.0,0.022488074511171137,298.4244717428889,100360.8872585711
2017-06-01,Quetta,0.0,0.022451288157197154,297.5455245292785,100653.00228306005
2017-06-02,Quetta,0.0,0.022423502387545584,298.8205713664831,100673.62829455918
2017-06-03,Quetta,0.0,0.022347642052654233,300.84134524720673,100626.53486238282
2017-06-04,Quetta,0.0,0.022297527155099025,302.0449339306129,100518.05830068143
2017-06-05,Quetta,0.0,0.022311316451723098,301.0500167725803,100541.35116854768
2017-06-06,Quetta,0.0,0.02237504522614963,298.13477713056864,100673.7772718803
2017-06-07,Quetta,0.0,0.02234332787049621,297.8823047790874,100688.77455281086
2017-06-08,Quetta,0.0,0.025610681411422562,297.3747111422415,100637.05120315158
2017-06-09,Quetta,0.0,0.025100676619417596,297.6100754611673,100488.24775181003
2017-06-10,Quetta,0.0,0.023233785114797408,298.6438847069464,100419.0139312713
2017-06-11,Quetta,0.0,0.022810663638095967,298.585055288069,100351.97353146294
2017-06-12,Quetta,0.0,0.02264273464239705,298.9881522829051,100245.55744277043
2017-06-13,Quetta,0.0,0.022311161091082606,300.60602511573273,100258.65629817927
2017-06-14,Quetta,0.0,0.022175845287524455,302.06584343129856,100466.62523370949
2017-06-15,Quetta,0.0,0.02216500658666729,302.7527834699155,100349.71569740202
2017-06-16,Quetta,0.0,0.022116371990942522,301.6195156181459,100187.61279200383
2017-06-17,Quetta,0.0,0.0225758298346429,300.3475394132962,100260.21005084112
2017-06-18,Quetta,0.0,0.022971247272827205,301.21627920320793,100188.07330307705
2017-06-19,Quetta,0.0,0.022469970967402712,302.44208197923484,99948.13370128829
2017-06-20,Quetta,0.0,0.023780532741600757,300.8979089222466,99875.1676708901
2017-06-21,Quetta,0.0,0.025764036378963358,298.9376479037629,100075.75528135645
2017-06-22,Quetta,0.0263090025789693,0.025983394598974432,298.56242945725774,100262.89332330706
2017-06-23,Quetta,0.0,0.025600198575679977,299.15121688777765,100358.01556697187
2017-06-24,Quetta,0.0,0.023811403737022147,300.91145442670165,100099.4273368292
2017-06-25,Quetta,0.0,0.024951047772781735,300.7930019469643,100099.38820591991
2017-06-26,Quetta,0.0,0.033791178194790106,298.40795894157054,100320.79274302594
2017-06-27,Quetta,0.0,0.028813572655612258,297.91188941660965,100297.9253351256
2017-06-28,Quetta,0.006167923246575376,0.028040127881476307,296.9526933093182,100284.44929674188
2017-06-29,Quetta,0.0,0.0356078144747178,297.3659720758874,100248.53279333476
2017-06-30,Quetta,0.0,0.03725721932215694,298.5901959668689,100008.019518207
2017-07-01,Quetta,0.0,0.03517378049435631,298.7782315105933,99995.80171981473
2017-07-02,Quetta,0.0,0.032305820406600204,298.9105341538406,100042.72455360943
2017-07-03,Quetta,0.0,0.029513576774012316,299.4864932654325,100094.36901778105
2017-07-04,Quetta,0.0,0.024592914765426712,299.0942442691762,99996.90849100295
2017-07-05,Quetta,0.0,0.022533148874416046,299.0386518453049,100011.45395309835
2017-07-06,Quetta,0.0,0.023319334217528576,299.0319944161841,100112.03468962948
2017-07-07,Quetta,0.0,0.03484046626267006,297.0909519805996,100459.72273530661
2017-07-08,Quetta,0.0,0.03496086049120511,298.9161432559756,100460.67741375638
2017-07-09,Quetta,0.0,0.02583179658004871,300.6652542299251,100289.22084912691
2017-07-10,Quetta,0.14267540192482212,0.02329596758294956,301.32191203475327,100171.96336775979
2017-07-11,Quetta,0.0,0.023599876607432388,301.44119189810993,100054.17352747016
2017-07-12,Quetta,0.4402231531979887,0.031064520559143036,299.0680145792226,100229.44882852427
2017-07-13,Quetta,0.12353633042697806,0.052093877906084475,297.77451492305227,100452.73762696973
2017-07-14,Quetta,0.0,0.06184616795051916,298.4274494774645,100470.25275447186
2017-07-15,Quetta,2.4796032572848623,0.06699171470282496,298.8969213026264,100400.38958608388
2017-07-16,Quetta,0.015617010755880116,0.06450462735558964,298.54575513247266,100343.55732325377
2017-07-17,Quetta,0.0,0.06786275691433699,297.4911464501837,100402.71320591994
2017-07-18,Quetta,0.0,0.05732205531192326,297.724879760179,100386.70593643526
2017-07-19,Quetta,0.0,0.049380616356472194,298.01753271771173,100338.00626038115
2017-07-20,Quetta,0.0,0.04189876103658416,299.3525685847042,100091.59045517459
2017-07-21,Quetta,0.0,0.03638063369049125,299.65986672985747,100146.23174669928
2017-07-22,Quetta,0.0,0.031947394592527704,299.48031156805257,100204.87972077298
2017-07-23,Quetta,0.0,0.030923538706236275,298.8229945447619,100161.13449265329
2017-07-24,Quetta,0.0,0.033775139613154224,299.1579350073671,100060.30270522786
2017-07-25,Quetta,0.0,0.03601415418617299,298.8126522620059,100099.77532820484
2017-07-26,Quetta,0.8491407307611819,0.03557924698456517,298.15917579373627,100312.16627182707
2017-07-27,Quetta,0.0,0.033734862951986,298.82129355561096,100417.87350697398
2017-07-28,Quetta,0.0,0.03239400141216148,298.9061781606939,100495.90229636923
2017-07-29,Quetta,5.755647820232266,0.03985088705813459,298.1876800004654,100546.59809066227
2017-07-30,Quetta,0.0,0.03842899519634951,299.9340558878581,100415.3349480941
2017-07-31,Quetta,0.0,0.029234987396465486,300.7105562737556,100319.28319527257
2017-08-01,Quetta,0.0,0.024093798453803772,299.67999477622607,100380.48209965929
2017-08-02,Quetta,0.0,0.02245146082586216,299.01585184057205,100318.59320139479
2017-08-03,Quetta,0.0,0.022037042447750302,298.9339088119776,100086.45438032366
2017-08-04,Quetta,0.0,0.021903814698132087,299.43829233099166,99988.45747817289
2017-08-05,Quetta,0.0,0.023853938283059196,299.34321140573076,100265.73261791948
2017-08-06,Quetta,0.0,0.024224683728020398,299.6802499620132,100439.08166045567
2017-08-07,Quetta,0.0,0.024514803585851813,299.50218818348264,100514.27835258728
2017-08-08,Quetta,0.0,0.02641801451770234,298.9876499984888,100537.28297966352
2017-08-09,Quetta,0.0,0.027992182054145966,298.56334703596,100438.21268073891
2017-08-10,Quetta,0.0,0.03152170632929369,298.87846082554154,100278.18396214864
2017-08-11,Quetta,0.0,0.032266167549163595,298.9659566404653,100208.17519138625
2017-08-12,Quetta,0.0,0.025326774051282818,298.9808677704531,100150.0446520975
2017-08-13,Quetta,0.0,0.022781557367986607,296.7528020735074,100371.65151964438
2017-08-14,Quetta,0.0,0.02524509234972666,295.51650663667215,100768.40119729553
2017-08-15,Quetta,0.0,0.02592018965764993,295.7856733727876,100785.63100537688
2017-08-16,Quetta,0.0,0.02337160830738732,296.92107879491357,100576.37971385222
2017-08-17,Quetta,0.0,0.022031257928331608,297.3457578902757,100425.38233895863
2017-08-18,Quetta,0.0,0.02175034502972805,297.40180708968023,100502.93874707194
2017-08-19,Quetta,0.0,0.021811803420249316,297.61618762920125,100661.55673205914
2017-08-20,Quetta,0.0,0.021812114704745113,297.6718501368385,100681.79294159921
2017-08-21,Quetta,0.04648485833579067,0.02199274168171576,298.01458168593007,100520.14059784923
2017-08-22,Quetta,0.0,0.02532610109622746,297.4074024081295,100550.51587681002
2017-08-23,Quetta,0.260912981951257,0.025552947365513303,297.636583994747,100705.16304248292
2017-08-24,Quetta,0.0,0.02311184767766948,298.40208843666596,100580.60205227851
2017-08-25,Quetta,0.0,0.022696838465554682,296.969396525377,100435.18290939093
2017-08-26,Quetta,0.0,0.027367253885697,295.58356576281625,100444.35304966991
2017-08-27,Quetta,0.0,0.027817410280053273,295.7494096416537,100507.68809252554
2017-08-28,Quetta,0.0,0.02422313514722469,296.28857686048735,100582.66271667373
2017-08-29,Quetta,0.0,0.02502223697729506,296.08486842600075,100642.00782447828
2017-08-30,Quetta,0.0,0.026483482521139447,296.1862129461407,100684.99632266822
2017-08-31,Quetta,0.324802329593054,0.03325206773921481,295.810535022794,100640.76816412905
2017-09-01,Quetta,0.0,0.03728251117660804,296.6095677396912,100507.4177289182
2017-09-02,Quetta,0.0,0.03599725416747768,296.4683699977514,100486.53073972526
2017-09-03,Quetta,0.0,0.03276312115922156,295.8750443224497,100671.11931404383
2017-09-04,Quetta,0.0,0.028186653739413606,296.3110685895476,100873.07913330494
2017-09-05,Quetta,0.0,0.02431486694058661,296.1177866363522,100864.10316093484
2017-09-06,Quetta,0.0,0.02303767116011577,295.2487910060244,100831.47644351576
2017-09-07,Quetta,0.0,0.023332406325072195,295.01649032605764,100975.47207037902
2017-09-08,Quetta,0.0,0.02308282911743647,295.73883257015126,101060.29291498079
2017-09-09,Quetta,0.0,0.022434116582312674,296.919595286008,100831.5989813139
2017-09-10,Quetta,0.0,0.024281261125658822,296.3486889595147,100872.17600377975
2017-09-11,Quetta,0.0,0.03376431494934328,295.12341055272714,101132.10705147996
2017-09-12,Quetta,0.0,0.03586383340847484,295.34792234114263,101170.35881361798
2017-09-13,Quetta,0.0,0.02849906709098058,295.0135808021246,101066.46993318778
2017-09-14,Quetta,0.0,0.024572033186245883,293.37638317768847,101119.47259422913
2017-09-15,Quetta,0.0,0.04446964318071286,291.9721870313187,101164.5400849127
2017-09-16,Quetta,0.0,0.05257127394668086,292.68354534142696,101139.79782527678
2017-09-17,Quetta,0.0,0.03883942055472048,293.56520349921726,101165.0571225511
2017-09-18,Quetta,0.0,0.029928248490480338,293.54128325605865,101170.51308187818
2017-09-19,Quetta,0.0,0.025250763857926496,292.8676693210894,101082.39339704005
2017-09-20,Quetta,0.0,0.02313134524309114,292.5686242640253,100937.60837095397
2017-09-21,Quetta,0.0,0.022323530978062552,292.9264846475091,100832.93154014053
2017-09-22,Quetta,0.0,0.02208109700226229,293.23043307792284,100944.77643419926
2017-09-23,Quetta,0.0,0.022018569066807443,293.6183207181877,101126.90234907364
2017-09-24,Quetta,0.0,0.021985386356178305,293.9992348229379,101178.30384369675
2017-09-25,Quetta,0.0,0.021984425923284107,293.9232705129592,101083.51065933774
2017-09-26,Quetta,0.0,0.02195295369604783,294.1939007027675,101143.56036893095
2017-09-27,Quetta,0.0,0.021939985739920776,294.4802461015222,101228.70832170996
2017-09-28,Quetta,0.0,0.02193652452493782,294.63186034519384,101147.9557232219
2017-09-29,Quetta,0.0,0.02195157769726867,295.01020388787856,101139.82610280022
2017-09-30,Quetta,0.0,0.021938907551806067,295.1105270026586,101395.31559731686
2017-10-01,Quetta,0.0,0.021994984879675113,292.46145773511245,101466.03814948892
2017-10-02,Quetta,0.0,0.021993191300434922,293.5554628947753,101207.73560876276
2017-10-03,Quetta,0.0,0.02196454173255414,293.3909870638999,101223.29770842202
2017-10-04,Quetta,0.0,0.021980020088746017,293.4125849019037,101266.81196363928
2017-10-05,Quetta,0.0,0.021975701379207364,293.2483339804234,101273.33433134577
2017-10-06,Quetta,0.0,0.02198768791185732,293.9100156977067,101399.04685876274
2017-10-07,Quetta,0.0,0.022022763825762612,293.05005483589406,101493.74972103914
2017-10-08,Quetta,0.0,0.02209953362260738,291.0943841732096,101446.00322268951
2017-10-09,Quetta,0.0,0.02208556401059412,291.3930803151861,101349.78713559413
2017-10-10,Quetta,0.0,0.022063674688474602,291.56678963127746,101297.60924164178
2017-10-11,Quetta,0.0,0.022049320292432225,292.2036039193635,101257.89974526192
2017-10-12,Quetta,0.0,0.02206686259263758,292.8605642717957,101240.26380722955
2017-10-13,Quetta,0.0,0.022123509005752898,291.9044578326958,101138.46411280877
2017-10-14,Quetta,0.0,0.022150084708374655,291.92432278712715,101148.08416045569
2017-10-15,Quetta,0.0,0.02219265566841571,290.57451932652566,101304.77724765758
2017-10-16,Quetta,0.0,0.022203543000705928,290.82296737107697,101393.79815694202
2017-10-17,Quetta,0.0,0.02215799867802217,292.8501629919845,101306.15378566862
2017-10-18,Quetta,0.0,0.02213689764002245,293.39206954652786,101485.03654413327
2017-10-19,Quetta,0.0,0.022206681861855773,289.93097940430863,101715.46795384365
2017-10-20,Quetta,0.0,0.022254047166346692,288.2853319971109,101619.11476070057
2017-10-21,Quetta,0.0,0.022288908235462184,287.92987310891544,101364.25486397996
2017-10-22,Quetta,0.0,0.022373361127204627,287.707693498515,101345.60185849658
2017-10-23,Quetta,0.0,0.022398976656877477,289.2395502048644,101595.67354131174
2017-10-24,Quetta,0.0,0.022393611862468524,289.170646654483,101929.07409763627
2017-10-25,Quetta,0.0,0.022396610223184156,288.75994597907754,102003.15032501062
2017-10-26,Quetta,0.0,0.022411622670751464,288.3397080244142,101800.91010807065
2017-10-27,Quetta,0.0,0.022409466814412648,288.253825737749,101790.3113176107
2017-10-28,Quetta,0.0,0.022421142604119523,288.6908074799101,101870.38513043015
2017-10-29,Quetta,0.0,0.022408782811682015,288.9856376487649,101915.9487079429
2017-10-30,Quetta,0.0,0.02240505978845858,289.3577019244255,101905.73057096462
2017-10-31,Quetta,0.0,0.022384655468847044,289.5798210144478,101649.38157767248
2017-11-01,Quetta,0.0,0.022383053425968122,289.2011312948091,101753.05171662051
2017-11-02,Quetta,0.0,0.022391224654813448,289.53900210755853,101758.06337840711
2017-11-03,Quetta,0.0,0.022392382602810797,289.2144961692552,101773.13243159068
2017-11-04,Quetta,0.0,0.02241066464235132,288.6215549840282,101967.80440241695
2017-11-05,Quetta,0.0,0.02245040484140842,288.9768206327872,101982.67137191225
2017-11-06,Quetta,0.0,0.022430065378149015,288.9931225386647,101943.65417935477
2017-11-07,Quetta,0.0,0.02245243772195863,287.9989701473706,101884.69073307066
2017-11-08,Quetta,0.0,0.02252010011862517,286.33225587072565,101875.7371624787
2017-11-09,Quetta,0.0,0.02254433094135133,286.1845982169779,101751.76316652469
2017-11-10,Quetta,0.0,0.022557464309337107,286.443007431117,101774.6649331878
2017-11-11,Quetta,0.0,0.022559851105412185,286.30104950951943,101772.58717126276
2017-11-12,Quetta,0.0,0.02357553294678426,285.6217351407641,101457.61011179726
2017-11-13,Quetta,0.9040796664463803,0.07984769969552424,280.930304037004,101398.39563058983
2017-11-14,Quetta,0.0,0.09939507717845247,279.80761122387827,101393.83435264051
2017-11-15,Quetta,0.0,0.08701146816273153,278.89329756438354,101711.44481420357
2017-11-16,Quetta,0.0,0.07480245903227419,278.31426107494326,101974.09270788966
2017-11-17,Quetta,1.90961003074451,0.06457164413478143,278.0775272751069,102063.96116295781
2017-11-18,Quetta,0.0,0.05589573980934715,278.90552559479437,102196.05791737646
2017-11-19,Quetta,0.0,0.048504177507252104,279.23187025881407,102265.03015172482
2017-11-20,Quetta,0.0,0.04223811325601795,279.9821619634069,102183.0340334859
2017-11-21,Quetta,0.0,0.03717462993494021,280.24039893527805,101958.8641053556
2017-11-22,Quetta,11.397673203843613,0.03358273278170859,281.64892854022287,101737.77358336879
2017-11-23,Quetta,0.0,0.030366407997698876,283.3851980151077,101569.31879844546
2017-11-24,Quetta,0.0,0.027726076376296004,283.822409932723,101671.88901485306
2017-11-25,Quetta,0.0,0.026554938472853937,283.71953052258607,101906.45332277469
2017-11-26,Quetta,0.0,0.02559406356334956,282.4463440600801,102258.91118904384
2017-11-27,Quetta,3.457529892864584,0.024770154308555208,282.06321366751484,101952.13695325809
2017-11-28,Quetta,0.0,0.024251681625132235,281.9119619762241,101780.92606207408
2017-11-29,Quetta,0.0,0.02398536411352555,280.9798077067647,102140.81924563453
2017-11-30,Quetta,0.0,0.02383714653158105,280.74994238165146,102101.38176400126
2017-12-01,Quetta,0.0,0.02367474340972812,281.7328821284713,101874.40885673973
2017-12-02,Quetta,0.0,0.023544042978281336,281.33486891903004,102027.07656462945
2017-12-03,Quetta,0.0,0.02358924761744535,277.1462956009906,102341.25517940799
2017-12-04,Quetta,0.0,0.023841332474058164,272.0346631417388,102569.08893925676
2017-12-05,Quetta,0.0,0.024001341802975047,275.0115823881548,102176.71162239136
2017-12-06,Quetta,1.8611232854397979,0.024024363685100997,277.8777691889972,102009.21383943783
2017-12-07,Quetta,0.0,0.023975362783125474,280.01154446885084,101928.30918734027
2017-12-08,Quetta,2.294043083288397,0.02383736776669279,281.91873336921986,101760.99362276404
2017-12-09,Quetta,0.3126134413308138,0.023639490819667836,280.9886849745102,101750.10285908218
2017-12-10,Quetta,0.0,0.023613483747388055,278.42446850440365,101784.33609082193
2017-12-11,Quetta,0.0,0.023762598487208464,275.2438834879764,101840.24247071974
2017-12-12,Quetta,0.0,0.023986852993550863,274.3136192495507,101965.9885434412
2017-12-13,Quetta,0.05963014430447371,0.024165447176619715,273.6932011749335,102168.46788224018
2017-12-14,Quetta,0.04687104501350571,0.024364878574871737,273.9997403926726,102343.27892355193
2017-12-15,Quetta,0.0,0.024450944600492477,275.45488768292176,102457.12161014687
2017-12-16,Quetta,0.0,0.024356742135372308,278.59805638293244,102450.27157421206
2017-12-17,Quetta,0.6995308596596399,0.02417024197597385,280.096058393973,102449.89517435049
2017-12-18,Quetta,0.0,0.02402889357853316,280.1006955187841,102437.72072907792
2017-12-19,Quetta,1.9915368075102715,0.027721576549870102,280.5234822547822,102402.56075782576
2017-12-20,Quetta,0.0,0.029284443917564226,279.6987611672932,102648.73148237857
2017-12-21,Quetta,0.0,0.028122177817210884,280.0753467480098,102741.37763602
2017-12-22,Quetta,0.0,0.02695832150148982,280.7943186786485,102421.00808054722
2017-12-23,Quetta,0.8370488428866435,0.026076076124149004,279.8990540680243,102053.4521052491
2017-12-24,Quetta,0.0,0.02551465562498755,280.56874134399476,102043.92505616482
2017-12-25,Quetta,2.421147069573605,0.02491896413253966,283.4823869331097,102033.96111131813
2017-12-26,Quetta,12.42900590565176,0.024290051067640404,285.6932617378992,101773.27956851573
2017-12-27,Quetta,0.0,0.02384905423581904,283.43508496398755,102019.96192344546
2017-12-28,Quetta,0.0,0.023727630060684412,279.5138089893866,102272.0099997338
2017-12-29,Quetta,0.03712013072415145,0.02374011924089455,277.9136923988509,102296.41802597952
2017-12-30,Quetta,1.0138927197009577,0.02378594293978863,278.3357182063765,102168.69344734879
2017-12-31,Quetta,0.0,0.023796141352049674,278.33520395030905,101924.44279573037
2018-01-01,Quetta,0.0,0.02380607416520128,278.44687157418076,101708.99326687602
2018-01-02,Quetta,0.0,0.023786601424555676,279.2801643125933,101384.24493718057
2018-01-03,Quetta,0.0,0.023836743746339973,278.0857866510567,101368.12310636713
2018-01-04,Quetta,0.0,0.0322971793266266,278.010257038418,101632.18454642245
2018-01-05,Quetta,0.0,0.03196508857081518,277.26663763909494,101608.99425495097
2018-01-06,Quetta,0.0,0.031075585997287443,278.3888920164785,101575.20561807918
2018-01-07,Quetta,0.0,0.03021945862388285,279.306359335289,101659.2862348275
2018-01-08,Quetta,0.0,0.029400335048695023,279.156019446889,101833.66097157153
2018-01-09,Quetta,3.6727249142420955,0.028587730793300403,278.4864938602306,102152.55379099232
2018-01-10,Quetta,0.0,0.027741273514998353,278.59832804513604,102292.26338532794
2018-01-11,Quetta,0.0,0.027009741411095363,277.59144726785195,102340.51014240838
2018-01-12,Quetta,0.0,0.026344556813887213,277.93554200067905,102178.67567823679
2018-01-13,Quetta,0.0,0.025577875556490885,281.04495212310104,101937.83409497442
2018-01-14,Quetta,0.0,0.02492964810095748,280.37549169225224,102108.19646507665
2018-01-15,Quetta,0.2647937052497668,0.024456498678403438,282.94815587539273,101746.80860679298
2018-01-16,Quetta,0.0,0.024042975421929354,281.2615062422918,101312.93141157368
2018-01-17,Quetta,0.0,0.023884950017197974,277.1262084319307,101803.86971012564
2018-01-18,Quetta,0.0,0.023847716275701997,278.66224245464565,101839.05814815797
2018-01-19,Quetta,0.0,0.023720806106662676,279.944787250889,102014.8895895443
2018-01-20,Quetta,0.0,0.02353685130997181,281.27277022752236,101761.00469096034
2018-01-21,Quetta,0.0,0.0233790538122815,280.630322671313,101345.89369010858
2018-01-22,Quetta,3.4559088097560937,0.042386961313623524,275.14603670968324,101666.6638460924
2018-01-23,Quetta,0.0,0.05199225209640682,275.99366222388085,101699.43750532366
2018-01-24,Quetta,0.0,0.049815721051521024,279.8081790742977,101529.40642940796
2018-01-25,Quetta,0.0,0.04667197002733655,279.38087976199,101677.89403348592
2018-01-26,Quetta,1.1215349980472906,0.04329029174232807,279.5726027778221,101697.0060868292
2018-01-27,Quetta,0.0,0.03952424352105407,279.92520204547316,101526.57321071123
2018-01-28,Quetta,0.0,0.03661375215823918,280.9644015535855,101384.67457543651
2018-01-29,Quetta,3.151264671629494,0.09359781532785826,280.1103327454929,101779.04745288545
2018-01-30,Quetta,5.430211279964933,0.14190394705361362,280.08300485072635,101976.20753513627
2018-01-31,Quetta,0.10921403569704019,0.12725405398991074,279.31870674341235,101836.62695591991
2018-02-01,Quetta,0.0,0.11219910057886698,276.3330990702397,102150.40333981044
2018-02-02,Quetta,0.0,0.09853619977874142,276.2177815652962,102014.08855541947
2018-02-03,Quetta,0.0,0.08613627187370372,276.24350367930083,102196.5686413969
2018-02-04,Quetta,0.0,0.07511455585711525,277.00529079764334,102002.21351815372
2018-02-05,Quetta,0.0,0.06507930439348444,276.7805032271516,102146.28240683558
2018-02-06,Quetta,0.0,0.05613399033381273,277.8454592523786,102225.42695458897
2018-02-07,Quetta,0.0,0.048571167923658135,277.9138299849088,101877.45805233176
2018-02-08,Quetta,0.0,0.04239700449521671,278.1125196216674,101649.07921901614
2018-02-09,Quetta,0.2186386448764313,0.06330851733041444,276.78424690497843,101643.00811861159
2018-02-10,Quetta,3.28658791825556,0.08282774323566879,277.232661062757,101741.95867733176
2018-02-11,Quetta,8.345962106625102,0.13298569765367121,275.3142468951439,101787.69059838161
2018-02-12,Quetta,0.0,0.16485938025089508,275.80729908143303,101870.75933187819
2018-02-13,Quetta,0.9194909252543667,0.1694577203779854,278.87592607419083,102315.5943047274
2018-02-14,Quetta,5.79295726773686,0.17329991032493722,281.0354574001384,102310.2334553343
2018-02-15,Quetta,0.0,0.1617745543853048,283.9494437884578,102207.19463852214
2018-02-16,Quetta,0.0,0.14102440166310917,284.1741062156508,102253.15969921208
2018-02-17,Quetta,0.0,0.11791105652721943,283.49979953217814,101864.35432123081
2018-02-18,Quetta,0.9397809864065307,0.09714928418516365,284.47397614790464,101645.35881521505
2018-02-19,Quetta,0.20155295840316975,0.07924071481456677,285.6890596198491,101498.68584060902
2018-02-20,Quetta,0.0,0.0693596654152207,285.6478823235602,101436.36931297912
2018-02-21,Quetta,0.0,0.05941248707985214,284.8265755146812,101533.04735892249
2018-02-22,Quetta,0.004821461867636268,0.047435561076678186,285.1652712308676,101351.52231606688
2018-02-23,Quetta,11.65390389226364,0.07028735347663317,282.89104024376945,101229.06499547482
2018-02-24,Quetta,0.0,0.09481687068126875,283.2862798417205,101614.18461882451
2018-02-25,Quetta,0.0,0.09321707981679331,283.9338545533788,101949.31316199955
2018-02-26,Quetta,4.00768506003807,0.120202745354223,283.79872812339323,101762.89927518096
2018-02-27,Quetta,1.5407263792678076,0.12037744674812584,284.5415728667919,101681.29772652256
2018-02-28,Quetta,7.295519553611792,0.16233660208914905,283.7180180453332,101616.5071073786
2018-03-01,Quetta,0.0,0.24769520938836467,283.25655492389444,101409.988450543
2018-03-02,Quetta,0.0,0.22481959044560992,283.7229116739841,101450.45222423333
2018-03-03,Quetta,0.0,0.2037328230529127,281.75205969845706,101421.39991162688
2018-03-04,Quetta,0.0,0.17723544498250818,281.85811318799887,101511.40899435687
2018-03-05,Quetta,0.0,0.14966384896360163,283.4845883660473,101781.80466168013
2018-03-06,Quetta,0.0,0.12464749064924777,284.93091424611697,101744.5719479344
2018-03-07,Quetta,0.0,0.10138446914005658,285.2561233945088,101528.65813405025
2018-03-08,Quetta,0.0,0.0875440496588755,284.6775666439526,101554.9875726682
2018-03-09,Quetta,0.0,0.07855457260417771,284.8655820238503,101681.95444553872
2018-03-10,Quetta,0.0,0.07345296999461806,285.65207479971883,101687.65478492332
2018-03-11,Quetta,0.0,0.06612761199102014,286.71202082706014,101542.57051879258
2018-03-12,Quetta,0.0,0.05578247094140816,287.36508638099235,101380.31108922485
2018-03-13,Quetta,0.0,0.05175858893494659,287.15607746421045,101194.5126362862
2018-03-14,Quetta,0.0,0.049806655242590654,285.18516042576135,101300.20255989138
2018-03-15,Quetta,0.0,0.04305759124495914,285.20322090894115,101476.66419825384
2018-03-16,Quetta,0.0,0.03641830684785342,285.91140744284553,101481.56262989776
2018-03-17,Quetta,3.506607656820059,0.0317692999593376,286.7582413950132,101392.43937287049
2018-03-18,Quetta,0.009118677493457693,0.04232498101792778,285.3417515312251,101431.55252315801
2018-03-19,Quetta,28.064331382153586,0.053653176679724884,284.6036469169153,101591.4321127023
2018-03-20,Quetta,0.0,0.11959456136726224,280.5893050086886,101671.49309518737
2018-03-21,Quetta,0.0,0.13075321006883212,283.3960147138487,101540.37875505746
2018-03-22,Quetta,0.0,0.10313614045402532,285.72693405718906,101474.67396773849
2018-03-23,Quetta,6.263676509816562,0.07731936507303558,287.58028413359904,101539.49380403534
2018-03-24,Quetta,10.552446992864397,0.05630794401672457,288.7952692918056,101940.41296262773
2018-03-25,Quetta,0.0,0.04134534325672777,289.8739005517824,102080.16380270441
2018-03-26,Quetta,0.0,0.03213911807110605,290.94926859754395,101813.56760673976
2018-03-27,Quetta,0.0,0.02727232571828777,291.9385925980089,101500.23126224443
2018-03-28,Quetta,0.0,0.024838165226881623,292.33955490432913,101656.54973328361
2018-03-29,Quetta,0.0,0.023696375191042462,292.78725716637996,101647.01578630749
2018-03-30,Quetta,0.0,0.023140001594851047,293.71853098204826,101290.90963266605
2018-03-31,Quetta,0.0,0.022757718087867328,294.01425313274797,101079.93403614777
2018-04-01,Quetta,0.0,0.02280041039903891,293.82244899041405,101132.54152150762
2018-04-02,Quetta,1.4328130948117075,0.02681864011159068,291.43545080818535,101275.17383304935
2018-04-03,Quetta,2.597969511493507,0.031677393721017806,291.95724745512683,101236.45238926746
2018-04-04,Quetta,0.0,0.038997889946022914,291.2899355768037,101131.07184012988
2018-04-05,Quetta,0.0,0.04922565174265249,290.93481895152183,100959.61404227001
2018-04-06,Quetta,0.0,0.04667369719055278,292.0476378628125,101103.89441971888
2018-04-07,Quetta,0.0,0.042234006445222357,293.14143190954707,101233.3574044399
2018-04-08,Quetta,0.0879485872778819,0.0396766633570431,293.1918612657467,101204.64925708047
2018-04-09,Quetta,1.204908768931686,0.041516138972510386,291.4960758874252,101370.27497444632
2018-04-10,Quetta,0.4920775592225576,0.04196730750721332,290.3483708834713,101375.72568781939
2018-04-11,Quetta,0.0,0.035249924169623775,289.28601430395815,101379.7145280558
2018-04-12,Quetta,0.0,0.02839445024237991,290.0112133221513,101289.90145309835
2018-04-13,Quetta,5.27220901758951,0.03305338435522336,288.11279097094024,101357.54839544292
2018-04-14,Quetta,0.0,0.04676213144782183,289.66828077248044,101195.08626836666
2018-04-15,Quetta,21.767776323802625,0.13397320653686867,286.6468649245638,101331.5829567717
2018-04-16,Quetta,0.0,0.16197591464266317,288.21067537397636,101353.37865151188
2018-04-17,Quetta,0.0,0.13839165039322437,289.8779037904063,101561.39752395653
2018-04-18,Quetta,0.10263604113759131,0.12236769098371741,286.9387567269079,101749.18667083688
2018-04-19,Quetta,0.0,0.12503920204730137,283.3972094068464,101399.39945884794
2018-04-20,Quetta,0.0,0.11462667620094033,281.919907161533,101310.79766609878
2018-04-21,Quetta,0.0,0.08503651009710726,285.7684675804798,101503.03089118398
2018-04-22,Quetta,0.0,0.06068759281346906,289.2872792890245,101565.59694474019
2018-04-23,Quetta,0.0,0.04290518865200825,292.44067731308166,101430.07737675677
2018-04-24,Quetta,0.0,0.03189572407399167,294.4111287210473,101313.89626703576
2018-04-25,Quetta,0.0,0.02636388240383134,294.80607684844324,101246.75368372015
2018-04-26,Quetta,0.0,0.02402011555071108,294.7471699917743,101200.8268281516
2018-04-27,Quetta,0.0,0.02305211168470062,294.7280023078117,101364.97849579429
2018-04-28,Quetta,0.0,0.022665409800818125,295.9664233347748,101295.38519005534
2018-04-29,Quetta,0.0,0.022402595355387505,296.99054508809274,101011.44293893734
2018-04-30,Quetta,0.0,0.022221969461522256,297.63899420864396,100816.00446044504
2018-05-01,Quetta,0.0,0.022019424785070282,297.7176613947507,100926.22377076233
2018-05-02,Quetta,0.0,0.02197578911074585,294.71955622862015,101141.11587414818
2018-05-03,Quetta,0.12882549993021117,0.022081036868249745,292.27590161632736,101263.70236131812
2018-05-04,Quetta,0.0,0.021969153573741844,294.15778702960614,101142.53961110518
2018-05-05,Quetta,0.017014427932401325,0.027908677659476102,294.9102423198818,100958.50096491691
2018-05-06,Quetta,0.0,0.03345674708646378,294.399908477289,101045.83982511709
2018-05-07,Quetta,0.7037969888373575,0.03534265844203203,292.90630704976127,101001.48962681001
2018-05-08,Quetta,0.0,0.03191543345150791,293.12883141283146,100957.7333786733
2018-05-09,Quetta,0.0,0.024738398654294377,295.11690295347785,101111.80016822828
2018-05-10,Quetta,0.20606441447032164,0.02469124028792375,296.92279730112824,101147.17870528108
2018-05-11,Quetta,0.0,0.02543818017286983,296.6601547820021,101013.31258970396
2018-05-12,Quetta,3.2476377282353837,0.024411347826254252,295.44032460716903,100970.25529972314
2018-05-13,Quetta,1.8908282019982345,0.023084115651708512,295.60127552706166,101070.35855994461
2018-05-14,Quetta,0.0,0.025938794874183706,294.90873807934156,101033.59819048124
2018-05-15,Quetta,0.0,0.02586190890345228,295.52827440382055,100850.2651788756
2018-05-16,Quetta,0.0,0.025195409589569256,294.91745408508194,100865.4456332517
2018-05-17,Quetta,0.0,0.026177490511649963,294.1681599140762,100935.33136738709
2018-05-18,Quetta,0.0,0.028436629183247696,291.5581704513922,101094.89296901615
2018-05-19,Quetta,0.0,0.02654332312042915,289.8622519948115,101244.54976256387
2018-05-20,Quetta,0.0,0.02330354438188195,290.13976038770875,101348.9106532155
2018-05-21,Quetta,0.0,0.022389270927606827,290.98124450094383,101405.66843057919
2018-05-22,Quetta,0.0,0.022100538029581358,292.2970937387269,101381.53993265542
2018-05-23,Quetta,0.0,0.021940059759344727,293.71006875921415,101143.01838000423
2018-05-24,Quetta,0.0,0.02181421909191473,294.77366920900107,100931.59094096039
2018-05-25,Quetta,0.0,0.021718122513709866,294.96401559547013,101039.18677278534
2018-05-26,Quetta,0.0,0.021652957563167406,295.6493821155262,100939.78663357109
2018-05-27,Quetta,0.0,0.021528293993038464,297.06237571560314,100897.67796608814
2018-05-28,Quetta,0.0,0.021359748190468788,297.8643872135732,100634.1382692717
2018-05-29,Quetta,0.0,0.021274680376459017,295.89360813337964,100536.43500026615
2018-05-30,Quetta,0.0,0.02108448104381832,298.2488418341253,100670.86876038116
2018-05-31,Quetta,0.0,0.020886088928534597,298.606982453285,100754.2625412585
2018-06-01,Quetta,0.0,0.020651315259094073,299.9953256794865,100693.53083209113
2018-06-02,Quetta,0.0,0.020362711467233837,301.41010482515134,100659.07561701446
2018-06-03,Quetta,0.0,0.020067746878888775,303.10203332622643,100424.0379495847
2018-06-04,Quetta,0.0,0.01978420586832404,303.0250402883151,100406.19822481899
2018-06-05,Quetta,0.0,0.0196096029720274,302.21689590263475,100589.05883464651
2018-06-06,Quetta,0.0,0.019253645230260245,301.16200031074726,100684.37372045357
2018-06-07,Quetta,0.0,0.018917133129841203,301.19413039272973,100283.673271135
2018-06-08,Quetta,0.0,0.01871137886545592,300.7724869661262,100000.2789754578
2018-06-09,Quetta,0.0,0.018517264778271515,298.5554085829311,99960.68739405877
2018-06-10,Quetta,0.0,0.018417346960844322,298.7799238193472,100138.01455999784
2018-06-11,Quetta,0.0,0.018247732804757097,300.2201940767633,100106.75641689736
2018-06-12,Quetta,0.0,0.018050119009023362,301.2935764683165,99867.38897013411
2018-06-13,Quetta,0.0,0.01782946662967817,301.87474280929786,99786.56476815371
2018-06-14,Quetta,0.0,0.01757879513898131,302.07026315939294,99895.8368071231
2018-06-15,Quetta,0.0,0.01740797799937363,299.3844094607748,100061.90973408222
2018-06-16,Quetta,0.0,0.017252776250454727,298.65267587669325,100205.11465742119
2018-06-17,Quetta,0.0,0.017096525665577816,299.7031679283199,100121.36789554941
2018-06-18,Quetta,0.0,0.01942947797109157,298.12909162895033,100251.10407607537
2018-06-19,Quetta,0.0,0.020768092002197126,298.47404797902215,100338.72234854127
2018-06-20,Quetta,0.0,0.018325665856815738,299.1892145712492,100438.42611717418
2018-06-21,Quetta,0.0,0.017395025618302418,299.8830788926358,100437.20581931427
2018-06-22,Quetta,0.0,0.01679524369161282,298.76445355681204,100338.6423171316
2018-06-23,Quetta,0.0,0.01644653575925378,298.4356104889868,100337.75626304303
2018-06-24,Quetta,0.0,0.016260015800688355,299.4526535387707,100234.89282447824
2018-06-25,Quetta,0.0,0.016108766173449928,299.0262591661046,100015.3702424936
2018-06-26,Quetta,0.0,0.017196898538913312,298.0875030684376,99974.0752882772
2018-06-27,Quetta,0.0,0.020869196903157274,296.65770614728,100227.78193515757
2018-06-28,Quetta,0.0,0.039884153406163754,295.9661007048364,100468.57262031511
2018-06-29,Quetta,0.011275875710547476,0.06580443742395732,296.5571683756079,100407.02110120312
2018-06-30,Quetta,0.0,0.06011222284805499,297.47712457573425,100460.41274941438
2018-07-01,Quetta,0.0,0.038870738829353366,299.59698309379013,100267.62007453151
2018-07-02,Quetta,0.0,0.025356652012337045,300.49003023921955,99905.51277949313
2018-07-03,Quetta,0.0,0.01953702550798162,300.8599614497654,99713.9344591141
2018-07-04,Quetta,0.0,0.023885509246184947,298.0720536270876,99894.03006441648
2018-07-05,Quetta,0.019142595466600767,0.06344126786378756,295.83461777495893,100317.02166631175
2018-07-06,Quetta,0.0,0.08061373867141051,296.4887554890481,100403.07496220186
2018-07-07,Quetta,0.0,0.05731622177115353,298.01194787037906,100299.87359508092
2018-07-08,Quetta,0.0,0.03782270781361602,299.60929124601466,100145.12839837093
2018-07-09,Quetta,0.0,0.02561425526936848,300.302524585323,100064.98907527683
2018-07-10,Quetta,0.0,0.01969059778979257,300.87587026614483,100060.6949949425
2018-07-11,Quetta,0.0,0.018492745524573764,301.07735803694027,99928.60422753406
2018-07-12,Quetta,0.0,0.018684703300515075,300.84047880013503,99850.42577645867
2018-07-13,Quetta,0.0,0.01985888615986759,300.10120999810096,99992.89394670996
2018-07-14,Quetta,0.0,0.019953104936555336,300.8580152496649,99972.62251224447
2018-07-15,Quetta,0.3914794319695467,0.025423233556449563,300.7152206632752,99962.93833794714
2018-07-16,Quetta,0.0,0.035610432513798605,298.613755745441,100057.31457783215
2018-07-17,Quetta,0.0,0.04495215719765663,299.07967780217723,100126.43670677172
2018-07-18,Quetta,0.0,0.06055095128888495,298.77963044815897,100219.06350617544
2018-07-19,Quetta,0.0,0.06662690172948192,299.30449104391414,100154.28588506172
2018-07-20,Quetta,0.0,0.05743641904780024,299.1263441620217,100075.70759289816
2018-07-21,Quetta,0.1536394999827396,0.05180251522811549,299.38481314798304,100100.3850077193
2018-07-22,Quetta,0.0,0.04588227815211054,300.30063483905946,100010.00266050895
2018-07-23,Quetta,0.0,0.045679065784495494,299.4537129856956,100049.97461057278
2018-07-24,Quetta,0.0,0.05631619985776483,299.01778362427973,100222.90375718693
2018-07-25,Quetta,0.0,0.04506001478430223,301.66600988272154,99958.53090103275
2018-07-26,Quetta,0.0,0.037262171128471716,300.84056700135125,99934.15168441224
2018-07-27,Quetta,0.2997165508042811,0.0428987320006943,299.1133294226728,99989.533350724
2018-07-28,Quetta,1.9923158747130394,0.04102092112552573,297.6764997538406,100143.9753087734
2018-07-29,Quetta,0.0,0.032672777408770996,297.0876189603267,100225.00141450169
2018-07-30,Quetta,0.0,0.02635947396984021,296.8798668994287,100230.094172434
2018-07-31,Quetta,0.0,0.021931453533703328,298.24079590173005,100127.71715289605
2018-08-01,Quetta,0.0,0.01862237456980786,298.64357973972807,100083.3090108603
2018-08-02,Quetta,0.0,0.01713372463939,298.42751775235735,100226.29765917802
2018-08-03,Quetta,0.0,0.01647099076313839,299.84112945067096,100308.26959646508
2018-08-04,Quetta,0.0,0.0160911039518132,300.60957461316474,100277.71110067079
2018-08-05,Quetta,0.0,0.015847544477853755,301.00262784304766,100156.42179088586
2018-08-06,Quetta,0.0,0.015639833691849882,300.5542953619447,99991.65951687604
2018-08-07,Quetta,0.0,0.017368494387988934,299.83204240702554,100074.252120954
2018-08-08,Quetta,0.7453196668787341,0.026885305942966488,297.93474842095355,100388.31842791734
2018-08-09,Quetta,0.0,0.04682990750557043,297.1932969659026,100717.7889823786
2018-08-10,Quetta,0.0,0.04932864848217591,299.2768270194262,100546.18155424828
2018-08-11,Quetta,0.0,0.03332036006998974,300.78096443371226,100083.76573094117
2018-08-12,Quetta,0.0,0.02197741944433815,300.9177455867441,99733.32050814523
2018-08-13,Quetta,0.0,0.01777730906029983,300.210830796397,99929.0382958901
2018-08-14,Quetta,0.0,0.016908480412983075,300.2994102170423,100160.84451155238
2018-08-15,Quetta,0.0,0.01681100151066344,299.5904078935561,100308.54415406729
2018-08-16,Quetta,1.2177137010722232,0.02173663757254899,297.90299232279267,100544.28559518741
2018-08-17,Quetta,0.00489845022582757,0.021868040354532086,298.47925159595144,100308.8317278002
2018-08-18,Quetta,1.295938542512653,0.02589790508870305,298.14802861696216,100268.5837643739
2018-08-19,Quetta,6.049341671692375E-6,0.02629741278783219,298.8053567010119,100271.3857892355
2018-08-20,Quetta,1.98066431331493E-4,0.021576069382900947,299.1279168800815,100381.55929328148
2018-08-21,Quetta,0.0,0.018951145347582223,299.2190301745022,100346.04732139054
2018-08-22,Quetta,0.0,0.01822026509984116,298.9154052205816,100319.86415885857
2018-08-23,Quetta,0.0,0.016550693067889685,298.958240179076,100343.67568356048
2018-08-24,Quetta,0.0,0.01601513281523808,298.84065694892354,100292.85797194416
2018-08-25,Quetta,0.0,0.016119502087603366,297.84359511185346,100184.7144977108
2018-08-26,Quetta,0.012655930523165647,0.017170862027828408,296.3635759647158,100215.27998136712
2018-08-27,Quetta,0.0,0.019761462192654525,295.6223338736383,100549.56033086665
2018-08-28,Quetta,0.01355290301207586,0.01813318175662993,297.0890972156946,100652.97928582833
2018-08-29,Quetta,0.0,0.016452128937270136,298.2896196517207,100640.54833741477
2018-08-30,Quetta,0.0,0.016022589866035986,298.72374130517625,100433.06656143525
2018-08-31,Quetta,0.0,0.015846114367128145,298.17542940467956,100451.9942033113
2018-09-01,Quetta,0.0,0.01572022495995456,297.62398886841424,100608.9220293867
2018-09-02,Quetta,0.0,0.015654816635625728,296.5231154286406,100650.4213128194
2018-09-03,Quetta,0.0,0.015548630302294893,295.47376139734496,100729.47499946764
2018-09-04,Quetta,0.0,0.01546825753363069,295.02425045804114,100846.08873589223
2018-09-05,Quetta,0.0,0.01540156245840875,294.0345859808329,100845.72999600721
2018-09-06,Quetta,0.0,0.015346957569024823,294.3742655756799,100818.7805329003
2018-09-07,Quetta,0.0,0.015253715406826178,296.0502397673486,100850.02777922696
2018-09-08,Quetta,0.0,0.015125584318040786,296.68935116357926,100879.07022093268
2018-09-09,Quetta,0.0,0.015034185254661827,296.8535226737201,100952.25608523213
2018-09-10,Quetta,0.0,0.014922146967769293,298.325757056891,101074.38862569207
2018-09-11,Quetta,0.0,0.014795424565884407,299.18203622985857,100985.51377342419
2018-09-12,Quetta,0.0,0.014673740142181061,299.12386223905133,100706.45666764265
2018-09-13,Quetta,0.0,0.014551543192996143,298.99409253828196,100576.69809092842
2018-09-14,Quetta,0.0,0.014970865417515118,296.7720169742373,100755.14428210178
2018-09-15,Quetta,0.0,0.01730160580515387,294.0572556709146,101047.39806271295
2018-09-16,Quetta,0.0,0.021278953682218736,293.15196919351877,101088.15624653961
2018-09-17,Quetta,0.0,0.018275955065890234,294.06722787695645,101041.83348142031
2018-09-18,Quetta,0.0,0.016103625581861562,295.01936480529173,101063.55653827726
2018-09-19,Quetta,0.0,0.015247656926724244,295.4191312951298,101014.71895469549
2018-09-20,Quetta,0.0,0.014976317878476189,295.197603934449,101040.55303795783
2018-09-21,Quetta,0.0,0.01492563796815107,294.375036696738,101247.21372497868
2018-09-22,Quetta,0.0,0.014904421839370149,293.2834415265091,101378.1673748935
2018-09-23,Quetta,0.0,0.014871481462746165,292.44097209365003,101399.77738101574
2018-09-24,Quetta,0.0,0.01483881612991083,292.6574652690551,101283.08221172269
2018-09-25,Quetta,0.0,0.01480081052417311,293.47118040675144,101195.22172061328
2018-09-26,Quetta,0.0,0.01493661420173363,294.53759019872274,101154.64929567715
2018-09-27,Quetta,0.0,0.015530217358634118,293.91677688044075,101268.58140704854
2018-09-28,Quetta,0.0,0.015536390171343464,292.92850288161526,101381.68138628617
2018-09-29,Quetta,0.0,0.015346604238376907,292.611575996273,101497.24148184623
2018-09-30,Quetta,0.0,0.015226663939320598,292.12888552282857,101509.1034422913
2018-10-01,Quetta,0.0,0.015144353365099332,291.3626661648334,101464.85588932068
2018-10-02,Quetta,0.0,0.015097377155397098,291.29720040663045,101493.65737622444
2018-10-03,Quetta,0.0,0.015078894611382463,291.2548363461512,101405.88068382666
2018-10-04,Quetta,0.0,0.015075700750139734,291.1572172686323,101461.78047460604
2018-10-05,Quetta,0.0,0.015085260000234295,291.46490972247057,101631.43272040032
2018-10-06,Quetta,0.0,0.015079924103077805,292.1090209336635,101622.67536786626
2018-10-07,Quetta,0.0,0.015070427629773002,292.0693919738213,101592.4677885434
2018-10-08,Quetta,0.0,0.015120774138589787,287.43376818949935,101681.60895150127
2018-10-09,Quetta,0.0,0.015168006827653903,286.7993961155732,101632.52588027043
2018-10-10,Quetta,0.0,0.015191629465028415,286.380730488835,101644.43572082618
2018-10-11,Quetta,0.0,0.015214029298053391,286.9327639097248,101654.6947718803
2018-10-12,Quetta,0.0,0.015210652803575905,288.0173499392978,101733.3845589331
2018-10-13,Quetta,0.0,0.01521168857728263,288.38668044190456,101810.26037132661
2018-10-14,Quetta,0.0,0.015238018285002916,287.50514158206636,101802.97268446547
2018-10-15,Quetta,0.0,0.015288521605821434,287.236609733577,101805.53467924827
2018-10-16,Quetta,0.0,0.015370656240399362,287.21024633079395,101821.78957437183
2018-10-17,Quetta,0.0,0.015425741097116114,286.3039288940083,101770.7221853705
2018-10-18,Quetta,0.0,0.015466877115781421,285.36069182006554,101789.43338346461
2018-10-19,Quetta,0.0,0.015504763709896336,285.3954472074231,101955.81259556003
2018-10-20,Quetta,0.0,0.015523674405480846,285.3077143581723,102091.36554754045
2018-10-21,Quetta,0.0,0.01553076774948093,286.41383020742177,102104.8503090396
2018-10-22,Quetta,0.0,0.015547088306780091,287.9797868309908,101854.3167514906
2018-10-23,Quetta,0.0,0.015574318291719914,288.68139406346086,101694.83419612434
2018-10-24,Quetta,0.0,0.018304952852161428,288.32848028768944,101668.45649781726
2018-10-25,Quetta,0.0,0.025452011948888215,287.9157201636778,101829.58333635007
2018-10-26,Quetta,0.0,0.02900678105005006,288.5130538190486,102038.03005430153
2018-10-27,Quetta,0.0,0.026535978690932115,289.87229563889093,102054.91409444205
2018-10-28,Quetta,0.0,0.02239884850384496,290.05933971840415,102032.16851522571
2018-10-29,Quetta,0.0,0.019968017911721463,290.2373873149257,101947.28305419507
2018-10-30,Quetta,0.0,0.018728863717750146,289.63509986777797,101880.31310184197
2018-10-31,Quetta,0.0,0.01823661279976197,288.5913911654609,101984.30475590928
2018-11-01,Quetta,0.0,0.01845567147613993,284.2832767411188,102175.82903588159
2018-11-02,Quetta,0.0,0.018496310067813142,281.9782393608546,102123.71012537264
2018-11-03,Quetta,0.0,0.018438863824674325,280.07107229060557,102156.90666657794
2018-11-04,Quetta,0.0,0.018385962963375007,281.7572133189803,102129.94980355623
2018-11-05,Quetta,0.0,0.01830252725925045,283.1152363162279,102007.09518739351
2018-11-06,Quetta,0.0,0.018225706448140696,285.3066597787226,101996.21200782579
2018-11-07,Quetta,0.0,0.018170069575918987,286.6553595530017,101900.57720107537
2018-11-08,Quetta,0.0,0.018147406288333275,286.7166572192579,101797.96992120951
2018-11-09,Quetta,0.0,0.01813425190810247,286.6712270153331,101674.5740952406
2018-11-10,Quetta,0.08825301047687431,0.018147363917249495,286.9818678301019,101734.20777629892
2018-11-11,Quetta,0.0,0.018217950200303458,287.37698752386444,101791.17290113923
2018-11-12,Quetta,0.0,0.018259610312016155,286.3742859181324,101664.51544985092
2018-11-13,Quetta,0.02039489122631196,0.018504233135546146,284.12462051083986,101554.51751996377
2018-11-14,Quetta,0.0,0.018600001857742403,281.93771505993794,101846.0132575596
2018-11-15,Quetta,0.0,0.018558491366211502,283.27954527313875,102179.7499550149
2018-11-16,Quetta,0.0,0.018499695053837098,284.60872046016283,102103.85965662265
2018-11-17,Quetta,0.0,0.018495642203353195,285.11431256854735,101770.25685290668
2018-11-18,Quetta,0.4876064422833248,0.018531959486034765,284.17164304799337,101809.45823732961
2018-11-19,Quetta,0.0,0.018560105236601523,283.1156836763695,102125.14683533857
2018-11-20,Quetta,0.017723758074453373,0.0185373706590175,283.45721088753845,102157.19733629681
2018-11-21,Quetta,0.041169420117210885,0.022538386295628352,284.75974874848475,101912.22223142037
2018-11-22,Quetta,0.0,0.10393480759056901,281.8958853637247,102199.01085178871
2018-11-23,Quetta,0.0,0.0926822097622353,283.0921809527142,102410.15494410135
2018-11-24,Quetta,0.0,0.07867127199189214,284.7196781924417,102341.74405158644
2018-11-25,Quetta,0.0,0.06611607219602901,285.09607244271723,102085.03931058344
2018-11-26,Quetta,0.0,0.05489004608448902,285.1232487833086,101802.1505392887
2018-11-27,Quetta,0.9158819431990536,0.046632903389873866,285.0979707186091,101903.08337920568
2018-11-28,Quetta,0.0,0.0405195527994653,283.4660391083284,102187.64623669078
2018-11-29,Quetta,0.0,0.03518508538544547,283.33042963243497,102447.35406409709
2018-11-30,Quetta,2.222913816239196,0.03114621757580977,282.6731866288278,102463.34968670142
2018-12-01,Quetta,0.0,0.02835477043728063,281.63515459492834,102064.36516876063
2018-12-02,Quetta,0.0,0.02644839393490082,282.1221644714892,101709.84437739562
2018-12-03,Quetta,0.0,0.024974856769273655,282.74933091514004,101843.34785136287
2018-12-04,Quetta,0.0,0.02395546098110147,282.49672420898105,102039.80925362009
2018-12-05,Quetta,0.0,0.023406794698044773,280.63887272619786,101895.56680792163
2018-12-06,Quetta,0.0,0.023030443316085426,281.79677826521265,101625.1307759263
2018-12-07,Quetta,0.0,0.022749410171118874,281.99992909155804,101525.90376117972
2018-12-08,Quetta,0.02992191473913761,0.023261110109744052,282.568193856607,101619.64624547487
2018-12-09,Quetta,4.526996407866274,0.031501976286126145,281.4116686039524,101549.03773770227
2018-12-10,Quetta,0.0,0.03638668079798632,279.0569522777083,101675.65863101573
2018-12-11,Quetta,0.0,0.03329747160478861,277.84791182219624,101916.11029386711
2018-12-12,Quetta,0.0,0.030936641725608376,277.2388176253328,102208.43206345824
2018-12-13,Quetta,0.0,0.029033078221283714,278.08003706932607,102397.48940321544
2018-12-14,Quetta,1.5284553285433038,0.027436000384233796,278.68848008111956,102466.57099659281
2018-12-15,Quetta,0.0,0.02615438622686416,279.4237499737453,102448.58127022994
2018-12-16,Quetta,0.0,0.025181730379779377,280.1106859070465,102516.56872923761
2018-12-17,Quetta,0.0,0.02443406338450719,280.4311046607272,102427.99072748082
2018-12-18,Quetta,0.0,0.023842172552278794,281.7697379328109,102116.34059731686
2018-12-19,Quetta,0.0,0.023419243521747204,280.70249553206014,102145.03740124572
2018-12-20,Quetta,0.1380315215339855,0.0231873559816394,278.8530967061672,102334.44931723806
2018-12-21,Quetta,0.39340626830187514,0.02303725752215843,279.3993555059658,101905.44033991694
2018-12-22,Quetta,2.1527007450643142E-5,0.02291633066570536,279.0083531659032,101622.7814075809
2018-12-23,Quetta,1.0198960554051437,0.022869650317077828,278.24293974339724,101962.08373136709
2018-12-24,Quetta,0.0,0.022872720595992876,276.8090748514744,102166.2837798126
2018-12-25,Quetta,0.17585621310661353,0.022916023020443748,277.43725837434573,101946.61722103915
2018-12-26,Quetta,0.0,0.024042317478714978,275.65341043939105,102182.41909124785
2018-12-27,Quetta,0.0,0.023864404828896377,276.6875407290094,102229.84252209327
2018-12-28,Quetta,0.0,0.02359153411795917,279.88486346485814,101796.4056691865
2018-12-29,Quetta,0.0,0.023279045468903872,281.44867420527976,101790.47358283642
2018-12-30,Quetta,0.0,0.023025367299241806,281.55021581200276,102076.12662638412
