Date,Location,precipitation_mm,soil_moisture,temp_2m,sea_level_pressure
2019-01-01,Jhang,0.05140067655600062,0.14611317543090538,285.9376016357722,101952.6461684544
2019-01-02,Jhang,0.0,0.1455297801495322,285.7851681970133,102183.32248279985
2019-01-03,Jhang,0.0,0.14401545807409008,286.31585633582625,102268.1456770955
2019-01-04,Jhang,0.15165712953421437,0.1430875755118995,287.55433744369907,101928.91442957088
2019-01-05,Jhang,0.0,0.20890794954369873,285.0074498795889,101977.5463104376
2019-01-06,Jhang,0.0,0.22234342915947494,284.48993036308127,102073.33140098877
2019-01-07,Jhang,0.0,0.2126020232891317,285.5153959083507,102154.19023591539
2019-01-08,Jhang,0.0,0.20408701263166804,285.6488575546045,101861.0926801228
2019-01-09,Jhang,0.0,0.19617045272440908,286.4797362808734,101809.71017333958
2019-01-10,Jhang,0.0,0.1911098934266458,287.2278790537208,101674.76653872727
2019-01-11,Jhang,0.0,0.18976561450226445,286.30533062514195,101939.82241591602
2019-01-12,Jhang,0.5919647684900965,0.2139895019339243,285.06016239571386,101874.32599683173
2019-01-13,Jhang,0.0,0.21569995309467413,283.89168031902443,102344.94531434323
2019-01-14,Jhang,0.012848194356698983,0.2065966033755542,284.00973312080635,102139.66249310091
2019-01-15,Jhang,1.0681591507373496,0.1984751763917524,285.8282827868926,101830.32672702355
2019-01-16,Jhang,0.2252407617988285,0.19234809347044263,285.53108557504885,101828.96020177833
2019-01-17,Jhang,0.0,0.18644117299437907,285.9999611330705,101854.43833762716
2019-01-18,Jhang,0.5952583808788267,0.18114138674387528,286.594846927284,101804.17186762694
2019-01-19,Jhang,0.5056325451858991,0.17636534308035018,286.94353492121184,101783.30917476995
2019-01-20,Jhang,2.291111286463007,0.2101378278155748,285.3968250667411,101742.5082401348
2019-01-21,Jhang,4.347972762352045,0.26685513270074446,284.2178813824352,101354.41688162518
2019-01-22,Jhang,0.0,0.2542990596724567,284.6606489114851,101474.62458342458
2019-01-23,Jhang,0.0,0.2508527592725395,283.6830015544538,102001.79725313027
2019-01-24,Jhang,0.0,0.239300439632239,283.4619061251036,102202.84874284813
2019-01-25,Jhang,0.0,0.22707727995346008,283.94961690306457,102106.95988789864
2019-01-26,Jhang,0.4964560025454072,0.21669601524346424,284.2719787250418,102433.84279229789
2019-01-27,Jhang,0.0,0.20721746885265035,284.4528486881699,102378.31473560359
2019-01-28,Jhang,0.0,0.19867385932316933,284.52261325212555,102337.09884238381
2019-01-29,Jhang,0.6616906702042332,0.19114812360887842,286.3812657468476,102071.39294512998
2019-01-30,Jhang,4.749961524662384,0.20970752476100296,285.44680421478563,102006.80499400677
2019-01-31,Jhang,0.09146281922043158,0.33092089755907406,283.99026670028076,101934.503424239
2019-02-01,Jhang,0.0,0.3040699578057993,284.8454537893375,102133.26000992197
2019-02-02,Jhang,0.0,0.27559000971622444,285.68584108588914,102022.05163296493
2019-02-03,Jhang,0.0,0.25632859692837184,286.7607666410868,102039.96893248206
2019-02-04,Jhang,4.712535347333109,0.2425352693125062,288.17583784346186,101990.9486432597
2019-02-05,Jhang,0.0,0.2316753192831197,288.58451566023587,101681.57710673379
2019-02-06,Jhang,0.0,0.2352335087263823,286.4249350397259,101236.02442495743
2019-02-07,Jhang,0.0,0.2296524566438156,284.7508746856923,101026.09411285771
2019-02-08,Jhang,0.0,0.22159767517318182,284.3966650455759,101929.1969814347
2019-02-09,Jhang,0.0,0.2125041677561611,285.7444321104808,102021.6141416546
2019-02-10,Jhang,1.0616827915956286,0.20464454490674236,287.2739006282144,102043.32679522395
2019-02-11,Jhang,8.958255932117247,0.19788676121358453,288.5235037280939,102103.58113529689
2019-02-12,Jhang,3.1040630299432106,0.19292610503009666,287.78450747554245,102139.3184473904
2019-02-13,Jhang,0.12544549448095013,0.18809133445639195,288.1700081483082,101916.69129473314
2019-02-14,Jhang,0.0,0.18833046707780254,286.97466800055014,101592.84420449374
2019-02-15,Jhang,0.0,0.18303422210942621,286.9790475351973,101786.1288624069
2019-02-16,Jhang,0.011931195322256798,0.17605527602035254,287.6575089619578,101844.21750633018
2019-02-17,Jhang,1.647000930777711,0.1819019210909546,287.8155081616945,101340.12162605533
2019-02-18,Jhang,0.0,0.20580821464965693,286.66559210653685,100986.03922286304
2019-02-19,Jhang,0.0,0.22287162400522026,287.0627020618448,101555.84020489603
2019-02-20,Jhang,5.714232794399299,0.3100934763057676,286.08014177929726,101677.37916233054
2019-02-21,Jhang,0.0,0.3264891057766253,286.5634738194982,101726.84109597768
2019-02-22,Jhang,0.0,0.29368905799218814,286.9484194949775,101930.83018602121
2019-02-23,Jhang,0.0,0.2724858172275455,287.69394135771176,101571.27079611715
2019-02-24,Jhang,0.0,0.2616811557720788,287.902091053639,101137.69301422566
2019-02-25,Jhang,0.0,0.26072464637276754,286.13447320509874,101165.21960053002
2019-02-26,Jhang,0.0,0.2526188038375516,285.79587203137066,101255.27861467349
2019-02-27,Jhang,0.0,0.24164820077953483,286.0495223752373,101315.84210160442
2019-02-28,Jhang,0.0,0.23086437311187147,287.637383227838,101582.795682678
2019-03-01,Jhang,3.1801780437916083,0.22469660754375584,287.5106877105141,101681.92010652948
2019-03-02,Jhang,2.8645285105993756,0.286125327666839,286.0282229689319,101551.76292015649
2019-03-03,Jhang,0.0,0.33568628248948273,287.2207231768575,101432.56206920519
2019-03-04,Jhang,0.0,0.3012098637480293,287.79623003644656,101119.0296621684
2019-03-05,Jhang,0.0,0.27728547758168226,289.358387277945,101172.69985006438
2019-03-06,Jhang,0.0,0.2593090985643048,290.240183977212,101174.44476136702
2019-03-07,Jhang,0.0,0.24950232112518983,290.11305760128147,101259.44081654042
2019-03-08,Jhang,1.5152963996917934,0.2489694129273284,288.73941848048406,101632.20606235674
2019-03-09,Jhang,0.0,0.23717003484098917,289.76592407490983,101562.71526861996
2019-03-10,Jhang,0.19144846626084885,0.22425440875560873,290.9636876608143,101330.70882302444
2019-03-11,Jhang,0.0,0.268470824076194,287.80167206386415,101533.78902984805
2019-03-12,Jhang,0.0,0.2534952300307427,288.6439001513521,101866.49714558957
2019-03-13,Jhang,5.218839327676452,0.23604754599516428,290.4954508898511,101648.26857209961
2019-03-14,Jhang,0.920293095564351,0.24852710654317767,289.2533451461633,101886.1286783448
2019-03-15,Jhang,0.0,0.2344332834329257,290.15479156338756,102003.97145800326
2019-03-16,Jhang,0.0,0.2177678144998549,291.5688312775283,101680.0537411208
2019-03-17,Jhang,0.0,0.20278607657474115,292.70142814152945,101462.05864443944
2019-03-18,Jhang,3.4431644794436203,0.19241693318348876,293.4256959534342,101365.38074015593
2019-03-19,Jhang,1.3395924422163068,0.18807980522639117,293.26703579719083,100980.43749736676
2019-03-20,Jhang,0.0,0.1945632680120013,291.9486994622432,101242.94750518214
2019-03-21,Jhang,0.0,0.18294722790121132,292.8804771986241,101581.30031451174
2019-03-22,Jhang,0.3970387940652859,0.17207177652566885,294.2560739360243,101622.51603499237
2019-03-23,Jhang,1.3421921847426628,0.1691568972658419,292.7228893614239,101600.46220197217
2019-03-24,Jhang,3.735515800877743,0.16618461773462967,293.1358281970794,101413.53789387697
2019-03-25,Jhang,1.225657650592607,0.15923033264527714,295.21519665321256,101321.25942455711
2019-03-26,Jhang,0.01047169144849749,0.15144939753259934,297.22942073372474,101356.5779282985
2019-03-27,Jhang,2.327397202422057,0.14519206989546368,299.11595629279645,101315.35963384551
2019-03-28,Jhang,1.8290853927195654,0.14032202131157,299.75904410402956,101164.2574304197
2019-03-29,Jhang,2.4193017910028987,0.1379362199733116,299.79405601117287,100897.23759490112
2019-03-30,Jhang,0.0,0.13644811622170214,297.88162585753525,101070.88993983615
2019-03-31,Jhang,0.0,0.1334569619171154,297.45470065160447,101076.94717918958
2019-04-01,Jhang,0.0,0.130935328971085,299.4857530502691,100952.05808672345
2019-04-02,Jhang,0.06437890354509142,0.12891424761244163,300.7601750821589,100941.1097331179
2019-04-03,Jhang,0.32971448378831486,0.12728191460034885,302.03310437104767,100783.57216970994
2019-04-04,Jhang,0.16335230460844036,0.12582424410296994,302.3736836942153,100858.72199676007
2019-04-05,Jhang,0.0,0.12677519352540775,302.3251823641,100784.23825820928
2019-04-06,Jhang,0.42480985802865456,0.12961055295273194,301.5975638654698,100700.18494867322
2019-04-07,Jhang,5.26084947674455,0.14294861451261648,300.63050528512406,100621.37473983785
2019-04-08,Jhang,0.0,0.14597613071623075,300.89689306662194,100710.68144122447
2019-04-09,Jhang,2.3624600769395125,0.1408207012299389,301.4041019253775,100712.55958502562
2019-04-10,Jhang,0.15509264146061383,0.13741055235861177,300.58302825151884,101000.78435825265
2019-04-11,Jhang,1.1299034560973091,0.13611271243508063,300.912208391203,100924.93174246473
2019-04-12,Jhang,1.4120315825148837,0.135492304964235,300.6817035522688,101001.6655594855
2019-04-13,Jhang,2.136935231663057,0.14048367786738555,300.2256505170026,101108.15871943353
2019-04-14,Jhang,0.06390830816986014,0.14157573853769953,300.65953169353656,101073.54914430884
2019-04-15,Jhang,1.662182770153402,0.20072997534202866,299.6213690755512,100912.80657630856
2019-04-16,Jhang,5.588003675096046,0.31766414992701353,295.78565574493524,100803.52467300672
2019-04-17,Jhang,2.369235048874584,0.3563755146017909,292.96551709854054,101252.25280174581
2019-04-18,Jhang,0.0,0.3072820738647205,294.54632662630695,101375.06618598117
2019-04-19,Jhang,0.0,0.27080010052580794,297.1072137747931,100977.89082802116
2019-04-20,Jhang,0.0,0.2430432587602522,299.65386451902805,100628.3124934169
2019-04-21,Jhang,4.030541167969123E-6,0.2191302086825435,301.17592629419124,100513.3790435724
2019-04-22,Jhang,8.332619674078461E-8,0.19766192156727952,302.9560667049304,100529.08626665243
2019-04-23,Jhang,7.306423351401399E-4,0.18309613041978082,303.95006022909246,100591.51075222665
2019-04-24,Jhang,0.3315544071704257,0.17393928086476262,301.26032459026703,100962.97734272298
2019-04-25,Jhang,0.14552910323406223,0.16672618287849875,301.76208168745575,100874.06999230047
2019-04-26,Jhang,0.0,0.1578259783355689,302.2975942052026,100864.59493810877
2019-04-27,Jhang,0.0,0.14819554641752603,302.8202250098345,100744.64780473724
2019-04-28,Jhang,0.0,0.1406378765265419,303.4037584309116,100601.39018446235
2019-04-29,Jhang,0.09716226561771267,0.1370080463168946,304.48263349664546,100353.15252531052
2019-04-30,Jhang,0.0,0.13769022000108244,303.1257628503502,100323.17495797382
2019-05-01,Jhang,0.0,0.1356672818238554,303.10857147353835,100313.05160347291
2019-05-02,Jhang,0.0,0.13213355389590875,303.1416647525766,100457.08366029146
2019-05-03,Jhang,0.0,0.12980072019941477,302.0520903074443,100706.1994608745
2019-05-04,Jhang,0.0,0.1278817031325307,302.6526346275127,100743.33007068608
2019-05-05,Jhang,0.0,0.1258926462103624,304.2801928138277,100582.7192031771
2019-05-06,Jhang,0.0,0.1243665744841882,305.3540675571186,100351.30790081815
2019-05-07,Jhang,0.0,0.12452182613127949,305.990931325659,100196.18436146526
2019-05-08,Jhang,0.0,0.12471604251065477,306.57313243653346,100248.23645392708
2019-05-09,Jhang,0.8992240588217163,0.1282488918843386,306.18884275457987,100143.86423092066
2019-05-10,Jhang,0.0,0.1323389642669102,305.3005178328256,100213.6593766852
2019-05-11,Jhang,1.6171582380047962,0.13759613172113316,303.92999398746224,100640.49129747164
2019-05-12,Jhang,0.27719803095554985,0.1392664608228986,304.5990260759572,100487.8838937001
2019-05-13,Jhang,1.3093402974224417,0.15384644064959552,303.1238306647414,100338.19616513664
2019-05-14,Jhang,0.6820985590781973,0.16374551032328177,302.7961611754759,100478.03231461073
2019-05-15,Jhang,1.5731241325524639,0.22153199367391843,301.09996403825687,100665.92829926651
2019-05-16,Jhang,1.0211019979002514,0.21559319062267082,300.5073657212992,100805.08925272376
2019-05-17,Jhang,2.40877354385124,0.23488276797698363,299.0668327675439,100752.07435633572
2019-05-18,Jhang,0.0,0.21331802555540963,301.45921077897736,100738.29527979543
2019-05-19,Jhang,2.328115960075381,0.19078570113930543,303.6829611623656,100692.53938954593
2019-05-20,Jhang,0.0,0.17215239777609398,304.20989613384774,100811.87504450136
2019-05-21,Jhang,0.0,0.1607454513725867,305.42592060021764,100573.16798994744
2019-05-22,Jhang,2.473560442388179,0.16937401245769326,304.9552339203275,100354.70250935314
2019-05-23,Jhang,2.865673756273167,0.18383764328919575,303.5128727029943,100395.69174448706
2019-05-24,Jhang,0.9536979138909427,0.18821776209631114,301.6438510965536,100650.33545114423
2019-05-25,Jhang,0.0,0.1746057684831077,302.64468633970677,100508.88243779285
2019-05-26,Jhang,0.0,0.15906284586897124,304.5300089544158,100300.39463723707
2019-05-27,Jhang,0.0,0.14663964445475486,305.76321117462794,100301.27559647693
2019-05-28,Jhang,0.0,0.13781506644476355,307.13262388733443,100169.32608346465
2019-05-29,Jhang,0.0,0.13368626505108697,307.970738566365,99961.72551263518
2019-05-30,Jhang,0.0,0.13058917340576878,308.73666986690057,99864.15942513647
2019-05-31,Jhang,0.0,0.12841825037252097,309.32537778820745,99823.59150860322
2019-06-01,Jhang,0.0,0.12848888137366332,309.049805636385,99858.26115247603
2019-06-02,Jhang,0.0,0.12675718151297694,309.2061530455474,99833.59215795522
2019-06-03,Jhang,0.0,0.12457416071167422,309.8150645999453,99734.61046725955
2019-06-04,Jhang,0.0,0.12322809079920556,308.1024691374624,99919.7558433782
2019-06-05,Jhang,0.01312641566457616,0.12439688192759692,307.43301760826654,100053.36006885345
2019-06-06,Jhang,0.0,0.12435227450173501,307.37933033183685,100199.80564915181
2019-06-07,Jhang,0.0,0.12339505243158351,308.3098401927422,100295.44678183664
2019-06-08,Jhang,0.0,0.1241579073036637,309.2423460008922,100035.65651779843
2019-06-09,Jhang,0.0,0.12394170529565907,309.6652170579406,99789.42306811191
2019-06-10,Jhang,0.0,0.12275132352161736,311.0948249473983,99487.88024379402
2019-06-11,Jhang,1.325936911313212E-4,0.12260740539166079,310.8638761286099,99353.15943382606
2019-06-12,Jhang,0.0,0.12325075637628974,307.7297243237024,99804.35237985136
2019-06-13,Jhang,2.409424166571396,0.1224679918505727,308.19329888309517,99961.5007462545
2019-06-14,Jhang,0.7838889882061413,0.12188795889609354,309.32036029602625,99792.0904805942
2019-06-15,Jhang,0.10879371175782214,0.12281203773276775,309.57172939225507,99699.43979116464
2019-06-16,Jhang,0.0,0.12455662834898386,307.90688260413435,99851.45066899576
2019-06-17,Jhang,4.907669763858536,0.13034047704040472,308.30286324507574,99707.12365047482
2019-06-18,Jhang,0.0,0.14813329731863437,304.123576756945,99960.28333814327
2019-06-19,Jhang,0.0,0.17527804412785214,305.17615095944683,99958.34274753318
2019-06-20,Jhang,3.7875032972496334,0.1651114305947963,306.01428692581396,100093.86177333664
2019-06-21,Jhang,0.0,0.23936849180082687,304.2161063709721,100230.37276149985
2019-06-22,Jhang,0.0,0.20619651799748037,307.24443998243265,100039.9066702618
2019-06-23,Jhang,0.04707919294075784,0.1886343728361998,306.99237638867345,100071.703210053
2019-06-24,Jhang,0.0,0.2594306999630927,301.92926181073744,100403.56217058419
2019-06-25,Jhang,0.0,0.22750516266582635,306.05389151612303,100208.35722576587
2019-06-26,Jhang,0.4941089880784282,0.20179514234733278,306.8137705390821,99928.95456958437
2019-06-27,Jhang,0.0,0.18326181793632876,306.95291621808735,99657.66693455286
2019-06-28,Jhang,17.702885624339338,0.16550173622260017,308.5539965793029,99539.79064269521
2019-06-29,Jhang,0.682928762179084,0.15537752648668066,308.67867633180964,99463.3531126765
2019-06-30,Jhang,0.0,0.14850268558476176,309.0524193001933,99567.98511677804
2019-07-01,Jhang,1.0886440326118898,0.14374566243458722,309.24514142028005,99606.35886441867
2019-07-02,Jhang,0.0,0.13872247312961655,310.0922383324023,99699.46757584729
2019-07-03,Jhang,0.0,0.13238630537271184,310.7215375946449,99616.54094604212
2019-07-04,Jhang,0.0,0.12834985360099882,311.03145318672694,99406.69676893382
2019-07-05,Jhang,0.0,0.1259609187568233,309.6151076926527,99262.99764353155
2019-07-06,Jhang,21.190369784898298,0.12871881722613726,306.7894421383872,99384.80053438556
2019-07-07,Jhang,0.0,0.13738331899795417,307.5852341626469,99420.6591391688
2019-07-08,Jhang,0.0,0.1328082285822358,309.1556877634162,99291.40275308398
2019-07-09,Jhang,0.0,0.1292009382459966,309.4129600472398,99209.08989970596
2019-07-10,Jhang,0.0,0.1268036609292947,309.0690014478829,99219.0209551637
2019-07-11,Jhang,0.0,0.12513975666540778,309.46515263941836,99256.2385944715
2019-07-12,Jhang,4.848815138192375,0.12511643702634004,308.4792355076013,99484.98746982333
2019-07-13,Jhang,0.0,0.12509838714851604,307.9749188061914,99525.09699017703
2019-07-14,Jhang,0.8234920762716615,0.12790904074623696,306.6810399398916,99439.39731390512
2019-07-15,Jhang,0.010543408715779988,0.14701460971253902,304.3023993765039,99469.1418257483
2019-07-16,Jhang,0.0,0.19153568409212118,303.6494681496673,99821.21080241575
2019-07-17,Jhang,0.0,0.2778678768124999,303.6618328473992,99963.17910371511
2019-07-18,Jhang,6.806147191645766,0.2731868698423725,303.7242155086536,99972.715786311
2019-07-19,Jhang,5.47618973148681,0.3214357159813733,303.3498582857644,100074.9007528902
2019-07-20,Jhang,0.0,0.2828482762947603,304.72659086604347,100101.92360449882
2019-07-21,Jhang,0.0,0.2503315088798673,305.4482692654131,100041.1905495319
2019-07-22,Jhang,0.0,0.2258084325991732,305.9578728088947,99936.21464112375
2019-07-23,Jhang,0.0,0.204798757987749,306.9439547736108,99769.66083364579
2019-07-24,Jhang,0.0,0.1875056814804266,308.344813464648,99477.80559543426
2019-07-25,Jhang,4.0948834070651,0.27488485298138315,304.69903094362945,99593.72278909596
2019-07-26,Jhang,0.0,0.3302786464708946,303.3906904734856,99662.30421141382
2019-07-27,Jhang,15.628122363720054,0.3500750768182923,302.7249404535385,99776.05593854272
2019-07-28,Jhang,1.855384961599816,0.3182014943760309,302.66706872342394,100057.02827051173
2019-07-29,Jhang,11.002453751332425,0.35327785253264926,303.243664861423,100112.0776873588
2019-07-30,Jhang,0.0,0.3067673583488588,305.3047823302873,99898.15425138605
2019-07-31,Jhang,0.0,0.28816291863683635,305.0779696512999,99785.83188313135
2019-08-01,Jhang,16.81283056087893,0.28137894747789144,304.03640421151493,99773.40578523674
2019-08-02,Jhang,0.0,0.32816884583216227,303.23254901338186,99725.34120446636
2019-08-03,Jhang,0.1774741157232929,0.30064118768994025,304.2464545326001,99773.7865285525
2019-08-04,Jhang,0.0,0.27612816856048517,305.3006934214245,99611.36411453238
2019-08-05,Jhang,0.0,0.25017356994705003,306.66225623019426,99398.20503197782
2019-08-06,Jhang,3.6672676392290073,0.232056852847263,306.71114671396793,99343.14399710132
2019-08-07,Jhang,1.3362011033003873,0.3081277642662627,303.344798348428,99572.73875509796
2019-08-08,Jhang,6.056925963646697,0.29543850442182895,305.1663688172067,99573.49348673061
2019-08-09,Jhang,11.909421699096665,0.34115418448468465,303.7569343256557,99782.46767459293
2019-08-10,Jhang,0.43872555720801687,0.3814847852457107,302.4689979648155,99907.9192978677
2019-08-11,Jhang,0.0,0.4006509713060376,303.22829075588857,99944.40667684497
2019-08-12,Jhang,0.0,0.3699892106147765,304.99655540412147,99856.74457477711
2019-08-13,Jhang,0.0,0.33845985438141263,305.2729016155006,99851.39803251074
2019-08-14,Jhang,0.0,0.31365983841659145,305.127370350029,100058.3075695591
2019-08-15,Jhang,0.0,0.29605846901543825,305.36346834123526,100046.7161022974
2019-08-16,Jhang,9.81441318353558,0.28907571035058954,304.6333070067104,99893.25948196139
2019-08-17,Jhang,0.0,0.3080112686524951,302.28387531203487,100009.47372546895
2019-08-18,Jhang,2.5997430548564555,0.29777355736893396,303.50362066299147,100213.454678863
2019-08-19,Jhang,0.0,0.3158573329697146,302.8540133800558,100450.06851058766
2019-08-20,Jhang,0.0,0.29068860212988634,303.88216442098405,100357.48349524125
2019-08-21,Jhang,0.0,0.2640456618018946,305.35992958265325,100103.77207270217
2019-08-22,Jhang,0.21286220594574107,0.24045202255741877,305.4973474604973,100119.7570991608
2019-08-23,Jhang,0.0,0.2215389095404413,305.74647884507533,100161.60527402333
2019-08-24,Jhang,0.0,0.20449934828939934,306.52356786821207,100099.07494723029
2019-08-25,Jhang,0.0,0.18871921098850897,306.9797194997542,100111.37180485093
2019-08-26,Jhang,0.0,0.17622369211669134,306.0909432235443,100274.41237592271
2019-08-27,Jhang,0.24702915563039815,0.16724337170954348,305.9014642546742,100212.12050140712
2019-08-28,Jhang,2.041139570187861,0.17329954970027203,306.2834579957173,100270.84847109989
2019-08-29,Jhang,0.13244848424276398,0.1678116189265208,307.35071654066223,100266.67849570459
2019-08-30,Jhang,5.095104692526222,0.18861074549527684,305.6057329805625,100040.50301530008
2019-08-31,Jhang,4.802757161593123,0.2500605552707882,304.6917512098801,99891.13127153966
2019-09-01,Jhang,0.6520682647731371,0.25964943522374734,304.7087866434395,100078.9514213068
2019-09-02,Jhang,0.015111907338737664,0.2779449956962214,304.4912189509915,100139.84810007922
2019-09-03,Jhang,0.0,0.2455901744098978,306.5581256616547,99957.12149465772
2019-09-04,Jhang,0.0,0.2182913912462699,307.639830065983,99824.75228326491
2019-09-05,Jhang,0.0,0.19615253176464081,308.022471366812,99837.36706637181
2019-09-06,Jhang,0.04339019507054206,0.1783398008684604,308.15270023821057,99780.02048671374
2019-09-07,Jhang,0.47172688826330456,0.18069541228103206,306.8167181358203,99893.21197814851
2019-09-08,Jhang,3.5842742812641943,0.17076467702422168,306.8309134633631,100081.19432846564
2019-09-09,Jhang,0.0,0.1582180235213846,308.1229746973037,99883.05710927231
2019-09-10,Jhang,0.0,0.1475412706562864,309.1828760975138,99803.2946939039
2019-09-11,Jhang,0.0,0.13965787965468368,309.04146864444004,99941.57791802892
2019-09-12,Jhang,0.0,0.1344478994660493,308.5451666011135,100026.71977932559
2019-09-13,Jhang,0.0,0.13131218524845298,307.50528423737444,100170.74488971019
2019-09-14,Jhang,0.0,0.12930692622392306,307.12383479031223,100281.0057043442
2019-09-15,Jhang,0.0,0.1277734730176101,307.17383662422714,100274.28377841767
2019-09-16,Jhang,0.0,0.12667869666788267,306.9097450799194,100088.17365110677
2019-09-17,Jhang,0.17924714516756038,0.1373237084762211,305.19410258688293,100279.38022641478
2019-09-18,Jhang,0.0,0.1390030021615622,305.6318485278822,100636.70305732625
2019-09-19,Jhang,0.0,0.1356809317944435,304.84060606974185,100792.21745471915
2019-09-20,Jhang,0.0,0.14316468029520873,302.81139761898504,100841.34982352158
2019-09-21,Jhang,0.0,0.14232812891091431,303.18057111723175,100699.39942890721
2019-09-22,Jhang,0.0,0.13830945943062894,304.1486993359352,100810.48943499527
2019-09-23,Jhang,0.0,0.1351674577148845,303.8163565818544,100975.62272621461
2019-09-24,Jhang,0.0,0.13255427702748251,304.1994347402017,100975.61122799673
2019-09-25,Jhang,0.0,0.13051942218035334,304.3764062706159,101120.81333947052
2019-09-26,Jhang,0.0,0.12890115544387962,304.31736916032224,101111.25514583821
2019-09-27,Jhang,0.0,0.1273104537920495,304.76727251268454,100927.732464599
2019-09-28,Jhang,0.019560118424542455,0.1442037439443279,303.0378979732603,100787.8357734504
2019-09-29,Jhang,24.470867015887222,0.2694714999956165,299.3042323836269,101037.56634397431
2019-09-30,Jhang,0.0,0.25044134123449874,300.4407216538305,100873.01826901606
2019-10-01,Jhang,3.277889758809526,0.30505949420661693,299.2145999910075,100889.42761357606
2019-10-02,Jhang,0.0,0.30500187758604846,299.2931561002718,101008.87797501181
2019-10-03,Jhang,6.901967671350723,0.32422197796582236,297.97757163689556,101029.45236110284
2019-10-04,Jhang,0.0,0.3227623459253685,297.8808516059514,101157.82859344981
2019-10-05,Jhang,0.19121416207572323,0.28848000673786106,298.9293970202985,101144.66550971764
2019-10-06,Jhang,0.07496635396293562,0.2790138848032265,296.1447922821475,101257.14350284607
2019-10-07,Jhang,0.0,0.2691467961718891,297.437938895263,101365.98651264788
2019-10-08,Jhang,0.0,0.24573221073482582,298.5048367379887,101145.66437769645
2019-10-09,Jhang,0.0,0.22812717989803113,299.43300873137105,101146.41657906822
2019-10-10,Jhang,0.0,0.21338203103423375,299.88626911965144,101131.02076056864
2019-10-11,Jhang,0.0,0.20660843730732217,299.52574562981687,101010.65322890678
2019-10-12,Jhang,0.0,0.19830940988718013,299.8182324236519,101113.84861671689
2019-10-13,Jhang,0.0,0.18669586353502782,300.40209328977585,101132.4790832814
2019-10-14,Jhang,0.0,0.17614025858402785,300.7952444594974,101157.36938597521
2019-10-15,Jhang,0.0,0.16689790575725064,300.5207245310159,101284.58382039126
2019-10-16,Jhang,0.0,0.15925463033437406,300.65474760089455,101307.05204743374
2019-10-17,Jhang,0.0,0.15815523035658308,299.4338498267952,101289.50353615089
2019-10-18,Jhang,0.05564743893352797,0.16542184255773715,296.48483839732216,101575.04655901367
2019-10-19,Jhang,0.0,0.16529908387510742,296.57007623589107,101666.37913152197
2019-10-20,Jhang,0.0,0.15896215362447677,297.4869668644216,101536.27382484662
2019-10-21,Jhang,0.0,0.15350432588101384,298.6776509450456,101315.58741789624
2019-10-22,Jhang,0.0,0.14900369526411594,298.46533848662426,100986.60561002213
2019-10-23,Jhang,0.0,0.1489616649993311,297.8796046899028,100912.1934381741
2019-10-24,Jhang,0.0,0.14787749826699847,297.54071956599256,101118.35895342147
2019-10-25,Jhang,0.0,0.1461558867370344,297.22345751403066,101218.20123987785
2019-10-26,Jhang,0.0,0.14336547417406936,297.936423717584,101370.5783727859
2019-10-27,Jhang,0.0,0.14032794451335065,298.36257092797143,101289.65165424134
2019-10-28,Jhang,0.0,0.1378616064842826,298.60135072333566,101310.4402161663
2019-10-29,Jhang,0.0,0.13575266757789228,298.69377128483796,101334.28529357238
2019-10-30,Jhang,0.0,0.13390782253712769,298.85106590666385,101199.35937710655
2019-10-31,Jhang,0.0,0.13235829925374243,298.63169773779435,101185.12005665635
2019-11-01,Jhang,0.0,0.17411338292023032,295.51634403826915,101301.67315500815
2019-11-02,Jhang,0.0,0.18234419098118101,296.10972521954847,101486.10069564401
2019-11-03,Jhang,0.0,0.17995487056144457,295.88526163364025,101533.57896868362
2019-11-04,Jhang,0.0,0.17318821989470848,296.37624657453154,101496.35780797082
2019-11-05,Jhang,0.0,0.16692973156648844,296.84915329019856,101020.8662624499
2019-11-06,Jhang,0.0,0.16226182773667286,293.94386098488997,100778.93993098855
2019-11-07,Jhang,0.0,0.1664122910923709,291.01326908939285,101233.47465894531
2019-11-08,Jhang,0.0,0.16484711997283216,291.36278102608645,101754.47453492071
2019-11-09,Jhang,0.0,0.1596297421250146,292.29968792976416,101571.9352759825
2019-11-10,Jhang,0.0,0.1548667126063415,293.5833517022491,101409.65123871929
2019-11-11,Jhang,3.6224197320638694E-7,0.15137125531895326,293.767934388825,101321.70992608019
2019-11-12,Jhang,4.2547134686701245E-4,0.14805326901411991,293.9716973908891,101450.9341974156
2019-11-13,Jhang,0.08258275535827664,0.14515024901537313,293.9928779559405,101703.51141237486
2019-11-14,Jhang,1.9078287058305061,0.15943480643174748,292.6524973465416,101812.94383157715
2019-11-15,Jhang,3.366116989148695,0.21648136704518278,292.1247860078565,101766.47708440413
2019-11-16,Jhang,0.0,0.22656090292472592,291.91117232609827,101857.04297888782
2019-11-17,Jhang,0.0,0.21401572893658247,292.14874894401447,101754.74804773075
2019-11-18,Jhang,0.0,0.2027765656109024,292.8705527682873,101485.06310458723
2019-11-19,Jhang,0.0,0.194072845877968,292.91540945783123,101428.55912315888
2019-11-20,Jhang,0.0,0.1868578550934968,292.8083297345222,101505.27314731915
2019-11-21,Jhang,2.4974188190117417,0.18347002672487747,291.83434690354414,101808.63015005138
2019-11-22,Jhang,3.214589664614547,0.21032943780444685,288.7357560097271,101923.65201683572
2019-11-23,Jhang,0.0,0.22891000834704633,290.0673520308067,101854.66724026969
2019-11-24,Jhang,0.0,0.21666638344124167,290.35750648726713,101672.36118033555
2019-11-25,Jhang,0.0,0.20662998781608452,290.4850323451723,101720.28914070655
2019-11-26,Jhang,0.0,0.19873627833417246,289.9498324079378,101724.05907576087
2019-11-27,Jhang,0.0,0.19188209815785376,289.5301268361559,101643.14164010619
2019-11-28,Jhang,0.0,0.18649186616248897,288.8692772484811,101919.76981366282
2019-11-29,Jhang,0.0,0.1811278302045908,288.3315202719505,101938.6918608754
2019-11-30,Jhang,0.0,0.17533172780484066,288.7089725401255,101836.26536325802
2019-12-01,Jhang,0.0,0.16986383950289607,288.6303169888825,101756.58210168865
2019-12-02,Jhang,0.0,0.1649513776501603,289.0851439496872,101831.07366801206
2019-12-03,Jhang,0.0,0.1606239969566684,289.61974322120693,101737.46055225993
2019-12-04,Jhang,0.0,0.15716192974569007,289.9619295435952,101914.06956387551
2019-12-05,Jhang,0.0,0.1542513757123436,288.61285864954203,102215.8489258569
2019-12-06,Jhang,0.0,0.15167669206497733,288.15935869180595,102172.11963297125
2019-12-07,Jhang,0.0,0.14927923748594904,288.2861521018857,102009.3401540749
2019-12-08,Jhang,0.0,0.14710067271495186,289.04763244787813,101935.68283393433
2019-12-09,Jhang,0.10068668006661324,0.1452092256614271,288.7894104342103,101856.03565221696
2019-12-10,Jhang,0.0,0.1435755948542407,288.933551392533,101491.55430041667
2019-12-11,Jhang,1.3674941539921102,0.14233000212283473,288.52351332267455,101429.11025607535
2019-12-12,Jhang,4.356067748984092,0.2899511329072889,285.8702470817841,101343.4345457906
2019-12-13,Jhang,0.0,0.31034330479709554,285.2292757588568,101464.09818908203
2019-12-14,Jhang,0.0,0.2857523508029147,285.6986149099779,102183.91325989456
2019-12-15,Jhang,0.0,0.2721308436329398,284.7918962774382,102191.18647225425
2019-12-16,Jhang,0.0,0.2573715238118904,285.4176069063331,102165.50780776016
2019-12-17,Jhang,0.0,0.24531030424007594,285.3479664307202,102156.23302494822
2019-12-18,Jhang,0.0,0.23562602893323134,285.9922046530872,101953.87861067109
2019-12-19,Jhang,0.995221676344802,0.23060812428279745,287.1330606151627,101836.46037925735
2019-12-20,Jhang,0.0,0.26023935250298336,286.6555465967734,101692.55063444804
2019-12-21,Jhang,0.0,0.2552069203991585,284.8911121269235,101904.38652823656
2019-12-22,Jhang,0.0,0.2460967510520441,284.991359528588,101979.87572229211
2019-12-23,Jhang,0.0,0.23841217153561753,284.1842218694748,101793.66276853574
2019-12-24,Jhang,0.0,0.23253897309567131,283.08463015264846,102101.7413448696
2019-12-25,Jhang,0.0,0.22754110093103738,282.40940056955895,101976.42080959924
2019-12-26,Jhang,0.0,0.22233584778777654,283.8384526457277,101847.13182741244
2019-12-27,Jhang,0.0,0.21841406365494812,282.0045746334596,101978.89264072977
2019-12-28,Jhang,0.0,0.2162495089507833,282.5822641502391,102129.24293033134
2019-12-29,Jhang,0.0,0.21398046444821714,281.66054501923986,102130.21746498872
2019-12-30,Jhang,0.0,0.21100837180104112,280.5520620183957,102015.538180108
2019-12-31,Jhang,0.0,0.20829066632135682,281.18743518906166,102207.71690121629
2020-01-01,Jhang,0.0,0.20543566456964163,281.3607364574479,102367.82740665758
2020-01-02,Jhang,0.19454327271389577,0.20200751474335005,283.27394755929396,102310.90398648422
2020-01-03,Jhang,0.0,0.19752357607885243,284.7751231874722,101917.40087085849
2020-01-04,Jhang,0.0,0.19325552612748342,285.20497447949055,101805.80401523889
2020-01-05,Jhang,5.75554061439828,0.22680090908596667,284.20087933008125,102007.9569808238
2020-01-06,Jhang,14.613722151791288,0.34058601827007584,283.0819408146482,102068.71339508407
2020-01-07,Jhang,0.0,0.30950174502348615,283.44066933007196,101741.40575758784
2020-01-08,Jhang,0.0,0.2866187830395715,282.472063528346,101752.07645106215
2020-01-09,Jhang,0.0,0.2714783780817776,282.7880896572658,102159.92585563846
2020-01-10,Jhang,0.0,0.2597282470784041,283.5987649367067,102147.09931926001
2020-01-11,Jhang,0.032254925672267606,0.250744374567384,285.670089005923,102046.46287581313
2020-01-12,Jhang,0.013290020833624083,0.253411423030015,286.0095571433747,101651.52505377028
2020-01-13,Jhang,0.0,0.3728907631206106,283.145347493319,101073.72647349715
2020-01-14,Jhang,0.0,0.3281901395762734,282.94911432774654,101794.4169466657
2020-01-15,Jhang,0.0,0.3086936040414118,283.9075575628651,101801.92031666049
2020-01-16,Jhang,0.0,0.2954283121380663,284.5802681127985,101664.34416288884
2020-01-17,Jhang,0.0,0.28477502045188974,284.71325890501225,101718.20796775466
2020-01-18,Jhang,0.0,0.2762308475702207,284.8114258102309,101951.52278288148
2020-01-19,Jhang,0.0,0.2685460940915644,285.7596269399014,102018.18407391768
2020-01-20,Jhang,0.14009881094326612,0.26577801643172777,286.06172711097,101825.66236854965
2020-01-21,Jhang,0.003323674848859248,0.2729397871599107,285.2443940994763,102105.98211938389
2020-01-22,Jhang,0.0,0.2652079785695304,284.7564129445448,102350.13385367514
2020-01-23,Jhang,0.0,0.2558873319389595,285.1688183813383,102100.495365533
2020-01-24,Jhang,0.0,0.2468936341620526,286.06336937427295,101733.13876621006
2020-01-25,Jhang,0.0,0.24935279480266406,286.96621947012227,101634.75254843013
2020-01-26,Jhang,0.0,0.2436497853823297,286.55739407926865,101514.31221508567
2020-01-27,Jhang,0.3650991024425045,0.26486403042590784,285.667516344849,101226.97643004908
2020-01-28,Jhang,0.0,0.3041327881716883,284.49676239545283,101111.44217422853
2020-01-29,Jhang,0.0,0.2896748872506,284.62664908886643,101861.76498934074
2020-01-30,Jhang,0.0,0.27584437714742477,283.67725700794057,101916.69589575814
2020-01-31,Jhang,0.0,0.2661623516063691,284.86824762274335,101542.05973564577
2020-02-01,Jhang,0.0,0.2576487481614844,285.83165913409664,102008.08394573246
2020-02-02,Jhang,0.0,0.2476499935227591,285.9544821204355,102059.89351153551
2020-02-03,Jhang,0.0,0.238441178591,285.92590407528473,101793.06428742956
2020-02-04,Jhang,0.0,0.24844070506658114,283.87603428078063,101898.59004268974
2020-02-05,Jhang,0.0,0.24277303093668232,284.63053322956955,101856.84766033143
2020-02-06,Jhang,0.0,0.2332476132966638,285.9564772793006,101636.60606846584
2020-02-07,Jhang,0.0,0.22450369264529635,286.02026896100824,102040.97098876351
2020-02-08,Jhang,0.0,0.2161742013057412,286.52554793224294,102165.6108130013
2020-02-09,Jhang,0.0,0.208406699043017,287.21322853553147,102132.24648570473
2020-02-10,Jhang,0.009571754445023239,0.20121297474471714,288.11528238053955,101940.31879207883
2020-02-11,Jhang,0.0,0.19458233149089407,289.09494046787665,102080.426330408
2020-02-12,Jhang,0.0,0.19032636550717663,288.45339228763066,102103.04055790552
2020-02-13,Jhang,0.0,0.19334163638127827,289.86838538407204,101734.00228774142
2020-02-14,Jhang,0.0,0.1850799211593813,289.5380726067601,101520.58592407053
2020-02-15,Jhang,0.0,0.17719326994101325,289.72598768848377,101444.79714832822
2020-02-16,Jhang,0.0,0.1701100649102889,290.9273871530103,101710.32253967732
2020-02-17,Jhang,0.0,0.16381318103071518,290.3498599842639,101802.63906192064
2020-02-18,Jhang,0.0,0.1582317867024259,291.5269102201794,101311.83302252558
2020-02-19,Jhang,0.0,0.15351246051174822,290.4609654575176,101039.58703528933
2020-02-20,Jhang,0.0,0.1521849505348758,288.78972388650493,101487.24015149439
2020-02-21,Jhang,0.0,0.15035975321865988,290.1932478232736,101966.15942039668
2020-02-22,Jhang,0.0,0.1476624580643966,291.54668291340454,102157.41748594913
2020-02-23,Jhang,0.0,0.144684464951819,292.38200142203914,101867.64432256734
2020-02-24,Jhang,0.0,0.14281825086474104,292.59506036010384,101498.00499153156
2020-02-25,Jhang,0.0,0.14129559229551913,293.0816209070217,101364.39506329206
2020-02-26,Jhang,0.8705912471126948,0.138828747487346,294.4214810420012,101352.42283428193
2020-02-27,Jhang,0.0,0.13654786676008726,295.5509693630223,101271.55661475363
2020-02-28,Jhang,22.12142770704788,0.20277828103963713,290.9367999994945,101237.35069327416
2020-02-29,Jhang,0.0,0.3293063105587766,289.5736329825706,101366.37850929213
2020-03-01,Jhang,0.0,0.28782221020223603,290.27371928617566,101545.48435077441
2020-03-02,Jhang,0.0,0.26274525258180187,292.0285210165903,101357.43699178855
2020-03-03,Jhang,1.613749399879165,0.24233894174996612,292.817021081358,101117.69524166637
2020-03-04,Jhang,5.65331803389051,0.3148270922357422,289.51981585430815,101074.9921551114
2020-03-05,Jhang,3.731731944605057,0.3413920054677397,289.3432692777495,100972.17228314902
2020-03-06,Jhang,3.2379234856407493,0.40336892665017143,287.88379368535635,100894.0052314179
2020-03-07,Jhang,0.0,0.3793699150373026,288.8803183587008,101354.30476438999
2020-03-08,Jhang,0.0,0.3563041068779353,289.5970124800959,101725.56540207165
2020-03-09,Jhang,0.0,0.335739012138573,289.35990053198935,101447.21874631349
2020-03-10,Jhang,0.0,0.3171245282399757,290.7391015904745,101073.01984262829
2020-03-11,Jhang,0.0,0.3655241438735705,289.0389329218178,100753.14735129672
2020-03-12,Jhang,0.6063438395389253,0.40526180954568397,287.86650128881894,101188.38960963035
2020-03-13,Jhang,0.0,0.39790043393769514,287.72948108359685,101623.43868652891
2020-03-14,Jhang,0.0,0.3715540261596322,288.33549584834225,101694.01625802607
2020-03-15,Jhang,0.0,0.34860733532641197,290.36234873288095,101852.20190002614
2020-03-16,Jhang,0.0,0.330151538582512,292.1716997562825,101717.12422793993
2020-03-17,Jhang,0.08563603920595697,0.32818313267851706,293.224591847866,101676.25600242466
2020-03-18,Jhang,0.23707867006211036,0.3480842418727013,293.640764350775,101445.47116992903
2020-03-19,Jhang,0.41622240517087916,0.3199585215773522,294.48527400742506,101088.69906088845
2020-03-20,Jhang,6.4366017469096075,0.32253501676340673,293.44709326897413,101106.33882403559
2020-03-21,Jhang,0.0,0.36730526627949633,293.1144666208344,101266.32593310774
2020-03-22,Jhang,2.532295120212835,0.3338321759207449,293.93580452062696,101422.73759226798
2020-03-23,Jhang,7.931739947958916,0.3491521156428725,293.520659072766,101230.23451903713
2020-03-24,Jhang,0.1855483878719187,0.3726275941391732,293.1373593382251,101189.77163479767
2020-03-25,Jhang,5.3619392650337705,0.3429510035639067,293.6422844583908,101347.92279425701
2020-03-26,Jhang,32.66478235815046,0.33795697391163765,293.70183829057316,101449.81890873045
2020-03-27,Jhang,0.08959987783999343,0.3960549472424528,289.9696475066309,101227.27646570279
2020-03-28,Jhang,0.0,0.37299111290509057,291.3313033800508,101501.85049077951
2020-03-29,Jhang,0.0,0.3503982588689478,292.723416388271,101436.48044070617
2020-03-30,Jhang,14.879050709833296,0.3315680849058878,293.9369857401331,101363.17563207808
2020-03-31,Jhang,2.205246743548687,0.35447889880426225,291.40595501268797,101270.69308400607
2020-04-01,Jhang,0.0,0.3398476801363555,293.0330694632699,101331.99795793796
2020-04-02,Jhang,0.0,0.31620633748262683,293.09442975302045,101294.22201387606
2020-04-03,Jhang,0.0,0.2971616318318352,294.73485380898745,101311.62516167971
2020-04-04,Jhang,0.0,0.28209846563269697,296.33861994356283,101240.41189378005
2020-04-05,Jhang,0.0,0.3391460056890589,295.12006622170964,101305.64386728364
2020-04-06,Jhang,5.5206225752175575,0.30606619318788386,295.1457986372115,101398.94036810302
2020-04-07,Jhang,0.0,0.2946233936573694,293.90800064811447,101198.41111566368
2020-04-08,Jhang,0.0,0.27582523335189785,295.3022642577383,101247.55284108625
2020-04-09,Jhang,0.8740628951902258,0.2583409254453456,297.7064983181658,101090.21747525818
2020-04-10,Jhang,0.0,0.2445154951121446,297.17818182002026,101367.0338173893
2020-04-11,Jhang,0.07918604312087218,0.228447115725188,298.8599441516577,101399.2077099624
2020-04-12,Jhang,0.15264388633299095,0.21323755658086593,301.05794922958097,100980.72958043328
2020-04-13,Jhang,0.0014441889174293344,0.20037251983913076,301.7667335507167,100780.20416749168
2020-04-14,Jhang,0.2411240536280471,0.18966941608918084,301.5392304658687,100676.42406662887
2020-04-15,Jhang,0.0,0.1790302253939236,300.0234399884655,100939.33185969574
2020-04-16,Jhang,0.8625895398271196,0.16972462733198204,300.5509443305259,100804.57797911965
2020-04-17,Jhang,3.7393555094769946,0.20498523589797463,294.9116638103491,100883.4569684477
2020-04-18,Jhang,0.0,0.25454275697020706,295.3100577392178,101112.85787748778
2020-04-19,Jhang,5.3354777092920616,0.23226031151119178,297.3268020905504,101005.92262230777
2020-04-20,Jhang,0.04122871143029012,0.21786928758146867,297.7001133400955,101006.48192426229
2020-04-21,Jhang,0.0,0.20372232625303557,297.9958281276327,101001.47532857317
2020-04-22,Jhang,0.26507224333555884,0.1880375125182174,300.3816609572116,100755.55701263313
2020-04-23,Jhang,0.0013286238505162144,0.1754202353001653,300.95810056689794,100666.65619338577
2020-04-24,Jhang,3.205016772994304,0.17124519406860525,301.15654050740926,100505.25254316376
2020-04-25,Jhang,0.0,0.17295754057763688,300.37826900871573,100654.1178094666
2020-04-26,Jhang,0.0,0.16288618516588238,301.0316651637334,100771.14930619922
2020-04-27,Jhang,2.3564230407460376,0.15413396112884586,301.35805076146863,101078.97050793761
2020-04-28,Jhang,0.7815553100258007,0.14734924292662704,300.8651513437149,101167.96120556175
2020-04-29,Jhang,3.5011304260573914,0.14633231662485935,302.9894261706517,100825.11982519628
2020-04-30,Jhang,0.0,0.14952426746552755,304.28335370088206,100784.68442071271
2020-05-01,Jhang,2.485083537474774,0.14690003987651462,305.54454996027425,100435.38658353417
2020-05-02,Jhang,0.0,0.14935555528195896,303.4097441405058,100491.06096140969
2020-05-03,Jhang,1.3001016440560773,0.2234013923112632,298.6653813970465,100845.95961694022
2020-05-04,Jhang,1.5714900046461426,0.24358913738740134,300.42298372675737,100937.77268308248
2020-05-05,Jhang,0.0,0.21856486580763934,301.55499572871304,100730.43300272379
2020-05-06,Jhang,1.2545376978278449,0.21338376433491954,301.3016262491385,100634.27778494592
2020-05-07,Jhang,0.0,0.19778116811149088,302.31622846128664,100728.4816293416
2020-05-08,Jhang,1.1060678317423172,0.1776040855828669,304.2311087580729,100518.70114718853
2020-05-09,Jhang,0.41514169960493835,0.16135803832188367,305.70800505021214,100557.84224248154
2020-05-10,Jhang,0.0,0.14902696109446728,305.68849447043056,100614.84200628176
2020-05-11,Jhang,1.7667404548588828,0.14560126454705857,304.30537333820564,100671.61667007234
2020-05-12,Jhang,3.175301827259044,0.14536562653498203,303.38977888122866,100855.74265515985
2020-05-13,Jhang,3.800504642066644,0.15305140934373845,302.49863203900435,100634.10093605694
2020-05-14,Jhang,0.625199366686233,0.31595463552222885,298.73148685319313,100825.59184855195
2020-05-15,Jhang,0.0,0.28861189605892207,300.63124201557497,100747.56233173725
2020-05-16,Jhang,0.0,0.2470137489102241,302.8229744988435,100453.50088871166
2020-05-17,Jhang,0.0,0.22028694978713323,302.41664717299653,100354.97733745661
2020-05-18,Jhang,0.0,0.19859988768148126,302.17646423475753,100335.75538835776
2020-05-19,Jhang,0.0,0.17917246968921874,302.45800339967093,100342.28881655722
2020-05-20,Jhang,0.0,0.16360298219825828,303.7193228716593,100232.34311039084
2020-05-21,Jhang,0.0592668959506381,0.1511713574591515,306.0675427212477,99981.71782863635
2020-05-22,Jhang,0.0012630328690327632,0.14169770494001815,306.8048666458028,99896.6803926763
2020-05-23,Jhang,0.45574328313783824,0.13517186064363726,307.1762310939759,100148.81041212
2020-05-24,Jhang,0.023561384962819773,0.13082746310967316,307.10900482275366,100278.82182265156
2020-05-25,Jhang,1.841568125779534E-5,0.12781238413404028,308.43365468962463,100027.05568944015
2020-05-26,Jhang,0.0,0.12557515761905488,308.40244601268324,99879.65273939131
2020-05-27,Jhang,0.0,0.12490255590763251,308.4801153062354,99675.79208490966
2020-05-28,Jhang,0.0,0.1348658953893012,307.2057228494033,99735.12977508084
2020-05-29,Jhang,0.0,0.1454631032854472,303.7142921900209,100182.95720807064
2020-05-30,Jhang,0.0,0.15970614154483995,301.53252418673884,100507.04640207365
2020-05-31,Jhang,0.0,0.1684912170996801,301.9504137970391,100638.32673729314
2020-06-01,Jhang,4.949563761219351,0.16879804265060208,302.1695847406771,100674.67909660547
2020-06-02,Jhang,1.5315870378942278,0.25767573187198467,300.8465456271869,100567.21628451624
2020-06-03,Jhang,0.03647369234400333,0.2514317269172948,301.4289514974773,100410.33800352426
2020-06-04,Jhang,0.17141733877454987,0.22608880074069973,303.00328149563785,100255.02468696282
2020-06-05,Jhang,0.0027297031352808065,0.20092828581255417,304.43812877857266,100108.07760730898
2020-06-06,Jhang,0.0,0.18081163458680738,304.6934154398895,100087.12551321453
2020-06-07,Jhang,0.0,0.167565240214645,304.9291880715383,100125.32380572945
2020-06-08,Jhang,0.0,0.1553507282887484,307.44011732993704,99992.12782386501
2020-06-09,Jhang,1.4572650243307916,0.14437698572463906,308.4088203309917,100009.45800172315
2020-06-10,Jhang,0.0,0.13690833162955776,308.4760859647576,99930.1909779567
2020-06-11,Jhang,6.144644900128003E-4,0.132530066812372,308.42696910105,99846.52095305707
2020-06-12,Jhang,0.0,0.13590673723327656,307.544631757002,99799.21490339247
2020-06-13,Jhang,3.3212694471496107,0.13444817757418187,307.5442049012839,99964.05188654398
2020-06-14,Jhang,9.41226398712344E-5,0.13044934958125437,308.68591811539153,99984.30728859459
2020-06-15,Jhang,0.0,0.12726723962835856,309.56239627286675,99676.18140435929
2020-06-16,Jhang,0.0,0.12504550280204485,309.72184473145484,99445.38765341132
2020-06-17,Jhang,0.0,0.12358546349968187,309.80387799374233,99364.1668468666
2020-06-18,Jhang,0.0,0.12411967182841935,309.9537050313257,99475.02299696227
2020-06-19,Jhang,0.0,0.12862854550779376,309.2565672352425,99659.76313950375
2020-06-20,Jhang,0.0,0.12970042330219542,309.2061018777654,99776.80079454777
2020-06-21,Jhang,0.0,0.1268905190406729,309.5136625877994,99717.68036739732
2020-06-22,Jhang,0.0,0.12499426918955937,309.228852931678,99701.27363525482
2020-06-23,Jhang,0.0,0.12365340800797871,309.67371099512485,99949.49807142974
2020-06-24,Jhang,0.0,0.1253221288484289,308.0516423512091,100129.66151406981
2020-06-25,Jhang,3.4424682994105655,0.15398727357504738,306.1550948754498,99949.54395660243
2020-06-26,Jhang,3.6375016052998,0.19017439422029683,306.7979633748699,99782.69745488766
2020-06-27,Jhang,13.387750305168833,0.17141321464623527,308.5576559865631,99659.60750515055
2020-06-28,Jhang,5.68590683175104,0.15648576002993025,308.935899658209,99563.78814297957
2020-06-29,Jhang,7.023498982228251,0.1474113430925919,307.9355663339976,99882.80931038076
2020-06-30,Jhang,9.123638524979908,0.17571574036290485,307.2286171244395,99981.31136797869
2020-07-01,Jhang,0.0,0.24361503135889184,306.157590921719,99878.913003419
2020-07-02,Jhang,0.0,0.21144346751719093,308.94942228293775,99562.90610438293
2020-07-03,Jhang,0.0,0.18239213699038584,309.96913576793077,99424.02802588558
2020-07-04,Jhang,14.217394980418675,0.1745115472778429,308.32477631343306,99414.90838238144
2020-07-05,Jhang,0.0,0.17848229102094498,305.0318483705621,99694.21617892412
2020-07-06,Jhang,0.0,0.16952113761714566,306.1774430041863,99729.74130300143
2020-07-07,Jhang,0.0,0.15501225333374677,307.74012124164904,99917.9598886886
2020-07-08,Jhang,0.0,0.1447347526152137,306.70557024822665,100053.07380994258
2020-07-09,Jhang,0.0,0.1377541739426851,307.83807240565164,99659.44059850975
2020-07-10,Jhang,6.328250698181982,0.13532427924359755,310.177307378985,99361.9236945549
2020-07-11,Jhang,21.76591751575389,0.1394688083400487,308.15413142316174,99375.27150866634
2020-07-12,Jhang,0.0,0.16626341261736155,306.2602913665454,99696.99440151126
2020-07-13,Jhang,0.0,0.15983870106407064,306.8692961550978,99763.86208853306
2020-07-14,Jhang,0.0,0.15682943345123385,308.51742180296435,99774.358190051
2020-07-15,Jhang,0.07877507808134615,0.15540264465691364,308.9530620120006,99793.10180449295
2020-07-16,Jhang,1.0845768577634085,0.22946497989723846,305.4643651546188,99840.9088568876
2020-07-17,Jhang,0.41125789864801193,0.200855291599448,306.8727123370172,99926.32370988025
2020-07-18,Jhang,0.02670914329690709,0.17904044225697624,307.7031197075238,99958.01444874062
2020-07-19,Jhang,9.13694198572976,0.16595800825085563,308.65715271111884,99665.58158584092
2020-07-20,Jhang,26.05312200964969,0.15862266384694218,307.4039621697193,99435.07930125932
2020-07-21,Jhang,0.29222526998377496,0.2688801600747792,301.90330291314825,100016.96860859609
2020-07-22,Jhang,0.0,0.2453581209454997,303.7385037181412,100103.87650699173
2020-07-23,Jhang,0.0,0.21179891165412829,306.54886295501143,99912.14592014177
2020-07-24,Jhang,0.0,0.18956993686587278,306.86942110963054,100229.0727872
2020-07-25,Jhang,0.0,0.17405092765102406,306.8020765908504,100420.1011554042
2020-07-26,Jhang,0.0,0.16165888255503963,307.2700672938893,100346.18797081968
2020-07-27,Jhang,0.0,0.15009573392664355,309.04412821829146,99974.03914202325
2020-07-28,Jhang,0.0,0.14117082336124734,309.78040765898214,99709.68898908581
2020-07-29,Jhang,0.0,0.13529260283872838,309.904462283787,99712.61911054041
2020-07-30,Jhang,5.210924407710898,0.14499397277403442,306.52798034279414,99995.11343621498
2020-07-31,Jhang,0.0,0.17293452536175705,306.3871333515168,99940.78664415094
2020-08-01,Jhang,0.0,0.1938698274983431,306.43428801146604,99919.17839722223
2020-08-02,Jhang,0.0,0.1738924017296131,309.00847991380925,99626.40893009111
2020-08-03,Jhang,0.0,0.15683307549345066,309.9001956681992,99186.82507230822
2020-08-04,Jhang,1.4322918896696162,0.14698157623941435,308.0615892529319,99188.96221592823
2020-08-05,Jhang,0.4237226940687201,0.1402933681379648,309.095185953891,99419.14252881792
2020-08-06,Jhang,0.0,0.14863607859265154,307.63574737825166,99827.54605764853
2020-08-07,Jhang,0.0,0.14774772687929968,307.8481811967796,99967.96865941721
2020-08-08,Jhang,0.10350849827418589,0.15984378205550873,306.69087772518725,99738.13382918615
2020-08-09,Jhang,1.3936075135081576,0.15642705082026828,307.29629195375753,99618.07200302709
2020-08-10,Jhang,4.009200007738946,0.16563072848751537,306.5323624967535,99760.75376840093
2020-08-11,Jhang,0.0,0.1616823339408171,307.4930307794664,99667.51351789747
2020-08-12,Jhang,0.0,0.15040091789384727,309.6995490185791,99446.12520934097
2020-08-13,Jhang,0.0,0.14062234631525664,310.3185814173431,99338.6025328415
2020-08-14,Jhang,17.70026101622134,0.13788337417796775,307.1875339617218,99582.4995526159
2020-08-15,Jhang,0.0,0.13482907775551808,308.23180882983024,99548.69678183662
2020-08-16,Jhang,0.0,0.13078782880066633,309.8348326632846,99568.7766884732
2020-08-17,Jhang,0.0,0.12782556369087222,309.7237744652853,99569.42572187091
2020-08-18,Jhang,0.20770223361946233,0.1266180881026787,309.6653268750803,99546.10627096039
2020-08-19,Jhang,14.704012879210241,0.15709573328136756,308.1439784592991,99511.45674383407
2020-08-20,Jhang,25.876074802944217,0.3445608884624173,301.3226602186103,100052.71438280484
2020-08-21,Jhang,0.0,0.3504627301113918,302.12514192365,100287.30817414638
2020-08-22,Jhang,0.0,0.2948173375430617,304.27295784888804,100176.25481273599
2020-08-23,Jhang,0.0,0.2653770321630826,305.23557233443427,100014.96578736432
2020-08-24,Jhang,0.0,0.23937000105924705,305.62844769441165,99981.21112261532
2020-08-25,Jhang,0.07482611511043648,0.2209227716873069,305.17270863827747,100123.45734104831
2020-08-26,Jhang,6.431496282475489,0.2797126875451184,302.4377819448161,100246.92287536027
2020-08-27,Jhang,6.854560024275681,0.38504509532241465,301.1973394890668,100173.72730085491
2020-08-28,Jhang,0.0,0.36265581654646767,302.1733541180597,100093.88297444295
2020-08-29,Jhang,0.0,0.335161566202602,302.6106717116333,100111.63080493307
2020-08-30,Jhang,0.0,0.3068582768432586,303.912047748912,100091.61720909244
2020-08-31,Jhang,17.147871614591374,0.3972841075719054,300.33024348246386,100140.54160513704
2020-09-01,Jhang,12.17689966208018,0.4112883372622208,300.27361078871024,100377.40941223364
2020-09-02,Jhang,0.0,0.402003577595361,300.9618520489723,100616.32337730456
2020-09-03,Jhang,46.00481783554989,0.4149901263546981,300.86703724146287,100709.59723506647
2020-09-04,Jhang,7.379482691463738,0.41298891318419334,300.06839497800524,100657.3207904294
2020-09-05,Jhang,0.0,0.3790946188440929,302.1603934247217,100374.70721965685
2020-09-06,Jhang,0.0,0.3559708429896043,303.1813546349511,100241.90370683627
2020-09-07,Jhang,0.0,0.3363640521305999,303.44043370706044,100360.95198534241
2020-09-08,Jhang,0.4290319561873935,0.3181798837155091,304.3564817019997,100368.90935614609
2020-09-09,Jhang,0.0,0.3024094048113404,304.2918569350165,100339.41101744454
2020-09-10,Jhang,0.0,0.28503577710564104,304.01037065513555,100065.20547488538
2020-09-11,Jhang,0.0,0.26729672904984625,303.98855878187965,100152.63138371488
2020-09-12,Jhang,0.0,0.25186034717980005,304.3986555345685,100421.52108471807
2020-09-13,Jhang,0.0,0.23714159955947015,304.8820522960053,100389.84975795436
2020-09-14,Jhang,0.0,0.2236947249890481,304.62247542437484,100280.3959633266
2020-09-15,Jhang,0.0,0.21151576153124976,305.3866534080891,100253.62725350952
2020-09-16,Jhang,3.711832324520489,0.20476588364784928,305.20040736504365,100245.7012109125
2020-09-17,Jhang,1.758695463261288E-6,0.19609092637743006,305.4057196546268,100142.71208769035
2020-09-18,Jhang,2.8649505392921746E-7,0.18503912965224945,305.44837334205647,100069.1214043383
2020-09-19,Jhang,8.450171214414656E-5,0.17492609370022252,305.3952115312285,100107.84830178383
2020-09-20,Jhang,0.0,0.16562703923677533,304.97242732871297,100098.58185074275
2020-09-21,Jhang,0.0,0.1577293922468632,304.4952246070125,99995.22486249328
2020-09-22,Jhang,0.0,0.15100197428453285,304.59597671350036,100016.27406789277
2020-09-23,Jhang,0.0,0.14576184730718775,304.83045178759835,100014.72605744837
2020-09-24,Jhang,0.0,0.14155629087614388,305.3531726610995,100210.92789059073
2020-09-25,Jhang,0.0,0.13815296096850602,303.78705452876744,100085.95655555875
2020-09-26,Jhang,0.0,0.13542125354365575,302.63065792125195,100166.13600159253
2020-09-27,Jhang,0.0,0.1332409687795044,302.7915136986864,100484.18495367636
2020-09-28,Jhang,0.0,0.13297350103664649,302.898916802416,100605.15910757017
2020-09-29,Jhang,0.0,0.1333143808834017,302.5773685550298,100567.34160945556
2020-09-30,Jhang,0.0,0.1320560166070949,302.66772840980013,100449.56167369557
2020-10-01,Jhang,0.0,0.13034703992517707,302.4442418392124,100466.43752791212
2020-10-02,Jhang,0.0,0.12881216609160706,301.75056796775885,100522.99428749281
2020-10-03,Jhang,0.0,0.1275433146014849,301.75052759664965,100623.17660584277
2020-10-04,Jhang,0.0,0.1265594826103353,301.6667856587819,100694.78673526029
2020-10-05,Jhang,0.0,0.12577533159407375,301.31499731879927,100649.16769476351
2020-10-06,Jhang,0.0,0.12510977104569562,301.6048022378451,100659.80146443889
2020-10-07,Jhang,0.0,0.12455483721089228,301.45017390173075,100837.25195095256
2020-10-08,Jhang,0.0,0.12409614357610843,301.5545420080024,100883.75552370535
2020-10-09,Jhang,0.0,0.12371000102004348,301.4191600799303,100904.38072277668
2020-10-10,Jhang,0.0,0.12335818996791806,301.1957470662864,100790.34133375746
2020-10-11,Jhang,0.0,0.12305594610811901,301.0743198767,100543.41558502773
2020-10-12,Jhang,0.0,0.12280830423073376,300.56115862106753,100395.33920927567
2020-10-13,Jhang,0.0,0.12288624663853706,300.6193470936087,100622.69398509392
2020-10-14,Jhang,0.0,0.12278835709742944,300.3361910353143,100806.91914961743
2020-10-15,Jhang,0.0,0.12256612748459106,299.546030827771,100811.25819273695
2020-10-16,Jhang,0.0,0.12236886903768664,299.45814687554497,100739.37368970978
2020-10-17,Jhang,0.0,0.1222055764911734,299.16600522898915,100834.79696874264
2020-10-18,Jhang,0.0,0.12207877011160756,298.774705702914,100857.83151500726
2020-10-19,Jhang,0.0,0.12197782802409285,298.6168704437857,100782.6533489817
2020-10-20,Jhang,0.0,0.12190048233373894,298.33136238993376,100729.77115476165
2020-10-21,Jhang,0.0,0.12183380141953576,297.72660573572125,100862.35650768687
2020-10-22,Jhang,0.0,0.1217879553860251,297.13027956214484,100811.65414579403
2020-10-23,Jhang,0.0,0.12174778718997756,297.2877826785389,100756.11628693882
2020-10-24,Jhang,0.0,0.1217136576133715,297.21626224012346,100822.47649614284
2020-10-25,Jhang,0.0,0.12294301740579987,296.6171448207516,101149.82692688488
2020-10-26,Jhang,0.0,0.12367054033039936,295.65587382272804,101400.24888377811
2020-10-27,Jhang,0.0,0.12331430005589532,295.6062899852293,101223.73119433373
2020-10-28,Jhang,0.5680206864509733,0.123022889427173,296.23826707947103,101221.5263432581
2020-10-29,Jhang,0.0,0.12280542101784997,296.03994545935564,101410.84762451968
2020-10-30,Jhang,0.012641376359578455,0.1226241964755315,295.28496535058196,101457.98458565757
2020-10-31,Jhang,0.0026215822394323146,0.12245846445053897,295.2084512512244,101415.74661315263
2020-11-01,Jhang,0.0,0.12229919461451705,295.0532569585245,101391.26762177059
2020-11-02,Jhang,0.0,0.12216810805264498,294.9956258016945,101415.14032639291
2020-11-03,Jhang,0.0,0.12207158398003834,295.0616777549413,101328.39097706147
2020-11-04,Jhang,0.0,0.12200020698565274,294.1271372600989,101213.65982828246
2020-11-05,Jhang,0.0,0.12194486543875531,294.1289133982232,101453.22674840529
2020-11-06,Jhang,0.0,0.12190118587574085,294.54884633364685,101786.16846577029
2020-11-07,Jhang,0.0,0.1218720919892482,294.8855481281965,101768.82907111586
2020-11-08,Jhang,0.0,0.12183666444611477,294.4500495610379,101767.556859643
2020-11-09,Jhang,0.0,0.12181033799054874,294.029329878108,101621.39731495835
2020-11-10,Jhang,0.0,0.1217920933427438,293.9404364916134,101630.51003678082
2020-11-11,Jhang,0.0,0.12176955295503468,293.8552493578273,101853.16846050374
2020-11-12,Jhang,0.16010541591884075,0.12174657759746323,293.49707893453774,101929.54699955128
2020-11-13,Jhang,0.0,0.12172918326023766,293.66433907131625,101720.32144188795
2020-11-14,Jhang,0.6537727049192702,0.12208444374894746,293.31650935493667,101393.95630724615
2020-11-15,Jhang,1.5384945408664468,0.13729879741918782,290.2748242266517,101462.80103838388
2020-11-16,Jhang,0.0,0.14416318145103593,289.63875291999153,101943.2903727901
2020-11-17,Jhang,0.0,0.1420755275027855,288.89115641983284,101628.7381686798
2020-11-18,Jhang,0.0,0.14010660995525745,289.66878075155904,101427.24532445478
2020-11-19,Jhang,0.0,0.1387276188372328,289.7674258916339,101490.66658907442
2020-11-20,Jhang,0.0,0.13730282417979747,289.44712698029554,101770.40085532235
2020-11-21,Jhang,0.0,0.13583886093411715,288.8995510961142,101716.10874171063
2020-11-22,Jhang,0.0,0.1347285987315445,289.6420434218067,101712.23544013746
2020-11-23,Jhang,0.0,0.13977308379497108,288.583748796968,101802.34139037163
2020-11-24,Jhang,0.0564434863731173,0.1437657507434484,289.55684018736423,101804.31859406075
2020-11-25,Jhang,0.0,0.17622144916538757,287.8918220479046,101890.89560494537
2020-11-26,Jhang,0.0,0.18443765770655454,287.7245346104353,102320.84411549094
2020-11-27,Jhang,0.0,0.1785597530718444,288.07569141562146,102339.94431740622
2020-11-28,Jhang,0.0,0.1729390723590082,289.0874286166541,101991.28199414798
2020-11-29,Jhang,0.0,0.16790429247224278,290.18543978911856,101790.03967419692
2020-11-30,Jhang,0.0,0.16359081343527032,290.9431291260238,101761.74613785636
2020-12-01,Jhang,0.0,0.15968420507479086,291.15822814076006,101764.6745806334
2020-12-02,Jhang,0.0,0.15615477963694568,291.3389385517658,101519.99736362023
2020-12-03,Jhang,0.0,0.15293312936350606,291.5723144858861,101339.58371427245
2020-12-04,Jhang,0.0,0.14996409196281577,291.28283779880985,101205.11544931158
2020-12-05,Jhang,0.0,0.14746298658134885,291.2950125276223,101367.4289644178
2020-12-06,Jhang,0.0,0.1452171333569539,291.1296144599026,101726.27049672
2020-12-07,Jhang,0.0,0.14312818677804656,290.86564549740075,101784.77505113711
2020-12-08,Jhang,0.0,0.1415090849457237,289.6121845919522,101874.82560448196
2020-12-09,Jhang,0.06102994320112876,0.1414670457663925,289.11358334094103,101711.06512505689
2020-12-10,Jhang,0.0,0.14005053199396825,289.04023549125145,101696.13815793624
2020-12-11,Jhang,1.979369395852566,0.19156148731095768,285.7046342813709,101650.02263173471
2020-12-12,Jhang,0.0,0.23216132633804482,285.135019452544,101779.8208120218
2020-12-13,Jhang,0.0,0.22132287131579773,285.80292454773246,101716.0133783369
2020-12-14,Jhang,0.0,0.212501298879411,285.4554403243486,101844.05126194433
2020-12-15,Jhang,0.0,0.20597757075919826,283.8966584994706,102145.43601249407
2020-12-16,Jhang,0.0,0.19939685406535357,283.8494982006204,102331.41400535915
2020-12-17,Jhang,0.0,0.19280725492604928,284.0151695455813,102137.83853543471
2020-12-18,Jhang,0.0,0.18660162874365135,284.94051298540705,101982.78834099771
2020-12-19,Jhang,0.0,0.18106858427923378,286.06182471629575,102025.63595603785
2020-12-20,Jhang,0.0,0.17614424917215124,287.2843024925767,102008.30969483082
2020-12-21,Jhang,0.0,0.17161860592382114,286.8522098981672,101751.2074598065
2020-12-22,Jhang,0.0,0.16751969472563763,287.18833018768385,101624.0248049311
2020-12-23,Jhang,0.0,0.1638353694867041,286.8658208848009,101571.8003845554
2020-12-24,Jhang,0.0,0.16061152291332473,286.92613335889627,101642.98566317117
2020-12-25,Jhang,0.0,0.15780998469644614,286.287121262162,101752.92835930389
2020-12-26,Jhang,0.0,0.15522028893151646,286.32410524378076,101584.092659057
2020-12-27,Jhang,1.708173718096139,0.1561728991382342,283.2957523304629,101329.89330719772
2020-12-28,Jhang,0.14168339192861248,0.1547445070327432,282.67726945161866,101877.1983704582
2020-12-29,Jhang,0.552127332673556,0.15264172302062304,283.62512720110516,101979.62800213393
2020-12-30,Jhang,0.0,0.1503138430475597,284.1507703942553,102034.4198816526
2020-12-31,Jhang,0.0,0.14818061815241454,283.87039322604335,101895.61154951298
2021-01-01,Jhang,0.0,0.146282259239627,283.70239764081566,101778.74949784492
2021-01-02,Jhang,0.0,0.14473291656152285,284.40255972631564,101760.8612111442
2021-01-03,Jhang,0.0,0.14420707603462377,287.62131177949016,101491.56083396176
2021-01-04,Jhang,0.0,0.15854063114095682,288.2206726294298,101645.13235326651
2021-01-05,Jhang,0.0,0.20184410144330553,287.50089462890395,101573.54008102942
2021-01-06,Jhang,1.5702405377608213,0.1982565777422352,286.2615751560937,101775.97158202792
2021-01-07,Jhang,0.0,0.19226228101821366,285.9550232830961,101550.72912146308
2021-01-08,Jhang,0.0,0.18677544510505026,285.56664027229345,101625.24035267232
2021-01-09,Jhang,0.0,0.18140801889801272,284.7951834005977,101772.80810673596
2021-01-10,Jhang,0.0,0.17621743299080173,284.86976772367353,101700.14304492905
2021-01-11,Jhang,0.0,0.17153871547333788,285.01287492040194,101729.42149923951
2021-01-12,Jhang,0.0,0.1673844377203826,285.3114812999605,101685.01315503981
2021-01-13,Jhang,0.0,0.16357227188592588,285.2843075119594,101548.87859566165
2021-01-14,Jhang,0.0,0.1603433910153309,285.38786890409034,101623.17145605467
2021-01-15,Jhang,0.0,0.1575472501277124,284.3491399106432,101561.66954460043
2021-01-16,Jhang,0.0,0.1553637364119957,283.0151862813351,101409.50160047102
2021-01-17,Jhang,0.0,0.15360010526755816,282.9008026747494,101613.03089714848
2021-01-18,Jhang,0.0,0.1524437676961973,283.4974063806988,101842.11025712865
2021-01-19,Jhang,0.4816102037102262,0.15056952280285005,285.36208165613505,101576.83125194849
2021-01-20,Jhang,0.0,0.14815939094596334,286.8805306523015,101539.33926904974
2021-01-21,Jhang,0.0,0.14581385489944906,287.5860929141231,101277.36376536753
2021-01-22,Jhang,8.083546422450308,0.14382499853314562,288.271573486306,101157.56574360018
2021-01-23,Jhang,0.4507413531479585,0.1420417407076317,285.85334742068846,101303.18733963683
2021-01-24,Jhang,0.761278673404268,0.1403094566870058,285.36214988886616,101795.78337500844
2021-01-25,Jhang,0.0,0.13870574922628195,285.5286982221294,101862.07990795308
2021-01-26,Jhang,0.0,0.1372994671673443,285.93518507629153,101808.33940571386
2021-01-27,Jhang,0.0,0.1360365894304812,285.4085166008022,101775.71052671768
2021-01-28,Jhang,0.0,0.1348355237225858,286.0434309262222,101847.16648980207
2021-01-29,Jhang,0.0,0.13385107898494655,286.14779145620065,101940.127405973
2021-01-30,Jhang,0.0,0.132990425067262,286.33155942594556,101673.20712538759
2021-01-31,Jhang,0.1474418251116414,0.13216876414697365,287.17080672918974,101700.65593401357
2021-02-01,Jhang,0.0,0.13138409302264575,288.1606225628934,101975.18598853178
2021-02-02,Jhang,0.0,0.13064647578857755,288.38535423177643,101707.5127339879
2021-02-03,Jhang,2.817980273065892,0.13102928411142667,288.0206015667414,101686.88665937088
2021-02-04,Jhang,0.0,0.13235191305270827,287.3888606999433,101885.08928590239
2021-02-05,Jhang,0.0,0.13203358274392965,287.1559604490183,101914.43889902964
2021-02-06,Jhang,0.0,0.1312194253002046,288.28989098924853,101903.9352098886
2021-02-07,Jhang,0.0,0.13039990504965762,289.52050774281224,101780.73461988942
2021-02-08,Jhang,0.0,0.129598132653817,290.18475296952016,101704.43286052985
2021-02-09,Jhang,0.0,0.128847385878665,290.85744108261156,101359.0929431814
2021-02-10,Jhang,0.0,0.12815870215410718,290.82577640330675,101386.854779768
2021-02-11,Jhang,0.09858901152182782,0.12749514174278959,291.44397190983375,101414.36612868226
2021-02-12,Jhang,0.0,0.1268889649523703,292.06845436754895,101486.1615082768
2021-02-13,Jhang,0.0,0.12635296362120088,291.85592727333665,101442.6102600252
2021-02-14,Jhang,0.1631417394933977,0.12585168686975115,291.66160506361695,101451.1181338792
2021-02-15,Jhang,0.0,0.12540380327965164,291.8088502515222,101286.08556252942
2021-02-16,Jhang,1.492063342430034,0.12498818051151124,292.2169132047516,101331.37317728518
2021-02-17,Jhang,0.005851998287857817,0.12460559372371177,292.1844103766014,101444.22352429097
2021-02-18,Jhang,0.0,0.12425221784725543,291.8131449169445,101789.3184942617
2021-02-19,Jhang,0.0,0.12393657004549144,291.9184100166824,101955.86659133896
2021-02-20,Jhang,0.0,0.12364944821361275,292.58266142348475,101882.66642528817
2021-02-21,Jhang,0.0,0.12337745190261414,293.3212651288929,101695.1830743473
2021-02-22,Jhang,0.0,0.12312719596307252,293.6235815845578,101372.05171117157
2021-02-23,Jhang,0.26245142457346093,0.12290100229145808,293.5526698003831,101190.776901764
2021-02-24,Jhang,0.08295673894755232,0.12269415667848661,294.49762807524604,101091.09428796677
2021-02-25,Jhang,0.46079380112690144,0.12251200836629772,294.94910299440073,100998.26923777764
2021-02-26,Jhang,0.0,0.12256425242975966,295.9110942485367,100526.07890179979
2021-02-27,Jhang,0.0,0.12339190538241297,292.7295516991258,100709.43837870542
2021-02-28,Jhang,0.0,0.12310657942447897,292.9529346833491,101191.93082268105
2021-03-01,Jhang,0.0,0.12283763617418776,293.63051429522335,101568.41072542047
2021-03-02,Jhang,0.0,0.12259091033073236,293.7906707804943,101454.96905756004
2021-03-03,Jhang,0.0,0.12238922999023501,294.1915362726238,101161.91962754681
2021-03-04,Jhang,0.0,0.12220738730126904,295.147455630559,101262.69873621246
2021-03-05,Jhang,0.0,0.12205416401349192,295.6238755351675,101251.61539427727
2021-03-06,Jhang,0.0,0.12194377674977647,296.2202940631667,100965.31156073048
2021-03-07,Jhang,0.0,0.12189746842417601,296.1410420098156,100884.48027218014
2021-03-08,Jhang,0.0,0.12185407779103911,295.75259806581676,101267.1166366304
2021-03-09,Jhang,0.0012991162787120531,0.12175736857016115,296.1477181288282,101304.24050487246
2021-03-10,Jhang,0.20191802968551037,0.1216720937765118,296.59501623492076,101268.5411008755
2021-03-11,Jhang,4.973238656251558,0.14558944225134487,295.3071629768962,101349.41206072619
2021-03-12,Jhang,1.3142564560040377,0.19026761258195032,293.53564391468905,101751.38295917035
2021-03-13,Jhang,0.07396971188178499,0.17680327156505155,294.40664326922155,101703.58625927952
2021-03-14,Jhang,0.0,0.16539057950066943,295.7512457337353,101309.07748407428
2021-03-15,Jhang,1.8722968312143784,0.1556289579463118,296.0713429055244,101270.03190883157
2021-03-16,Jhang,0.0,0.15034620992262004,296.34987643822365,101243.21252006512
2021-03-17,Jhang,0.0,0.14561203537631037,296.73650016198786,101117.51604684177
2021-03-18,Jhang,1.8074491408818762,0.141224130334363,296.6292507028014,101196.36620346572
2021-03-19,Jhang,0.0,0.13727428762388819,297.6583115697923,101126.441877728
2021-03-20,Jhang,3.156974773961622,0.13432357148038643,298.71214481403365,100863.14810676758
2021-03-21,Jhang,6.634532497434549,0.17591098152939041,294.6740447717068,100975.57262525694
2021-03-22,Jhang,5.948294556395237,0.3569418189619543,291.7997884714044,101199.04600682737
2021-03-23,Jhang,0.09021828534521231,0.3242594248251481,292.00654633228135,101351.29602473328
2021-03-24,Jhang,0.08789951762164974,0.2890797716764956,292.0910728006761,101685.33906734508
2021-03-25,Jhang,3.1687080115325963,0.2641415659278007,293.8721555429996,101463.07588465656
2021-03-26,Jhang,0.0,0.2432046575656731,296.18507970376015,101125.29582276534
2021-03-27,Jhang,0.0,0.2249528576800115,297.52088883255607,100923.62805690491
2021-03-28,Jhang,0.0,0.2080871153404428,298.98846923466164,100401.10869878913
2021-03-29,Jhang,0.0,0.19295462718558473,299.3240289556423,100176.09596585447
2021-03-30,Jhang,0.0,0.17922982980228688,298.47997197648755,100243.35583911228
2021-03-31,Jhang,0.0,0.16714022496470196,297.1279369701914,100387.43427377903
2021-04-01,Jhang,0.0,0.15687384430706186,297.7441245663017,100449.42114164827
2021-04-02,Jhang,0.0,0.1488942642355062,297.24226085360215,100639.06679109507
2021-04-03,Jhang,0.0,0.14281373746847234,297.11505158271876,100958.25656909353
2021-04-04,Jhang,0.1046907931527063,0.13850451624172322,298.02167879769956,100983.99853750967
2021-04-05,Jhang,0.008815873597974807,0.1359965959466854,298.8180239429482,100927.63155777064
2021-04-06,Jhang,0.004052160370357517,0.14029473967092904,295.616932257379,100880.29370407667
2021-04-07,Jhang,0.0,0.14341729953243043,295.4427721517566,101288.21598933227
2021-04-08,Jhang,0.0,0.13897683601782693,296.9637965244408,101006.41190562963
2021-04-09,Jhang,0.0,0.13518843205679854,298.7056344891267,101078.59135534984
2021-04-10,Jhang,0.0,0.13209282455488042,299.6065014742067,101169.04270029326
2021-04-11,Jhang,0.24606459853727003,0.1297584132408243,301.0927333671066,101122.71612415314
2021-04-12,Jhang,0.3164675136685125,0.12797534317794393,301.2984586581745,101263.9608355944
2021-04-13,Jhang,0.6181589350741681,0.1263536042042189,302.2552948278982,101060.73707352375
2021-04-14,Jhang,0.9461125567394204,0.1269911244326275,302.57391023261385,100881.31191121206
2021-04-15,Jhang,0.9491994229413016,0.12820247812708374,300.76031749797386,100959.74776650283
2021-04-16,Jhang,0.12092939757003777,0.14372220695583293,295.3434211812984,100932.7997251972
2021-04-17,Jhang,0.6864006226146105,0.14430747405622887,296.9362249710507,101078.67471835078
2021-04-18,Jhang,0.0,0.13982032662647018,298.96610282113977,101142.8785653797
2021-04-19,Jhang,0.7478490635592462,0.13527863976612742,300.399742592357,100815.71692781178
2021-04-20,Jhang,4.788460776563914,0.15957472302326034,294.06306521571383,100821.21446390802
2021-04-21,Jhang,0.0,0.16520441962117222,296.90742905264966,100967.54606028178
2021-04-22,Jhang,2.651014070535132,0.16347476579888848,298.3448044458489,100900.04638311444
2021-04-23,Jhang,0.578778577455998,0.21961862375788527,296.0463391326225,101168.66142401368
2021-04-24,Jhang,0.0,0.19654569540459127,297.69499651376674,101206.70853521359
2021-04-25,Jhang,0.0,0.17696056061457893,301.01838543210744,100948.89002014944
2021-04-26,Jhang,0.0,0.16100648641305026,302.89443784850437,100682.87109124841
2021-04-27,Jhang,0.9859070948817705,0.14959911933295553,305.1072918445975,100658.61611051304
2021-04-28,Jhang,0.17339377687892593,0.1467557219848681,305.42179997545605,100704.16994985296
2021-04-29,Jhang,0.0,0.15136807430450377,305.02768485438185,100665.76697031202
2021-04-30,Jhang,0.1916047196492872,0.15250685019803142,303.9222126579882,100640.52484811586
2021-05-01,Jhang,0.0,0.14598382589839987,304.68428793464267,100603.83862259425
2021-05-02,Jhang,0.0,0.13808615700784738,304.8785219009393,100564.11960347924
2021-05-03,Jhang,0.0,0.1339183261014213,304.8279840551924,100439.31168738833
2021-05-04,Jhang,1.0425008414926251,0.13333481398805988,304.5804669640564,100396.33837006845
2021-05-05,Jhang,0.0,0.1324346044922422,303.4963747089444,100677.05762775328
2021-05-06,Jhang,4.854390671233194,0.1370812847585707,302.80245313269734,100830.13511446082
2021-05-07,Jhang,0.0,0.1407080314566201,303.62721216613886,100877.39871082823
2021-05-08,Jhang,0.0,0.1348374143350149,304.6454153434101,100661.58683542795
2021-05-09,Jhang,0.0,0.13251412353186467,305.83198443453085,100372.50872201417
2021-05-10,Jhang,0.0,0.13153265305977174,305.6488155483194,100216.45901577613
2021-05-11,Jhang,0.0,0.13090308306384787,304.8199496515177,100301.6403737908
2021-05-12,Jhang,3.6051040967991232,0.13423857938071795,303.87143112128706,100024.51444347421
2021-05-13,Jhang,1.425671574833894,0.13642527406802574,302.24190742237425,100321.61572948606
2021-05-14,Jhang,0.0,0.13879873775978607,302.33418716734445,100369.66617618552
2021-05-15,Jhang,0.0,0.14679683745861644,302.82677087690945,100550.96615996488
2021-05-16,Jhang,0.0,0.14072618348743088,304.35755952382516,100719.5077514093
2021-05-17,Jhang,0.0,0.13519407421464655,305.2473019206012,100615.42184155813
2021-05-18,Jhang,0.0,0.13076309573455216,305.7757522210954,100346.3874946282
2021-05-19,Jhang,0.0,0.1283253849283305,304.22585523885357,100201.56529305625
2021-05-20,Jhang,0.01893675733317362,0.1273138602416626,304.3993743652964,100062.01255282233
2021-05-21,Jhang,0.0,0.12603996166109377,304.86064044784786,100301.1130894199
2021-05-22,Jhang,0.2215020797275075,0.12496022978701893,304.92155322366204,100403.24585478532
2021-05-23,Jhang,0.0,0.1379977294434318,302.2764338230697,100616.93359256505
2021-05-24,Jhang,0.0,0.1363176028908785,303.7231351982985,100602.99705685017
2021-05-25,Jhang,0.0,0.1317816516196871,305.0498560757031,100209.00312931841
2021-05-26,Jhang,0.0,0.1284274139262007,306.85030647217064,99941.29586700344
2021-05-27,Jhang,0.0,0.12593148318176725,308.3122615035258,99903.11829345234
2021-05-28,Jhang,0.0,0.12454281699510517,309.0830985361817,99934.33148393525
2021-05-29,Jhang,0.0,0.12402065815443918,309.0230244430781,99984.59993122029
2021-05-30,Jhang,0.0,0.1252972482208567,307.84876096876906,100001.72742803926
2021-05-31,Jhang,2.07325809687148,0.13416287006678734,306.2432267761412,99830.0025344741
2021-06-01,Jhang,0.0,0.1353950570561759,304.2255974682944,100258.68818226726
2021-06-02,Jhang,0.0,0.13150083732225676,305.3779209314651,100293.66754730325
2021-06-03,Jhang,0.0,0.13344595555954752,304.56991885521046,100532.20925882233
2021-06-04,Jhang,0.0,0.13316803692536494,305.1984961102968,100454.19383974018
2021-06-05,Jhang,0.0,0.1298146345634486,306.4516310725209,100280.82632703749
2021-06-06,Jhang,0.0,0.12721023588285435,307.9220720921991,100184.06353485539
2021-06-07,Jhang,0.0,0.1250613258433218,309.71871622554795,99868.41665622151
2021-06-08,Jhang,0.0,0.12360287740176532,309.73658403192627,99617.19684240068
2021-06-09,Jhang,0.0,0.12270046067711705,309.7338104392051,99447.34929371769
2021-06-10,Jhang,0.0,0.12211612793261563,309.49924200002,99391.87986566365
2021-06-11,Jhang,0.0,0.1217241700922114,309.18581598636223,99422.09707154358
2021-06-12,Jhang,4.102056527419817,0.12150351475398026,309.40624785313724,99523.06190067908
2021-06-13,Jhang,0.0,0.13782455192928575,306.30942286654533,99786.78767610971
2021-06-14,Jhang,0.4025313076900155,0.17002696751602642,304.166194354605,99686.58017048519
2021-06-15,Jhang,0.0,0.16324862458595074,304.73586285144404,99401.79503859245
2021-06-16,Jhang,0.82425938335965,0.15408358194134616,304.3247506512613,99748.84246393536
2021-06-17,Jhang,0.576043690294414,0.14469058050208156,304.9449222721814,99959.08370847932
2021-06-18,Jhang,0.0,0.13729693751479954,306.59527190854715,99913.49340957735
2021-06-19,Jhang,0.0,0.13182617688600357,307.4267506622406,99800.8780192499
2021-06-20,Jhang,7.078456967137909,0.1285535450074477,306.73869275553335,99960.33585429024
2021-06-21,Jhang,1.0335676191051522,0.1264752458470406,306.2269388890354,100165.94276749298
2021-06-22,Jhang,0.0,0.12467248877989127,307.7887023956981,100016.9405808672
2021-06-23,Jhang,0.0,0.12363524584115704,308.6015641602698,99966.77575763002
2021-06-24,Jhang,7.072920547971235,0.12782327608111957,307.6418437182666,99935.16095556389
2021-06-25,Jhang,0.0,0.13038207964268372,307.87722653589543,99801.34342716716
2021-06-26,Jhang,0.462824291999542,0.12937463773254923,306.60780572428905,100204.17329114568
2021-06-27,Jhang,0.030040744181176582,0.12769933772113604,307.30729457853033,100397.3152538213
2021-06-28,Jhang,0.0,0.12550806434279307,308.63676287524765,100156.04392210723
2021-06-29,Jhang,0.0,0.12386515439283251,309.86555662119474,99775.25954068218
2021-06-30,Jhang,0.0,0.12284528074059131,309.4953804132046,99403.9936520969
2021-07-01,Jhang,0.0,0.12222800681852114,308.7872929182461,99269.061772178
2021-07-02,Jhang,0.3174120433538907,0.1250466355494549,308.2516676449874,99524.95668326998
2021-07-03,Jhang,0.8442678144404103,0.12725130804819348,307.4792162746603,99868.00507079142
2021-07-04,Jhang,0.0,0.12761130756119868,307.8961575031201,100039.84660994011
2021-07-05,Jhang,0.0,0.12915045634835046,307.6669711471776,100097.41687609535
2021-07-06,Jhang,0.0,0.12838164195199872,308.66442789761373,99878.27366527346
2021-07-07,Jhang,0.0,0.12598946424870805,309.86534785181846,99708.61655816046
2021-07-08,Jhang,0.0,0.12439512036179859,309.660171026418,99627.97551684844
2021-07-09,Jhang,3.360078210435962,0.12380647169108852,309.2104135214774,99767.41487985133
2021-07-10,Jhang,0.0,0.12383095920002188,308.72789676351726,99821.95723729942
2021-07-11,Jhang,1.418241053268189,0.12336084146688324,309.317781358726,99873.59927265196
2021-07-12,Jhang,11.532421502093381,0.13517986609916552,305.8586180409002,100117.56132821713
2021-07-13,Jhang,8.67376373091338,0.14902028579212181,305.1805702697072,100127.31598822634
2021-07-14,Jhang,5.149906089402389,0.21629842184540507,304.1340660629143,100175.52385170542
2021-07-15,Jhang,0.0,0.19802141117251665,306.3079129590347,100190.65957549337
2021-07-16,Jhang,0.0,0.17689493628841577,307.26388215232765,100265.99870972223
2021-07-17,Jhang,0.0,0.15909535441245984,309.3557650741295,99867.08381617811
2021-07-18,Jhang,0.0,0.1455145944768934,310.7558734767196,99376.19333811173
2021-07-19,Jhang,12.063417031850243,0.14137267438530748,308.14148225678986,99377.30476807652
2021-07-20,Jhang,9.258033418973614,0.1751708525147285,303.66155666791605,99644.40710869299
2021-07-21,Jhang,0.0,0.27344773154205304,303.3794839288068,99597.19391215361
2021-07-22,Jhang,0.0,0.2323877551308206,305.3574229149162,99539.29543752523
2021-07-23,Jhang,0.0,0.20388216651288127,306.29551385916824,99689.6124084693
2021-07-24,Jhang,0.0,0.18307559925511221,306.38739072473595,99775.74068998788
2021-07-25,Jhang,0.5016472186223854,0.16636402850962306,308.10985272914826,99575.90595876583
2021-07-26,Jhang,4.082219489829605,0.1535202538182154,308.2387760369402,99374.19518110229
2021-07-27,Jhang,0.06309265313959646,0.14576199439720353,307.7300447206004,99160.29733897328
2021-07-28,Jhang,15.291016352590916,0.13986057490343098,305.9737820347208,99378.58030662264
2021-07-29,Jhang,1.5132270010550528,0.1605743215254625,303.9065787024048,99574.76267605704
2021-07-30,Jhang,8.226350873340074,0.19727327925240115,304.9561227693696,99712.90515774048
2021-07-31,Jhang,10.025956878214023,0.18535885517325612,304.7822496652756,99860.08772124304
2021-08-01,Jhang,0.0,0.1746923445219517,306.0677441114793,99616.5662352223
2021-08-02,Jhang,22.182099714185636,0.18302448500326018,305.9907093641039,99742.82457383965
2021-08-03,Jhang,0.0,0.17092967269911008,307.01254648592595,99825.40023914896
2021-08-04,Jhang,13.24124662254709,0.16126003158449162,306.5561033189949,99928.4342814154
2021-08-05,Jhang,0.0,0.15316778246820975,307.6652814748173,99771.9519329413
2021-08-06,Jhang,0.0,0.15500071428917328,306.53724085828037,99910.54963540437
2021-08-07,Jhang,0.1903756996864391,0.148303271981978,307.80698417955347,100032.116668229
2021-08-08,Jhang,0.0,0.14056787434378795,308.25785299696275,100092.46313360533
2021-08-09,Jhang,0.10151161628078209,0.13546503808831145,308.13569172460996,100090.35615694201
2021-08-10,Jhang,0.0,0.1315356003030994,307.98351045567557,99917.89589617956
2021-08-11,Jhang,0.0,0.12861342077979443,307.3897523852896,99947.94884206787
2021-08-12,Jhang,0.0,0.12650162570416817,307.26368972059316,100056.74254245804
2021-08-13,Jhang,0.0,0.12496696108385895,307.1170889429394,99843.22945719866
2021-08-14,Jhang,0.0,0.12388864831556817,306.54571064057967,99701.5770293172
2021-08-15,Jhang,0.0,0.1301984523515314,305.7253962981827,99985.62319097796
2021-08-16,Jhang,0.0,0.13436846378600742,306.9528984308676,100291.7786489054
2021-08-17,Jhang,0.0,0.13091537313752624,307.7177246083724,100220.47045448326
2021-08-18,Jhang,0.0,0.128240194287142,307.9982051723361,100009.91549576154
2021-08-19,Jhang,0.0,0.12639816172147827,308.4565441898286,99923.9578073916
2021-08-20,Jhang,0.0,0.12484548864598523,308.5456707669923,100168.84902749924
2021-08-21,Jhang,0.0,0.12424591151284235,305.9832077890819,100486.11607127808
2021-08-22,Jhang,0.0,0.12384249858746263,305.2580679624633,100407.43685143789
2021-08-23,Jhang,0.0,0.12313148887432236,306.2451601181123,100137.69371123899
2021-08-24,Jhang,0.0,0.12251367510789461,308.3173736877119,99849.82159303485
2021-08-25,Jhang,0.0,0.12208371639910656,306.9905959464732,99614.38508839191
2021-08-26,Jhang,0.0,0.12181086124870724,306.2821480843625,99570.00603007346
2021-08-27,Jhang,0.0,0.12161746815769277,306.278290919462,99802.56272988013
2021-08-28,Jhang,0.0,0.12146526168536434,306.09282954706924,99949.71443836577
2021-08-29,Jhang,0.0,0.12135485635683486,306.73231278047405,100107.7936248167
2021-08-30,Jhang,9.589225807969104,0.15064969341866888,305.4787705913558,100460.20055076429
2021-08-31,Jhang,0.0,0.17719388836624042,304.53044599088867,100707.13301789109
2021-09-01,Jhang,0.0,0.16634141266970764,304.7655767472106,100590.91798494429
2021-09-02,Jhang,0.0,0.1537640395971246,305.2892325797307,100373.93251373482
2021-09-03,Jhang,1.3855131988180804,0.1452988870976388,304.77743705836417,100243.97581387554
2021-09-04,Jhang,0.0,0.13887831223674385,305.0003415601595,100199.77639750241
2021-09-05,Jhang,0.0,0.13412006978662808,305.9973560641703,100207.46411632298
2021-09-06,Jhang,0.0,0.13114386322629382,306.7572791117236,100312.55523757958
2021-09-07,Jhang,0.0,0.1289147415983157,306.9072904940479,100354.88123230473
2021-09-08,Jhang,3.422887927516976,0.17188494533368362,303.7257980076373,100383.49935538773
2021-09-09,Jhang,9.196104175975595,0.3307456941928301,301.7794349262013,100359.12090455313
2021-09-10,Jhang,0.0,0.3378911846235076,301.1791596582217,100352.86494583993
2021-09-11,Jhang,0.0,0.31820962705670774,300.65441283679104,100406.34389772358
2021-09-12,Jhang,0.0,0.2888713165593156,300.95258648988835,100276.3590677032
2021-09-13,Jhang,0.0,0.2578752987149639,302.479820886562,100253.81716106246
2021-09-14,Jhang,0.0,0.2342783267158871,303.2917212271833,100491.11550592573
2021-09-15,Jhang,0.0,0.2145780547946897,304.1708647106636,100498.8656644456
2021-09-16,Jhang,0.0,0.19539564074553012,305.5844170011298,100167.36457587245
2021-09-17,Jhang,0.0,0.1791888304962213,305.3552703420908,100206.10305764225
2021-09-18,Jhang,0.0,0.16731111461194476,304.97446875004454,100457.48916219371
2021-09-19,Jhang,0.0,0.1575907788291727,305.22082967296484,100589.52939910973
2021-09-20,Jhang,1.9495095875583928,0.1507649698182122,305.0760404099341,100441.81742069797
2021-09-21,Jhang,13.539406506420328,0.19300766042212433,303.2407244080653,100385.67634173082
2021-09-22,Jhang,4.031901695492928,0.24996736890292742,301.36691331362493,100406.11109607245
2021-09-23,Jhang,0.09819583465470481,0.27638861337654635,300.7434620958008,100644.03504157328
2021-09-24,Jhang,0.0,0.25303178637848506,301.4789671724473,100770.91993326368
2021-09-25,Jhang,0.0,0.22889955569852735,302.65591973022043,100552.38130945807
2021-09-26,Jhang,0.0,0.20807722040823337,303.325557041628,100553.11133200902
2021-09-27,Jhang,1.6071548816620862,0.19192757721634715,303.52663156461654,100599.72114570341
2021-09-28,Jhang,0.0,0.17868954053144168,304.11629404029435,100682.63173735626
2021-09-29,Jhang,0.0,0.16742935779824433,304.2417157536479,100768.07207149081
2021-09-30,Jhang,0.0,0.15827680306167471,304.56062313163676,100818.36691838485
2021-10-01,Jhang,0.0,0.15096372395885446,305.23435046163945,100728.5156252633
2021-10-02,Jhang,0.0,0.17333366254067437,304.396303380629,100568.24021706158
2021-10-03,Jhang,0.0,0.1667418116640953,304.45492805512606,100341.84167607603
2021-10-04,Jhang,0.7566617042898042,0.16536383740437752,303.4778151952674,100379.46694466445
2021-10-05,Jhang,0.0,0.16426444068382481,302.84124934769625,100823.43546636426
2021-10-06,Jhang,0.0,0.15623092379216363,302.9410368550695,100813.7747122417
2021-10-07,Jhang,0.0,0.1485867065774611,303.6628979199446,100534.79463544642
2021-10-08,Jhang,0.0,0.14230830113824314,303.93283597890513,100411.85024431012
2021-10-09,Jhang,0.0,0.137441113995168,303.6605036893243,100478.80768831729
2021-10-10,Jhang,0.0,0.13384071717479826,303.1380015066397,100358.37449573838
2021-10-11,Jhang,0.0,0.13146973414843616,301.3925664780381,100499.25824645458
2021-10-12,Jhang,0.0,0.12941503524244544,300.9393502408056,100700.88006473506
2021-10-13,Jhang,0.0,0.12784014968883203,300.35259792696417,100760.77053569176
2021-10-14,Jhang,0.0,0.12660012422022682,300.4672336103071,100726.6378250973
2021-10-15,Jhang,0.0,0.12562255519079338,299.79367452297436,100474.62841581274
2021-10-16,Jhang,0.0,0.12481895222713642,299.6404009917423,100576.45805702082
2021-10-17,Jhang,0.0,0.12418699677574156,299.8286689147053,100689.20974754792
2021-10-18,Jhang,0.0,0.12380255126215961,298.9851253069193,100666.17867924013
2021-10-19,Jhang,0.0,0.12343033189895802,300.17411462857825,100779.61675064884
2021-10-20,Jhang,0.0,0.12304441087794285,299.4573273432299,100977.59927344194
2021-10-21,Jhang,0.0,0.12272780092661473,298.62520500049453,100846.61848462414
2021-10-22,Jhang,0.0,0.12249866639757359,298.7470102887593,100659.55852673455
2021-10-23,Jhang,0.0,0.12239560476950656,296.0236313490826,100992.56858352781
2021-10-24,Jhang,0.0,0.12406009458623111,293.46602828153846,101578.93158473486
2021-10-25,Jhang,0.0,0.12448635157248575,294.2395626375491,101620.04311765856
2021-10-26,Jhang,0.0,0.12406281478720514,295.6855251450859,101396.66572011187
2021-10-27,Jhang,0.0,0.1236691960768044,296.38364433723893,101604.02272995381
2021-10-28,Jhang,0.0,0.1233123349770028,296.5638754595219,101559.19324226247
2021-10-29,Jhang,0.0,0.12302713084405982,297.29743795932666,101725.02463930154
2021-10-30,Jhang,0.0,0.1227852771216489,297.0966795975614,101621.2694855636
2021-10-31,Jhang,0.0,0.12254442154985484,297.05687347385174,101236.43629372197
2021-11-01,Jhang,0.0,0.12249350841102667,296.8808274648667,101193.24641460787
2021-11-02,Jhang,0.0,0.12728088104869678,295.6813983296859,101530.22496150223
2021-11-03,Jhang,0.0,0.12977890969019204,295.0259297914021,101572.39133465273
2021-11-04,Jhang,0.0,0.12868838238614605,294.9765446386777,101392.97661753431
2021-11-05,Jhang,0.0,0.12767431206075153,295.1941352112944,101335.79378965634
2021-11-06,Jhang,0.0,0.12684709692804397,294.93212972891683,101299.8502479966
2021-11-07,Jhang,0.0,0.1261327540745772,295.33673771854285,101269.7340900856
2021-11-08,Jhang,0.0,0.12551724514697704,295.78168098823164,101423.67880247481
2021-11-09,Jhang,0.0,0.12499346315170334,295.7321172258414,101418.04118856177
2021-11-10,Jhang,0.0,0.12456015765218943,294.9376651269072,101356.55366344078
2021-11-11,Jhang,0.0,0.12417116186268887,295.07225361622756,101380.35197907535
2021-11-12,Jhang,0.0,0.12381605860000518,294.8510751275407,101408.8081309616
2021-11-13,Jhang,0.0,0.1234986052168701,294.1278299315399,101364.33788871589
2021-11-14,Jhang,0.0,0.12324161339464026,293.06335847731106,101202.92344123915
2021-11-15,Jhang,0.0,0.12302180318112267,292.88470357433533,101271.73755671957
2021-11-16,Jhang,0.0,0.1228404829574349,292.28262324897145,101384.17493585477
2021-11-17,Jhang,0.0,0.12269147230713172,292.2085398509939,101569.72227956785
2021-11-18,Jhang,0.0,0.12256588527036522,292.07546452269395,101408.36317473627
2021-11-19,Jhang,0.0,0.12245717541998735,292.0147290502431,101201.86966430652
2021-11-20,Jhang,0.0,0.12236351572399941,291.89313711336746,101309.97985297148
2021-11-21,Jhang,0.0,0.1222776839854922,291.7996766887995,101507.64833796435
2021-11-22,Jhang,0.0,0.12220122835688024,291.62500782827885,101362.1442941285
2021-11-23,Jhang,0.0,0.12213278011242433,291.4920528234687,101109.07387392985
2021-11-24,Jhang,0.0,0.12207898504646424,291.1787149428743,101266.2284563117
2021-11-25,Jhang,0.0,0.1220370441628644,291.49549296646734,101519.93936642622
2021-11-26,Jhang,0.0,0.12196123023158877,291.4961536710951,101431.69687136613
2021-11-27,Jhang,0.0,0.121898910459202,291.35007946412503,101563.82892576205
2021-11-28,Jhang,0.0,0.12186981449407701,291.3806589287022,101851.97672391629
2021-11-29,Jhang,0.0,0.12182333096335315,291.27537902423927,101925.47392928017
2021-11-30,Jhang,0.0,0.1217918172918142,291.18278153254136,101714.71678772452
2021-12-01,Jhang,2.0277019261453995,0.12178302975627314,291.0490285584395,101790.9258967167
2021-12-02,Jhang,0.0,0.12178163529406687,290.42142821506326,101782.10201278051
2021-12-03,Jhang,0.0,0.12177881476158746,290.1304345063256,101825.03203232968
2021-12-04,Jhang,0.0,0.12176767685017259,289.94987630121386,101612.7333859626
2021-12-05,Jhang,0.0,0.12177694176395906,289.897497996405,101665.68891482902
2021-12-06,Jhang,0.0,0.12166364917242753,289.3099409703603,101906.5231370496
2021-12-07,Jhang,0.0,0.12164210243520387,289.05254690487493,101897.23857077248
2021-12-08,Jhang,0.0,0.12164345826056601,289.1332263281585,101836.80771227962
2021-12-09,Jhang,0.0,0.12164422060428731,289.01194215061133,102117.29995244398
2021-12-10,Jhang,0.0,0.12165253251877729,288.3938730095156,102037.02644121385
2021-12-11,Jhang,0.0,0.1216567265342779,288.74084662122505,101911.30728885785
2021-12-12,Jhang,0.0,0.12166004542418773,288.17795501253045,101941.76623143052
2021-12-13,Jhang,0.0,0.12165907356719681,287.11616069102337,101825.78101906653
2021-12-14,Jhang,0.0,0.12169605712726042,286.951681412643,101861.39007729021
2021-12-15,Jhang,0.0,0.12180866244155152,286.497462492518,101892.92723044254
2021-12-16,Jhang,0.0,0.12233802535002536,285.5193544599946,102073.531280282
2021-12-17,Jhang,0.0,0.12234819894752692,284.5128639434027,102241.9497947668
2021-12-18,Jhang,0.0,0.12231377144078012,284.3733936760982,102177.55054860494
2021-12-19,Jhang,0.0,0.12226840263551081,285.3857618238456,102069.83986468405
2021-12-20,Jhang,0.0,0.12223975505492626,286.1236444378742,101848.46300510425
2021-12-21,Jhang,0.0,0.12220792791707803,286.15025494620386,101771.95739555593
2021-12-22,Jhang,0.0,0.12217276489596562,286.4414568283288,101516.93401651343
2021-12-23,Jhang,0.0,0.12214676695000606,286.6262577844236,101500.13699800293
2021-12-24,Jhang,0.0,0.12210790126347558,287.24388210962604,101535.5047893002
2021-12-25,Jhang,0.0,0.12207665099963931,287.011101112896,101685.35147402385
2021-12-26,Jhang,0.0,0.12531389386475997,286.99682688364567,101923.45133520041
2021-12-27,Jhang,0.0,0.12793976850193664,286.20958148843954,102116.44482851423
2021-12-28,Jhang,0.0,0.12843758857373289,285.2644984873079,102039.94093608849
2021-12-29,Jhang,0.0,0.12802045862580447,285.4567572492018,102070.09395618105
2021-12-30,Jhang,0.0,0.12759544524020153,286.3695046561165,102417.74681775378
2021-12-31,Jhang,0.0,0.1272065977407516,285.763134297144,102352.83744027854
2022-01-01,Jhang,0.0,0.12684028805750702,285.97506196709895,102218.86686940705
2022-01-02,Jhang,0.0,0.1264898126015805,286.1001392108722,102123.954562738
2022-01-03,Jhang,4.662930194832301,0.12657133381403723,287.55148931319826,101928.24757085464
2022-01-04,Jhang,12.307346553587772,0.1401864720334824,287.3835580344656,101801.09820777795
2022-01-05,Jhang,2.708633827991981,0.213144476651832,286.08309560016727,101549.50108146342
2022-01-06,Jhang,2.165478103551164,0.2301771004357193,286.58071737195024,101718.19215289944
2022-01-07,Jhang,3.1767048443439343,0.2808625935712622,285.5537268707517,101441.01430286033
2022-01-08,Jhang,0.0,0.2943262945623018,285.353561271335,101625.26783822128
2022-01-09,Jhang,0.0,0.26932639098083555,284.7195828558335,101724.34373551718
2022-01-10,Jhang,0.0,0.25267520942985,285.28198749693036,101914.52019679628
2022-01-11,Jhang,0.0,0.2394007917953597,284.9581589803205,101905.90148992842
2022-01-12,Jhang,0.3485711690424795,0.22827073668884998,285.1650396044012,101784.70914217064
2022-01-13,Jhang,0.0,0.21858891830385188,285.3575938802727,101788.98590042422
2022-01-14,Jhang,0.0,0.21057844459317435,285.34582967744353,101941.40801346734
2022-01-15,Jhang,0.5677805149887493,0.20433246671650548,285.3199733476036,102037.5378409493
2022-01-16,Jhang,5.436740686527906,0.19941374749507412,284.83697420069427,102087.36942994999
2022-01-17,Jhang,0.0,0.19656939714769006,285.95088330350427,102158.0394975079
2022-01-18,Jhang,0.0,0.19176646299067637,285.8824545878621,101926.89910186136
2022-01-19,Jhang,0.0,0.21593532182744749,285.57600710675325,101548.1022205417
2022-01-20,Jhang,0.0,0.22373014835348776,285.15140699750674,101253.86474123868
2022-01-21,Jhang,0.0,0.2312369371422948,285.2505359913878,101148.84633845513
2022-01-22,Jhang,0.0,0.3162793232097701,284.22357145676295,100725.41528010082
2022-01-23,Jhang,0.0,0.2930720584281408,285.1586406433511,101050.20457722073
2022-01-24,Jhang,0.0,0.2739467235552627,284.5059374811698,101508.95088781639
2022-01-25,Jhang,0.0,0.2584205442807435,284.5198714643843,101569.42981626441
2022-01-26,Jhang,0.0,0.24451704277168781,284.80156491952346,101689.68504715565
2022-01-27,Jhang,0.0,0.23334205925135848,285.0734293242293,101821.286013758
2022-01-28,Jhang,0.0,0.22386839779624904,285.4644464563322,101730.37027468701
2022-01-29,Jhang,0.0,0.21535424143519596,286.66528218975947,101741.86895360054
2022-01-30,Jhang,0.0,0.2071832665882043,287.0464916035956,101245.53934794101
2022-01-31,Jhang,0.0,0.19966684693919529,287.90219578745166,101127.35833013832
2022-02-01,Jhang,0.0,0.19283992924581422,287.22490055571467,101250.82051051816
2022-02-02,Jhang,0.0,0.20426348597790664,288.2209265418761,100942.04192796978
2022-02-03,Jhang,0.0,0.27873106033987083,286.0840852670076,100926.26754330065
2022-02-04,Jhang,0.0,0.2570223870165382,285.3955020300882,101114.87275807669
2022-02-05,Jhang,0.0,0.24153773101340684,286.061758737488,101482.99693519539
2022-02-06,Jhang,0.0,0.2297488726489762,286.565210269955,101574.03640136804
2022-02-07,Jhang,0.0,0.21930496186419463,287.2930245027733,101599.27015545477
2022-02-08,Jhang,3.6686476689345464,0.20969054968603756,288.05348291456767,101423.96395964643
2022-02-09,Jhang,0.0,0.2022047075526207,287.7899281580641,101668.75704333646
2022-02-10,Jhang,0.0,0.19433156997228235,288.2792207163584,101844.57193903995
2022-02-11,Jhang,0.0,0.1862803790495025,288.70107793584594,101662.94751097522
2022-02-12,Jhang,0.0,0.17881954669743447,289.08480070082146,101380.25158388176
2022-02-13,Jhang,0.0,0.1722386987711809,289.0420782322662,101274.53843790024
2022-02-14,Jhang,0.0,0.16649124860128703,289.583412178532,101341.8814240031
2022-02-15,Jhang,3.7207929128952655,0.1616434045238517,289.7843361770904,101355.99112078265
2022-02-16,Jhang,0.0,0.15755016038424424,289.9174876479598,101139.9620692579
2022-02-17,Jhang,0.0,0.15399422402829618,290.1301910799574,101156.72735325589
2022-02-18,Jhang,0.0,0.1506335873619731,289.61729159290815,101434.89703136061
2022-02-19,Jhang,0.0,0.1471940257591152,290.29252634928446,101431.3950332733
2022-02-20,Jhang,0.0,0.14384833627988586,290.65621294578796,100823.86539849041
2022-02-21,Jhang,0.0,0.14085574086172867,291.3621727473702,100722.5132221869
2022-02-22,Jhang,0.0,0.1429864054605757,290.7258926081179,100739.84815063707
2022-02-23,Jhang,0.0,0.14530888654004764,289.98533327936514,101499.87839290382
2022-02-24,Jhang,0.0,0.14299803712214323,290.00360455543466,101678.09354487214
2022-02-25,Jhang,0.16931915930900635,0.1787282835143841,288.3186030431754,101655.01634755547
2022-02-26,Jhang,0.0,0.19245416999381543,287.91469816120235,101948.34059829912
2022-02-27,Jhang,0.0,0.18418668631037713,288.18969780418354,102099.02159977586
2022-02-28,Jhang,0.0,0.17500710048335028,290.53334695377,101724.5415885478
2022-03-01,Jhang,0.0,0.16743955280351486,291.44892245347137,101725.3269921888
2022-03-02,Jhang,1.7020311899303142,0.19387094620962841,290.6538700127036,101765.7201932678
2022-03-03,Jhang,0.026901029789908642,0.2501420727545645,289.96348732903465,101769.45147423446
2022-03-04,Jhang,0.0,0.22922278712205568,290.8683007249603,101840.51588437213
2022-03-05,Jhang,1.66469678433914,0.2116749163353364,292.89718681980537,101470.989123222
2022-03-06,Jhang,1.2180124064291231,0.20423191419038245,293.3080049270885,101315.78665389377
2022-03-07,Jhang,3.2572903258562063,0.2078613969684418,292.81218910227966,101706.48700953645
2022-03-08,Jhang,0.01582226440154279,0.19296391076420286,293.2785629325735,101523.15445914716
2022-03-09,Jhang,0.10640472528277056,0.1796830365980503,294.3445804870712,101439.74675455646
2022-03-10,Jhang,0.0,0.16806749141601873,295.2615963325342,101380.087462661
2022-03-11,Jhang,0.011018132584060203,0.15863647001495484,296.669546848219,101295.48179734104
2022-03-12,Jhang,0.0,0.1508034646296117,297.5984202916209,101110.25358802536
2022-03-13,Jhang,0.0,0.1443248429784254,299.2191157364307,101072.3071148021
2022-03-14,Jhang,0.0,0.13926021901180108,300.3550242323154,100957.49138278795
2022-03-15,Jhang,0.0,0.1354146742012592,300.5705154765069,100782.60228057904
2022-03-16,Jhang,0.0,0.1325348830674971,301.8553237840038,100603.08889960898
2022-03-17,Jhang,0.0,0.1301780735056028,302.3989807146564,100541.70314264251
2022-03-18,Jhang,0.0,0.12834666167908768,301.6778486221553,100513.73613109431
2022-03-19,Jhang,0.0,0.12710193136575798,300.77993498738135,100480.08981201975
2022-03-20,Jhang,0.0,0.12612911633962925,301.1281757900322,100455.29299916359
2022-03-21,Jhang,0.0,0.12518484789827444,300.459865979623,100799.01325720869
2022-03-22,Jhang,0.0,0.12428198424627113,301.0055522701196,100722.51992267816
2022-03-23,Jhang,0.0,0.12359352715691206,299.8801885660555,100545.95505304354
2022-03-24,Jhang,0.0,0.12314526757010326,299.95202977659443,100618.50639977762
2022-03-25,Jhang,0.0,0.12276380277225642,300.03928022523843,100808.37686431964
2022-03-26,Jhang,0.0,0.12237961462334326,300.9628753365101,100843.51228660387
2022-03-27,Jhang,0.0,0.12208035145785007,300.45107607244836,100672.86200742985
2022-03-28,Jhang,0.0,0.12184923290650546,300.7585907564653,100590.214016524
2022-03-29,Jhang,0.0,0.12165354500552777,301.42880386523865,100503.42498509597
2022-03-30,Jhang,0.0,0.12150433118499757,301.3009157253538,100583.74899647987
2022-03-31,Jhang,0.0,0.1213902899215729,301.1239273450971,100853.26809864672
2022-04-01,Jhang,0.0,0.12130930743915581,301.9332248752417,100638.70855153949
2022-04-02,Jhang,0.0,0.1212593651715754,300.8795358276246,100584.89161851385
2022-04-03,Jhang,0.0,0.12122659922055937,301.1737849032715,100749.34854114354
2022-04-04,Jhang,0.0,0.12118280314699498,302.07501457435757,100824.46739310172
2022-04-05,Jhang,0.0,0.1211494323782927,302.60844623950493,101006.2305718405
2022-04-06,Jhang,0.0,0.12111893980804178,303.15638979457356,100959.62625736241
2022-04-07,Jhang,0.0,0.12108918099496217,303.89845843928344,100813.79038990613
2022-04-08,Jhang,0.0,0.12104577615426693,304.53486222438795,100494.97206443384
2022-04-09,Jhang,0.0,0.1209975222074859,304.2499532634764,100439.0364524524
2022-04-10,Jhang,0.0,0.12094402121441088,305.3593329731208,100370.71561936487
2022-04-11,Jhang,0.008274344652373842,0.12089585581307653,306.086122389878,100175.27894751252
2022-04-12,Jhang,0.04989108079332139,0.1208605949462457,305.56283233163236,100117.78053060434
2022-04-13,Jhang,0.0,0.12102568424530044,304.04493745766973,100266.82039807968
2022-04-14,Jhang,0.0,0.12145722502892371,304.05503626566275,100234.37876813758
2022-04-15,Jhang,0.0,0.12168488968641071,303.4136401785929,100288.1423824109
2022-04-16,Jhang,0.0,0.12142412287521927,304.36003566176964,100206.79075013056
2022-04-17,Jhang,0.0,0.12124295282735152,305.35525294453936,100319.82234218587
2022-04-18,Jhang,0.0,0.1254485869178093,305.3261945392484,100527.62130269606
2022-04-19,Jhang,0.0,0.1265677783457807,305.05119955600384,100761.81468214931
2022-04-20,Jhang,0.49224852909714417,0.1260474469871263,304.44140622996355,100547.09264088784
2022-04-21,Jhang,0.0,0.12636770221648014,304.10177005249807,100561.02831790975
2022-04-22,Jhang,0.0,0.12569405465304592,302.27776897562006,100910.95695896809
2022-04-23,Jhang,0.0,0.12431144463633849,303.1618175084864,100867.9348386046
2022-04-24,Jhang,0.024495928972329693,0.12551793923870258,304.8924349866785,100572.85438320511
2022-04-25,Jhang,0.0,0.12985144011116384,304.66343823381646,100396.25860615249
2022-04-26,Jhang,0.0,0.12838150467655599,305.748483965496,100488.53962205915
2022-04-27,Jhang,0.0,0.1258986990373622,307.0839127712205,100337.25509633371
2022-04-28,Jhang,0.0,0.12417288029151159,308.27652884352005,100294.40982696587
2022-04-29,Jhang,0.0,0.12296272791789913,307.4817008791731,100269.4126168623
2022-04-30,Jhang,0.0,0.12216830755847906,307.792121027446,99938.04242512178
2022-05-01,Jhang,0.0,0.12167766178933458,308.6648015242966,99816.65494076305
2022-05-02,Jhang,0.0,0.12146172113182961,308.46087269589776,99797.81527146386
2022-05-03,Jhang,0.0,0.12135017849147092,305.8523471349303,100159.2783750505
2022-05-04,Jhang,0.0378237177128377,0.1268953563178413,304.0712090762395,100582.8408126432
2022-05-05,Jhang,0.0,0.12936716552118593,304.354133539248,100580.48518655839
2022-05-06,Jhang,0.0,0.12694426004076637,305.49102861346825,100481.14768334579
2022-05-07,Jhang,0.0,0.12502479919661938,306.50072652773116,100376.73370905868
2022-05-08,Jhang,0.0,0.12363211681394204,308.22550657253606,100035.13147008447
2022-05-09,Jhang,0.0,0.12267784312286573,308.41499243993644,100044.93345405771
2022-05-10,Jhang,0.0,0.12280724425688022,308.76453245340093,100147.65572967577
2022-05-11,Jhang,0.0,0.12290577558104115,308.82810507363155,99968.01671962946
2022-05-12,Jhang,0.0,0.12213098702427562,308.81643144248636,99733.720380753
2022-05-13,Jhang,0.0,0.12165232321979964,308.9305352969987,99657.75214791746
2022-05-14,Jhang,0.0,0.12135865290356977,310.2507736409587,99567.67516836806
2022-05-15,Jhang,0.0,0.12116989944822991,309.939891419624,99625.09774933425
2022-05-16,Jhang,0.0,0.12667929593540683,307.8044134873513,99780.28232830348
2022-05-17,Jhang,0.0,0.12778780529386471,308.0549136082978,99859.39589459955
2022-05-18,Jhang,0.0,0.1252885059009237,308.176061612677,100105.86529210834
2022-05-19,Jhang,0.001917702149861084,0.1239289569800092,309.41690406915893,99855.98822555736
2022-05-20,Jhang,0.0,0.12302444632270049,307.73736795778603,99692.94423682966
2022-05-21,Jhang,0.0,0.12229564060344592,306.66810612215295,99540.22429898423
2022-05-22,Jhang,0.0,0.12186790425250238,307.8795310238416,99220.25640399072
2022-05-23,Jhang,0.07424789339865481,0.1364524329836494,302.94414348892207,99663.14399736468
2022-05-24,Jhang,0.0,0.14259715177067633,302.5056024957235,100499.56330155213
2022-05-25,Jhang,0.0,0.13610621514508364,304.3049537630148,100416.02292691868
2022-05-26,Jhang,0.0,0.13118735140514043,307.2085156227995,100026.34969054401
2022-05-27,Jhang,0.0,0.12774631232336298,309.55832421046085,99640.73176547907
2022-05-28,Jhang,0.0,0.12534625128954402,309.0178945823971,99635.61740026409
2022-05-29,Jhang,0.0,0.12382010565406552,308.73361829110763,99658.44763657986
2022-05-30,Jhang,0.0,0.12349282964083497,307.83859113549875,99859.46097515506
2022-05-31,Jhang,0.0,0.12334525178957324,307.17067375848677,99917.90936536236
2022-06-01,Jhang,0.0,0.12266731095059293,307.4269373877657,99976.02033451371
2022-06-02,Jhang,0.0,0.12219050182178072,308.0887415084461,99925.42116192404
2022-06-03,Jhang,0.0,0.1216840043605216,308.6687653654166,99775.35460097237
2022-06-04,Jhang,0.0,0.12137635147112039,308.9635154339852,99788.01265815113
2022-06-05,Jhang,0.0,0.12117848745650772,309.3971066133388,99802.72192724301
2022-06-06,Jhang,0.0,0.12103826959189902,309.7693285749374,99729.52962714665
2022-06-07,Jhang,0.0,0.1209332954936211,310.16566281474707,99667.02984491385
2022-06-08,Jhang,0.0,0.12087131897412899,309.9363508059162,99595.77456873115
2022-06-09,Jhang,0.0,0.12114003953219386,310.53734650036955,99485.46406155205
2022-06-10,Jhang,0.0,0.12838950850346514,309.22617820080507,99640.6732821927
2022-06-11,Jhang,0.6945463118697324,0.14669310655383536,307.940912414002,99722.29865295005
2022-06-12,Jhang,0.0,0.15839161202612018,308.29152238612625,99864.3358869422
2022-06-13,Jhang,0.0,0.15483569450643705,308.87142697690115,100053.7389968275
2022-06-14,Jhang,0.0,0.14614751625654615,310.3060387514282,99865.87412972082
2022-06-15,Jhang,0.0,0.13706866990396627,311.0211795209136,99566.83424433961
2022-06-16,Jhang,2.372748056092576E-6,0.1326625032637182,310.0754892376304,99613.92943181431
2022-06-17,Jhang,4.3644554949396595,0.13540566862362766,306.1268033535277,99924.24726382128
2022-06-18,Jhang,9.072589120752685,0.14280191350128124,303.44535810409775,100086.8066144903
2022-06-19,Jhang,0.054590355169899296,0.18779649376308022,302.37228865627065,100039.8287443333
2022-06-20,Jhang,25.291294004490513,0.2508176044588101,300.78906269931286,99839.58261806305
2022-06-21,Jhang,0.0,0.36846791843551135,296.4517146373073,99914.78620782637
2022-06-22,Jhang,0.0,0.3172872037755888,300.14157804830506,100555.63528088022
2022-06-23,Jhang,0.0,0.27294159882717434,302.446058907191,100472.74996682142
2022-06-24,Jhang,0.0,0.24052509147270887,304.35074075175567,100018.03148198669
2022-06-25,Jhang,0.0,0.21278909894540857,306.03309104159365,99761.70189976277
2022-06-26,Jhang,0.0,0.18930490838720204,306.8114064616151,99931.85418966347
2022-06-27,Jhang,0.0,0.17106304787790705,308.09975714714983,99934.94252181354
2022-06-28,Jhang,0.0,0.15674551098998712,309.3185959620474,99537.00285941348
2022-06-29,Jhang,0.0,0.14557080694925886,310.24308246577067,99202.41193327842
2022-06-30,Jhang,0.0,0.13825050629240523,308.5916766649988,99415.23525370538
2022-07-01,Jhang,0.0,0.14127408072360945,304.9704703269138,99767.15211953134
2022-07-02,Jhang,0.0,0.14154065219025797,305.94153063458003,99633.30001853776
2022-07-03,Jhang,0.12746929759954173,0.14024317630594366,306.575215617865,99732.32682418937
2022-07-04,Jhang,0.0,0.1381851524455801,307.8348591950536,99687.94003157761
2022-07-05,Jhang,5.090323895831743,0.1431540632418821,308.1425587805412,99721.64135229537
2022-07-06,Jhang,12.470684126521217,0.2943887721607324,305.30586895681296,100132.68855170792
2022-07-07,Jhang,0.0,0.25597987367368413,306.23664214677524,100211.14729915904
2022-07-08,Jhang,0.0,0.2725350583960526,307.27334018996845,99802.16570273263
2022-07-09,Jhang,9.847447522598069,0.2649724036664424,306.7283112430589,99672.85424417112
2022-07-10,Jhang,0.08839874757931748,0.24479422509862436,305.387848828575,99931.10473737317
2022-07-11,Jhang,0.0,0.22356019190496268,306.18419469521575,99970.25545682153
2022-07-12,Jhang,0.03166058125464248,0.2039923866931394,307.6174244454714,99791.00545260835
2022-07-13,Jhang,14.346085941358794,0.22722332745997076,305.71944931314226,99664.05910314636
2022-07-14,Jhang,0.0,0.3669535938957115,301.91565471506755,99869.36393442024
2022-07-15,Jhang,0.027081935429597966,0.3531460676574998,300.83501744875946,100167.0159815379
2022-07-16,Jhang,0.0,0.3395708186688015,303.99625060225804,100124.94242570111
2022-07-17,Jhang,0.0,0.3704169749736825,301.5508359095197,100330.48738503364
2022-07-18,Jhang,0.0,0.32807082237999613,304.91513618832556,100064.31939218959
2022-07-19,Jhang,0.0,0.2998087648335171,306.35437830483403,99793.66406960967
2022-07-20,Jhang,0.0,0.27231265205661803,306.7747321139077,99613.97040181882
2022-07-21,Jhang,18.02792582048549,0.3085246183784177,303.2976859126774,99967.67383780214
2022-07-22,Jhang,1.3260786969305958,0.41755586290471447,300.9034770688196,100160.59409705832
2022-07-23,Jhang,11.506132644269645,0.4014791706389542,302.16242845119507,100183.37282127385
2022-07-24,Jhang,13.060991801660768,0.412644182617691,301.7308198638748,100223.4986320423
2022-07-25,Jhang,8.931309525149949,0.4103146635895542,301.6634540186065,100424.22687558984
2022-07-26,Jhang,0.1801710880627594,0.3895282158844177,303.4234862525101,100419.46381034293
2022-07-27,Jhang,0.0,0.37497459767860086,303.53446868972276,100325.08602176303
2022-07-28,Jhang,12.88920328506119,0.386803586609407,302.6329400579443,100378.89885512863
2022-07-29,Jhang,0.0,0.37920178330642246,302.6974992042447,100289.55071133797
2022-07-30,Jhang,10.554296600938768,0.3661517352687777,303.2818909753866,100040.900192541
2022-07-31,Jhang,18.269087901310364,0.38116989858763306,302.73879382572443,99845.48103344397
2022-08-01,Jhang,0.0,0.4049424816220182,301.4505942741954,100059.8855405158
2022-08-02,Jhang,0.0,0.37573223276232703,303.57977370311914,99961.5209362045
2022-08-03,Jhang,1.79648867432608,0.35921739823418514,304.03368368190274,100084.42865132795
2022-08-04,Jhang,0.0,0.33923208279188405,305.11148643810805,100075.54661167806
2022-08-05,Jhang,2.328434398286869,0.32177835885111256,303.77810256506103,100016.334869466
2022-08-06,Jhang,0.0,0.3091968169637654,303.4245915206805,99842.02978461313
2022-08-07,Jhang,3.3686132219925873,0.29483791113754254,304.3431710329766,99815.47203810164
2022-08-08,Jhang,0.0,0.2827416747131762,304.7511190910749,99856.3497956095
2022-08-09,Jhang,0.0,0.2669523247214549,305.5075689289842,99872.47410702247
2022-08-10,Jhang,0.0,0.24982088106925504,305.9546948340271,99664.81315066853
2022-08-11,Jhang,0.01117573596376143,0.23629968026820442,305.00197832841565,99965.76433603879
2022-08-12,Jhang,0.0,0.2225996687954232,304.64900614318583,99993.68167031453
2022-08-13,Jhang,0.8394288396830504,0.20801804991365322,306.43025298287193,99821.32957880059
2022-08-14,Jhang,11.382748253774848,0.2023357730067325,304.6004500863058,100058.94028989643
2022-08-15,Jhang,4.989508921996643,0.21792328189611268,303.0592070575274,100341.73709643267
2022-08-16,Jhang,0.0,0.24656686749943088,302.4664964260284,100188.90127321442
2022-08-17,Jhang,27.866005577819752,0.3046298925725568,301.7397761758222,100134.63154170802
2022-08-18,Jhang,0.0,0.33248606557137933,302.9647743894503,100075.62918997942
2022-08-19,Jhang,0.0,0.2978987901810559,302.82843415610466,100107.37875312826
2022-08-20,Jhang,0.0,0.2774396841910711,302.51244568184313,100199.37315990588
2022-08-21,Jhang,0.0,0.2605421601006958,303.10767867605966,100110.33811596279
2022-08-22,Jhang,0.0,0.24194336308225145,304.36441039745466,99942.72883338876
2022-08-23,Jhang,0.0,0.2351350459970846,305.3590057369233,100092.2368059886
2022-08-24,Jhang,0.0,0.2295082115471549,304.2365515103326,100317.45777921606
2022-08-25,Jhang,0.0,0.22128260340969155,302.994051707521,100336.44616171344
2022-08-26,Jhang,5.769794635180616,0.21804954738129007,302.7761444862522,100363.41907062085
2022-08-27,Jhang,0.0,0.20784821177573076,303.708569022904,100248.51957825296
2022-08-28,Jhang,0.0,0.19425032774655565,304.3619162215688,100230.97604638893
2022-08-29,Jhang,0.14379325249409736,0.19290427769895357,304.02429732915044,100610.44036336329
2022-08-30,Jhang,0.0,0.1905967190344219,305.0336161124911,100648.43184621369
2022-08-31,Jhang,0.0,0.18001116088608668,305.8522662166712,100352.53210658643
2022-09-01,Jhang,0.0,0.1677581991286775,305.97995850487183,100350.09995623586
2022-09-02,Jhang,0.0,0.15757729120618916,306.39765543284466,100456.29958774307
2022-09-03,Jhang,0.0,0.1494824429639023,306.2773718128635,100084.49224095423
2022-09-04,Jhang,0.0,0.14344371746924298,305.9287726214677,99999.49133960319
2022-09-05,Jhang,21.31547523892489,0.14051951764400197,305.3251252958952,100310.74353860508
2022-09-06,Jhang,0.0,0.14074282304544208,304.8909862348421,100529.15729380836
2022-09-07,Jhang,0.2647075435944822,0.13864983566980024,305.5191937959321,100698.0334152967
2022-09-08,Jhang,0.0,0.1350626860153824,306.0959295737217,100697.02933064601
2022-09-09,Jhang,0.0,0.13234246041914646,306.8300687661619,100608.57591072538
2022-09-10,Jhang,0.0,0.1360810235155598,306.1336809533958,100483.74860544676
2022-09-11,Jhang,12.002244283032047,0.15049127003597101,304.6556623384437,100369.3808254723
2022-09-12,Jhang,0.0,0.14709997382308598,304.7613038410816,100300.01955402736
2022-09-13,Jhang,0.0,0.1419315883293564,305.2935398878231,100338.2439493874
2022-09-14,Jhang,0.0,0.138164892124546,305.7469749285037,100316.35642210723
2022-09-15,Jhang,0.0,0.135047616574714,305.9719750151293,100073.65087191178
2022-09-16,Jhang,0.0,0.13204099720360407,305.707938965244,99752.56356856061
2022-09-17,Jhang,8.347578195699636,0.13001348839272012,305.31334069602667,100125.65248528558
2022-09-18,Jhang,0.0,0.12840679777333255,305.51408374165817,100443.00578439407
2022-09-19,Jhang,0.0,0.1268830339075031,305.90479089726045,100436.28459550577
2022-09-20,Jhang,0.0,0.1259462764429309,305.7232023919702,100410.16677840297
2022-09-21,Jhang,0.0,0.12501702922654873,305.46425229232585,100427.51559392794
2022-09-22,Jhang,0.0,0.12408543737731795,305.4988513921548,100406.95130834168
2022-09-23,Jhang,0.0,0.12339720853034762,304.4449952300721,100327.20292276866
2022-09-24,Jhang,0.0,0.12301377297487069,302.67132354022385,100242.11515044115
2022-09-25,Jhang,0.0,0.12779172486562562,302.3594620738392,100413.95171043432
2022-09-26,Jhang,3.157558027190181,0.15998262444418065,301.4689041046276,100821.62812536865
2022-09-27,Jhang,7.214372269690872E-4,0.15381947088950343,303.0381831277207,100585.5745746297
2022-09-28,Jhang,0.0,0.14705422927825745,303.7794075142922,100462.87893087063
2022-09-29,Jhang,0.0,0.14088406072558693,304.02231805341444,100476.71063520631
2022-09-30,Jhang,3.404843163415933E-5,0.13618898385830608,303.96826346366555,100477.09365941718
2022-10-01,Jhang,0.0,0.1326830527932095,303.8755444743931,100341.31151333248
2022-10-02,Jhang,0.0,0.13004663629776259,303.70848955970877,100503.88600843892
2022-10-03,Jhang,0.0,0.12811619153241818,303.811652453187,100663.1106431587
2022-10-04,Jhang,0.0,0.12657914400671255,303.5783420429323,100829.39417484369
2022-10-05,Jhang,0.0,0.12535624254599909,303.6270853717386,100634.7550739513
2022-10-06,Jhang,0.0,0.12441299460591486,303.2415179681068,100665.94985269764
2022-10-07,Jhang,0.0,0.12372050835587585,301.8838360623884,100908.84366600023
2022-10-08,Jhang,0.0,0.12319496177328669,301.4691687860824,100953.28811217095
2022-10-09,Jhang,0.0,0.12280909021086067,301.1833916558187,100973.68855644779
2022-10-10,Jhang,0.0,0.12333433237026198,300.5551345081647,101046.8132762732
2022-10-11,Jhang,0.0,0.12427658490266653,300.16970709205503,100924.19256894814
2022-10-12,Jhang,0.0,0.12438608004743704,299.8447541865364,101122.2134153599
2022-10-13,Jhang,0.0,0.12390239122458829,299.7380276940926,101196.19308742922
2022-10-14,Jhang,0.0,0.12341253332134008,299.73594636559346,101153.70644417363
2022-10-15,Jhang,0.0,0.12299630215683721,299.66111238145226,101055.48120223338
2022-10-16,Jhang,0.0,0.12264720924848273,299.37512488246597,101283.5142886409
2022-10-17,Jhang,0.0,0.122379442911179,298.96109149300287,101168.02727594461
2022-10-18,Jhang,0.0,0.12216370075233586,298.6639773401738,100985.74978591927
2022-10-19,Jhang,0.0,0.12200110088322119,298.90492269985754,100979.62055670479
2022-10-20,Jhang,0.0,0.12190796341679036,297.1219498429915,101328.38594603163
2022-10-21,Jhang,0.0,0.12182244349454421,297.14396881506747,101707.6842640361
2022-10-22,Jhang,0.0,0.12173058550124254,297.2780786585619,101695.48069770845
2022-10-23,Jhang,0.0,0.12165392087366195,297.3721208969152,101531.41633444207
2022-10-24,Jhang,0.0,0.12159495457791049,297.9345105534528,101062.74249743
2022-10-25,Jhang,0.0,0.1215516989487215,298.11630603449487,100911.37392353972
2022-10-26,Jhang,0.0,0.12151419356625551,298.18798307856224,101234.03804423386
2022-10-27,Jhang,0.0,0.12147481512187382,298.19529855917085,101259.61203086557
2022-10-28,Jhang,0.0,0.12144807178268838,298.38310884140145,101278.94793308042
2022-10-29,Jhang,0.0,0.12142967702335071,298.03735015631906,101314.15081898414
2022-10-30,Jhang,0.0,0.12141749711717958,297.46216727485455,101324.21980197125
2022-10-31,Jhang,0.0,0.12140488586268074,297.4543730982544,101233.16657959488
2022-11-01,Jhang,0.0,0.12140906753496317,297.38919726274935,101387.82140396963
2022-11-02,Jhang,0.0,0.12140726473938786,297.82949842589073,101296.92759066702
2022-11-03,Jhang,0.0,0.12139663487140089,298.3569948768636,101153.10433212068
2022-11-04,Jhang,0.0,0.12139727539013134,298.220465427342,101262.63611166115
2022-11-05,Jhang,1.8752506594674128,0.16635199822211316,295.5620454820161,101452.46249267957
2022-11-06,Jhang,2.418801336037087,0.18526350850650844,294.68589620652256,101637.01814525468
2022-11-07,Jhang,0.0,0.1769876776789787,293.90818259302097,101632.83827527256
2022-11-08,Jhang,0.0,0.16947636122205703,294.1451321983448,101595.68357571236
2022-11-09,Jhang,0.0,0.16376081282790841,294.3748851801494,101600.04047811902
2022-11-10,Jhang,0.0,0.16177111727277915,293.63267352565015,101875.83116189242
2022-11-11,Jhang,0.0,0.15849772917925253,293.4974950029475,101805.82272795252
2022-11-12,Jhang,0.0,0.153921382348222,293.92923615190847,101674.31460473262
2022-11-13,Jhang,0.1423444137875715,0.17130003768665625,293.7462795349327,101437.42113085206
2022-11-14,Jhang,0.0,0.31332015536911934,290.4890023175076,101716.94383737024
2022-11-15,Jhang,0.0,0.27522780359583554,290.43465555864276,101716.28602613411
2022-11-16,Jhang,0.0,0.25173020172402,290.66381275593966,101561.70949344226
2022-11-17,Jhang,0.0,0.234772642299489,291.3987747859559,101535.01155614866
2022-11-18,Jhang,0.0,0.2221312522406028,291.2973243275108,101604.67914795321
2022-11-19,Jhang,0.0,0.21160364944417043,291.628691413396,101714.43280391564
2022-11-20,Jhang,0.0,0.2018509740871361,291.05855825814797,101627.6488659249
2022-11-21,Jhang,0.0,0.19316853065494588,291.3406575745413,101469.25784936507
2022-11-22,Jhang,0.0,0.18548329557649193,291.30318545754085,101464.09782780427
2022-11-23,Jhang,0.0,0.17880499106464834,291.1370184104845,101460.58744212173
2022-11-24,Jhang,0.0,0.17309890826872654,291.5320171380972,101369.8258185627
2022-11-25,Jhang,0.0,0.16820592122834013,290.81349183579647,101655.51415092344
2022-11-26,Jhang,0.0,0.16385689068032366,291.1222176537299,101316.05105576309
2022-11-27,Jhang,0.0,0.16017674593506687,290.9377999649287,101154.96207136448
2022-11-28,Jhang,0.0,0.1569871344556649,290.8079415042053,101397.17519022377
2022-11-29,Jhang,0.0,0.15418358386565384,290.8299302974344,101599.93895064083
2022-11-30,Jhang,0.0,0.151608004563525,290.7862415130716,101688.14259359513
2022-12-01,Jhang,0.027400662497300225,0.1492458803033581,291.0112925554797,101467.10428682923
2022-12-02,Jhang,0.06668826605489421,0.14731780547874557,290.0138598439324,101391.30011939016
2022-12-03,Jhang,0.0,0.14543239445172962,289.7460063874023,101609.61947366146
2022-12-04,Jhang,0.0,0.14361149551120905,289.89592009261366,101616.6391975315
2022-12-05,Jhang,0.0,0.14204903272086866,289.91150909456064,101799.6868058832
2022-12-06,Jhang,0.0,0.1406943882790877,289.56339757640444,101720.07740297107
2022-12-07,Jhang,0.0,0.1393963461067853,289.9989503183758,101584.15625737302
2022-12-08,Jhang,0.0,0.13820550000487966,290.5319780262964,101601.48635281142
2022-12-09,Jhang,0.0,0.13702647832017842,290.1720525962361,101549.02263621127
2022-12-10,Jhang,0.0,0.13589376018236632,290.46277387770044,101682.37262009594
2022-12-11,Jhang,0.0,0.1348227820928455,290.183692122748,101732.92154268763
2022-12-12,Jhang,0.0,0.13382059277916752,289.92736604949386,101646.37545739033
2022-12-13,Jhang,0.0,0.13291305451903837,289.5415800374833,101864.43086744584
2022-12-14,Jhang,0.0,0.13202714442708555,288.53762892318554,101637.0909927555
2022-12-15,Jhang,0.0,0.13134003690576254,288.3581229924596,101447.67688285749
2022-12-16,Jhang,0.0,0.13078354334677753,289.4988433025682,101361.6079554312
2022-12-17,Jhang,0.0,0.13034925058267952,289.6856960532908,101583.57816844809
2022-12-18,Jhang,0.0,0.1299596072456714,289.03798317978055,101559.93860700566
2022-12-19,Jhang,0.0,0.12956404867854432,288.240579211791,101478.693076633
2022-12-20,Jhang,0.0,0.12918717656499906,287.93611578922196,101438.03583522572
2022-12-21,Jhang,0.0,0.12884093890442508,287.74137920612054,101610.16548891513
2022-12-22,Jhang,0.0,0.1285250155446031,287.31892800965676,101537.55912078892
2022-12-23,Jhang,0.0,0.12824193493804303,285.5274034191304,101513.3422888263
2022-12-24,Jhang,0.0,0.12804047332537027,284.4908191235136,101829.11561415113
2022-12-25,Jhang,0.0,0.12824629307977164,284.3420149822136,101808.28280017649
2022-12-26,Jhang,0.0,0.12833179930876032,284.2122285019307,102024.06288550343
2022-12-27,Jhang,0.0,0.12803535371851726,285.35177781235353,101926.91417757173
2022-12-28,Jhang,0.0,0.1277406306072153,287.43547845007055,101802.38491249272
2022-12-29,Jhang,0.0,0.16020247706608126,285.50217830384906,101881.61456744619
2022-12-30,Jhang,0.0,0.17561985128029553,285.20057284881165,102235.24149733306
2022-12-31,Jhang,0.0,0.17167523002965232,285.88950850307936,102035.85482979924
2023-01-01,Jhang,0.0,0.16803186736713904,285.9923165281589,102034.84086346437
2023-01-02,Jhang,0.0,0.1647187058676809,285.19617202774873,102188.8556597901
2023-01-03,Jhang,0.0,0.1616472207640196,284.77106245937637,102330.95261415529
2023-01-04,Jhang,0.0,0.15862168633264292,285.30722411000545,102329.62187384142
2023-01-05,Jhang,0.0,0.1560481493830946,285.24667831640863,102412.09184697198
2023-01-06,Jhang,0.07307285110799955,0.1541244426005003,284.4049158302999,102461.96198973464
2023-01-07,Jhang,0.0,0.15289860533965094,283.2566634349198,102274.7935963779
2023-01-08,Jhang,0.003759989326541595,0.15197911395855393,283.60545873628564,102003.2396767249
2023-01-09,Jhang,0.05198525271074503,0.15062459710621823,285.04285557001884,102061.28798419649
2023-01-10,Jhang,2.6358267513371443,0.14872315834622532,286.85874809523915,101883.75156913562
2023-01-11,Jhang,2.759025854265457,0.1707520461191479,286.0594959355679,101332.26721599138
2023-01-12,Jhang,0.0,0.1792834902928832,284.75736013532884,101306.11840668083
2023-01-13,Jhang,0.0,0.17536653420123877,282.8658829613303,101631.40095986125
2023-01-14,Jhang,0.0,0.17069163828124229,282.3108149000947,101905.87549399203
2023-01-15,Jhang,0.0,0.1661418261332956,282.3322888189531,101622.34934769872
2023-01-16,Jhang,0.0,0.1621733661212613,282.528048484001,101817.00911594383
2023-01-17,Jhang,0.0,0.15849811653343684,283.1402656387985,101817.14942074422
2023-01-18,Jhang,0.4867882032020576,0.15568147898215887,284.782405063391,102024.86013731717
2023-01-19,Jhang,0.05793536648381775,0.15286208715748167,286.0077675247636,101988.59708128641
2023-01-20,Jhang,0.0,0.15128472734580067,284.5638272192468,101926.99338930142
2023-01-21,Jhang,0.0165100686530613,0.14994029293115796,284.5382588221629,101889.33218279178
2023-01-22,Jhang,0.0,0.1480759402699415,284.5954229330707,101855.3684343296
2023-01-23,Jhang,0.0,0.1460298176718867,285.34920813883105,101810.64239110053
2023-01-24,Jhang,0.0,0.14425949590322676,284.8073947382163,101531.89466488581
2023-01-25,Jhang,0.0,0.14245401237777755,284.1624377900821,101836.38101216756
2023-01-26,Jhang,0.0,0.1406300137894728,284.55837465252154,102090.65643485202
2023-01-27,Jhang,0.0,0.13879819161524393,285.62688427328646,101973.84323968198
2023-01-28,Jhang,0.0,0.13719453957042615,286.9827168471398,101458.29146004669
2023-01-29,Jhang,1.9288554697773796,0.1395585471785238,286.33798196464255,101286.69769424736
2023-01-30,Jhang,0.0,0.1473438057604876,286.6198204410864,101932.07725788064
2023-01-31,Jhang,0.0,0.14603638889261703,286.77756600577777,102145.49784102303
2023-02-01,Jhang,0.0,0.14344877533857645,288.14615141675625,101884.21467114247
2023-02-02,Jhang,0.0,0.14098701070753178,288.68513900535845,101737.86084881317
2023-02-03,Jhang,0.0,0.13972204098806537,288.9045917641228,101620.94399141356
2023-02-04,Jhang,0.0,0.13837891444023942,289.50261980970265,101438.80173065742
2023-02-05,Jhang,0.0,0.13657734350063272,290.38060204643944,101175.2815380742
2023-02-06,Jhang,0.0,0.1351616014364895,289.87626136174975,101346.22641898955
2023-02-07,Jhang,0.0,0.13384334060151384,289.4532281222083,101357.85162438055
2023-02-08,Jhang,0.0,0.1332765825852272,290.2112654296038,101389.37054143212
2023-02-09,Jhang,0.1689625646585143,0.13838455601949923,289.41365284620645,100995.51533797903
2023-02-10,Jhang,0.0,0.13744699532429563,289.88107769339854,101197.30366291413
2023-02-11,Jhang,0.0,0.1357312473157958,288.3227323682986,101635.42201482394
2023-02-12,Jhang,0.0,0.13409224948023526,286.95362904688244,102107.55347253237
2023-02-13,Jhang,0.0,0.13260281476113345,288.8673889040965,101742.54154799622
2023-02-14,Jhang,0.0,0.13139303804136343,290.9190132247357,101615.5924165374
2023-02-15,Jhang,0.0,0.13027346018066327,292.6208787149404,101384.13992667003
2023-02-16,Jhang,2.190217249036425,0.1292687393072415,293.8822189361354,101484.82052605411
2023-02-17,Jhang,0.0,0.1283815767429491,293.9919385085546,101624.69659356143
2023-02-18,Jhang,0.0,0.12758835118989661,293.95424734677016,101451.00599715814
2023-02-19,Jhang,0.0,0.1268539244848417,294.5395010867037,101215.6631751049
2023-02-20,Jhang,1.141540554676022,0.12616626411163773,294.9503967080891,101025.0612866123
2023-02-21,Jhang,0.0,0.12555350127148315,293.8195569694992,101269.39545511518
2023-02-22,Jhang,0.0,0.1250602681409634,293.5824669377833,101352.47417258965
2023-02-23,Jhang,0.0,0.12455528484541074,294.1188781915972,101370.35704460045
2023-02-24,Jhang,0.0,0.12410097161729251,295.0347269664181,101493.74265436987
2023-02-25,Jhang,0.058395229607711006,0.13017175892094843,294.9516164012347,101614.73201247511
2023-02-26,Jhang,0.0,0.1406410382975715,295.01319705801524,101821.94636078483
2023-02-27,Jhang,1.2087930998979295,0.138923827081998,295.2058640384391,101807.36410794938
2023-02-28,Jhang,3.2262502674579276,0.18661896856499724,292.8818275157606,101935.34731248306
2023-03-01,Jhang,0.5503904160580864,0.2143564938799772,292.30216475513544,102133.19549234885
2023-03-02,Jhang,0.0,0.20132885251184576,292.09404220387324,102112.41833094937
2023-03-03,Jhang,0.0,0.18842707712435175,293.102613705004,102130.00619833621
2023-03-04,Jhang,0.0,0.17581091176024147,294.39828104707493,101986.93146860987
2023-03-05,Jhang,0.0,0.16523804432587164,294.9569891943416,101846.5505762538
2023-03-06,Jhang,0.0,0.15615552470873353,295.49759819848657,101558.48420015413
2023-03-07,Jhang,0.0341332653779915,0.15275502326237858,295.56481131209574,101571.26149321468
2023-03-08,Jhang,0.0,0.14906284265802003,295.9371533211553,101621.06235359296
2023-03-09,Jhang,0.0,0.14296296969668362,296.1752010125466,101656.57122385732
2023-03-10,Jhang,0.0,0.13828234384484397,297.1317085303313,101465.90448468938
2023-03-11,Jhang,0.0,0.13478383173955355,297.94786300131193,101389.83504141528
2023-03-12,Jhang,0.4947757702384222,0.13226757570075767,297.75751313652404,101445.17394708071
2023-03-13,Jhang,0.0,0.13322356621346676,297.3503406961425,101311.73872771244
2023-03-14,Jhang,0.0,0.13332171995515749,298.66432396233876,100956.16277669875
2023-03-15,Jhang,0.0,0.1320159583214043,298.9499975367096,100812.45031509115
2023-03-16,Jhang,9.534198258972536,0.14287884845819573,297.01566837884735,101028.31311617335
2023-03-17,Jhang,1.412400850500262,0.21627782435736845,292.14046291921034,101371.62463582563
2023-03-18,Jhang,0.0,0.21300484740443598,293.13850032016904,101195.45552280995
2023-03-19,Jhang,0.07464502605824086,0.19887202951816402,293.152160021413,100957.57541936653
2023-03-20,Jhang,0.0,0.18579995597215246,294.47532646636216,100755.39655948762
2023-03-21,Jhang,8.599655989114899,0.1920499440232316,292.7307653088006,100943.36663320717
2023-03-22,Jhang,4.783451617798697,0.23404094743146284,293.438083768321,101034.0047361092
2023-03-23,Jhang,7.758767030169111,0.23561041103366753,294.532293312695,100921.16639395281
2023-03-24,Jhang,9.21728137032143,0.3544288658054574,291.1130455878157,100823.98979916959
2023-03-25,Jhang,0.0,0.3109500237676546,290.63440801878556,101368.05204638052
2023-03-26,Jhang,0.0,0.28197385960318894,291.9391240314051,101310.10102742972
2023-03-27,Jhang,0.0,0.25875657984298256,294.27109547849193,101081.51099026979
2023-03-28,Jhang,0.0,0.2391714834112345,295.77608868172706,101002.45093100118
2023-03-29,Jhang,0.0,0.22911541218214238,294.6639688633616,101080.72887367713
2023-03-30,Jhang,0.0,0.2772368175944562,292.9894439120136,100905.15939037797
2023-03-31,Jhang,0.0,0.3373887898893656,292.1664344124535,100827.26810891622
2023-04-01,Jhang,0.0,0.3045156620464546,292.9295719397278,100949.16131315516
2023-04-02,Jhang,0.36062390619303214,0.28094328963101745,294.47551487982196,100870.60834593765
2023-04-03,Jhang,0.24868370178893429,0.328807168926906,292.6717291423774,100889.0046586925
2023-04-04,Jhang,0.0,0.33302486887734273,293.4358512547079,101156.38084206152
2023-04-05,Jhang,1.016491098444753,0.32166063264421635,294.36847432323725,101134.89561863815
2023-04-06,Jhang,0.0,0.3270890463489673,294.1028044025808,101489.250888975
2023-04-07,Jhang,0.0,0.2954724077275326,295.40909045638364,101559.09842396523
2023-04-08,Jhang,0.0,0.2706653252917844,296.98410273933825,101469.00344346158
2023-04-09,Jhang,0.0,0.24967359694801128,297.99265644979903,101395.97025409518
2023-04-10,Jhang,0.0,0.23080436580710692,298.9271272825183,101234.11204166176
2023-04-11,Jhang,0.01439256674760658,0.21501713413447382,299.5387775757106,101150.13752596348
2023-04-12,Jhang,0.0,0.20071212790583895,300.0015463135537,101110.72090107731
2023-04-13,Jhang,0.0,0.18624867390807895,301.146816309078,100890.3554651952
2023-04-14,Jhang,0.0,0.17285641612764643,301.8627759273516,100704.65279047568
2023-04-15,Jhang,0.0,0.16127038949452566,302.2940354490859,100624.78981718073
2023-04-16,Jhang,0.0,0.15324004159553406,301.81778588332975,100619.07084862354
2023-04-17,Jhang,0.5592505124984669,0.1465850610943146,301.91920747904464,100740.23999534445
2023-04-18,Jhang,4.937326362824199,0.1422010362158332,301.4551961011359,100885.5530936119
2023-04-19,Jhang,0.4291764111589414,0.1449629924752355,298.46299819239556,100595.23489637756
2023-04-20,Jhang,0.0,0.15120317319666665,297.7891138696452,100370.04580722935
2023-04-21,Jhang,0.0,0.1468570241257687,298.3380292888622,100564.76418594533
2023-04-22,Jhang,0.7921731356659327,0.14450457911293332,297.75386478259463,100739.48626301865
2023-04-23,Jhang,0.0,0.14236169432102272,298.871571133903,100780.18423243742
2023-04-24,Jhang,0.0,0.13721652288470207,301.1080936256292,100948.90989832609
2023-04-25,Jhang,0.0,0.13326031844533723,302.127926571523,100930.35906612322
2023-04-26,Jhang,0.0,0.13070913562090858,302.4346025147343,100620.63758073446
2023-04-27,Jhang,0.0,0.13572079867453693,301.37008214868257,100681.60502860732
2023-04-28,Jhang,0.0,0.14906147530374955,300.4406944399707,100830.90212506117
2023-04-29,Jhang,0.0,0.15126412047177532,299.36660396099285,100744.84661862964
2023-04-30,Jhang,0.06270641561702679,0.14625514112519652,299.3911267905807,100598.3115501975
2023-05-01,Jhang,8.248868936957013,0.15236280876446906,298.5832034154128,100678.3364077931
2023-05-02,Jhang,0.10126976253426331,0.16166331786331065,297.43238423870235,100969.86099680005
2023-05-03,Jhang,0.0,0.16325937512175223,298.37540390191833,101004.34946698355
2023-05-04,Jhang,0.00429910718098887,0.1734863099616117,299.0395945453084,100960.9997532673
2023-05-05,Jhang,0.0,0.30972482758269493,298.75983430712284,100845.00006741034
2023-05-06,Jhang,0.0,0.2573388930791141,301.62421066101757,100456.0140379583
2023-05-07,Jhang,0.0,0.22303277671773084,300.3931263419168,100487.31999677692
2023-05-08,Jhang,0.0,0.19872367723711337,299.5058389050371,100621.97350770155
2023-05-09,Jhang,0.0,0.1793360452297217,300.7659622158395,100865.4493821413
2023-05-10,Jhang,0.0,0.16314749664300124,302.272324716438,100630.82047997274
2023-05-11,Jhang,0.0,0.15088069123791187,305.00388670736425,100592.63534118091
2023-05-12,Jhang,0.0035696951346288266,0.14150314183621815,305.991309685859,100452.96403706305
2023-05-13,Jhang,1.103110243778,0.13632366377525684,306.2391774062486,100419.90171454207
2023-05-14,Jhang,0.0,0.13270873242986103,305.18362188379405,100202.65354489318
2023-05-15,Jhang,0.0,0.12918010698683827,306.36162806648525,100112.34771589236
2023-05-16,Jhang,0.0,0.12842794993473203,306.23751704553814,100352.40112786072
2023-05-17,Jhang,3.3118467226625987,0.14081229577699939,304.7637508120223,100522.47915490496
2023-05-18,Jhang,0.0,0.15247588564969283,303.3317162806037,100987.62232675523
2023-05-19,Jhang,0.0,0.14315052200261313,304.90409904732934,100547.72241228222
2023-05-20,Jhang,0.0,0.13615253064946545,306.74187129668906,100232.61632275062
2023-05-21,Jhang,0.0,0.13187386058039474,307.9588841468262,100279.10651716642
2023-05-22,Jhang,3.0590718394925926,0.13071026459677965,308.5339023356896,100300.22249628195
2023-05-23,Jhang,0.4780457476488904,0.14189844978887362,306.1320011097727,100327.57021059435
2023-05-24,Jhang,0.0,0.1444384519720667,304.2790903676684,100263.06151148923
2023-05-25,Jhang,0.09285007596654787,0.14392405491551763,303.3680696992401,100308.22932764416
2023-05-26,Jhang,3.1514999028978945,0.17285178242785978,300.2920576394712,100457.96678324805
2023-05-27,Jhang,0.352271249173822,0.16751797162524978,303.18656708035456,100501.57550231292
2023-05-28,Jhang,6.457444018061445,0.16263863106249224,302.90490515157313,100615.8458352468
2023-05-29,Jhang,0.0,0.18295974988167102,300.9945420154589,100885.96109101671
2023-05-30,Jhang,0.0,0.20720052988588372,300.073664660797,100890.36823473152
2023-05-31,Jhang,4.2806008774090945,0.22272119491343803,298.89121635744965,100664.09593241251
2023-06-01,Jhang,0.9613861672183716,0.3005118822587241,296.720093112726,100739.5552033477
2023-06-02,Jhang,0.0,0.2605414921097336,299.31838207865655,100630.14625956383
2023-06-03,Jhang,0.12008417209168928,0.22657560594753662,302.3221711807378,100589.59223063213
2023-06-04,Jhang,0.1074381039370749,0.19960417332788996,303.93940162750835,100524.62414025373
2023-06-05,Jhang,0.0,0.181782567872195,304.6956573688917,100289.68176800697
2023-06-06,Jhang,13.34882951053587,0.18199009358362572,304.2069755278706,100303.91544072727
2023-06-07,Jhang,0.39759423660514376,0.1831811208265426,305.0581666616036,100340.632331674
2023-06-08,Jhang,0.0,0.16946559232143293,306.9730367271476,100161.84055564097
2023-06-09,Jhang,0.0,0.15484141908098092,308.31342660919637,99788.7756528278
2023-06-10,Jhang,0.03682106985851849,0.14555411632546883,308.64882479047543,99705.58796665925
2023-06-11,Jhang,0.0,0.138167197949117,307.5459178168878,99818.26671488966
2023-06-12,Jhang,0.0,0.13317840698575462,309.1202264220867,99675.1258036587
2023-06-13,Jhang,0.0,0.12961469172376014,309.93559211178007,99657.22963099109
2023-06-14,Jhang,0.0,0.12703134180868472,309.3325637158778,99722.7938444272
2023-06-15,Jhang,2.693494381744365,0.12624151685507434,307.45895070240107,99940.63863112582
2023-06-16,Jhang,0.8717399905780563,0.12612158721231573,306.98469465639016,99915.56703598452
2023-06-17,Jhang,0.0,0.12542976764605795,308.23771940887,99903.07130785703
2023-06-18,Jhang,0.2936936107860375,0.1239417835979488,308.5430868681896,99907.87051694313
2023-06-19,Jhang,0.0,0.12294721341421616,308.6520636492732,99853.00384397431
2023-06-20,Jhang,0.0,0.12224473766491607,310.3634677567751,99716.52973932178
2023-06-21,Jhang,0.0,0.12180042375063156,310.6953490700407,99733.74085851386
2023-06-22,Jhang,0.0,0.12153481265492384,310.8759582145636,99718.5647150645
2023-06-23,Jhang,0.0,0.12137057428789537,310.717363356944,99689.0459112415
2023-06-24,Jhang,0.012903895736998286,0.12126513731893895,309.9547392470691,99624.16043945283
2023-06-25,Jhang,0.0,0.12120811525147028,309.61633932447575,99632.33534186566
2023-06-26,Jhang,4.7989838090615216,0.21142406374263278,304.66217344847377,100071.12755001012
2023-06-27,Jhang,0.0,0.24127681715505794,305.2117505571618,99964.28209737019
2023-06-28,Jhang,0.0,0.21088978525470098,306.5159423683308,100057.75203100248
2023-06-29,Jhang,0.0,0.2036555558719304,306.2913910216274,99900.72427107212
2023-06-30,Jhang,1.3884945372856277,0.2163825025827087,305.4128809599558,99822.69139821867
2023-07-01,Jhang,5.401921390727725,0.22039769969716758,305.3911248042438,99954.43528335543
2023-07-02,Jhang,0.0,0.2009355455748478,306.86367362643836,99896.57070537633
2023-07-03,Jhang,0.0,0.1770717486445678,309.1613047167553,99697.26279692187
2023-07-04,Jhang,11.991507396767428,0.158987420491915,309.2541031157998,99502.55716377993
2023-07-05,Jhang,1.0281060314374542,0.15832682108147017,305.5398973137336,99779.78804054731
2023-07-06,Jhang,0.30370513273203964,0.2629221630622523,303.1871350499351,100086.84276412248
2023-07-07,Jhang,0.0,0.3414036531583477,302.65430337921146,100135.73447348239
2023-07-08,Jhang,0.0,0.2912984151123508,302.5881891282006,100122.3910802837
2023-07-09,Jhang,0.0,0.2584167384765951,303.19073699743706,100090.41873514863
2023-07-10,Jhang,0.0,0.22704306534579602,304.1970797453929,100111.84734592507
2023-07-11,Jhang,0.0,0.20207637046400728,305.8431862379784,100011.31742728093
2023-07-12,Jhang,0.0,0.18183109321976962,306.7440565755707,99894.74239315439
2023-07-13,Jhang,0.0,0.16792950962394126,306.52359195688103,99967.31832968538
2023-07-14,Jhang,0.0,0.15670313689371917,306.44906443157276,99999.55591010394
2023-07-15,Jhang,1.7584230111002006,0.14803903179778793,307.00773182667666,99901.19422998327
2023-07-16,Jhang,0.0,0.1451185774320736,306.01113087730215,99971.61908183833
2023-07-17,Jhang,0.0,0.14106182065944847,307.25472639324016,99846.62453839654
2023-07-18,Jhang,0.0,0.13596616721401564,308.1148327411268,99752.37566120145
2023-07-19,Jhang,5.3207613077831954,0.15539302590420861,305.4732186616178,99880.38209652752
2023-07-20,Jhang,0.7868973763399117,0.20384222418058118,304.8927083294286,99984.41094977083
2023-07-21,Jhang,22.19831720189718,0.2835541303999948,304.51677896433034,100122.83895490655
2023-07-22,Jhang,0.4804846370717207,0.31980264259048724,303.34051281850793,100404.52053305853
2023-07-23,Jhang,0.0,0.2740735652287177,305.08404110779486,100362.73699926693
2023-07-24,Jhang,10.043129687949085,0.30634669155464694,304.47814238217796,100114.16536015071
2023-07-25,Jhang,0.26910592763214736,0.3613782571517043,302.1983107709843,100189.94711599228
2023-07-26,Jhang,11.033791357113886,0.34582448397026977,303.180191390642,100225.95906580731
2023-07-27,Jhang,0.0,0.37472002281276307,302.8422018410278,100132.77169404514
2023-07-28,Jhang,0.0,0.3324889033115047,304.37920084205035,99836.55554382311
2023-07-29,Jhang,4.62093340250032,0.36637692052518944,302.8345496115433,99898.35965201471
2023-07-30,Jhang,0.0,0.3300936110671371,304.2379200893029,99825.02435807361
2023-07-31,Jhang,0.0,0.30033642930661025,305.22653284325446,99731.80635827799
2023-08-01,Jhang,0.0,0.27700667207870816,305.9034276969332,99599.55860467775
2023-08-02,Jhang,0.0,0.2576610092843164,305.9612534771253,99607.72712047929
2023-08-03,Jhang,0.0669659928254304,0.23764949251153691,306.01888657741256,99702.0091459626
2023-08-04,Jhang,0.07888303864909886,0.21726367617901154,306.680998130026,99881.90820569244
2023-08-05,Jhang,32.419846301718614,0.19979073277621442,306.605717011245,100016.55251878011
2023-08-06,Jhang,0.0,0.18522594646524265,306.53904135983896,99609.22318012909
2023-08-07,Jhang,0.0,0.17327413477850448,305.4787692971825,99500.47455730304
2023-08-08,Jhang,0.0,0.16335118961378156,306.3642161875687,99674.4453214529
2023-08-09,Jhang,0.0,0.1547176668335826,306.7954750759198,99994.48740741584
2023-08-10,Jhang,0.0,0.14801450865209798,307.02377062331266,100125.04699375817
2023-08-11,Jhang,0.06441985766467946,0.14239578106066175,307.17586728707306,100127.58180466144
2023-08-12,Jhang,0.0,0.1374132426872838,307.78640356214584,99845.93902832076
2023-08-13,Jhang,0.0,0.1337985394985598,307.3729837698475,99620.6563663883
2023-08-14,Jhang,0.0,0.13137154976299215,306.89149598216966,100048.40354673642
2023-08-15,Jhang,0.0,0.129641245585976,306.567605383844,100261.42547935135
2023-08-16,Jhang,0.0,0.12816475140243094,307.6321045967706,100169.52647254916
2023-08-17,Jhang,0.0,0.1267590180166809,307.8807015690568,100098.44916937714
2023-08-18,Jhang,0.0,0.12571563724131787,308.0565703063722,100136.98090625944
2023-08-19,Jhang,0.043723569479962275,0.12495073770230374,308.17498861612825,100222.88426366741
2023-08-20,Jhang,0.21044153165735288,0.12460775612265995,307.6662781307264,100248.81436247635
2023-08-21,Jhang,0.0,0.12403292847039696,308.7568410847932,100031.61573290937
2023-08-22,Jhang,0.0,0.12320296069290956,309.5172282185537,99710.57143346166
2023-08-23,Jhang,0.0,0.12267489911534699,307.32395166596825,99577.7109393432
2023-08-24,Jhang,0.0,0.12240102929241917,305.3367716625644,99679.8297947247
2023-08-25,Jhang,0.11561034193350411,0.1242435017352316,305.3836453024747,99797.32628148276
2023-08-26,Jhang,0.04660066971182119,0.14994054607427487,303.7616075984851,100042.77940437614
2023-08-27,Jhang,0.0,0.15542961636706273,305.0796982047328,99954.44241306158
2023-08-28,Jhang,0.4529336041959625,0.15892703706186598,305.36772870699735,99949.18935536669
2023-08-29,Jhang,0.0,0.1488105467016806,305.7702547563854,100288.55769806028
2023-08-30,Jhang,0.0,0.14068822149161253,306.582597850233,100398.49938961965
2023-08-31,Jhang,0.0,0.13507263698494507,307.22553783293637,100414.94409963887
2023-09-01,Jhang,0.04448081691753128,0.13130508063355328,306.4405333386026,100374.60234956938
2023-09-02,Jhang,0.0,0.12878957337379643,305.2657486107291,100253.75754522804
2023-09-03,Jhang,0.0,0.12693031368293967,305.297852114816,100167.2596007196
2023-09-04,Jhang,0.0,0.12547946829942996,305.3964306553863,100156.67472177393
2023-09-05,Jhang,0.5368215984471899,0.12435513718544697,305.3514350344579,100360.05557963483
2023-09-06,Jhang,0.0,0.12348345721676166,306.15212791903826,100409.94688058236
2023-09-07,Jhang,0.0,0.12277290424554911,307.1187844240911,100309.43927452675
2023-09-08,Jhang,0.0,0.12228845029318319,307.1909713192885,100236.5342692499
2023-09-09,Jhang,0.0,0.1219578253677363,306.63310293780745,100136.92897389748
2023-09-10,Jhang,0.06156309008811279,0.12173707147662316,306.19981341185377,99991.12920235557
2023-09-11,Jhang,0.0,0.12157983891446203,306.166711766514,100055.76430839
2023-09-12,Jhang,0.0,0.12144614103337127,306.59932141942227,100061.96468509849
2023-09-13,Jhang,0.0,0.12135155531744711,307.0779527900354,100058.71468983828
2023-09-14,Jhang,0.0,0.1212912321034447,307.2369767926758,100201.78016827325
2023-09-15,Jhang,18.25185854386992,0.12181962544785169,306.16337594430183,100320.45472547098
2023-09-16,Jhang,0.0,0.12387971649723648,305.21875317822867,100364.48814366425
2023-09-17,Jhang,0.0,0.1265248891130203,304.27263097501475,100250.66155620129
2023-09-18,Jhang,0.0,0.1295748421156002,302.3937756418399,100398.0185031093
2023-09-19,Jhang,0.0,0.13989022065606171,302.0225031826354,100614.49882900708
2023-09-20,Jhang,0.0,0.14164364805211588,303.85835484866817,100549.8220406822
2023-09-21,Jhang,0.0,0.13703792517634175,305.08402339105504,100420.45168199543
2023-09-22,Jhang,6.455641710343151,0.13441495668129097,305.8633935074326,100334.59720294114
2023-09-23,Jhang,10.83509536645961,0.14108327210102847,303.7629186445595,100487.63471315804
2023-09-24,Jhang,0.9342463600643163,0.19370579525877074,302.2172377393276,100454.32538724129
2023-09-25,Jhang,0.0,0.2722888192954021,300.5038397667272,100688.46319996245
2023-09-26,Jhang,0.0,0.24724444907790574,302.07990138811755,100798.66798705087
2023-09-27,Jhang,0.014366207889753731,0.21900284707245565,302.7049488305186,100691.18616416758
2023-09-28,Jhang,0.0,0.1970733720280397,302.79695122670034,100531.41096820333
2023-09-29,Jhang,0.8945094229313643,0.18092503749585076,301.76621132743844,100632.29863583414
2023-09-30,Jhang,0.0,0.1683324849865256,300.81440241702427,100748.19127050746
2023-10-01,Jhang,0.0,0.15732305648601233,301.02317306967456,100583.04931731145
2023-10-02,Jhang,0.0,0.1487154589853623,301.2023125983359,100657.58178991544
2023-10-03,Jhang,0.0,0.14242768347928303,301.23116172860716,100731.09948989261
2023-10-04,Jhang,0.0,0.13773982730886786,301.5126948147638,100735.02485680548
2023-10-05,Jhang,0.0,0.13428281678861675,301.49015864792125,100578.82831169527
2023-10-06,Jhang,0.0,0.13171879506731773,302.4692021006633,100407.00052769725
2023-10-07,Jhang,0.0,0.1297745210332853,303.1445644872649,100574.82417174705
2023-10-08,Jhang,0.0,0.12828414072938926,303.53062909136435,100674.40276756669
2023-10-09,Jhang,0.5434251121541052,0.12911864969681547,301.5033316537832,100719.77364947417
2023-10-10,Jhang,0.0,0.1298277598186926,299.3309763755882,101152.06604484057
2023-10-11,Jhang,0.0,0.12826631414380946,300.0472602717378,101034.61660871826
2023-10-12,Jhang,0.0,0.12695614169535863,300.8058220010042,101105.72948642733
2023-10-13,Jhang,0.0,0.1258923752167235,301.7698039097378,101042.5395538588
2023-10-14,Jhang,0.5665552753172498,0.12690030069814168,299.6044110015257,101096.37445229027
2023-10-15,Jhang,1.5235163652080024,0.14797507781332683,298.2089364090616,101016.68311384568
2023-10-16,Jhang,0.985692755640961,0.2564159003170566,294.96395440870793,101169.08484892691
2023-10-17,Jhang,0.0,0.2350869789129107,294.1119161406732,101694.82295730605
2023-10-18,Jhang,0.0,0.21764092803937607,294.74396000844683,101641.69884127789
2023-10-19,Jhang,0.0,0.2025476929680909,295.93826374034785,101494.64953423607
2023-10-20,Jhang,0.0,0.19028426696896683,297.2739520414253,101527.25991723262
2023-10-21,Jhang,0.9873140133547426,0.21978115246063334,297.0810883389272,101574.4299837372
2023-10-22,Jhang,0.0,0.2944366396104974,294.89157188198897,101646.25093953288
2023-10-23,Jhang,0.0,0.270136444754559,296.2941317365587,101461.80820442841
2023-10-24,Jhang,0.0,0.24431075305354324,296.83962381588253,101430.93357281592
2023-10-25,Jhang,0.0,0.22498610913093894,297.084256649355,101506.37255294877
2023-10-26,Jhang,0.0,0.21013002128729208,297.67820282982746,101403.85906217349
2023-10-27,Jhang,0.0,0.1976330065288736,298.0056765534897,101276.45474021706
2023-10-28,Jhang,0.0,0.18691087039379753,298.1683853308462,101332.14152345457
2023-10-29,Jhang,0.0,0.1774857343934092,298.3985717101459,101344.71584555846
2023-10-30,Jhang,0.0,0.17076456702814793,298.1506392111551,101453.73236427327
2023-10-31,Jhang,0.0,0.16456684511260486,298.5821751169356,101577.10666646999
2023-11-01,Jhang,0.0,0.1602003273532183,297.5826948357836,101660.48822397742
2023-11-02,Jhang,0.0,0.15839644452457743,297.15112971066986,101445.32562028123
2023-11-03,Jhang,0.0,0.15527628927625023,296.90668995005086,101203.40868994154
2023-11-04,Jhang,0.0,0.15097900091987693,296.98591290670805,101286.88978658273
2023-11-05,Jhang,0.0,0.14700943736842947,297.3302629044318,101411.62756185955
2023-11-06,Jhang,0.0,0.14400038805483342,296.8497775677825,101573.27504060423
2023-11-07,Jhang,0.0,0.1565240042268582,295.2841999796219,101507.5409713211
2023-11-08,Jhang,0.0,0.17090612111040224,295.2974180278581,101418.74678984162
2023-11-09,Jhang,0.0,0.19460705598532893,294.5874335231044,101376.35889312073
2023-11-10,Jhang,0.0,0.27280062517617865,291.8710020494256,101789.7362996204
2023-11-11,Jhang,0.0,0.2479328162503496,291.6603092708033,101947.67579349442
2023-11-12,Jhang,0.0,0.23143996027920202,292.7513283948743,101855.54365509866
2023-11-13,Jhang,0.0,0.21858326637428976,292.937430992839,101834.13910405223
2023-11-14,Jhang,0.0,0.20826027391117788,292.62808891668504,101831.82735636305
2023-11-15,Jhang,0.0,0.19899191103094388,292.35856502169963,101760.93475618493
2023-11-16,Jhang,0.0,0.19083599437429152,292.15895410601763,101894.5452616262
2023-11-17,Jhang,0.0,0.18399856801646805,292.28427470379256,101855.55369266945
2023-11-18,Jhang,0.0,0.17817636562491723,292.85616857967176,101654.04918512372
2023-11-19,Jhang,0.0,0.17295645683880284,292.75172393293326,101783.06440276469
2023-11-20,Jhang,0.0,0.1679158682036034,292.14158718121536,101839.82974995993
2023-11-21,Jhang,0.0,0.1632048227050737,291.7807611448758,101671.52611074486
2023-11-22,Jhang,0.0,0.15898044644511905,291.90934720526263,101338.33718827936
2023-11-23,Jhang,0.0,0.15526195648569485,292.37547849539214,101372.29268396723
2023-11-24,Jhang,0.32782641598740264,0.15206767517687794,292.3097788893135,101742.68485203412
2023-11-25,Jhang,0.3095113047012492,0.14953993325934892,291.4627395712684,101730.09101145125
2023-11-26,Jhang,1.5700610072528622,0.1480230547662936,291.46538361036556,101791.88018296665
2023-11-27,Jhang,0.4945827850019683,0.14756238981672062,291.4929867422504,101650.09567857017
2023-11-28,Jhang,0.0,0.14553403423107503,292.37397832567365,101583.25800261847
2023-11-29,Jhang,0.0,0.14529488999503912,292.33136122782804,101560.87946383428
2023-11-30,Jhang,0.0,0.1490967564426016,290.92371798599333,101737.62533310226
2023-12-01,Jhang,0.0,0.1503856070746917,290.6449602859458,101872.19413966378
2023-12-02,Jhang,0.0,0.1478717140549963,290.70906596667135,101827.13235932282
2023-12-03,Jhang,0.0,0.1455998443483855,290.7160805636391,101771.67060973783
2023-12-04,Jhang,0.0,0.14357853569023812,290.177279943954,101723.17943892397
2023-12-05,Jhang,0.0,0.14185827992134842,289.74505286943315,101710.91487906144
2023-12-06,Jhang,0.0,0.14037292922167377,289.38457990163306,101772.82858555004
2023-12-07,Jhang,0.0,0.1390102811244173,289.6377180965806,101625.30863601307
2023-12-08,Jhang,0.0,0.13775948193361845,289.3357321263158,101557.90231096641
2023-12-09,Jhang,0.0,0.1366098230932748,288.89053093214176,101676.58699631764
2023-12-10,Jhang,0.0,0.1355455654145616,289.0432623996584,101466.70050678951
2023-12-11,Jhang,0.0,0.13460198257896988,288.90795884052085,101464.38415596874
2023-12-12,Jhang,0.0,0.13379441382077176,288.193258144668,101509.41060034251
2023-12-13,Jhang,0.0,0.13308451045426956,288.01538077498657,101762.56914651021
2023-12-14,Jhang,0.021879137086693097,0.13246991869634703,288.6043757468736,101806.19911855593
2023-12-15,Jhang,0.24474714689024282,0.1319346081782359,288.3993776779071,101855.98498353704
2023-12-16,Jhang,0.0,0.13881538691807785,287.3748563936865,101756.12433932518
2023-12-17,Jhang,0.0,0.14457661334082392,286.43307115213946,102016.25160020772
2023-12-18,Jhang,0.0,0.14290992238116096,288.0238557711167,102119.48292672903
2023-12-19,Jhang,0.0,0.14118950525040994,288.1675210854804,102045.28312906566
2023-12-20,Jhang,0.0,0.13961639006999524,288.3825786633264,101913.56237202555
2023-12-21,Jhang,0.0,0.13825092744043502,287.9344349397557,101792.45045412506
2023-12-22,Jhang,0.0,0.1372904072238374,288.42645751376824,101779.29691449834
2023-12-23,Jhang,0.0,0.13667727410856925,288.65293744884684,102103.95777947943
2023-12-24,Jhang,0.011254259949285913,0.13579713749259012,288.87182801956476,102183.31652935305
2023-12-25,Jhang,0.0,0.1348269445217083,289.96185736559926,101888.34859828438
2023-12-26,Jhang,0.0,0.13391100970175696,289.2569506347543,101909.72055954875
2023-12-27,Jhang,0.0,0.13314112455266539,288.82441655557716,102099.14433705003
2023-12-28,Jhang,0.0,0.1323905875050749,288.49990675026595,101829.48222708251
2023-12-29,Jhang,0.0,0.13183720327987175,286.00121465927685,102033.58344937055
2023-12-30,Jhang,0.0,0.13208731247226474,284.8010848896291,101976.28291656479
2023-12-31,Jhang,0.0,0.1321047000164346,284.51971568122883,101950.74451394973
2024-01-01,Jhang,0.0,0.13229947076916393,284.00919965568534,101941.68845559546
2024-01-02,Jhang,0.0,0.13205345483218225,284.1003750035389,101854.2420139708
2024-01-03,Jhang,0.0,0.13180504876816432,283.3399913511016,101924.5878236753
2024-01-04,Jhang,0.0,0.1314161899755271,284.15725056386617,101905.49882242401
2024-01-05,Jhang,0.0,0.13099254938721108,284.46583162233765,101930.72996909649
2024-01-06,Jhang,0.0,0.1306117880885075,283.7893553927579,102105.86589090245
2024-01-07,Jhang,0.0,0.13025864178305024,283.5613648270406,102124.94349636824
2024-01-08,Jhang,0.46881885506706666,0.13118767584319924,283.69759933146554,102121.33296380483
2024-01-09,Jhang,0.0,0.13248630538982092,284.1750985568505,102148.83025422154
2024-01-10,Jhang,0.0,0.13187513171756593,284.416334448502,101950.76498644418
2024-01-11,Jhang,0.0,0.13130612954994048,284.98048778152787,101937.80614314388
2024-01-12,Jhang,0.0,0.13086707918243243,285.30011214799816,101806.8393749052
2024-01-13,Jhang,0.0,0.1304615685528534,285.0227489523078,101770.72886261759
2024-01-14,Jhang,0.0,0.13053339746759732,283.7756360665486,101857.30165903378
2024-01-15,Jhang,0.3815248732242341,0.1302658415864478,284.00253889984384,101662.0951495563
2024-01-16,Jhang,0.004981653044810329,0.13013228640238703,282.3151884957254,101542.11451267522
2024-01-17,Jhang,0.0,0.13030882986496176,282.28875703151743,101655.64159481485
2024-01-18,Jhang,0.05718283956375283,0.13001193319009938,283.96295555227744,101793.36751981231
2024-01-19,Jhang,0.0,0.12968227345716282,283.83756356297897,101860.06095219338
2024-01-20,Jhang,0.0,0.12938420136935683,283.35132274509635,101955.251035382
2024-01-21,Jhang,0.0,0.12906831608921995,283.55777570491404,101925.22658619893
2024-01-22,Jhang,0.0,0.12890652022218774,283.72131816799254,101973.16212945333
2024-01-23,Jhang,0.0,0.12898723989691957,284.06108522597833,101929.18463347678
2024-01-24,Jhang,0.0,0.12862532334928423,284.1253590172199,101983.97773217624
2024-01-25,Jhang,0.0,0.12897209686838504,283.5237842365963,102144.33847092083
2024-01-26,Jhang,0.0,0.1291206059468783,284.50740718264024,102240.36457534597
2024-01-27,Jhang,0.05278010585157079,0.12867345390674265,286.494972060099,101947.875083473
2024-01-28,Jhang,2.501720202327148,0.1282019328825681,287.5658721544533,101685.06716606554
2024-01-29,Jhang,0.0,0.12777094649372817,287.6830194666066,101862.51179787816
2024-01-30,Jhang,0.0,0.12781621507463803,289.59633267238814,101627.75691457202
2024-01-31,Jhang,0.8443011631156093,0.15436294348915164,289.3702926734528,101342.43094459915
2024-02-01,Jhang,0.0,0.23439423429103046,286.5137855086371,101655.49751450375
2024-02-02,Jhang,0.0,0.2190484525846467,287.1125754667185,102084.18496368265
2024-02-03,Jhang,0.0,0.20950109601022157,286.87598879486495,101846.58060522981
2024-02-04,Jhang,0.0,0.21269860631346235,286.0986477583157,101724.84403465097
2024-02-05,Jhang,0.0,0.20552711067232715,285.5310982650556,101945.13755703553
2024-02-06,Jhang,0.0,0.19670922836527763,286.42342366980114,102058.8860808525
2024-02-07,Jhang,0.0,0.18842851952367412,286.80915359874984,102216.19083997597
2024-02-08,Jhang,0.0,0.17990779074185514,287.70862385707187,101905.42816760553
2024-02-09,Jhang,0.0,0.17233456666031322,288.2996651508052,101838.53794548816
2024-02-10,Jhang,0.0,0.16573195434047092,288.4475592630012,102160.51698637467
2024-02-11,Jhang,0.0,0.15966347371855402,289.0513331100091,102099.15854432437
2024-02-12,Jhang,4.393679878991271,0.15521492368176593,288.53661033815695,101975.92822790617
2024-02-13,Jhang,0.0,0.15115923378319618,288.4024520328092,101953.5343171744
2024-02-14,Jhang,0.0,0.14702741442983833,289.5892662193758,101923.79937102906
2024-02-15,Jhang,0.0,0.143400071078627,290.1786122699719,101933.72436191811
2024-02-16,Jhang,0.0,0.14032058514814422,290.6021835820407,101885.31698226686
2024-02-17,Jhang,0.0,0.13776385586866613,291.351131896251,101320.94516477633
2024-02-18,Jhang,0.00706961827627058,0.13695083472959804,291.57294663276434,100851.03204049256
2024-02-19,Jhang,0.014955108626763374,0.13958183163084836,291.5960559738896,100527.98022083231
2024-02-20,Jhang,0.0,0.14006818916030822,288.7816017609722,101031.41380655099
2024-02-21,Jhang,0.0,0.13861377461528435,288.8183246511489,101207.62975032862
2024-02-22,Jhang,0.0,0.13697481363794448,288.3614679585961,101540.63846101986
2024-02-23,Jhang,0.0,0.13782412966693772,288.53840470702164,101615.49911207827
2024-02-24,Jhang,0.0,0.13906031763761087,288.7232155525626,101698.30677248341
2024-02-25,Jhang,0.0,0.1372753652125427,288.83495863171817,101975.88056136036
2024-02-26,Jhang,0.1518150368676701,0.13551987274895777,289.6440284193102,101986.93420031216
2024-02-27,Jhang,0.07363150723200924,0.13452681345226425,289.8568031211131,101944.40647119044
2024-02-28,Jhang,0.0,0.1330649069381563,290.90794617577916,101637.46573522652
2024-02-29,Jhang,4.68375661148212,0.13788143451410415,291.46800715819876,101543.23494640861
2024-03-01,Jhang,5.9999387933887345,0.23978507337557645,289.4903569445483,101147.26734791565
2024-03-02,Jhang,1.255990879508915,0.2917135744740831,286.8266967439054,100541.06148910684
2024-03-03,Jhang,0.0,0.2746109106849073,284.832680681927,101307.16147852127
2024-03-04,Jhang,0.0,0.24546238196578254,285.8764810848964,101932.99538133232
2024-03-05,Jhang,0.17488903942112652,0.22465300422582826,287.38050983775685,101827.35218973295
2024-03-06,Jhang,0.005919660257535361,0.20780921687113582,289.1849505141326,101492.14773706353
2024-03-07,Jhang,0.0,0.1946358294410229,289.8022081340683,101617.46428958887
2024-03-08,Jhang,0.0,0.18256117009762454,290.50907669676803,101705.50886131142
2024-03-09,Jhang,0.0,0.1712368659750709,291.83950341218326,101616.12414657338
2024-03-10,Jhang,0.5630873380904209,0.16239761961471158,293.2490800231405,101507.82311450924
2024-03-11,Jhang,0.0,0.15671705419355328,292.37400628779835,101683.63635497059
2024-03-12,Jhang,0.01074840161720748,0.15068329386551627,293.6207788596559,101458.67261203822
2024-03-13,Jhang,0.0,0.15141818176977184,291.8315853210737,101217.25026490184
2024-03-14,Jhang,0.0,0.14931009379540788,292.1347693654665,101727.18752422556
2024-03-15,Jhang,0.0,0.14410360543031178,293.2184956534623,101497.9739174306
2024-03-16,Jhang,0.0,0.13961760559839761,295.367495696698,101568.7304346498
2024-03-17,Jhang,0.03644829732534629,0.13633840125621777,295.67021408686657,101531.1582675731
2024-03-18,Jhang,0.0,0.13369574755695066,296.7068598581167,101256.53454652792
2024-03-19,Jhang,0.0,0.13163633724890106,296.96890387565674,101312.15513509465
2024-03-20,Jhang,0.0,0.12989572648478015,298.67105316535316,101245.42255621393
2024-03-21,Jhang,0.0,0.12853010707920665,298.8941351332453,100999.91019982974
2024-03-22,Jhang,0.0,0.12822916397173076,297.5065678846973,100939.82690081598
2024-03-23,Jhang,4.324488780661554,0.13397700828886458,298.35857325681224,100897.66499623978
2024-03-24,Jhang,1.949248597793806,0.27596309411186487,296.64162724121513,101222.09852218433
2024-03-25,Jhang,0.0,0.24570931942256913,298.4998999387378,101215.71094671621
2024-03-26,Jhang,5.570236707650604,0.22314942128585408,299.33815008467275,101117.16914198111
2024-03-27,Jhang,3.0152009646336215,0.25967774313011305,295.4100725238944,101484.5105407791
2024-03-28,Jhang,0.902749872013975,0.25684908037004456,294.39952507658916,101274.64628879266
2024-03-29,Jhang,0.917849106118276,0.2345606891871613,296.9940895295417,100983.97223848964
2024-03-30,Jhang,2.862513236600286,0.23033581448405988,295.2817673216706,101138.42372431033
2024-03-31,Jhang,0.0,0.2258493825109373,294.8702821190799,101437.83219042809
2024-04-01,Jhang,0.0,0.20373267597711647,296.3162425364982,100928.07128889787
2024-04-02,Jhang,0.0,0.18557206405801996,297.79046868314157,100735.75958465693
2024-04-03,Jhang,0.0,0.1751262855686218,297.97815089876286,100834.97978003135
2024-04-04,Jhang,0.0,0.167478959620155,298.2313998127193,101018.76417198918
2024-04-05,Jhang,0.0,0.1570773517652745,298.6730031981626,100915.28765162075
2024-04-06,Jhang,0.0,0.14777067062880403,298.96922212554176,100843.92829847653
2024-04-07,Jhang,0.0,0.14073342670638372,299.907199686321,100755.30642911154
2024-04-08,Jhang,0.0,0.13563285138130843,300.5663109271839,100892.77644121382
2024-04-09,Jhang,0.0,0.13200948683216163,301.00231401378176,100940.5324494316
2024-04-10,Jhang,0.0,0.12940020973033875,301.68119454624133,100963.41359905333
2024-04-11,Jhang,1.7873981739118676E-5,0.12771340652540047,301.8472141825297,101121.13578988165
2024-04-12,Jhang,9.933552358710082E-7,0.12941241633729064,301.9156285925322,100887.66800443012
2024-04-13,Jhang,2.5476711996163597,0.160046605386573,296.076122813558,101215.5498931966
2024-04-14,Jhang,4.360673301979899,0.19590702667831178,295.78718287939967,101302.27324553826
2024-04-15,Jhang,1.6564688617746215,0.21061879553742302,296.7326500259717,101195.71961711922
2024-04-16,Jhang,0.0,0.1999374812103648,297.71396871385423,101236.19849448289
2024-04-17,Jhang,0.06777485741728087,0.18187261424109144,299.87311754470215,100836.45322558898
2024-04-18,Jhang,0.0,0.16813232560479063,300.25648233629573,100504.89573686966
2024-04-19,Jhang,0.3348820952808392,0.17677851893407975,296.0726642700145,100481.22251102788
2024-04-20,Jhang,0.0,0.17360943894078393,297.2447743469244,100710.50875835257
2024-04-21,Jhang,0.0,0.16155178188743258,299.4796221740582,100651.3332468759
2024-04-22,Jhang,0.0,0.15965438109551996,299.77801825284575,100733.2627655865
2024-04-23,Jhang,0.0,0.15827046171195178,300.17727928084884,100675.56014274154
2024-04-24,Jhang,0.0,0.1477787056994841,302.0225691832152,100639.35979315526
2024-04-25,Jhang,0.4626222620731521,0.13943097952669645,304.23319238393134,100575.35828537357
2024-04-26,Jhang,4.766892043937263,0.13837490047286108,301.79002622118145,100539.30293772536
2024-04-27,Jhang,0.09166306605807223,0.1403334792251995,299.88965037669254,100724.74166980898
2024-04-28,Jhang,0.0,0.13979442978346715,300.040771436759,100698.08745923766
2024-04-29,Jhang,0.0,0.13729765136424568,297.8975336813988,100882.82099529394
2024-04-30,Jhang,0.0,0.15161190718479023,295.893687370151,100759.65076210645
2024-05-01,Jhang,0.0,0.15389675083507753,298.4209582481276,100528.879260813
2024-05-02,Jhang,0.0,0.14487972216877387,301.0560220191888,100507.1206741464
2024-05-03,Jhang,0.17619858331235747,0.13849035297755394,302.53285343713134,100543.03403120674
2024-05-04,Jhang,0.0,0.13503910020424545,303.3066201638658,100650.39763805442
2024-05-05,Jhang,0.0,0.13116343605579553,304.63887505270577,100289.49450104694
2024-05-06,Jhang,0.0,0.12804745853677835,306.25827379989676,100327.5344414625
2024-05-07,Jhang,0.0,0.12560206414158354,307.2110071736302,100430.03193358387
2024-05-08,Jhang,0.0,0.12385205618123642,308.1894246389097,100299.49740812175
2024-05-09,Jhang,0.0,0.12274733880509416,308.5280924670443,100181.35538461863
2024-05-10,Jhang,2.752144560397158,0.13443926671360604,306.8997023808098,100553.47174844742
2024-05-11,Jhang,4.139896383187161,0.1510345956741787,304.8325515551294,100774.45740213899
2024-05-12,Jhang,0.0,0.16826882858933812,303.7563734032386,100809.77237762901
2024-05-13,Jhang,0.0,0.15362040587548492,304.4774402355386,100911.64428148912
2024-05-14,Jhang,0.0,0.14287640923686684,306.41596428250574,100778.98482185738
2024-05-15,Jhang,0.0,0.13568727252271934,308.1098482029164,100647.36402263306
2024-05-16,Jhang,0.5790080039685773,0.13064211903974657,308.9816683099852,100557.43393830676
2024-05-17,Jhang,0.0,0.12724088473624676,309.6335744293022,100340.69954461086
2024-05-18,Jhang,0.005493898571084765,0.128484965101999,308.9676377679186,100147.51300468291
2024-05-19,Jhang,0.0017985803660028412,0.13151755989698133,308.4308558209291,99921.94352586022
2024-05-20,Jhang,1.3371952692597412E-4,0.13007284448558445,309.4104577374952,100030.48739266995
2024-05-21,Jhang,0.0,0.12660843334892088,309.71692993144075,100099.97999437545
2024-05-22,Jhang,0.0,0.12442887377026164,310.3604223797854,100017.85909824863
2024-05-23,Jhang,0.0,0.12303831000668083,310.21677705740603,99921.19172368465
2024-05-24,Jhang,0.0,0.1223270895373776,309.90842269402793,99989.80693811296
2024-05-25,Jhang,0.0,0.1218299058056181,309.7828855479703,99927.85259393216
2024-05-26,Jhang,0.0,0.12145356708624201,310.82021991707825,99622.90491390423
2024-05-27,Jhang,0.0,0.12120077757261247,310.55329498596484,99349.80760774085
2024-05-28,Jhang,0.0,0.1210407928156845,310.66375618727125,99182.22400538018
2024-05-29,Jhang,0.0,0.12091401557982795,309.60322304268686,99376.48268578951
2024-05-30,Jhang,0.0,0.12081328741999758,310.100069155481,99691.65098935332
2024-05-31,Jhang,0.0,0.12077666305615191,309.895908779861,99747.73464727496
2024-06-01,Jhang,0.0,0.12201027596580934,309.52142759743947,99931.81838945957
2024-06-02,Jhang,0.0,0.12261587886087498,309.93027616268546,100047.1574984095
2024-06-03,Jhang,0.0,0.12273138946012388,310.91241943252385,99900.6623272081
2024-06-04,Jhang,0.0,0.13193236164825592,309.2875895338978,99895.71745840565
2024-06-05,Jhang,7.327527981515785,0.2010378283158521,304.8068587424354,100189.05710163592
2024-06-06,Jhang,0.0,0.22569464340740555,304.5350628323684,100527.87176614265
2024-06-07,Jhang,0.0,0.19744292099172336,305.53190131092504,100272.75500785757
2024-06-08,Jhang,0.0,0.17723180553217657,305.8567571780697,100175.26751933833
2024-06-09,Jhang,0.0,0.15873667815243583,306.98161090774244,100096.84001530422
2024-06-10,Jhang,0.0,0.1454064005987468,307.71070685132645,100035.0309168977
2024-06-11,Jhang,0.0,0.13647160733721292,308.9523677766997,99909.5986962402
2024-06-12,Jhang,0.711463452958535,0.13076657425055835,310.5917282900159,99835.71041770237
2024-06-13,Jhang,1.108449257139554,0.12741556400859355,310.8162900301584,99718.07486402056
2024-06-14,Jhang,0.4394597095509576,0.1298260383469238,310.22395282866523,99744.12622655382
2024-06-15,Jhang,0.3663603127471814,0.1337496272896724,310.1656141824679,99766.04589149241
2024-06-16,Jhang,0.0,0.12997228876651096,311.3938155817719,99747.78816272883
2024-06-17,Jhang,0.0,0.13025461283666245,311.3301269086768,99694.95833482547
2024-06-18,Jhang,0.0,0.13280752129012416,310.504858122785,99467.02248559096
2024-06-19,Jhang,0.49021480770458864,0.14008009976574712,309.31553228338583,99276.15954600126
2024-06-20,Jhang,6.078225031576962,0.16700516911532923,306.8199394672057,99628.82562502098
2024-06-21,Jhang,0.0,0.2410915972887636,304.0769179794822,99956.2135591337
2024-06-22,Jhang,0.0,0.20739091982479285,306.381984090125,99906.93345326773
2024-06-23,Jhang,0.0,0.18130876225978484,307.50504919226483,99873.92543116347
2024-06-24,Jhang,0.0,0.16107177157929556,308.3093810731161,99682.04598944823
2024-06-25,Jhang,0.0,0.14694934068247992,309.1643512199572,99569.17278662074
2024-06-26,Jhang,0.0,0.13776549267367327,309.8171633403963,99597.41156436424
2024-06-27,Jhang,0.0,0.13279051437137068,308.636380703886,99899.43302826601
2024-06-28,Jhang,0.0,0.12978014174050606,308.1717984679549,99738.60351845577
2024-06-29,Jhang,0.0,0.12716346959386193,309.00514178969456,99604.4447276619
2024-06-30,Jhang,0.0,0.12535439554198813,309.97091692668045,99422.32283907438
2024-07-01,Jhang,14.804592626313148,0.12425946730210477,310.4080818898688,99161.18445889438
2024-07-02,Jhang,0.0,0.12327722349311192,311.3636184019592,99021.9627986597
2024-07-03,Jhang,0.0,0.12242582017450966,311.8388937866637,99237.85772476111
2024-07-04,Jhang,0.6992954251225304,0.12195088200755211,309.7340976402394,99605.86436100185
2024-07-05,Jhang,1.5517436731347432,0.12487622565909844,308.0505381198047,99302.59063911403
2024-07-06,Jhang,24.745729827700856,0.21822503091286982,303.8143447896893,99382.90662681375
2024-07-07,Jhang,0.0,0.2796435396373455,304.1290095114127,99795.55804748846
2024-07-08,Jhang,0.0,0.2403271664920279,305.84438498556113,100036.25834019725
2024-07-09,Jhang,0.0,0.2104334149092847,306.8660164378054,100097.26767706822
2024-07-10,Jhang,4.438696592480657,0.185675318291719,307.852921605058,100038.99383036584
2024-07-11,Jhang,0.0,0.18183498861939515,307.56002352308866,99544.99670031223
2024-07-12,Jhang,14.41347637338518,0.18997077751603253,305.1041346028005,99503.90629581806
2024-07-13,Jhang,0.0,0.19747156353644627,304.8797118314571,99627.8313596472
2024-07-14,Jhang,0.0,0.17885953625968706,306.4231343329618,99629.07457647301
2024-07-15,Jhang,0.0,0.16271161338239296,307.9101304584385,99899.93393356702
2024-07-16,Jhang,0.0,0.14986828863985732,308.35818781625534,99920.96974535713
2024-07-17,Jhang,0.0,0.14130222377515456,309.1251209259077,99809.55064445418
2024-07-18,Jhang,5.050892973224211,0.13626265896275128,308.92165681726976,99684.91559635053
2024-07-19,Jhang,6.614563730336877,0.13520657213011703,308.63731446782,99593.2187139248
2024-07-20,Jhang,0.0,0.13149858406350867,309.2297278792135,99661.60559790944
2024-07-21,Jhang,2.1746359348031925,0.1287716949081279,309.33668521975085,99619.30104049054
2024-07-22,Jhang,0.0,0.12665515324369958,309.84081645035843,99578.38296206687
2024-07-23,Jhang,2.6762628762424443,0.1314573858516266,308.918041386303,99481.05776020429
2024-07-24,Jhang,0.39903346986515725,0.1698150413830594,307.1528181107572,99205.29872536364
2024-07-25,Jhang,1.1630380506876152,0.18748733332959466,307.58797340978504,99157.0381145408
2024-07-26,Jhang,0.0,0.16775594359843435,309.02045471148296,99269.11969327195
2024-07-27,Jhang,0.0,0.1527000790342425,309.73897023024017,99449.56308246823
2024-07-28,Jhang,0.7251749185272002,0.14442979547607168,308.0064444594164,99577.61507460444
2024-07-29,Jhang,14.431062697271363,0.15939561791434823,307.0025082459117,99667.24086299041
2024-07-30,Jhang,7.431866560985506,0.20282639421801602,306.9387455451157,99832.04603579288
2024-07-31,Jhang,0.03436350310558761,0.2551423422678741,307.7994672765259,99527.83985151802
2024-08-01,Jhang,20.839143880678698,0.23903696168462382,305.2111615663736,99647.85389684947
2024-08-02,Jhang,0.0,0.2537775895662167,304.67569360091545,99653.14748980418
2024-08-03,Jhang,0.0,0.2376519260755575,305.0032402421388,99795.41365909071
2024-08-04,Jhang,13.898866187855548,0.29282862584527447,303.39529835162483,100032.77843614129
2024-08-05,Jhang,4.003945118504469,0.3040139469821877,304.73801027028986,99972.0911383725
2024-08-06,Jhang,0.0,0.2673448417353538,305.78452968585646,99705.29358768834
2024-08-07,Jhang,0.0,0.23513483020505993,305.85662288497116,99817.51218417153
2024-08-08,Jhang,5.930620418070153,0.25073181084284607,304.3949623181837,100072.99476963533
2024-08-09,Jhang,0.0,0.26924197984815623,304.7185824038277,100136.76524318311
2024-08-10,Jhang,0.0,0.24765364008653667,305.4921773654465,99928.17278477746
2024-08-11,Jhang,0.809178012033505,0.23996179902919312,304.5029174965365,99891.28525749725
2024-08-12,Jhang,11.813723236875878,0.2959819490778028,303.7704757035038,100142.9138752781
2024-08-13,Jhang,0.0,0.27869388445275456,304.9348035071552,100231.23564105207
2024-08-14,Jhang,0.0,0.24414425345610516,306.2805121759741,100158.33466618138
2024-08-15,Jhang,7.72818184292687,0.2247141653857628,306.24115864254213,100045.78991355664
2024-08-16,Jhang,18.784546632505393,0.3354249939416057,302.3186195995667,100106.07574588586
2024-08-17,Jhang,16.19134987437643,0.36761152102086914,301.1272728295849,100363.75738091524
2024-08-18,Jhang,6.107671521134208,0.32333579546590374,302.9399609300066,100369.55850356218
2024-08-19,Jhang,0.0,0.2966316075754503,304.04978700961163,100167.93772619352
2024-08-20,Jhang,0.0,0.2774986496725131,304.43973996315236,100185.66609560906
2024-08-21,Jhang,5.197477948963349,0.2932761731683976,303.83881280180265,100339.26172256815
2024-08-22,Jhang,2.3996022206040024,0.30569495123183577,304.16331886131115,100210.72058798748
2024-08-23,Jhang,1.7297564875151805,0.2864230721879233,305.1345342262192,100266.17259860889
2024-08-24,Jhang,1.3063527505191028,0.2579413459034923,305.97115002723956,100227.1921974008
2024-08-25,Jhang,1.3631159538884239,0.23432700991093466,306.13551959230495,100091.54778267087
2024-08-26,Jhang,1.1867120435639757,0.22871811739995837,305.6808506594922,100104.53031152037
2024-08-27,Jhang,20.110029828741688,0.3695073387736324,300.6407976553061,100476.52656286872
2024-08-28,Jhang,7.486356541338107,0.40496442908524516,300.03495340061085,100343.131003478
2024-08-29,Jhang,4.3101192007026565,0.412612749284215,300.2787972627615,100297.98174809977
2024-08-30,Jhang,5.946264472406815,0.4141636057423001,300.56708458029306,100601.49747052896
2024-08-31,Jhang,0.5727184914172271,0.3765799506874447,302.7342739232301,100476.73206829934
2024-09-01,Jhang,0.0,0.34707562744256476,304.18530293872374,100327.69418758847
2024-09-02,Jhang,0.0,0.3401120742036169,303.8022538427619,100360.76971702364
2024-09-03,Jhang,15.608884080869284,0.38056183221338646,301.3097861318681,100581.59662837254
2024-09-04,Jhang,0.0,0.35371298403556006,302.2057355150451,100223.27734045847
2024-09-05,Jhang,0.0,0.32790247670000194,303.1839143083025,100030.07341917272
2024-09-06,Jhang,0.037344391246573086,0.3059090239918614,303.7430904229251,100213.23540063905
2024-09-07,Jhang,1.2336944808588377,0.28966258766235764,303.2844594239516,100383.92703716422
2024-09-08,Jhang,0.0,0.27613809810085005,303.34116208322274,100334.72937003896
2024-09-09,Jhang,0.0,0.2596235805319767,303.93750170692135,100078.54281852477
2024-09-10,Jhang,8.837271761390367,0.24305649474016247,304.4590599711676,100055.40102490179
2024-09-11,Jhang,2.01757823268172,0.2282931590445361,304.5126429696479,100101.33159479378
2024-09-12,Jhang,0.0058512539550690315,0.21408468447444406,305.5149021541265,99866.98847702985
2024-09-13,Jhang,4.660001173379507E-6,0.19945125167750502,305.1758298430424,99778.13990639427
2024-09-14,Jhang,0.11335601682013094,0.18697358778495482,304.1457576790281,100049.49957789488
2024-09-15,Jhang,0.26061467769060065,0.17729650098832014,304.06265630930653,100207.12946936405
2024-09-16,Jhang,0.0,0.16837329344415322,304.68402926859994,100380.37627000191
2024-09-17,Jhang,0.0,0.16039914627432633,305.10093326170664,100478.20836616078
2024-09-18,Jhang,0.0,0.1537729077278794,305.3709040988542,100467.7052465853
2024-09-19,Jhang,0.2997902040193237,0.15265163068177653,303.0546133528103,100552.99223753111
2024-09-20,Jhang,0.0,0.14872462624629332,304.9283667737787,100431.20927014509
2024-09-21,Jhang,0.0,0.14288913550187193,306.16286865387434,100497.5950342213
2024-09-22,Jhang,0.3318537587186372,0.13828234519488342,306.81863065216845,100438.88368567568
2024-09-23,Jhang,0.0,0.1346861052746434,307.09957176695025,100403.9436425119
2024-09-24,Jhang,0.0,0.1318429450834907,307.53291720391024,100231.19439534949
2024-09-25,Jhang,0.0,0.12971806218942944,307.13466059021374,100234.58232682884
2024-09-26,Jhang,0.0,0.12838147512569179,306.581175398837,100199.11329059784
2024-09-27,Jhang,0.07930580820480078,0.13288358656446414,304.77145637228836,100284.21413475552
2024-09-28,Jhang,0.0324755563079907,0.18014609373186227,302.501308702384,100582.16922835069
2024-09-29,Jhang,0.0,0.2775779270550686,302.1840190628587,100836.99845587983
2024-09-30,Jhang,0.0,0.2461288530836453,303.8437014071075,100693.80539557275
2024-10-01,Jhang,0.0,0.22061405638112366,304.03358631834095,100362.32538039492
2024-10-02,Jhang,0.0,0.20047755158195182,304.22688707314865,100307.03931871225
2024-10-03,Jhang,7.696109215587517E-7,0.18355886425128162,304.4440901027041,100229.34859907442
2024-10-04,Jhang,3.449596234870163E-7,0.16962500768313882,304.40503995314384,100354.98394183526
2024-10-05,Jhang,2.2255410416116854,0.16588657288333422,302.9551903849182,100669.2178736644
2024-10-06,Jhang,0.0,0.16523986816491973,301.60533779122045,101205.23496510455
2024-10-07,Jhang,0.0,0.15737817906936397,302.4589520873485,101256.09425268162
2024-10-08,Jhang,0.0,0.1681103175183616,300.2932347724505,101249.18841320067
2024-10-09,Jhang,0.0,0.1642232725585366,300.3587462412706,101075.66245755253
2024-10-10,Jhang,0.0,0.15744472155094774,300.85276414849625,100960.56000634073
2024-10-11,Jhang,0.0,0.15030687011508229,301.66206055617954,100894.90909756396
2024-10-12,Jhang,0.0,0.14433707129315507,301.34902023373604,100922.65841266343
2024-10-13,Jhang,0.0,0.13954129508831503,301.08779167846353,100989.8332921673
2024-10-14,Jhang,0.0,0.13580966431604893,300.9960783091482,101091.73109111145
2024-10-15,Jhang,0.0,0.1330288200400276,300.96402183685825,100930.1018690068
2024-10-16,Jhang,0.0,0.13092481807800593,300.5820956157678,100765.77114080563
2024-10-17,Jhang,0.0,0.12924074857443654,300.2111513770686,100873.32413935843
2024-10-18,Jhang,0.0,0.12787201906362983,300.8944812695672,100930.5042144684
2024-10-19,Jhang,0.0,0.12674965444286646,301.15626245154266,100990.05308676565
2024-10-20,Jhang,0.0,0.12588188519568327,301.5572935894442,101115.02456214807
2024-10-21,Jhang,0.0,0.12513336007121234,301.10166140346365,101165.90427850829
2024-10-22,Jhang,0.0,0.12495522643356544,300.89025583106155,101275.46322181818
2024-10-23,Jhang,0.0,0.12482203644589819,300.352654224939,101301.61079693868
2024-10-24,Jhang,0.0,0.1242982971804453,300.6083010969535,101194.03002739603
2024-10-25,Jhang,0.0,0.1237881139614052,301.26709868025097,101056.37464583188
2024-10-26,Jhang,0.0,0.12334839909589415,301.7659278405127,100921.94804156899
2024-10-27,Jhang,0.0,0.1229928973144139,301.76863101671773,100780.21570415451
2024-10-28,Jhang,0.0,0.12271111246717359,301.647100986524,100701.5811431966
2024-10-29,Jhang,0.0,0.12392187473719231,301.19529649298863,100809.66163072144
2024-10-30,Jhang,0.0,0.12463903604450624,299.3325096934695,101135.59058855615
2024-10-31,Jhang,0.0,0.12410694114899949,299.21416526059505,101198.30847512344
2024-11-01,Jhang,0.0,0.12361986548425385,299.2867500831649,101146.40444545443
2024-11-02,Jhang,0.0,0.12324377662932735,299.10026371241315,101236.05430699968
2024-11-03,Jhang,0.0,0.12293502984365212,299.00573368596014,101372.64937597947
2024-11-04,Jhang,0.0,0.12267831025795452,299.28222540650194,101172.32261367075
2024-11-05,Jhang,0.0,0.1224585633248589,299.2597073182521,101428.39157374913
2024-11-06,Jhang,0.0,0.12228963142772263,299.05065243482636,101392.95928094139
2024-11-07,Jhang,0.0,0.12215821841344701,299.3435082318876,101313.10633784419
2024-11-08,Jhang,0.0,0.1220600949083548,298.9953297522443,101318.23794380283
2024-11-09,Jhang,0.0,0.12197623129168612,298.58621825635294,101375.71348303367
2024-11-10,Jhang,0.0,0.12193604918808884,298.47815166697853,101400.1699029816
2024-11-11,Jhang,0.0,0.1274135985654048,297.0070410652199,101343.85888732763
2024-11-12,Jhang,0.0,0.12840790229848878,295.8651662533579,101426.4841469631
2024-11-13,Jhang,0.0,0.1276477732204033,295.7903819752275,101262.70589277735
2024-11-14,Jhang,0.0,0.13356108129039912,295.4051981311406,101499.56590606985
2024-11-15,Jhang,0.0,0.15865214523762347,293.340725268885,101466.27822100716
2024-11-16,Jhang,0.0,0.17225596907620797,292.6007472950329,101398.64680648358
2024-11-17,Jhang,0.0,0.16642794400724445,292.98561007521664,101501.4740833235
2024-11-18,Jhang,0.0,0.16094553714502635,292.7877616211375,101576.63200647142
2024-11-19,Jhang,0.0,0.1562811966908412,292.9353949398215,101649.05882586824
2024-11-20,Jhang,0.0,0.15258476155492673,292.71281258275343,101506.04439134698
2024-11-21,Jhang,0.0,0.14928575680516154,292.883967823563,101444.22996883318
2024-11-22,Jhang,0.0,0.1462201359301281,293.18427531432354,101354.81931266641
2024-11-23,Jhang,0.0,0.14392818554345055,293.0727465135196,101464.77901307977
2024-11-24,Jhang,0.0,0.14192015272352212,292.6653158739517,101598.4175670523
2024-11-25,Jhang,0.0,0.13973703176214747,292.1931425940393,101555.6783258619
2024-11-26,Jhang,0.0,0.13787413703642182,292.7799079144826,101492.10188322615
2024-11-27,Jhang,0.0,0.13639621281820194,292.3659663888205,101461.04607608115
2024-11-28,Jhang,0.0,0.13505738528894728,292.6947338588504,101640.51873509599
2024-11-29,Jhang,0.0,0.13393569249497253,293.03437982155225,101753.07758229342
2024-11-30,Jhang,0.0,0.13356771092712344,291.7637903201778,101554.15475986083
2024-12-01,Jhang,0.0,0.13251561003247664,291.7388779630133,101357.56974030133
2024-12-02,Jhang,0.0,0.13159335563486782,292.2650152074177,101468.68024995577
2024-12-03,Jhang,0.0,0.13373227360363552,291.52629988374593,101752.59498787667
2024-12-04,Jhang,0.0,0.13249944945990083,290.39275154845694,101592.69205310044
2024-12-05,Jhang,0.0,0.13150196072653647,289.919798114974,101443.26232662878
2024-12-06,Jhang,0.0,0.13066299189297842,289.4568179176617,101334.81961574998
2024-12-07,Jhang,0.0,0.12998838657296563,289.522367567934,101181.35339627431
2024-12-08,Jhang,0.0035097263046501735,0.16736496106512197,286.33789637629656,101346.63813713386
2024-12-09,Jhang,0.0,0.16569078561516534,286.3915743718907,101824.08143680061
2024-12-10,Jhang,0.0,0.16126338966840464,286.3636985932756,101884.61391124787
2024-12-11,Jhang,0.0,0.1578303275841805,286.7268965735262,101760.47965337349
2024-12-12,Jhang,0.0,0.15470731183791944,286.4885196029629,101854.46772278093
2024-12-13,Jhang,0.0,0.15183918958824205,286.36520793411256,101998.6765426454
2024-12-14,Jhang,0.0,0.14905771820816824,286.6047555288364,101881.41304923696
2024-12-15,Jhang,0.0,0.14678875760091245,286.36097418380007,101940.81134217321
2024-12-16,Jhang,0.0,0.14496170944485928,286.7282563071025,101779.05527997442
2024-12-17,Jhang,0.0,0.1432574220929263,286.4698761222734,101753.13557053446
2024-12-18,Jhang,0.0,0.14167789246779441,285.85815567119346,101580.48724994942
2024-12-19,Jhang,0.0,0.14026158829435645,285.3798453298322,101611.31664521465
2024-12-20,Jhang,0.0,0.13897638819044555,285.0296376742516,101757.59074549616
2024-12-21,Jhang,0.019398997320099115,0.13776093279747384,286.3928879721537,101650.1386519284
2024-12-22,Jhang,0.0,0.13665863670642192,286.4735250998572,101505.99488365381
2024-12-23,Jhang,0.0,0.14257538255551824,286.1605025710416,101760.21621815913
2024-12-24,Jhang,0.0,0.14802200762852982,285.90608020847066,101941.06820329094
2024-12-25,Jhang,0.0,0.1460665438458521,286.3372787567858,102065.11544720494
2024-12-26,Jhang,0.0,0.14414389918003095,286.25199040539724,102095.79227186841
2024-12-27,Jhang,0.0,0.14251893579773017,285.81949707379795,101955.65465716521
2024-12-28,Jhang,0.0,0.14123324950817345,284.7700479821103,102070.14537427526
2024-12-29,Jhang,0.0,0.14010092444614167,285.1025142721751,102262.27320867317
2024-12-30,Jhang,0.0,0.13892115884682935,285.34763561160366,102039.74253271506
2024-12-31,Jhang,0.0,0.13794197652021895,284.58181307779137,102128.70531452225
2025-01-01,Jhang,0.06900524806998817,0.13738892588334214,284.5802004859569,101976.8835921964
2025-01-02,Jhang,2.1080074691206723,0.1367012992825543,285.5316647913365,101883.17371009085
2025-01-03,Jhang,0.3464488584892651,0.1358412413751557,286.42934006159703,101774.48271264836
2025-01-04,Jhang,0.0,0.13497014833077622,285.7968520739295,101529.45826636176
2025-01-05,Jhang,0.0,0.13411057472325436,286.27032059982554,101607.02815622994
2025-01-06,Jhang,0.0,0.13337878818111878,285.66424774729575,101900.70457695748
2025-01-07,Jhang,0.0,0.13242520326732687,286.2548098739169,101826.35233087359
2025-01-08,Jhang,0.0,0.1315203546929938,287.00970410704406,101557.65706945807
2025-01-09,Jhang,0.04343094842298684,0.13081489649219363,286.2670559152436,101816.67868871964
2025-01-10,Jhang,0.0,0.13020451113584833,285.5258521389958,101912.55147233853
2025-01-11,Jhang,0.3113462237160376,0.1299015146611838,283.5863245259747,101928.86806304555
2025-01-12,Jhang,0.0,0.1295795249525382,285.5550559352023,102183.60138054444
2025-01-13,Jhang,0.0,0.12908998458714702,286.24885894658996,102001.70988368538
2025-01-14,Jhang,0.0,0.12860799199247155,286.63082410144676,101945.02492421592
2025-01-15,Jhang,0.0,0.12817616744340748,286.64150656328627,101951.67697581016
2025-01-16,Jhang,0.0,0.12777160477726376,286.14259969226623,102196.73365850082
2025-01-17,Jhang,0.0,0.12736461236149638,286.113917244448,102137.2544188062
2025-01-18,Jhang,0.0,0.12700066308299013,286.20744139649355,101799.9743703445
2025-01-19,Jhang,0.0,0.1266933771471768,286.0341173243332,101829.90931006479
2025-01-20,Jhang,0.0,0.12636974699056022,286.8309756908614,101708.48912532859
2025-01-21,Jhang,0.5705211267396098,0.12599854116413992,287.5948896832485,101536.87050377709
2025-01-22,Jhang,0.10557793741420812,0.12646425091123525,287.9527301839762,101491.3580041457
2025-01-23,Jhang,0.0,0.12698836546623407,288.1276589665904,101705.9961797246
2025-01-24,Jhang,0.7055787952971081,0.12643265398726186,288.0902425457259,101673.69852134166
2025-01-25,Jhang,0.46677521476947414,0.1258901145649022,287.53200509073054,101512.82454803411
2025-01-26,Jhang,0.0,0.1254391396844055,288.0211863668997,101444.41066827958
2025-01-27,Jhang,0.0,0.12505327675794634,287.98061834626753,101299.47897163282
2025-01-28,Jhang,0.0,0.12472751690333783,288.47939993694496,101188.59899274075
2025-01-29,Jhang,0.0,0.12445459092943888,289.15166086295926,101333.66584439985
2025-01-30,Jhang,0.0,0.12421423127214666,288.93860672835615,101190.00936794291
2025-01-31,Jhang,0.07189221383587582,0.12394012073503688,288.46746833307793,101116.83574606487
2025-02-01,Jhang,0.0,0.12466498193894385,287.4065293007103,101505.38082652555
2025-02-02,Jhang,0.0,0.12518699578965556,288.11093667280295,101666.76754988369
2025-02-03,Jhang,0.0,0.12484370710817427,288.40249738929276,101379.66429790984
2025-02-04,Jhang,0.0,0.12483460872068602,288.4736200287833,101549.12981879228
2025-02-05,Jhang,0.0,0.1249768643734561,288.1071032102029,101647.05236052358
2025-02-06,Jhang,0.0052350141280628915,0.12475096102461705,287.9130996042707,101918.64299042137
2025-02-07,Jhang,0.03809657170645177,0.12439060580835308,289.3095535304593,101757.72596712896
2025-02-08,Jhang,5.7224494228653055E-6,0.12401748796173483,290.57006527185615,101555.631481934
2025-02-09,Jhang,0.030156951523957753,0.12370252683719393,290.61181312132527,101393.42991264028
2025-02-10,Jhang,1.3187964821035394,0.12343415602507095,291.11845953402593,101358.38669228616
2025-02-11,Jhang,0.0,0.12350515333692508,290.7517191160354,101461.45202010094
2025-02-12,Jhang,0.0,0.1234253190523699,290.50773471931814,101643.1811070688
2025-02-13,Jhang,0.0,0.12317264030626515,290.6839560025574,101565.30061338225
2025-02-14,Jhang,0.0,0.1231838602486502,292.13787295999487,101304.50116704301
2025-02-15,Jhang,0.0,0.12740449415631191,292.2005530769691,101139.41531406941
2025-02-16,Jhang,0.0,0.12764155217419865,292.3633880805953,101276.73813550123
2025-02-17,Jhang,0.0,0.12774540674688165,292.9003140577894,101582.83844221872
2025-02-18,Jhang,0.0,0.12691231002789616,293.33813554164027,101505.45263838088
2025-02-19,Jhang,2.1474418994843516,0.1719148291218464,290.28966274398834,101253.80690072123
2025-02-20,Jhang,0.0,0.23597897736147366,288.51996844412736,101522.0953825963
2025-02-21,Jhang,0.0,0.22021445384574115,288.8730891450147,101929.9223703087
2025-02-22,Jhang,0.0,0.20450151670995223,290.53227715557205,101718.69010372784
2025-02-23,Jhang,0.0,0.1902132055838102,291.78232861125565,101756.09742176175
2025-02-24,Jhang,3.8908092373000613,0.1813764760827645,293.16519723541825,101854.60339364104
2025-02-25,Jhang,4.457381425674838,0.23510308417672623,291.26764635312384,101810.4949955657
2025-02-26,Jhang,0.0715070054657784,0.22380809478998046,292.6221867298112,101644.87160709612
2025-02-27,Jhang,7.927322357801578,0.2676488474609596,290.9557435372582,101246.6351876643
2025-02-28,Jhang,0.4990370622706882,0.3008314330031916,290.7164715253431,101108.8948973992
2025-03-01,Jhang,0.0,0.2638931198554701,290.58785978146204,101565.70636860021
2025-03-02,Jhang,0.0,0.23813492440678602,291.18618853091357,101275.11686177073
2025-03-03,Jhang,0.0,0.22738839421550902,290.77950710503336,101103.40293161629
2025-03-04,Jhang,0.0,0.21558596521138168,288.0944111185112,101753.77088327672
2025-03-05,Jhang,0.0,0.20033750007220785,290.1009396805016,101587.22941059063
2025-03-06,Jhang,0.0,0.18670205119454203,292.5253852489071,101203.3318109812
2025-03-07,Jhang,0.0,0.17490657315796426,294.1363187077375,101030.58266862082
2025-03-08,Jhang,1.1502367652837906,0.16436481723337296,294.8832169836781,100851.26471416917
2025-03-09,Jhang,0.019567704947284312,0.15557086705473083,295.91130270444654,101214.63129866189
2025-03-10,Jhang,2.7409101428459715,0.14832378471753632,296.9022907292993,101551.87781596524
2025-03-11,Jhang,0.0,0.14333606791415648,296.0155733239171,101449.96071709946
2025-03-12,Jhang,0.0,0.13965499209167276,296.44588444081785,100972.41379206831
2025-03-13,Jhang,0.0,0.1364605150485607,296.2790820929334,100741.13025432687
2025-03-14,Jhang,0.3424868057726319,0.13791187297562987,294.9259441202411,101065.69656670261
2025-03-15,Jhang,0.0,0.15171169027412731,293.4529117765649,101282.32831011541
2025-03-16,Jhang,0.22762074021792608,0.15394289887027657,294.14434761715853,101309.79716807728
2025-03-17,Jhang,0.0,0.15002227727144338,295.57672112360405,101319.841622885
2025-03-18,Jhang,0.05316133169912664,0.14336587374289658,296.80895941322825,101246.86360368783
2025-03-19,Jhang,0.0,0.14420465384950737,297.6566811039282,101327.5860825904
2025-03-20,Jhang,0.0,0.1407045466190003,297.06779555121943,101562.53116784355
2025-03-21,Jhang,0.0,0.13625535614919868,298.37517691804493,101349.78576570876
2025-03-22,Jhang,0.0,0.13282943922391702,298.28155493410264,101227.84884264723
2025-03-23,Jhang,0.0,0.13035833459117582,298.6629674134626,101346.90097197419
2025-03-24,Jhang,0.0,0.1284546328221496,298.85597813639583,101226.66517450879
2025-03-25,Jhang,0.0,0.1270920941638077,299.5137065329131,100781.87260903632
2025-03-26,Jhang,0.13952160583130166,0.12605526217280486,300.0902227856054,100376.25932449484
2025-03-27,Jhang,0.0,0.12510481187924852,297.06644344759496,100655.07248543302
2025-03-28,Jhang,0.0,0.12432919583399954,294.28487235887695,101234.38448670118
2025-03-29,Jhang,0.0,0.1237355730392622,295.3907263318418,101189.83908446108
2025-03-30,Jhang,0.0,0.12316959577437823,297.1187370915781,101109.55049594065
2025-03-31,Jhang,0.0,0.1226815284306334,298.43276291140404,101098.46435357607
2025-04-01,Jhang,0.0,0.12230032967628061,299.6682908844198,100927.60513130287
2025-04-02,Jhang,0.0,0.12248591178173934,300.6247661851412,100985.06658807377
2025-04-03,Jhang,0.0,0.1245619719552445,299.01915830112256,101276.30974617864
2025-04-04,Jhang,0.0,0.12532123409369256,299.41098271776775,101224.88036386891
2025-04-05,Jhang,0.0,0.12423618242119638,301.40140417888153,100792.09595874477
2025-04-06,Jhang,0.0,0.12337678451166925,303.44337254315633,100566.68430564096
2025-04-07,Jhang,0.0,0.12270124438574889,304.511406828007,100693.83365765825
2025-04-08,Jhang,0.0,0.12234819961183212,305.4769392292667,100861.3822829595
2025-04-09,Jhang,0.0,0.1270390324478641,304.8280878022334,100670.41231720187
2025-04-10,Jhang,4.0743614411288975,0.1445771240414723,303.547960932284,100133.05030160895
2025-04-11,Jhang,0.0,0.156188964950896,301.1264635750986,100305.30856623281
2025-04-12,Jhang,0.0,0.14747339326423775,301.78065951156844,100614.27186810093
2025-04-13,Jhang,0.0,0.13950758290962903,303.3536441891953,100735.40206897353
2025-04-14,Jhang,0.0,0.13393776407697927,305.21526352994664,100643.3367940864
2025-04-15,Jhang,0.0,0.13008545327572574,306.237662167175,100598.35260657163
2025-04-16,Jhang,0.0,0.1314037746910442,305.945777077814,100457.43990254984
2025-04-17,Jhang,0.17072908473475287,0.13274476412637556,305.48360999001477,100347.4237398463
2025-04-18,Jhang,0.0,0.13596102658511938,306.4566541916234,99907.53313959856
2025-04-19,Jhang,0.0,0.1359213106951554,304.0378611328905,99854.87448889198
2025-04-20,Jhang,0.0,0.13176745831178208,302.52747346460023,100200.16922756068
2025-04-21,Jhang,0.0,0.1286780798920181,302.7046370422229,100709.83907708804
2025-04-22,Jhang,0.0,0.12635463366289423,303.1997379515043,100801.75844499942
2025-04-23,Jhang,0.0,0.12468489259975314,303.68606640182077,100453.76510888891
2025-04-24,Jhang,0.0,0.12349739523863029,304.38180282454573,100237.47667599177
2025-04-25,Jhang,0.0,0.12268804588550591,304.91126771757376,100386.9126318717
2025-04-26,Jhang,0.0,0.1223402554223812,304.7865407264998,100438.2389360001
2025-04-27,Jhang,0.0,0.12196932774695188,305.224304716627,100502.57214443103
2025-04-28,Jhang,0.0,0.12160183740061016,306.6822713181859,100251.93650095638
2025-04-29,Jhang,0.0,0.1213662124389153,307.11372020858613,100222.4964643757
2025-04-30,Jhang,0.0,0.1212612521196116,307.0347978131041,100365.12117603802
2025-05-01,Jhang,2.9433359105625017,0.13644683458422374,305.4944073596286,100523.16507523632
2025-05-02,Jhang,0.0,0.14901601212429183,302.7913155698497,100755.24924558253
2025-05-03,Jhang,0.08053763219562785,0.14343409610217567,303.4081710983349,100456.85639840824
2025-05-04,Jhang,4.645688368001323,0.1481488660381886,302.22637882288615,100432.04380966871
2025-05-05,Jhang,0.0,0.14836521117180707,301.8522633876744,100576.70770996237
2025-05-06,Jhang,0.19882739790459725,0.14300169062898108,303.34854312489875,100486.83745555126
2025-05-07,Jhang,0.21941398076629956,0.13692156025925337,304.9816698640522,100347.16653667338
2025-05-08,Jhang,0.5447587823627924,0.14550974346360895,303.8034102130561,100535.29521712485
2025-05-09,Jhang,0.0018529876493119444,0.14502284437545548,303.21397356608924,100729.10510207406
2025-05-10,Jhang,2.5711675134601773E-4,0.137902796488782,305.4670731965803,100523.47722185828
2025-05-11,Jhang,0.00910101324142044,0.13289125626731693,306.1764419772357,100275.09476931932
2025-05-12,Jhang,0.0,0.1307424520237353,305.42735440188835,100214.29099607332
2025-05-13,Jhang,0.0,0.12872321702622713,306.3286092157669,100202.54149243522
2025-05-14,Jhang,0.0,0.12681711979429447,307.6195092222069,100231.77914500398
2025-05-15,Jhang,0.0,0.12540056800647276,308.7742632022742,100078.2033411874
2025-05-16,Jhang,0.01911188969737979,0.12394661667499458,308.437100709281,99937.364680938
2025-05-17,Jhang,0.09631073316148918,0.12300607472832613,309.28565953248113,99916.92728363359
2025-05-18,Jhang,0.4528298314720177,0.12238332656760403,309.65512364273394,99864.21221803478
2025-05-19,Jhang,0.041885310695524036,0.1225692974630034,308.48646446784426,99956.83044170684
2025-05-20,Jhang,0.0,0.12243466304024013,309.81989908878927,99807.73969252415
2025-05-21,Jhang,0.0,0.12325831526875936,310.5526972943445,99718.87948911315
2025-05-22,Jhang,0.0,0.12400376716764701,309.7270863179745,99736.92465146695
2025-05-23,Jhang,0.0,0.1231836003981943,308.3049500851213,99753.48572452513
2025-05-24,Jhang,0.5613595516191718,0.1314122507960498,307.01850699861967,99912.18864308076
2025-05-25,Jhang,0.0,0.13332572406510484,305.4705769218096,100345.01514259413
2025-05-26,Jhang,0.0,0.12938532593081328,305.9715303819837,100104.79960038255
2025-05-27,Jhang,0.26193128760308027,0.1266933018664041,307.93427119243853,99802.45770232606
2025-05-28,Jhang,0.0,0.12473088180173576,308.53831958407534,99686.02431278219
2025-05-29,Jhang,0.0,0.12352082470233797,309.3559156466041,99319.05247980838
2025-05-30,Jhang,0.0,0.12273083440103534,307.2889111386522,99365.65663181683
2025-05-31,Jhang,0.0,0.12212592799776549,306.4857407089155,99668.67948237213
2025-06-01,Jhang,0.0,0.12174117748240743,305.3031204691477,99841.73660086072
2025-06-02,Jhang,0.0,0.12147340640925083,305.98866729393865,99702.34619231136
2025-06-03,Jhang,0.0,0.12217512785077868,305.08674510565936,99971.63883651706
2025-06-04,Jhang,0.0,0.12248471101805457,304.40032792430236,100299.7148904896
2025-06-05,Jhang,0.0,0.12204040130389285,305.5274734134486,100572.50328151861
2025-06-06,Jhang,0.0,0.12168417600839801,307.5202475637183,100391.49552115632
2025-06-07,Jhang,0.0,0.12142400143595368,309.33908109300495,100188.10763286175
2025-06-08,Jhang,0.0,0.12124241726883321,310.2704656899608,100089.35225293024
2025-06-09,Jhang,0.0,0.1211152317853242,311.05224334794093,99819.15051089737
2025-06-10,Jhang,0.0,0.12100273721712874,311.1150102157307,99659.54747853393
2025-06-11,Jhang,5.549104230859376E-6,0.12091487784790003,310.4612527748908,99771.6594153935
2025-06-12,Jhang,1.7463787068398086E-7,0.12082513221636912,310.814189826136,99739.34970107685
2025-06-13,Jhang,0.0,0.12073722523146219,311.2613377000071,99784.02374058357
2025-06-14,Jhang,0.0036212133767452807,0.12321659874886348,309.77632415511977,99739.60110932287
2025-06-15,Jhang,1.5993016723767786,0.12451473666682283,308.54966684131176,99672.2257751672
2025-06-16,Jhang,0.0,0.12457943362301016,305.7959036529383,99808.79588227607
2025-06-17,Jhang,0.0,0.12401955525790206,306.6332036171515,99801.88261500842
2025-06-18,Jhang,0.0,0.1231423300127731,307.6865660463744,99544.40907702476
2025-06-19,Jhang,0.0,0.12237089495407241,309.4963831729631,99379.02852514411
2025-06-20,Jhang,0.0,0.12187794978911647,310.23126597983423,99540.97512897517
2025-06-21,Jhang,0.0,0.12155781599902814,310.7626672269641,99576.68629187871
2025-06-22,Jhang,10.043231152898318,0.12220643959498426,309.4773108777774,99605.11606864487
2025-06-23,Jhang,3.5739295386686245,0.12222698966020551,307.5527915030349,99433.50118047246
2025-06-24,Jhang,0.0,0.1218481746898462,310.44026308334946,99241.0410605872
2025-06-25,Jhang,0.011443545898768708,0.12485523942397958,310.01673012078084,99561.52523230262
2025-06-26,Jhang,25.61083430003787,0.25544272742332,302.3252650262884,100066.07996193417
2025-06-27,Jhang,0.0358915241226926,0.2535638412442499,305.3782273934485,99907.29939472803
2025-06-28,Jhang,1.8958995987461007,0.23712931300018011,307.1357439452513,99572.40126162824
2025-06-29,Jhang,0.0,0.2070323625182473,308.83380209438394,99253.67963430885
2025-06-30,Jhang,0.0,0.18171365319981395,308.33000801110694,99363.6007843835
2025-07-01,Jhang,0.24796332552723435,0.16367299194551949,307.39421335247505,99577.86821392906
2025-07-02,Jhang,0.5835315509874726,0.15456962786883674,307.0511859539489,99675.48366824369
2025-07-03,Jhang,1.542567327529701,0.14985248237764237,307.59114179390787,99745.24626583087
2025-07-04,Jhang,1.7248311198502246,0.14187536145656976,308.20186684701554,99671.37233728808
2025-07-05,Jhang,3.252012516129283E-4,0.13547424175744993,310.0636906675109,99420.32017557256
2025-07-06,Jhang,23.033352587999243,0.13157275784682237,308.19428082590963,99511.00347637678
2025-07-07,Jhang,0.0,0.12906614222565077,307.74542668567904,99669.93369763048
2025-07-08,Jhang,10.487605287933171,0.13649438756050677,306.45082462772393,99684.11599781124
2025-07-09,Jhang,19.082210224412236,0.19617618683494603,304.7598820224678,99771.97296236169
2025-07-10,Jhang,1.797620580115137,0.23762131993055702,304.08806392543175,99994.64138363063
2025-07-11,Jhang,14.441670868441674,0.2446470799457303,304.43877098553816,100012.75276251094
2025-07-12,Jhang,0.0,0.21503696745730705,305.90202254404267,100047.0803353247
2025-07-13,Jhang,0.0,0.19045156938988148,305.97916316309966,99998.12646538681
2025-07-14,Jhang,0.1862244750825872,0.1762902983929977,304.4998046102005,100008.9242356816
2025-07-15,Jhang,2.7608331714980996,0.2915996085342896,300.1837533013727,99914.0527194314
2025-07-16,Jhang,3.605817854217612,0.38418483452336893,299.73764321690646,99703.86832794758
2025-07-17,Jhang,10.360684933309313,0.35802895674545365,302.39313519952583,100020.78141115303
2025-07-18,Jhang,7.347950357450441,0.3613776509196911,302.8316739140932,100076.70647471902
2025-07-19,Jhang,0.0,0.3308905371426883,304.78908373181343,99730.85467838909
2025-07-20,Jhang,0.0,0.3023568168949658,304.6273413490382,99660.89165853878
2025-07-21,Jhang,0.44522529273734035,0.2801657185143118,304.8780915544905,99827.25050004841
2025-07-22,Jhang,8.412086323670565,0.26076842763875613,305.36533326035584,99610.59351459009
2025-07-23,Jhang,17.3549309582379,0.27040628293102015,303.2589064723901,99474.83131988563
2025-07-24,Jhang,0.3779786888864951,0.31953571887068083,302.60336227144387,99504.96255535024
2025-07-25,Jhang,0.0,0.29366615249380257,304.3841460740111,99462.16080152047
2025-07-26,Jhang,0.0,0.2691028419294137,305.6517911126463,99530.17078800687
2025-07-27,Jhang,0.0,0.2460803914879349,306.49100294761047,99494.05753348401
2025-07-28,Jhang,0.0,0.22271208416130264,307.8458669058108,99413.19778588337
2025-07-29,Jhang,0.0,0.20232529957189177,307.80455393834404,99389.4055198081
2025-07-30,Jhang,0.0,0.20005400763931927,304.9866468086761,99714.70530635929
2025-07-31,Jhang,0.5846050032719453,0.21756459129995456,304.626863538352,99780.07340416343
2025-08-01,Jhang,0.018065241423080386,0.21652606370222535,303.7130464099982,99842.41192590536
2025-08-02,Jhang,0.0,0.20948682755011883,305.21217670376615,99888.11143101804
2025-08-03,Jhang,0.0,0.1933416073875732,306.63806198722943,99922.87024624819
2025-08-04,Jhang,0.0,0.1763594457007532,307.31410763532534,99902.84764400548
2025-08-05,Jhang,0.0,0.1622248546126286,307.0824383155322,99911.13830723986
2025-08-06,Jhang,0.0,0.15184867515848102,306.3928719949508,100061.73258309384
2025-08-07,Jhang,0.0,0.14392321941251404,307.248429205966,100003.172175977
2025-08-08,Jhang,0.0,0.1384095592435134,307.7732552571423,100108.59621917026
2025-08-09,Jhang,0.0,0.1345732255594709,307.5619814703439,100283.34826491868
2025-08-10,Jhang,0.0,0.13154164942284802,307.6914608664471,100115.05458849091
2025-08-11,Jhang,0.0,0.12904513696140393,308.3974761360089,99901.56093086427
2025-08-12,Jhang,1.0862861514320512,0.12759537377382607,306.27945774165374,99895.40044375016
2025-08-13,Jhang,0.0,0.12644973417244373,307.25455538065324,99891.94728504492
2025-08-14,Jhang,4.232699788590283,0.13738128551706144,303.84648090438714,100181.2125221717
2025-08-15,Jhang,0.0,0.24979611761653786,302.22785208981077,100139.0810315481
2025-08-16,Jhang,0.0,0.2303675749128148,305.9490889170462,99931.1022684662
2025-08-17,Jhang,0.0,0.21206037551427445,305.87002535888627,100063.64024923947
2025-08-18,Jhang,27.25949177929563,0.32934548051849005,302.42863588706945,100318.97251524111
2025-08-19,Jhang,21.748576683946514,0.3286774195469935,303.35615034839583,100228.08060759964
2025-08-20,Jhang,0.0,0.2909014996055436,303.4659667441248,100208.85836621345
2025-08-21,Jhang,0.0,0.2602187909088537,304.14352120598505,100119.95336672958
2025-08-22,Jhang,0.0,0.23457885287545613,305.3310065975938,99767.55415348304
2025-08-23,Jhang,0.08133252202458004,0.23158826972328606,304.59644026459875,99782.5687775961
2025-08-24,Jhang,0.0,0.35330836526777554,301.23002869421737,100108.53633790737
2025-08-25,Jhang,0.0,0.3093531205273319,300.92859534902715,100124.34285207203
2025-08-26,Jhang,0.0,0.2784985978777982,301.0352499578901,100173.01840225697
2025-08-27,Jhang,0.0,0.27917812752038235,300.92970761190253,100230.70023293466
2025-08-28,Jhang,0.0,0.26304190432093055,303.3842277100201,100070.71672610714
2025-08-29,Jhang,10.135098861416097,0.2586058383992097,303.4944425465859,100147.94069567554
2025-08-30,Jhang,3.206962598885325,0.34302090520086354,300.52420258490116,100416.36908157499
2025-08-31,Jhang,0.0,0.36075065748482626,300.35846116854157,100169.72485275028
2025-09-01,Jhang,0.0,0.3231776062186237,300.8018112426055,99949.08154765912
2025-09-02,Jhang,0.0,0.2987014492313964,299.8915849156775,100151.45442897048
2025-09-03,Jhang,0.0,0.28037486564458514,300.4268312464402,100398.82381415574
2025-09-04,Jhang,0.0,0.2681358796672918,301.54834487586146,100501.05054755171
2025-09-05,Jhang,0.0,0.25056368309779653,302.709980395662,100472.2306763794
2025-09-06,Jhang,0.0,0.24031416820478232,302.9627617240451,100481.4088611008
2025-09-07,Jhang,21.563979528579416,0.3567280604611184,300.4289371731728,100440.40787153675
2025-09-08,Jhang,21.68217715981105,0.3880252354692056,300.3713558687793,100565.57048313263
2025-09-09,Jhang,0.06915079835749453,0.373639798474287,301.81435228028676,100661.08633116634
2025-09-10,Jhang,0.0,0.3425836500001361,302.06227265365186,100464.04433841929
2025-09-11,Jhang,0.0,0.3162210655133116,302.2044353758974,100339.45851757097
2025-09-12,Jhang,0.0,0.2955154729582968,302.6109780533343,100507.28251657875
2025-09-13,Jhang,0.0,0.2776943916393572,303.3899797023655,100524.38558133061
2025-09-14,Jhang,0.0,0.26033820687230497,303.92396078178643,100428.70067452555
2025-09-15,Jhang,0.0,0.24311115393853508,303.8933337108736,100207.14318159317
2025-09-16,Jhang,0.0,0.22699487729379902,303.9614818371178,100301.38920701106
2025-09-17,Jhang,0.0,0.21267351017244512,304.2633057673512,100358.09063411086
2025-09-18,Jhang,7.539662010825846,0.20704679581174118,304.1089090669821,100365.31140221063
2025-09-19,Jhang,0.0,0.20413994163658816,303.6061179192691,100497.09210924072
2025-09-20,Jhang,0.0,0.1944530124735663,304.19900679412325,100460.54584725424
2025-09-21,Jhang,0.0,0.18187465177210269,304.5079834712283,100327.2035747539
2025-09-22,Jhang,0.06444045384285635,0.17066418053545176,304.5820468783141,100379.86119455492
2025-09-23,Jhang,0.0,0.161308692493173,304.1628728555834,100348.27164928037
2025-09-24,Jhang,0.0,0.15368416770432672,303.86681577895155,100211.02931853326
2025-09-25,Jhang,0.0,0.14758320547542306,303.93556593785735,100382.51302943513
2025-09-26,Jhang,0.0,0.14258096923317248,304.40785520253297,100550.5760039414
2025-09-27,Jhang,0.0,0.13856019510562753,304.65002013666594,100716.37895272636
2025-09-28,Jhang,0.0,0.1354509781985935,304.23285321175604,100585.54819108323
2025-09-29,Jhang,0.0,0.13315951236894266,304.3202195243025,100411.7453444673
2025-09-30,Jhang,0.0849768885539489,0.13138227831243607,304.4843466231559,100207.70986762285
2025-10-01,Jhang,0.0,0.12988332437925432,304.5428627627078,100241.30445103672
2025-10-02,Jhang,0.0,0.12859921079997338,304.5806133038787,100643.97678948345
2025-10-03,Jhang,1.9670429422840185,0.13007865640553953,303.3821907531613,100980.50370309706
2025-10-04,Jhang,4.814112272681727,0.13176768426124646,302.67800440419614,100663.5274105021
2025-10-05,Jhang,3.2187388790658664,0.20491777639671793,298.413641994718,100634.92156691321
2025-10-06,Jhang,0.7611017474107528,0.32017022825390223,294.6235005612738,100908.57132786953
2025-10-07,Jhang,0.01848173147007346,0.28395966965898234,295.0997329148837,101149.39128567484
2025-10-08,Jhang,2.1665997383672815E-7,0.25878697994624367,296.05258966968984,101277.56226827664
2025-10-09,Jhang,3.262173494237285E-6,0.2391665771320484,297.35757046137365,101321.99824653892
2025-10-10,Jhang,1.72054343229043E-8,0.22307746780318174,297.9255522846333,101119.93167689761
2025-10-11,Jhang,0.0,0.20909451899945886,298.60949925795495,101189.7484095351
2025-10-12,Jhang,0.0,0.19678427185259514,298.6266343644357,101096.95677911912
2025-10-13,Jhang,0.0,0.18566405126938587,298.9025980020349,101126.07076936367
2025-10-14,Jhang,0.0,0.1753114447902859,298.68116694811266,100998.40020965695
2025-10-15,Jhang,0.0,0.16647701517792304,298.2588210338566,101088.66442272445
2025-10-16,Jhang,0.0,0.15948018980887152,298.88145519936626,101107.53069676048
2025-10-17,Jhang,0.0,0.1535632234533269,299.4691631001872,101213.86682042915
2025-10-18,Jhang,0.0,0.1484821325623112,299.50579196575,101144.31879576534
2025-10-19,Jhang,0.0,0.14419751972660208,299.119672857621,101105.24937829676
2025-10-20,Jhang,0.0,0.14070162560501098,299.209252545642,101161.2501163883
2025-10-21,Jhang,0.0,0.1379043350409161,298.7985504487512,101337.16638684305
2025-10-22,Jhang,0.0,0.13561836597200438,298.35472263761056,101301.30372400481
2025-10-23,Jhang,0.0,0.13372132474060616,298.83396837555347,101193.67421566905
2025-10-24,Jhang,0.0,0.1321780399253636,298.8654893260982,101170.4437955021
2025-10-25,Jhang,0.0,0.13083654266089645,298.69944840592285,101156.20050836945
2025-10-26,Jhang,0.0,0.12969106364992422,298.49709568788495,101238.35371384058
2025-10-27,Jhang,0.0,0.12873325414116607,298.3034155378689,101299.17888199793
2025-10-28,Jhang,0.0,0.12790630678771778,298.09688070017114,101371.98679887882
2025-10-29,Jhang,0.0,0.1271724139911328,298.04691393681,101230.28672920383
2025-10-30,Jhang,0.0,0.12652636342041843,298.11103600980056,101158.12142435074
2025-10-31,Jhang,0.0,0.12597613250171152,297.7096033453645,101041.17469728498
2025-11-01,Jhang,0.0,0.12547793354026401,297.669408372805,101089.2314908343
2025-11-02,Jhang,0.0,0.12506901290382502,297.36242866942564,101044.69042392737
2025-11-03,Jhang,0.0,0.12469816783795441,296.5346599475653,100742.75139060343
2025-11-04,Jhang,0.0,0.12435885000830502,295.31349404343257,100778.50075547083
2025-11-05,Jhang,0.0,0.12407601528036363,293.8246032871661,101290.63054845759
2025-11-06,Jhang,0.0,0.12377323530488725,293.138334060064,101385.64904867031
2025-11-07,Jhang,0.0,0.12354370429282338,293.2702208492657,101459.41090579606
2025-11-08,Jhang,0.0,0.12336844977508353,293.84676484151845,101521.4473550886
2025-11-09,Jhang,0.0,0.123212932727374,293.0255179264153,101366.07772132735
2025-11-10,Jhang,0.0,0.1230714668048404,293.1767813670032,101370.32805548291
2025-11-11,Jhang,0.0,0.12296078973265034,293.3582124973125,101529.76085518551
2025-11-12,Jhang,0.0,0.12285379854681623,292.8378509381678,101595.29389972483
2025-11-13,Jhang,0.0,0.12275328913623963,292.87261169740293,101709.37684641372
2025-11-14,Jhang,0.0,0.12267874803504196,292.95208480763205,101676.37094220819
2025-11-15,Jhang,0.0,0.1226106369790177,293.0709410975172,101833.84311513073
2025-11-16,Jhang,0.0,0.12255238641848204,292.503583031841,101956.86815757822
2025-11-17,Jhang,0.0,0.12249570985397389,291.89879996129923,101839.8039749507
2025-11-18,Jhang,0.0,0.12243905534011064,291.8857445229611,101663.88508286208
2025-11-19,Jhang,0.0,0.12239302349402362,291.6118954489615,101688.2878688614
2025-11-20,Jhang,0.0,0.12234300907433343,291.8582586871561,101746.09084002879
2025-11-21,Jhang,0.06545448331819333,0.12229605386553075,291.48299196345636,101886.13849182858
2025-11-22,Jhang,0.0019007181573777582,0.12224320834876644,291.07688853147806,101680.86932804434
2025-11-23,Jhang,0.06366060616862183,0.12221356874631556,291.6968254334633,101742.36688731289
2025-11-24,Jhang,0.32344820985675454,0.12218789759562668,290.4987145029731,101906.27974827471
2025-11-25,Jhang,0.3370074584094235,0.12213079722586831,289.7712571487839,101817.71727092037
2025-11-26,Jhang,0.5275209572617848,0.12208318572644548,289.2512732426756,101927.72647692036
2025-11-27,Jhang,0.0,0.12207176137094006,288.86341994266286,102091.33770412719
2025-11-28,Jhang,0.39595118303334953,0.12206609814819036,287.84668812888975,101908.81039974377
2025-11-29,Jhang,0.0,0.12205257017402694,287.5648721239381,101716.55524600591
2025-11-30,Jhang,0.0,0.12204488341353249,288.6206410773266,101540.35358612948
2025-12-01,Jhang,0.0,0.12203617139448537,288.9726818701921,101488.49463876433
2025-12-02,Jhang,0.0,0.12203532200536141,287.594286758039,101642.99471196788
2025-12-03,Jhang,0.04601301672770523,0.12202945025508509,287.6642627589417,101967.38569587578
2025-12-04,Jhang,0.0,0.1220207495506547,288.16536542376497,101942.16587441854
2025-12-05,Jhang,0.0,0.1220128095827558,288.049290005628,102141.03364938992
2025-12-06,Jhang,0.0,0.1220141118565519,288.45182820442835,102004.15743731878
2025-12-07,Jhang,0.0,0.12200669176099825,288.9426144325373,101913.09970002358
2025-12-08,Jhang,0.0,0.12199830437287268,288.8745331057753,101970.2494533436
2025-12-09,Jhang,0.0,0.12198651267805387,289.2332284153924,101844.74690701986
2025-12-10,Jhang,0.0,0.12197996764380348,289.4909185497427,101770.04962408144
2025-12-11,Jhang,0.0,0.12197268638802412,289.841351994219,101664.00621360885
2025-12-12,Jhang,0.43597493763559636,0.12197840479095898,289.39805340988966,101563.20439552864
2025-12-13,Jhang,3.3926710242380347,0.12200820363378061,288.9502835808668,101706.62526990497
2025-12-14,Jhang,0.0,0.12202361427014058,289.071455617599,101889.43461030454
2025-12-15,Jhang,0.0,0.1220097453360067,289.16498609112966,101889.5908065869
2025-12-16,Jhang,0.0,0.121992169450615,290.0565154879548,101778.3709714369
2025-12-17,Jhang,0.46552507582892577,0.1219791695561797,289.9615018235091,101800.1827157028
2025-12-18,Jhang,0.01904254573963904,0.12197763554703565,289.5613185870954,101856.32628016609
2025-12-19,Jhang,0.0,0.12197198509608806,289.59227280345294,101546.56069097795
2025-12-20,Jhang,0.6952326289141452,0.1221031173450104,289.72958164208006,101428.57840754445
2025-12-21,Jhang,0.0,0.1243717741719543,289.5998018540284,101749.99986096598
2025-12-22,Jhang,0.0,0.12448524657588703,289.30208795334,101788.0400678633
2025-12-23,Jhang,0.0,0.1243138662000082,288.2432974028351,101721.93542370616
2025-12-24,Jhang,0.0,0.12410238285856073,287.7421399734031,101574.54221314758
2025-12-25,Jhang,0.0,0.12392106434920887,288.6897685616812,101644.58439653966
2025-12-26,Jhang,0.0,0.12377930062510964,288.2179870643828,101721.82377334088
2025-12-27,Jhang,0.0206132634086497,0.12365233419086329,287.4431687332468,101724.41455728201
2025-12-28,Jhang,0.0,0.12360450186355434,286.8048361132456,101764.7281950963
2025-12-29,Jhang,0.055825104520657504,0.12356451148699238,287.7646198504996,101693.52664660508
2025-12-30,Jhang,0.0,0.12346466029566384,287.07242466031477,101402.92024556351
2025-12-31,Jhang,0.3399155709189742,0.1486488806741594,286.4829647448178,101214.33494029958
2026-01-01,Jhang,0.0,0.17295752152707966,286.6468672536962,101654.79978102136
2026-01-02,Jhang,0.0,0.1690661920562507,285.63894041073127,101920.85390185253
2026-01-03,Jhang,0.0,0.16558043760974078,285.9812842586617,101899.16657143187
2026-01-04,Jhang,0.0,0.16306103940763134,286.40004089937315,102092.61643387248
2026-01-05,Jhang,0.0,0.1610739569717735,285.88211086628945,102217.08836190547
2026-01-06,Jhang,0.0,0.15846208337973683,285.15856833538663,102244.42871794845
2026-01-07,Jhang,0.0,0.1555562975358243,284.61891158454495,102322.98607316343
2026-01-08,Jhang,0.0,0.15283145829753128,283.5799759375975,102264.35807129282
2026-01-09,Jhang,0.0,0.15055887474147403,282.47633374129606,102297.84122474217
2026-01-10,Jhang,0.0,0.14856123533976093,282.5628337760892,102218.18294321296
2026-01-11,Jhang,0.0,0.14667617474442107,283.5161948205701,102315.96117001325
2026-01-12,Jhang,0.0,0.1449184968455001,283.94355835539017,102226.32643078631
2026-01-13,Jhang,0.0,0.14338264001175602,284.1740332080615,102076.6205472252
2026-01-14,Jhang,0.0,0.14183595851861464,284.6747528904498,101724.75747729116
2026-01-15,Jhang,0.0,0.14033902390162564,285.927048430634,101745.51211412787
2026-01-16,Jhang,0.06809820146530775,0.13924228480878836,285.5946278595492,101570.05430647312
2026-01-17,Jhang,0.0,0.13830806303979493,285.76063857604163,101478.94152987968
2026-01-18,Jhang,0.0,0.1371374688372487,287.1680625319494,101328.35848260179
2026-01-19,Jhang,0.0,0.1359562072013313,287.1945882546285,101566.47859218581
2026-01-20,Jhang,0.0,0.13494757485638562,287.97557253484365,101730.48678518613
2026-01-21,Jhang,0.0,0.13397804874071864,288.0857153594468,101769.55596408503
2026-01-22,Jhang,7.327517495180566,0.1796951500308489,287.91479239865106,101129.81702439835
2026-01-23,Jhang,0.0,0.26292313890507396,281.9927449280434,101533.18643617922
2026-01-24,Jhang,3.017225047929603,0.24215296965453154,283.1717129838836,102520.87022544572
2026-01-25,Jhang,0.0,0.2266964380166842,284.9404817224145,102049.45753643315
2026-01-26,Jhang,0.0,0.21797746369481022,285.6570901763046,101964.30224492522
2026-01-27,Jhang,0.0,0.2175034124395025,285.7583326325814,101962.84115443514
2026-01-28,Jhang,0.0,0.20884433630491628,285.11990760126383,102176.1300763212
2026-01-29,Jhang,0.29617145347653073,0.19976099513518245,286.7824263824219,102080.18211927856
2026-01-30,Jhang,0.0,0.19127960048216402,287.33596915203987,101860.47363541283
2026-01-31,Jhang,0.0,0.18373009644425556,287.4305523536978,101865.9378431085
2026-02-01,Jhang,1.5857027022267798,0.17871963546149322,286.5768662416834,102074.86232762945
2026-02-02,Jhang,0.0,0.1739012454739406,287.12514505171293,102052.71871102831
2026-02-03,Jhang,0.0,0.16821422427114188,288.076699082624,102090.92795536791
2026-02-04,Jhang,0.0,0.1628977566971202,288.10300499721063,102245.62103200096
2026-02-05,Jhang,0.0,0.1578271400981133,289.4362411514667,102006.71116185033
2026-02-06,Jhang,0.01507658516297129,0.1533168328482461,290.40795553105966,101867.22142508802
2026-02-07,Jhang,0.2584242861321289,0.14927767681888243,289.3149264442121,101776.82574930895
2026-02-08,Jhang,0.0,0.1456982325897908,290.28102056383364,101513.33472753555
2026-02-09,Jhang,0.6358054665504385,0.1447764796782751,290.87484676055453,101468.3512080686
2026-02-10,Jhang,0.3341266410512884,0.1445049945822255,289.74925341670377,101878.82921304647
2026-02-11,Jhang,0.0,0.14187955060764257,289.84944171968294,102103.14713695271
2026-02-12,Jhang,2.5161389478630567,0.13926903039803956,291.0609778338523,101744.97711231622
2026-02-13,Jhang,0.0,0.13703776615026286,291.828996775093,101504.28891135316
2026-02-14,Jhang,0.20417909005192195,0.13514297631327254,292.3497281306869,101465.82740613093
2026-02-15,Jhang,0.07635751427588058,0.13347131592257683,293.4806748354764,101339.08966561266
2026-02-16,Jhang,0.0,0.13204540608967388,293.4857022721984,101249.72071885849
2026-02-17,Jhang,0.026442470587181032,0.13526036213878634,293.27255591804885,101455.27875765745
2026-02-18,Jhang,0.0,0.14150949540058363,292.46041865580634,101575.67811941748
2026-02-19,Jhang,0.0,0.14114977901014336,292.75238481988083,101772.73180208079
2026-02-20,Jhang,0.0,0.13813300093482456,293.4183129348291,101822.39747716466
2026-02-21,Jhang,0.0,0.1357390622014656,293.42830987475753,101170.2105280343
2026-02-22,Jhang,0.35420218382905,0.13378269421377526,294.0122351479434,100877.2218745786
2026-02-23,Jhang,0.6136731321114597,0.13209888796790425,294.12582776834904,100993.93055567252
2026-02-24,Jhang,0.3662016989458012,0.13065251472945708,294.3640983499941,101185.363634233
2026-02-25,Jhang,1.1012013922961061,0.1293619382969,294.3279247262292,101230.88500992199
2026-02-26,Jhang,0.0,0.1282325700141891,294.3487640640025,100929.17755590852
2026-02-27,Jhang,0.0,0.12728789163227508,295.0980872993905,100700.30525785535
2026-02-28,Jhang,0.0,0.12681869205455693,295.56186937748737,100847.45332802123
2026-03-01,Jhang,0.0,0.12646757074402987,296.03332022390975,100945.87141882101
2026-03-02,Jhang,0.0,0.12564973759281792,296.67883858229675,101189.65571387639
2026-03-03,Jhang,0.0,0.12491199628369293,297.1449879622698,101166.78889292064
2026-03-04,Jhang,0.0,0.12430943365610372,297.7997831481125,101220.68221433788
2026-03-05,Jhang,0.0,0.1237702958832168,299.25432341406326,100918.15711843598
2026-03-06,Jhang,0.0,0.12329496472619603,298.0477948827853,100801.45440606147
2026-03-07,Jhang,0.0,0.12290066514588477,298.34112051660003,101052.01506149092
2026-03-08,Jhang,0.0,0.12259027666934533,299.52677629564175,101171.3934936297
2026-03-09,Jhang,0.041557998780015856,0.12232927655847442,300.1387522473928,101107.29967911581
2026-03-10,Jhang,1.0382223623744506,0.1221600042799561,298.5773332471684,101249.31904513131
2026-03-11,Jhang,0.32395246413098877,0.13122495351900648,298.38493036905356,101081.1309860987
2026-03-12,Jhang,0.0,0.2714504829231961,295.94191217562314,100960.7698078698
2026-03-13,Jhang,0.24200058290371695,0.23311630982844894,296.4624325935913,101015.21605832256
2026-03-14,Jhang,2.620934055352894,0.20845242102289957,296.9838460580464,100814.97269219342
2026-03-15,Jhang,0.0,0.2515001662257752,293.32247553001656,100778.31064147344
2026-03-16,Jhang,0.0,0.24833751194895506,291.29047659621614,101087.44935791561
2026-03-17,Jhang,2.113958434638072,0.22453683386442896,293.6941826245309,101077.43254217369
2026-03-18,Jhang,3.885037106158434,0.24435387661458474,291.0451476729386,101338.78274277231
2026-03-19,Jhang,0.0,0.2581389046163205,292.22897096074325,101317.86721778198
2026-03-20,Jhang,0.0,0.23920708521660644,292.43985760537805,101084.2966356403
2026-03-21,Jhang,0.01734002541995891,0.22704892571716803,293.57252139642947,101409.9372690666
2026-03-22,Jhang,0.0,0.2174259854896297,294.3107249492144,101272.05484786308
2026-03-23,Jhang,0.0,0.20374661907770458,295.68595246037455,101076.3481179851
2026-03-24,Jhang,0.0,0.18704268329833834,297.1157447374958,101023.57623329485
2026-03-25,Jhang,0.15117584239878457,0.18376136295142412,296.47205523366057,101024.91734006873
2026-03-26,Jhang,7.59806833934517,0.18651883857980173,295.02423345940434,101394.50285256708
2026-03-27,Jhang,0.0,0.17937593043177952,296.3421075323057,100820.80215802892
2026-03-28,Jhang,4.395952403945168,0.17822084794712065,298.20408372697824,100356.39882195009
2026-03-29,Jhang,2.0192075142657426,0.2700613148647148,296.7916061718047,100628.91261343908
2026-03-30,Jhang,0.13296955368460886,0.25258055068321866,295.15953965364776,100800.10761074266
2026-03-31,Jhang,0.0,0.23036453027378181,295.6477480576607,100984.73112929317
2026-04-01,Jhang,5.533263194874002,0.21469293944706314,297.3148183946382,101071.04710119356
2026-04-02,Jhang,1.8062327157788514,0.21343183553349954,297.42726405846804,100924.63832435574
2026-04-03,Jhang,0.20939697297254492,0.29138481984618575,293.9906626941392,100895.33135833064
2026-04-04,Jhang,0.0,0.312928853219318,293.16971648635814,101066.59662995256
2026-04-05,Jhang,0.0,0.2743882116654851,294.01361841478666,100958.7045184999
2026-04-06,Jhang,0.053659585980048864,0.2542738745788384,295.8515866727782,100805.33174778392
2026-04-07,Jhang,0.0,0.3329572095059556,292.26848275960384,100695.387857486
2026-04-08,Jhang,0.0,0.3351882009386114,291.34275244520035,100986.65071365525
2026-04-09,Jhang,0.0,0.29663015919738184,293.00886014936447,101518.62909386694
2026-04-10,Jhang,0.0,0.2720166193641635,295.17520106779114,101441.96227254244
2026-04-11,Jhang,0.0,0.26859447877788273,295.3636348290249,101084.05538161678
2026-04-12,Jhang,0.0,0.2459066937371474,296.8456316532457,100901.7072357195
2026-04-13,Jhang,0.0,0.22493039598031767,298.557162495661,100893.60724656834
2026-04-14,Jhang,0.0,0.20576728378844988,299.8190473176384,100760.61165194519
2026-04-15,Jhang,0.0,0.18923118438132688,301.6747821858135,100470.91113277953
2026-04-16,Jhang,3.3725111289053116,0.1750506970939391,303.23619865239965,100515.76202565173
2026-04-17,Jhang,0.29439073984461195,0.16369738760890995,301.6572812273769,100874.96751659982
2026-04-18,Jhang,0.20568636551862488,0.15453706015933225,301.4211051604091,100869.09223853178
2026-04-19,Jhang,0.0,0.14744667791158522,300.93659829976053,100733.62826571924
2026-04-20,Jhang,0.016880668014425563,0.1417392660553695,302.0858866167336,100623.09250343364
2026-04-21,Jhang,0.12509432515294747,0.13698069588852782,303.38429920384635,100455.85226793961
2026-04-22,Jhang,0.0,0.1332359978055691,304.76302890648344,100328.04078330917
2026-04-23,Jhang,2.577811132523957,0.14121139941922203,304.2197635423528,100448.93581868902
2026-04-24,Jhang,0.3109119744572296,0.14616271077944376,304.54448737649403,100532.21720772308
2026-04-25,Jhang,0.05715354610579918,0.14676843389231037,304.82736577973395,100658.46927875053
2026-04-26,Jhang,0.2973398420092205,0.14368184330406972,305.87305772213864,100343.54099107019
2026-04-27,Jhang,5.347303101007855,0.14554926811940944,306.0481582463823,100024.65898354557
2026-04-28,Jhang,1.500766877285241,0.1635388799023174,303.2360160018082,100139.55643121814
2026-04-29,Jhang,0.0,0.1673552966682249,302.39593167895185,100247.35927441096
2026-04-30,Jhang,0.0,0.15461582909130517,303.2730609176949,100217.93246028053
2026-05-01,Jhang,0,0.14440406543794648,304.69157486836633,100179.32490167554
2026-05-02,Jhang,0,0.14067772600612663,305.55668866699057,99943.7204189347
2026-05-03,Jhang,0,0.1409920486905694,303.6666255525643,100210.27398626306
2026-05-04,Jhang,0,0.15116215863301197,301.3138670683195,100498.17016656701
2026-05-05,Jhang,0,0.1530804018272659,301.0751057164656,100966.83471568595
2026-05-06,Jhang,0,0.1440080839441662,303.04384144894817,100514.5856870808
2026-05-07,Jhang,0,0.13703146429455218,304.38675535865633,100493.63954143008
2026-05-08,Jhang,0,0.13238510750196877,304.423837727531,100666.305856123
2026-05-09,Jhang,0,0.12906834021849695,306.04141924683864,100606.36590196207
2026-05-10,Jhang,0,0.12663387700724307,307.6897170538823,100451.01428706099
2026-05-11,Jhang,0,0.12556044583170234,305.7318997391746,100579.32786905099
2026-05-12,Jhang,0,0.12571253011474354,305.27722728423703,100296.14781711342
2026-05-13,Jhang,0,0.13211406920469881,305.91979896097683,100069.83333324551
2026-05-14,Jhang,0,0.13549962483542918,305.76578514575436,100101.36272155911
2026-05-15,Jhang,0,0.1354992403527575,304.64697331344036,100282.96276363789
2026-05-16,Jhang,0,0.13538737449580415,305.90530917465213,100251.57082071141
2026-05-17,Jhang,0,0.1307741211641063,307.08244372419733,100130.30044195963
2026-05-18,Jhang,0,0.1275158172973947,308.8924715856487,99813.41892289718
2026-05-19,Jhang,0,0.12517632651337338,308.0485805191237,99886.04609793675
2026-05-20,Jhang,0,0.12693772111383728,308.9798111560775,99876.08794875328
2026-05-21,Jhang,0,0.1309240505698476,307.05194839892323,100233.90098803671
2026-05-22,Jhang,0,0.1314643187757912,306.91313414059516,100363.93022599348
2026-05-23,Jhang,0,0.12882979981440432,307.6543921708364,100268.75477560752
2026-05-24,Jhang,0,0.1261596329534403,307.4683892077137,100149.58192447298
2026-05-25,Jhang,0,0.12434749581199411,307.39089545291586,100092.53582232293
2026-05-26,Jhang,0,0.12309994391615431,307.95069730982965,100171.99422060902
2026-05-27,Jhang,0,0.12230058517660919,309.537149240766,100030.73856761264
2026-05-28,Jhang,0,0.12182241510085674,309.07353203508296,99954.52932379968
2026-05-29,Jhang,0,0.1230381966247939,307.4536510757337,99984.62293292239
2026-05-30,Jhang,0,0.12580327968277472,304.7099798410314,100394.97738459127
2026-05-31,Jhang,0,0.1262056503562477,304.6422282734336,100627.19718945905
2026-06-01,Jhang,0,0.12469203231567921,305.9223906221853,100547.39895045117
2026-06-02,Jhang,0,0.123538408302241,307.2815480775952,100418.95278847446
2026-06-03,Jhang,0,0.12267433439169016,308.20476049701176,100053.05855201338
2026-06-04,Jhang,0,0,0,100067.71957472437
2026-06-05,Jhang,0,0,0,0
2026-06-06,Jhang,0,0,0,0
2026-06-07,Jhang,0,0,0,0
2026-06-08,Jhang,0,0,0,0
2026-06-09,Jhang,0,0,0,0
2026-06-10,Jhang,0,0,0,0
2026-06-11,Jhang,0,0,0,0
2026-06-12,Jhang,0,0,0,0
2026-06-13,Jhang,0,0,0,0
2026-06-14,Jhang,0,0,0,0
2026-06-15,Jhang,0,0,0,0
2026-06-16,Jhang,0,0,0,0
2026-06-17,Jhang,0,0,0,0
2026-06-18,Jhang,0,0,0,0
2026-06-19,Jhang,0,0,0,0
2026-06-20,Jhang,0,0,0,0
2026-06-21,Jhang,0,0,0,0
2026-06-22,Jhang,0,0,0,0
2026-06-23,Jhang,0,0,0,0
2026-06-24,Jhang,0,0,0,0
2026-06-25,Jhang,0,0,0,0
2026-06-26,Jhang,0,0,0,0
2026-06-27,Jhang,0,0,0,0
2026-06-28,Jhang,0,0,0,0
2026-06-29,Jhang,0,0,0,0
2026-06-30,Jhang,0,0,0,0
2026-07-01,Jhang,0,0,0,0
2026-07-02,Jhang,0,0,0,0
2026-07-03,Jhang,0,0,0,0
2026-07-04,Jhang,0,0,0,0
2026-07-05,Jhang,0,0,0,0
2026-07-06,Jhang,0,0,0,0
2026-07-07,Jhang,0,0,0,0
2026-07-08,Jhang,0,0,0,0
2026-07-09,Jhang,0,0,0,0
2026-07-10,Jhang,0,0,0,0
2026-07-11,Jhang,0,0,0,0
2026-07-12,Jhang,0,0,0,0
2026-07-13,Jhang,0,0,0,0
2026-07-14,Jhang,0,0,0,0
2026-07-15,Jhang,0,0,0,0
2026-07-16,Jhang,0,0,0,0
2026-07-17,Jhang,0,0,0,0
2026-07-18,Jhang,0,0,0,0
2026-07-19,Jhang,0,0,0,0
2026-07-20,Jhang,0,0,0,0
2026-07-21,Jhang,0,0,0,0
2026-07-22,Jhang,0,0,0,0
2026-07-23,Jhang,0,0,0,0
2026-07-24,Jhang,0,0,0,0
2026-07-25,Jhang,0,0,0,0
2026-07-26,Jhang,0,0,0,0
2026-07-27,Jhang,0,0,0,0
2026-07-28,Jhang,0,0,0,0
2026-07-29,Jhang,0,0,0,0
2026-07-30,Jhang,0,0,0,0
2026-07-31,Jhang,0,0,0,0
2026-08-01,Jhang,0,0,0,0
2026-08-02,Jhang,0,0,0,0
2026-08-03,Jhang,0,0,0,0
2026-08-04,Jhang,0,0,0,0
2026-08-05,Jhang,0,0,0,0
2026-08-06,Jhang,0,0,0,0
2026-08-07,Jhang,0,0,0,0
2026-08-08,Jhang,0,0,0,0
2026-08-09,Jhang,0,0,0,0
2026-08-10,Jhang,0,0,0,0
2026-08-11,Jhang,0,0,0,0
2026-08-12,Jhang,0,0,0,0
2026-08-13,Jhang,0,0,0,0
2026-08-14,Jhang,0,0,0,0
2026-08-15,Jhang,0,0,0,0
2026-08-16,Jhang,0,0,0,0
2026-08-17,Jhang,0,0,0,0
2026-08-18,Jhang,0,0,0,0
2026-08-19,Jhang,0,0,0,0
2026-08-20,Jhang,0,0,0,0
2026-08-21,Jhang,0,0,0,0
2026-08-22,Jhang,0,0,0,0
2026-08-23,Jhang,0,0,0,0
2026-08-24,Jhang,0,0,0,0
2026-08-25,Jhang,0,0,0,0
2026-08-26,Jhang,0,0,0,0
2026-08-27,Jhang,0,0,0,0
2026-08-28,Jhang,0,0,0,0
2026-08-29,Jhang,0,0,0,0
2026-08-30,Jhang,0,0,0,0
2026-08-31,Jhang,0,0,0,0
2026-09-01,Jhang,0,0,0,0
2026-09-02,Jhang,0,0,0,0
2026-09-03,Jhang,0,0,0,0
2026-09-04,Jhang,0,0,0,0
2026-09-05,Jhang,0,0,0,0
2026-09-06,Jhang,0,0,0,0
2026-09-07,Jhang,0,0,0,0
2026-09-08,Jhang,0,0,0,0
2026-09-09,Jhang,0,0,0,0
2026-09-10,Jhang,0,0,0,0
2026-09-11,Jhang,0,0,0,0
2026-09-12,Jhang,0,0,0,0
2026-09-13,Jhang,0,0,0,0
2026-09-14,Jhang,0,0,0,0
2026-09-15,Jhang,0,0,0,0
2026-09-16,Jhang,0,0,0,0
2026-09-17,Jhang,0,0,0,0
2026-09-18,Jhang,0,0,0,0
2026-09-19,Jhang,0,0,0,0
2026-09-20,Jhang,0,0,0,0
2026-09-21,Jhang,0,0,0,0
2026-09-22,Jhang,0,0,0,0
2026-09-23,Jhang,0,0,0,0
2026-09-24,Jhang,0,0,0,0
2026-09-25,Jhang,0,0,0,0
2026-09-26,Jhang,0,0,0,0
2026-09-27,Jhang,0,0,0,0
2026-09-28,Jhang,0,0,0,0
2026-09-29,Jhang,0,0,0,0
2026-09-30,Jhang,0,0,0,0
2026-10-01,Jhang,0,0,0,0
2026-10-02,Jhang,0,0,0,0
2026-10-03,Jhang,0,0,0,0
2026-10-04,Jhang,0,0,0,0
2026-10-05,Jhang,0,0,0,0
2026-10-06,Jhang,0,0,0,0
2026-10-07,Jhang,0,0,0,0
2026-10-08,Jhang,0,0,0,0
2026-10-09,Jhang,0,0,0,0
2026-10-10,Jhang,0,0,0,0
2026-10-11,Jhang,0,0,0,0
2026-10-12,Jhang,0,0,0,0
2026-10-13,Jhang,0,0,0,0
2026-10-14,Jhang,0,0,0,0
2026-10-15,Jhang,0,0,0,0
2026-10-16,Jhang,0,0,0,0
2026-10-17,Jhang,0,0,0,0
2026-10-18,Jhang,0,0,0,0
2026-10-19,Jhang,0,0,0,0
2026-10-20,Jhang,0,0,0,0
2026-10-21,Jhang,0,0,0,0
2026-10-22,Jhang,0,0,0,0
2026-10-23,Jhang,0,0,0,0
2026-10-24,Jhang,0,0,0,0
2026-10-25,Jhang,0,0,0,0
2026-10-26,Jhang,0,0,0,0
2026-10-27,Jhang,0,0,0,0
2026-10-28,Jhang,0,0,0,0
2026-10-29,Jhang,0,0,0,0
2026-10-30,Jhang,0,0,0,0
2026-10-31,Jhang,0,0,0,0
2026-11-01,Jhang,0,0,0,0
2026-11-02,Jhang,0,0,0,0
2026-11-03,Jhang,0,0,0,0
2026-11-04,Jhang,0,0,0,0
2026-11-05,Jhang,0,0,0,0
2026-11-06,Jhang,0,0,0,0
2026-11-07,Jhang,0,0,0,0
2026-11-08,Jhang,0,0,0,0
2026-11-09,Jhang,0,0,0,0
2026-11-10,Jhang,0,0,0,0
2026-11-11,Jhang,0,0,0,0
2026-11-12,Jhang,0,0,0,0
2026-11-13,Jhang,0,0,0,0
2026-11-14,Jhang,0,0,0,0
2026-11-15,Jhang,0,0,0,0
2026-11-16,Jhang,0,0,0,0
2026-11-17,Jhang,0,0,0,0
2026-11-18,Jhang,0,0,0,0
2026-11-19,Jhang,0,0,0,0
2026-11-20,Jhang,0,0,0,0
2026-11-21,Jhang,0,0,0,0
2026-11-22,Jhang,0,0,0,0
2026-11-23,Jhang,0,0,0,0
2026-11-24,Jhang,0,0,0,0
2026-11-25,Jhang,0,0,0,0
2026-11-26,Jhang,0,0,0,0
2026-11-27,Jhang,0,0,0,0
2026-11-28,Jhang,0,0,0,0
2026-11-29,Jhang,0,0,0,0
2026-11-30,Jhang,0,0,0,0
2026-12-01,Jhang,0,0,0,0
2026-12-02,Jhang,0,0,0,0
2026-12-03,Jhang,0,0,0,0
2026-12-04,Jhang,0,0,0,0
2026-12-05,Jhang,0,0,0,0
2026-12-06,Jhang,0,0,0,0
2026-12-07,Jhang,0,0,0,0
2026-12-08,Jhang,0,0,0,0
2026-12-09,Jhang,0,0,0,0
2026-12-10,Jhang,0,0,0,0
2026-12-11,Jhang,0,0,0,0
2026-12-12,Jhang,0,0,0,0
2026-12-13,Jhang,0,0,0,0
2026-12-14,Jhang,0,0,0,0
2026-12-15,Jhang,0,0,0,0
2026-12-16,Jhang,0,0,0,0
2026-12-17,Jhang,0,0,0,0
2026-12-18,Jhang,0,0,0,0
2026-12-19,Jhang,0,0,0,0
2026-12-20,Jhang,0,0,0,0
2026-12-21,Jhang,0,0,0,0
2026-12-22,Jhang,0,0,0,0
2026-12-23,Jhang,0,0,0,0
2026-12-24,Jhang,0,0,0,0
2026-12-25,Jhang,0,0,0,0
2026-12-26,Jhang,0,0,0,0
2026-12-27,Jhang,0,0,0,0
2026-12-28,Jhang,0,0,0,0
2026-12-29,Jhang,0,0,0,0
2026-12-30,Jhang,0,0,0,0
